Handle,Title,Body (HTML),Vendor,Type,Tags,Published,Option1 Name,Option1 Value,Variant SKU,Variant Price,Variant Inventory Tracker,Variant Inventory Qty,Variant Inventory Policy,Variant Fulfillment Service,Image Src
abib-gummy-sheet-mask-madecassoside-sticker,"Gummy Sheet Mask Madecassoside Sticker","A professional-grade rescue treatment designed to soothe and restore sensitive complexions. This advanced sheet mask features 'Gummy' microfiber technology that adheres like a second skin, ensuring maximum absorption of the concentrated Madecassoside essence. Infused with Centella Asiatica and Ceramide NP, it rapidly neutralizes redness and fortifies the moisture barrier, leaving your skin exceptionally calm, hydrated, and resilient.","Abib","Masks","Abib, Masks",TRUE,Title,Default Title,ABIB-8693776515308,45,shopify,100,deny,manual,https://cdn.shopify.com/s/files/1/0515/4589/9157/files/Abib_Gummy_Sheet_Mask_Madecassoside_Sticker.png?v=1772983005
abib-collagen-eye-patch-jericho-rose-jelly-30-pairs-60-pcs,"Collagen Eye Patch Jericho Rose Jelly (30 Pairs / 60 pcs)","Rejuvenate tired eyes with these high-fidelity hydrogel patches powered by Jericho Rose Extract and specialized Vegan Collagen. Designed to instantly brighten and firm the delicate under-eye area, this clinical-grade treatment delivers intense hydration and targets fine lines with a proprietary blend of Niacinamide and Caffeine. The unique 'Rose Jelly' texture ensures a cooling, weightless fit that revitalizes and awakens the gaze.","Abib","Eye Care","Abib, Eye Care",TRUE,Title,Default Title,ABIB-8658393301228,580,shopify,100,deny,manual,https://cdn.shopify.com/s/files/1/0515/4589/9157/files/Abib-Collagen-eye-patch-Jericho-rose-jelly-60ea-90g.png?v=1769993318
abib-heartleaf-crme-calming-tube-75ml,"Heartleaf Crème Calming Tube (75ml)","An intensive botanical sanctuary for stressed complexions. This lightweight yet powerful calming cream utilizes 10,000ppm of Heartleaf Extract to rapidly neutralize irritation and balance sebum production. Fortified with 8 types of Hyaluronic Acid and Ceramide NP, it provides long-lasting, deep hydration while strengthening the skin's natural defenses. The 'Tube' format ensures clinical precision and freshness in every application.","Abib","Moisturizers","Abib, Moisturizers",TRUE,Title,Default Title,ABIB-8097324761324,495,shopify,100,deny,manual,https://cdn.shopify.com/s/files/1/0515/4589/9157/files/ProductPhotos_3_3029e8f0-bb1f-4e0b-9b82-35f332cea54f.png?v=1700939330
anua-heartleaf-centella-red-spot-cream-30g,"Heartleaf Centella Red Spot Cream (30g)","A precision spot treatment that combines the soothing power of Heartleaf with the barrier-restoring benefits of 6 distinct Ceramides. Formulated with Houttuynia Cordata to calm inflammation and balance sebum, while the 'Fluidrop' technology ensures active ingredients penetrate deep into the skin's layers to accelerate healing of red spots and blemishes. This mild, non-sticky formula wraps irritated areas in a protective, breathable film, leaving your complexion refined and resilient.","ANUA","Moisturizers","ANUA, Moisturizers",TRUE,Title,Default Title,ANUA-8995681272044,450,shopify,100,deny,manual,https://cdn.shopify.com/s/files/1/0515/4589/9157/files/ANUA_Heartleaf_Centella_Red_Spot_Cream_30g.png?v=1772983941
anua-airy-sun-cream-spf-50-pa-50ml,"Airy Sun Cream SPF 50+ PA++++ (50ml)","An ultra-lightweight mineral sunscreen that provides elite protection without the typical white cast. Utilizing cutting-edge 'Powder Dispersion' technology, this SPF 50+ formula glides on like a serum, leaving a supple, 'Airy' finish. Infused with a botanical quartet of Centella Asiatica, Heartleaf, Tea Tree, and Mugwort, it actively calms seasonal sensitivity while shielding your skin from aging UV damage and environmental pollutants.","ANUA","Sun Care","ANUA, Sun Care",TRUE,Title,Default Title,ANUA-8933180276972,550,shopify,100,deny,manual,https://cdn.shopify.com/s/files/1/0515/4589/9157/files/ANUA_Airy_Sun_Cream_SPF_50_PA_50ml.png?v=1772983546
anua-azelaic-acid-10-hyaluron-soothing-serum-30ml,"Azelaic Acid 10 Hyaluron Soothing Serum (30ml)","A transformative treatment serum powered by 10% Azelaic Acid to target hyperpigmentation and uneven texture. This high-performance formula is balanced with a soothing core of Centella Asiatica and Green Tea to prevent irritation, while Zinc PCA monitors blemish-causing oils. Hyaluronic Acid and Squalane provide a weightless moisture veil, ensuring your skin remains supple and glowing as the active ingredients work to refine your complexion and minimize the appearance of fine lines.","ANUA","Serums","ANUA, Serums",TRUE,Title,Default Title,ANUA-8755559891180,450,shopify,100,deny,manual,https://cdn.shopify.com/s/files/1/0515/4589/9157/files/ANUA-43-01_1.webp?v=1766074516
anua-anua-peach-niacin-serum-mask,"ANUA Peach Niacin Serum Mask","Experience the ultimate glow with this silk-adhesive mask soaked in a powerhouse serum of 70% Peach Extract and 2% Niacinamide. This premium K-Beauty treatment delivers an instant 'Glass Skin' effect, neutralizing dullness and refining texture with a proprietary blend of Vitamin B12 and Pink Yeast. Perfectly contoured to the face, it forces active hydration deep into the dermis for a revitalized, peach-soft complexion that radiates health.","ANUA","Masks","ANUA, Masks",TRUE,Title,Default Title,ANUA-8716254773484,450,shopify,100,deny,manual,https://cdn.shopify.com/s/files/1/0515/4589/9157/files/ANUA_Peach_Niacin_Serum_Mask.png?v=1772984285
anua-anua-heartleaf-87-low-ph-deep-cleansing-water-500g,"ANUA Heartleaf 87 Low pH Deep Cleansing Water (500g)","A colossal 500g bottle of pure clarity. This low-pH cleansing water utilizes a 'Fluid Micellar' system to lift impurities, heavy makeup, and micro-dust without disrupting the skin's delicate acid mantle. Infused with 87% Heartleaf Extract and plant-derived Squalane, it calms sensitivity on contact while ensuring the moisture barrier remains intact. A professional-grade first cleanse that leaves skin perfectly prepped, hydrated, and resilient.","ANUA","Cleansers","ANUA, Cleansers",TRUE,Title,Default Title,ANUA-8716302516460,350,shopify,100,deny,manual,https://cdn.shopify.com/s/files/1/0515/4589/9157/files/Product_Images_90_a9406654-4d10-4d2f-b157-240a6edca7c9.png?v=1769082342
anua-anua-rice-70-glow-milky-toner-250ml,"ANUA Rice 70 Glow Milky Toner (250ml)","A luxurious milky toner that brightens and moisturizes to reveal a weightless porcelain glow. Formulated with 70% Rice Water and fortified with a proprietary Cera-Protein complex, it actively repairs the moisture barrier while Niacinamide refines texture and clarity. This high-performance formula provides the deep hydration of a cream with the ethereal lightness of a toner, delivering the ultimate 'Glass Skin' finish for even the most sensitive complexions.","ANUA","Toners","ANUA, Toners",TRUE,Title,Default Title,ANUA-8585797894380,420,shopify,100,deny,manual,https://cdn.shopify.com/s/files/1/0515/4589/9157/files/processed_cmd0t3j2g04qan5u6o2xp93my_1752359403622.png?v=1752359408
anua-anua-heartleaf-70-soothing-cream-100ml,"ANUA Heartleaf 70% Soothing Cream (100ml)","A professional-grade soothing sanctuary for irritated skin. This intensive gel-cream utilizes 70% Heartleaf Extract and Panthenol to provide dual-action relief: immediate cooling and deep moisture barrier repair. Enhanced with a quintet of Centella Asiatica derivatives, it rapidly neutralizes redness and strengthens the skin's natural defenses. The weightless, non-comedogenic texture melts into the skin, leaving a calm, hydrated, and perfectly balanced finish without a hint of greasiness.","ANUA","Moisturizers","ANUA, Moisturizers",TRUE,Title,Default Title,ANUA-8493012877548,550,shopify,100,deny,manual,https://cdn.shopify.com/s/files/1/0515/4589/9157/files/ANUA_Heartleaf_70__Soothing_Cream__100m_PNG.png?v=1769695652
anua-anua-heartleaf-pore-control-cleansing-oil-200ml,"ANUA Heartleaf Pore Control Cleansing Oil (200ml)","The ultimate first cleanse for achieving 'Glass Skin'. This hypoallergenic oil uses a botanical blend of Heartleaf and premium plant oils (Jojoba, Grape Seed, Macadamia) to effortlessly melt away sunscreen, waterproof makeup, and deep-seated pore impurities. Clinically proven to reduce blackheads and whiteheads by up to 18% in four weeks, it leaves the skin exceptionally clear and refreshed without a trace of oily residue or irritation.","ANUA","Cleansers","ANUA, Cleansers",TRUE,Title,Default Title,ANUA-7964008579308,350,shopify,100,deny,manual,https://cdn.shopify.com/s/files/1/0515/4589/9157/files/anua_3.png?v=1752361023
anua-anua-peach-70-niacin-serum-30ml,"ANUA Peach 70% Niacin Serum (30ml)","A luminosity-boosting serum infused with 70% Peach Extract and 5% Niacinamide to create an instant glass-skin glow. This high-performance formula targets dullness and uneven tone with Vitamin B12 and Pink Yeast, while Desert Yeast Oil and Triple Hyaluronic Acid provide multi-level hydration. The serum refines skin texture and provides a weightless, radiant finish that looks ethereal both under makeup and on its own.","ANUA","Serums","ANUA, Serums",TRUE,Title,Default Title,ANUA-8140955484396,450,shopify,100,deny,manual,https://cdn.shopify.com/s/files/1/0515/4589/9157/files/processed_cmd0t21in04pwn5u6utqmb6i8_1752359308889.png?v=1752359313
anua-anua-heartleaf-lha-moisture-peeling-gel-120ml,"ANUA Heartleaf LHA Moisture Peeling Gel (120ml)","A gentle yet powerful moisture-peeling ritual that resurfaces the skin without irritation. This hypoallergenic gel utilizes LHA (Lipohydroxy Acid) to delicately lift surface impurities and dead skin cells, while 10,000ppm Heartleaf Extract instantly calms and purifies. Infused with a Triple Hyaluronic Acid complex, it ensures the skin remains deeply hydrated and supple after exfoliation, revealing a smoother, clearer, and more refined glow.","ANUA","Exfoliants","ANUA, Exfoliants",TRUE,Title,Default Title,ANUA-8141043171564,450,shopify,100,deny,manual,https://cdn.shopify.com/s/files/1/0515/4589/9157/files/lha_EDITED.png?v=1765403648
anua-anua-niacinamide-10-txa-4-dark-spot-correcting-serum-30ml,"ANUA Niacinamide 10% + TXA 4% Dark Spot Correcting Serum (30ml)","A clinical-grade brightening masterpiece that synergizes 10% Niacinamide with 4% Tranexamic Acid and 2% Arbutin. This potent trio effectively intercepts melanin pathways to visibly fade dark spots, post-acne marks, and stubborn hyperpigmentation. Infused with a soothing core of Hyaluronic Acid and botanical extracts, it illuminates the complexion while fortifying the moisture barrier, delivering a uniform, radiant glass-skin finish without irritation.","ANUA","Serums","ANUA, Serums",TRUE,Title,Default Title,ANUA-8204922290412,450,shopify,100,deny,manual,https://cdn.shopify.com/s/files/1/0515/4589/9157/files/Anua_Niacinamide_10_TXA_4_Direct_Beauty.png?v=1771503079
anua-anua-heartleaf-77-soothing-sheet-mask,"ANUA Heartleaf 77% Soothing Sheet Mask","The gold standard of SOS skin rescue. This premium sheet mask is saturated in highly concentrated 77% Heartleaf Extract, designed to provide immediate relief to sensitive, inflamed, or acne-prone skin. The ultra-soft microfiber sheet adheres like a second skin, ensuring maximum penetration of the anti-inflammatory essence to lower skin temperature and restore the moisture barrier. An essential K-Beauty ritual for achieving a calm, hydrated, and perfectly balanced complexion.","ANUA","Masks","ANUA, Masks",TRUE,Title,Default Title,ANUA-8148536590572,45,shopify,100,deny,manual,https://cdn.shopify.com/s/files/1/0515/4589/9157/files/anua-us-sheet-mask-10ea-heartleaf-77-soothing-sheet-mask-1161173116.png?v=1754147915
anua-anua-heartleaf-70-intense-calming-cream,"ANUA Heartleaf 70% Intense Calming Cream","An ultra-nourishing balm designed for skin that requires intensive recovery. Formulated with 70% Heartleaf Extract and a fortified Ceramide-Protein complex, it provides a deep, breathable moisture seal that lasts for 72 hours. This calming cream actively targets severe dryness and sensitivity, utilizing a specialized 'Bio-Barrier' technology to restore integrity to compromised skin, leaving it feeling exceptionally soft, protected, and serene.","ANUA","Moisturizers","ANUA, Moisturizers",TRUE,Title,Default Title,ANUA-8147284820204,520,shopify,100,deny,manual,https://cdn.shopify.com/s/files/1/0515/4589/9157/files/Anua_70_Intense_Calming_Cream.png?v=1771859847
anua-anua-peach-77-niacin-conditioning-milk-150ml,"ANUA Peach 77% Niacin Conditioning Milk (150ml)","A luxurious milky infusion crafted with 77% Peach Extract and 2% Niacinamide to deliver a velvety, radiant complexion. This high-performance lotion utilizes a proprietary blend of Ceramides and Triple Hyaluronic Acid to strengthen the moisture barrier while neutralizing dullness. The lightweight, fast-absorbing texture provides the deep nourishment of a cream with the ethereal feel of a milk, leaving skin plump, brightened, and perfectly prepped for the ultimate 'Glass Skin' finish.","ANUA","Moisturizers","ANUA, Moisturizers",TRUE,Title,Default Title,ANUA-8147248054508,550,shopify,100,deny,manual,https://cdn.shopify.com/s/files/1/0515/4589/9157/files/processed_cmd0t173y04pon5u662lkxjnv_1752359209469.png?v=1752359213
anua-anua-heartleaf-77-clear-pad-70pcs,"ANUA Heartleaf 77% Clear Pad (70pcs)","The ultimate one-step resurfacing ritual for clear, calm skin. These dual-sided pads are saturated in 77% Heartleaf Extract and mild Gluconolactone (PHA) to gently exfoliate dead skin cells while instantly soothing inflammation. Specifically engineered for acne-prone and sensitive skin, they help refine pore texture and balance sebum production without stripping essential moisture. Perfect for achieving a smooth, clear complexion with zero downtime.","ANUA","Exfoliants","ANUA, Exfoliants",TRUE,Title,Default Title,ANUA-8031572918508,550,shopify,100,deny,manual,https://cdn.shopify.com/s/files/1/0515/4589/9157/files/ANUA_Heartleaf_77_Clear_Pad.png?v=1754404858
anua-anua-heartleaf-quercetinol-pore-deep-cleansing-foam-150ml,"ANUA Heartleaf Quercetinol Pore Deep Cleansing Foam (150ml)","A sophisticated deep-cleansing foam engineered to purify pores while calming sensitive complexions. Infused with 3,000ppm of micro-ground Heartleaf powder and 'Quercetinol' extracted from raw Heartleaf, it gently sloughs off dead skin cells and excess sebum. The low-pH formula is enriched with an 8-fold Hyaluronic Acid complex to ensure the skin remains exceptionally soft and hydrated, making it the perfect daily ritual for oily and acne-prone skin.","ANUA","Cleansers","ANUA, Cleansers",TRUE,Title,Default Title,ANUA-7969926906092,350,shopify,100,deny,manual,https://cdn.shopify.com/s/files/1/0515/4589/9157/files/anua_q_2.png?v=1752372549
anua-anua-heartleaf-70-daily-lotion,"ANUA Heartleaf 70% Daily Lotion","A sophisticated daily moisture veil that balances hydration with intense soothing power. Formulated with 70% Heartleaf Extract and a triple Hyaluronic Acid complex, this fast-absorbing lotion fortifies the skin barrier while calming environmental sensitivity. The non-sticky, breathable formula ensures long-lasting moisture retention, making it an ideal choice for maintaining a healthy, resilient, and luminous complexion throughout the day.","ANUA","Moisturizers","ANUA, Moisturizers",TRUE,Title,Default Title,ANUA-7965277454572,520,shopify,100,deny,manual,https://cdn.shopify.com/s/files/1/0515/4589/9157/files/processed_cmd0szv5b04pcn5u6mes84uos_1752358532920.png?v=1752358537
anua-anua-heartleaf-77-soothing-toner,"ANUA Heartleaf 77% Soothing Toner","The viral K-Beauty masterpiece for achieving pristine 'Glass Skin'. This highly concentrated toner features 77% Heartleaf Extract, renowned for its unparalleled soothing and anti-inflammatory properties. Perfectly pH-balanced to restore skin equilibrium, it rapidly calms redness, reduces breakouts, and optimizes moisture levels. This non-irritating ritual prep is the essential foundation for any skincare routine, leaving your complexion refined, clear, and exceptionally radiant.","ANUA","Toners","ANUA, Toners",TRUE,Title,Default Title,ANUA-7963906769132,420,shopify,100,deny,manual,https://cdn.shopify.com/s/files/1/0515/4589/9157/files/anua_2.png?v=1752359036
anua-anua-heartleaf-80-soothing-ampoule,"ANUA Heartleaf 80% Soothing Ampoule","A high-potency soothing elixir designed to instantly calm distressed skin. Containing a massive 80% Heartleaf Extract, this concentrated ampoule provides a surge of anti-inflammatory relief to red, irritated, or fatigued skin. The rich, viscous texture melts into a weightless veil, delivering deep hydration and antioxidant protection without any stickiness. It's the ultimate recovery serum for achieving a resilient, glowing, and perfectly serene complexion.","ANUA","Serums","ANUA, Serums",TRUE,Title,Default Title,ANUA-7965274046700,450,shopify,100,deny,manual,https://cdn.shopify.com/s/files/1/0515/4589/9157/files/processed_cmd0sznet04pan5u6zb1swi30_1752358486345.png?v=1752358526
anua-anua-pdrn-hyaluronic-acid-capsule-100-serum-30ml,"ANUA PDRN Hyaluronic Acid Capsule 100 Serum (30ml)","A futuristic anti-aging marvel that synergizes PDRN (Salmon DNA) with an 11-fold Hyaluronic Acid complex. This high-fidelity serum utilizes a unique encapsulation technology to deliver potent skin-regenerating actives deep into the dermis. It actively promotes collagen synthesis, reverses environmental damage, and provides multi-level plumping for an unparalleled firming effect. Each application leaves the skin visibly denser, more elastic, and radiating a youthful, hydrated glow.","ANUA","Serums","ANUA, Serums",TRUE,Title,Default Title,ANUA-8756130447596,450,shopify,100,deny,manual,https://cdn.shopify.com/s/files/1/0515/4589/9157/files/ANUA_PDRN_Hyaluronic_Acid_Capsule_100_Serum_30ml.png?v=1772984035
anua-anua-7-rice-ceramide-hydrating-barrier-serum-50ml,"ANUA 7 Rice Ceramide Hydrating Barrier Serum (50ml)","A nourishing milky masterpiece designed to fortify the skin's moisture barrier while delivering a porcelain glow. Powered by the proprietary 'RICERA' complex—a fusion of 7 distinct Rice Extracts and premium Ceramides—this serum repairs compromised skin and neutralizes dullness. Fortified with 3% Niacinamide and Zinc to refine pores and balance sebum, it leaves the complexion exceptionally smooth, hydrated, and emitting a sophisticated luminosity.","ANUA","Serums","ANUA, Serums",TRUE,Title,Default Title,ANUA-8585851076844,450,shopify,100,deny,manual,https://cdn.shopify.com/s/files/1/0515/4589/9157/files/ANUA_7_Rice_Ceramide_Hydrating_Barrier_Serum_50ml.png?v=1772983389
ariul-smooth-pure-foot-mask-special-care-set-tea-tree-aloe-2-pairs,"Smooth & Pure Foot Mask Special Care Set Tea Tree & Aloe (2 Pairs)","The ultimate two-step spa ritual for perfectly smooth feet. This professional-grade set features a specialized peeling mask with Tea Tree and Lactic Acid to gently shed calluses, followed by a soothing Aloe moisture mask to hydrate and protect. Designed for high-fidelity foot care, it reveals soft, revitalized 'Glass Slipper' skin within 7-10 days, making it an essential treatment for rough, tired feet.","ARIUL","Bath & Body","ARIUL, Bath & Body",TRUE,Title,Default Title,ARIUL-9024611254508,195,shopify,100,deny,manual,https://cdn.shopify.com/s/files/1/0515/4589/9157/files/AriulTeaTree_Aloe.png?v=1759108697
ashirira-ashirira-foot-relax-sheet-ginger-1-box-30-pcs,"Ashirira Foot Relax Sheet: Ginger (1 BOX / 30 PCs)","A foot sheet using natural bamboo tree sap to relax and detox during your sleep. Ashirira Foot Relax Sheet is a must-have foot product that detoxifies and relaxes tired, swollen feet. Simply apply the sheet on clean feet before bed and wake up to refreshed feet the next day! Watch how the sheet changes to various shades of brown as the bamboo sap powder absorbs the excess fluid and toxins from your feet. Bamboo tree sap powder has been widely used in traditional medicine for its anti-bacterial, anti-septic, anti-inflammatory and antioxidant properties. Combined with the concept of traditional reflexology, this product effectively targets the reflex points to also improve blood circulation, metabolism, sleep quality and overall health. Whether you've sat, walked or stood all day, this product is perfect for relaxing those hardworking feet! In addition to improved blood circulation and immunity, choose the one that suits your needs the most: Titanium ( pink ) : Relieves muscle joint and muscle pain; for sensitive skin Grapefruit ( orange ) : Promotes weight loss and digestion Mugwort ( green ) : Detoxify and cleanse, improves dry skin Red Pepper ( red ) : Warms body and improves circulation Ginger (gold): Promotes digestion and regulates bowel movements, anti-inflammatory Rose ( blue ) : Improves skin complexion, anti-inflammatory Concerns Constipation/Digestion issues Inflammation Menstrual pain Skin Types Suitable for all skin types Made In Japan How to use Open package to reveal adhesive sheet and foot pad. Place detox foot pad on center of adhesive sheet (printed side facing down). Peel off the rest of the adhesive cover and apply adhesive (with foot pad in it) on clean, dry foot before bed. Repeat on the other foot and remove upon waking up. Wash off any sticky residue. TIP: This can also be used on any other areas of soreness (e.g., shoulder, neck, knees, calves) Ingredient Highlights Natural","Ashirira","Bath & Body","Ashirira, Bath & Body",TRUE,Title,Default Title,ASHIRIRA-7918044217580,475,shopify,100,deny,manual,https://cdn.shopify.com/s/files/1/0515/4589/9157/files/Ashirira_Foot_Relax_Sheet_Ginger_1_BOX_30_PCs.png?v=1772984959
axis-y-biome-recharging-night-renewal-set-2pcs,"Biome Recharging Night Renewal Set (2pcs)","A high-performance overnight renewal system designed to recharge the skin's biome and restore its natural resilience. This dual-action set includes the Biome Recharging Enhanced Night Balm and the 10 Panthenol Supporting Concentrate. Formulated with a Special Biome Blend of 5 distinct prebiotics and probiotics, it actively repairs the moisture barrier and neutralizes environmental stress while you sleep, revealing a revitalized, healthy-looking 'Glass Skin' glow by morning.","AXIS-Y","Moisturizers","AXIS-Y, Moisturizers",TRUE,Title,Default Title,AXIS-Y-7915099783404,620,shopify,100,deny,manual,https://cdn.shopify.com/s/files/1/0515/4589/9157/files/Biome_Recharging_Night_Renewal_Set.png?v=1767587562
axis-y-txa-25-intensive-brightening-cream-50ml,"TXA 2.5% Intensive Brightening Cream (50ml)","A silicone-free brightening masterpiece engineered to fade stubborn dark spots and unify skin tone. Powered by a clinical-grade synergy of 2.5% Tranexamic Acid and 2.5% Niacinamide, this balm-like cream intercepts melanin pathways to visibly reduce hyperpigmentation. Infused with Glutathione and a soothing core of Cica, it delivers deep hydration and a silky, radiant finish without any heavy residue, making it ideal for sensitive and translucent complexions.","AXIS-Y","Moisturizers","AXIS-Y, Moisturizers",TRUE,Title,Default Title,AXIS-Y-9063434027244,450,shopify,100,deny,manual,https://cdn.shopify.com/s/files/1/0515/4589/9157/files/TXACream_Thumbnail_1-Photoroom.png?v=1762189560
bcl-bcl-saborino-morning-facial-sheet-mask-moisture-rich-30pcs,"BCL Saborino Morning Facial Sheet Mask Moisture Rich (30pcs)","A special care face mask to freshen the skin after waking up. B&amp;C Lab (aka BCL) Saborino Morning Facial Sheet Mask Moisture Rich features a renewed ""watertight veil formula"" that delivers serum more effectively and efficiently to the skin. It features two types of vitamin C, plus moisturizing ingredients inspired by the 22-year old's skin, which contains the ideal balance of moisture and sebum. In just 60 seconds, it refreshes the skin upon waking. This mask improves skin elasticity and reduces eye puffiness and helps control sebum. Featuring a mixed berry scent. Features Stretchy cotton sheet mask Tightens and soothes the skin Helps control excess sebum Refreshing and moisturizing Skin Types Suitable for all skin types, including sensitive skin Skin Concerns Dehydrated Skin Anti-Aging Oil Control Made In JAPAN 🇯🇵 How to use After cleansing in the morning, remove 1 sheet mask and stretch it to fit perfectly to the face. Carefully unfold the mask and apply to the skin for 60 seconds (up to 5-10 minutes for very dry skin). Remove mask and gently dab the remaining essence on the face. You are ready for makeup! Ingredients Ingredient Highlights Silicone-Free Sulfate-Free","BCL","Masks","BCL, Masks",TRUE,Title,Default Title,BCL-8478619402476,45,shopify,100,deny,manual,https://cdn.shopify.com/s/files/1/0515/4589/9157/files/Screenshot_2024-05-24_at_9.31.51_PM.png?v=1716600722
bcl-bcl-saborino-morning-facial-sheet-mask-32pcs,"BCL Saborino Morning Facial Sheet Mask (32pcs)","A special care face mask to freshen the skin after waking up. B&amp;C Lab (aka BCL) Saborino WMorning Facial Sheet Mask is a 3-in-1 face mask that has cleansing, skincare, and primer (base) benefits all in one quick, easy step. It is formulated with 10 different moisturizing , including hyaluronic acid, collagen, and honey, among others. Skin is left feeling refreshed and nourished after just 60 seconds! Featuring a pleasant fruity scent. Features Stretchy cotton sheet mask 10 moisturizing ingredients 3-in-1 (cleansing, skincare, primer) Refreshing and moisturizing Skin Types Suitable for all skin types Skin Concerns Dehydrated Skin Rough Skin Made In JAPAN 🇯🇵 How to use After cleansing in the morning, remove 1 sheet mask and stretch it to fit perfectly to the face. Carefully unfold the mask and apply to the skin for 60 seconds (up to 5-10 minutes for very dry skin). Remove mask and gently dab the remaining essence on the face. You are ready for makeup! Ingredients Ingredient Highlights Silicone-Free Sulfate-Free","BCL","Masks","BCL, Masks",TRUE,Title,Default Title,BCL-8478618386668,45,shopify,100,deny,manual,https://cdn.shopify.com/s/files/1/0515/4589/9157/files/BCL_Saborino_Morning_Facial_Sheet_Mask__32pcs_-removebg-preview.png?v=1766163501
bcl-bcl-saborino-good-night-facial-sheet-mask-30pcs,"BCL Saborino Good Night Facial Sheet Mask (30pcs)","A 5-in-1 sheet mask that makes for an easy bedtime routine. B&amp;C Lab (aka BCL) Saborino Good Night Facial Sheet Mask is a one-step sheet mask that replaces your lotion (toner), serum, moisturizer, face cream, and mask pack in a single product. In just 60 seconds, it rejuvenates the skin, exfoliates, and moisturizes deeply. It is formulated with gentle fruit acid (exfoliating), collagen, hyaluronic acid, and honey. Each mask is made of a thick stretchable cotton sheet to fit faces of all sizes. Featuring a relaxing scent to help you unwind and fall asleep after a long day. Features Stretchy cotton sheet mask Chamomile orange fragrance Gently exfoliating Moisturizing Skin Types Suitable for all skin types Skin Concerns Dehydrated Skin Rough Skin Made In JAPAN 🇯🇵 How to use After cleansing in the evening, remove 1 sheet mask and stretch it to fit perfectly to the face. Carefully unfold the mask and apply to the skin for 60 seconds (up to 5-10 minutes for very dry skin). Remove mask and gently dab the remaining essence on the face. Ingredient Highlights Silicone-Free Sulfate-Free","BCL","Masks","BCL, Masks",TRUE,Title,Default Title,BCL-8478599086316,45,shopify,100,deny,manual,https://cdn.shopify.com/s/files/1/0515/4589/9157/files/Untitleddesign_2.png?v=1716601086
beauty-of-joseon-dynasty-cream-50ml,"Dynasty Cream (50ml)","Experience the ultimate in Hanbang (traditional Korean herbal medicine) skincare with this luxurious, firming moisturizer. Engineered with 29% Rice Bran Water and 5% Ginseng Root Water, it skillfully delivers deep nourishment and a lasting glow. Fortified with Honey extract and Ceramide NP, this multi-functional cream smooths fine lines while ensuring your skin remains plump and hydrated throughout the day.","Beauty of Joseon","Skincare","Beauty of Joseon, Skincare",TRUE,Title,Default Title,BOJ-DYNASTY-50ML,490,shopify,100,deny,manual,https://cdn.shopify.com/s/files/1/0515/4589/9157/files/Product_Images_100_99f4d3bb-4d7d-4342-a823-2e32c1e60b80.png?v=1769089503
beauty-of-joseon-relief-sun-aqua-fresh-rice-b5-50ml,"Relief Sun : Aqua-Fresh (Rice + B5) (50ml)","A sheer and weightless sun cream that delivers high SPF50+ PA++++ protection without the greasy feel. Engineered with 30% Rice Seed Water and Panthenol (B5), it skillfully provides refreshing hydration while soothing skin stressed by UV exposure. Fortified with Hyaluronic Acid, this watery formula glides on smoothly with no white cast, making it perfect for oily and combination skin types.","Beauty of Joseon","Skincare","Beauty of Joseon, Skincare",TRUE,Title,Default Title,BOJ-RELIEF-AQUA,450,shopify,100,deny,manual,https://cdn.shopify.com/s/files/1/0515/4589/9157/files/Relief_Sun_Aqua-Fresh_Rice_B5.png?v=1772989575
beauty-of-joseon-glow-serum-propolis-niacinamide-30ml,"Glow Serum : Propolis + Niacinamide (30ml)","Reveal your healthiest, most radiant ""honey skin"" with this antiseptic and anti-inflammatory glow serum. Engineered with 60% Propolis Extract and 2% Niacinamide, it skillfully manages sebum production while ensuring deep hydration. Fortified with BHA (Betaine Salicylate), it calms and heals acne-prone skin, leaving your complexion refined and brightened.","Beauty of Joseon","Skincare","Beauty of Joseon, Skincare",TRUE,Title,Default Title,BOJ-GLOW-SERUM,350,shopify,100,deny,manual,https://cdn.shopify.com/s/files/1/0515/4589/9157/files/BOJ_Glow_Serum.png?v=1774979172
beauty-of-joseon-revive-eye-serum-ginseng-retinal-30ml,"Revive Eye Serum : Ginseng + Retinal (30ml)","Wake up to visibly smoother and firmer under-eyes with this advanced retinal formulation. Engineered with 10% Ginseng Root Extract and 2% Retinal Liposome, it skillfully targets fine lines and loss of elasticity. Fortified with Niacinamide and Peptides, this silky serum delivers deep nourishment while minimizing irritation for a rejuvenated look.","Beauty of Joseon","Skincare","Beauty of Joseon, Skincare",TRUE,Title,Default Title,BOJ-EYE-SERUM,450,shopify,100,deny,manual,https://cdn.shopify.com/s/files/1/0515/4589/9157/files/Beauty_of_Joseon_Revive_Eye_Serum_Ginseng___Retinal__30ml_-removebg-preview.png?v=1766165762
beauty-of-joseon-ginseng-essence-water-150ml,"Ginseng Essence Water (150ml)","Dry and damaged skin will drink up this refreshing Hanbang essence that revitalizes and smooths texture. Engineered with 80% Ginseng Root Water and 2% Niacinamide, it skillfully provides deep hydration while regulating oil production. Fortified with Adenosine and Hyaluronic Acid, it combats external aggressors for a radiant complexion.","Beauty of Joseon","Skincare","Beauty of Joseon, Skincare",TRUE,Title,Default Title,BOJ-GINSENG-ESSENCE,450,shopify,100,deny,manual,https://cdn.shopify.com/s/files/1/0515/4589/9157/files/Beauty_of_Joseon_Ginseng_Essence_Water_150ml.png?v=1772988904
beauty-of-joseon-radiance-cleansing-balm-100ml,"Radiance Cleansing Balm (100ml)","Experience a gentle yet effective double cleanse with this nourishing balm that melts away makeup and impurities. Engineered with Rice Bran Water and Grain Extract, it skillfully clarifies the complexion without stripping the natural moisture barrier. Fortified with Sea Buckthorn Oil, it ensures your skin remains cleaned, smooth, and radiant.","Beauty of Joseon","Skincare","Beauty of Joseon, Skincare",TRUE,Title,Default Title,BOJ-CLEANSING-BALM,450,shopify,100,deny,manual,https://cdn.shopify.com/s/files/1/0515/4589/9157/files/Product_Images_-_2026-01-22T222527.250.png?v=1769091986
beauty-of-joseon-red-bean-refreshing-pore-mask-140ml,"Red Bean Refreshing Pore Mask (140ml)","Deeply cleanse and refresh your pores with this nutrient-dense clay mask inspired by traditional skincare. Engineered with 30% Haenam Red Bean Extract and Kaolin, it skillfully absorbs excess sebum and exfoliates dead skin cells. Fortified with Pear and Strawberry extracts, it ensures a smooth, clarified complexion without a tight after-feel.","Beauty of Joseon","Skincare","Beauty of Joseon, Skincare",TRUE,Title,Default Title,BOJ-REDBEAN-MASK,450,shopify,100,deny,manual,https://cdn.shopify.com/s/files/1/0515/4589/9157/files/Beauty_of_Joseon_Red_Bean_Refreshing_Pore_Mask_140ml.png?v=1772989575
beauty-of-joseon-revive-serum-ginseng-snail-mucin-30ml,"Revive Serum : Ginseng + Snail Mucin (30ml)","Restore your complexion's natural vitality with this luxurious Hanbang serum designed for dull skin. Engineered with 63% Ginseng Root Water and 3% Snail Secretion Filtrate, it skillfully promotes skin regeneration and improves elasticity. Fortified with Adenosine and Licorice Root, it ensures your skin looks revitalized and glowing.","Beauty of Joseon","Skincare","Beauty of Joseon, Skincare",TRUE,Title,Default Title,BOJ-REVIVE-SERUM,350,shopify,100,deny,manual,https://cdn.shopify.com/s/files/1/0515/4589/9157/files/Beauty_of_Joseon_Revive_Serum_Ginseng_Snail_Mucin_30ml.png?v=1772989375
beauty-of-joseon-glow-deep-serum-rice-alpha-arbutin-30ml,"Glow Deep Serum : Rice + Alpha-Arbutin (30ml)","Engineered with 68% Rice Bran Water and 2% Alpha-Arbutin, this lightweight serum is designed to illuminate and boost skin health. It skillfully targets pigmentation and uneven skin tone by suppressing melanin production. Fortified with Niacinamide, it ensure your skin achieves a brightened, clear, and glass-like complexion.","Beauty of Joseon","Skincare","Beauty of Joseon, Skincare",TRUE,Title,Default Title,BOJ-GLOW-DEEP,350,shopify,100,deny,manual,https://cdn.shopify.com/s/files/1/0515/4589/9157/files/Beauty_of_Joseon_Glow_Deep_Serum_Rice_Arbutin_30ml.png?v=1772988792
beauty-of-joseon-ginseng-cleansing-oil-210ml,"Ginseng Cleansing Oil (210ml)","Experience a deep yet gentle cleanse with this potent oil that effectively dissolves dirt and makeup residue. Engineered with 50% Soybean Oil and 0.1% Ginseng Seed Oil, it skillfully protects the skin barrier while providing antioxidant benefits. Fortified with essential fatty acids, it ensures your skin remains nourished and smooth.","Beauty of Joseon","Skincare","Beauty of Joseon, Skincare",TRUE,Title,Default Title,BOJ-CLEANSING-OIL,480,shopify,100,deny,manual,https://cdn.shopify.com/s/files/1/0515/4589/9157/files/Product_Images_45_54cafcf1-9662-474b-9094-a297505c1a68.png?v=1769049509
beauty-of-joseon-ground-rice-and-honey-glow-mask-150ml,"Ground Rice and Honey Glow Mask (150ml)","Revitalize and brighten your skin with this innovative wash-off mask that combines physical and chemical exfoliation. Engineered with 5% Honey and Upcycled Makgeolli Lees, it skillfully delivers deep hydration while improving skin texture. Fortified with Rice Hull Powder, it ensures a gentle scrub that leaves your skin feeling exceptionally soft and luminous.","Beauty of Joseon","Skincare","Beauty of Joseon, Skincare",TRUE,Title,Default Title,BOJ-GROUND-RICE-MASK,480,shopify,100,deny,manual,https://cdn.shopify.com/s/files/1/0515/4589/9157/files/Product_Images_16_1.png?v=1769089503
beauty-of-joseon-glow-replenishing-rice-milk-150ml,"Glow Replenishing Rice Milk (150ml)","Transform lackluster skin with this milky, replenishing toner inspired by traditional beauty waters. Engineered with Rice Bran Extract and Rice Germ Extract, it skillfully provides moisture and clarifies the complexion. Fortified with Niacinamide and Panthenol, it ensures your skin achieves a healthy, glass-like radiance with every application.","Beauty of Joseon","Skincare","Beauty of Joseon, Skincare",TRUE,Title,Default Title,BOJ-RICE-MILK,450,shopify,100,deny,manual,https://cdn.shopify.com/s/files/1/0515/4589/9157/files/Glow_Replenishing_Rice_Milk_150ml.png?v=1772988904
beauty-of-joseon-red-bean-water-gel-100ml,"Red Bean Water Gel (100ml)","Ideally suited for oily and combination skin, this lightweight gel moisturizer balances sebum while locking in hydration. Engineered with 44% Haenam Red Bean Extract and a 3-Peptide Complex, it skillfully minimizes oiliness while improving skin elasticity. Fortified with Red Bean extract, it ensures a matte, refreshed finish without weighing the skin down.","Beauty of Joseon","Skincare","Beauty of Joseon, Skincare",TRUE,Title,Default Title,BOJ-REDBEAN-GEL,490,shopify,100,deny,manual,https://cdn.shopify.com/s/files/1/0515/4589/9157/files/Red_Bean_Water_Gel_100ml.png?v=1772989575
beauty-of-joseon-centella-asiatica-calming-mask-10-pcs,"Centella Asiatica Calming Mask (10 Sheets)","Instantly soothe and hydrate stressed skin with this premium Tencel sheet mask set. Engineered with 15% Centella Asiatica Extract and 3 types of Hyaluronic Acid, it skillfully reduces redness and restores moisture. Fortified with Mugwort and Green Tea extracts, it ensures your skin feels calm, hydrated, and deeply recovered.","Beauty of Joseon","Skincare","Beauty of Joseon, Skincare",TRUE,Title,Default Title,BOJ-CALMING-MASK-10,420,shopify,100,deny,manual,https://cdn.shopify.com/s/files/1/0515/4589/9157/files/Centella_Asiatica_Calming_Mask.png?v=1767459399
beauty-of-joseon-light-on-serum-centella-vita-c-30ml,"Light On Serum : Centella + Vita C (30ml)","Reveal a brighter, more even complexion without the typical irritation of Vitamin C. Engineered with 68% Centella Asiatica Extract and 10% Vitamin C Derivative (3-O-Ethyl Ascorbic Acid), it skillfully targets hyperpigmentation while soothing the skin. Fortified with Citrus Junos Fruit Extract, it ensures a non-sticky, radiant glow for even the most sensitive skin.","Beauty of Joseon","Skincare","Beauty of Joseon, Skincare",TRUE,Title,Default Title,BOJ-LIGHT-ON-SERUM,420,shopify,100,deny,manual,https://cdn.shopify.com/s/files/1/0515/4589/9157/files/Light_On_Serum_Centella_Vita_C.png?v=1771864129
beauty-of-joseon-calming-serum-green-tea-panthenol-30ml,"Calming Serum : Green Tea + Panthenol (30ml)","Engineered for sensitive and oil-prone skin, this soothing serum effectively calms inflammation and redness. Skillfully formulated with 50% Green Tea Leaf Water and 5% Panthenol, it provides immediate relief while strengthening the skin barrier. Fortified with Centella Asiatica and Mugwort, it ensures your skin remains balanced, hydrated, and protected.","Beauty of Joseon","Skincare","Beauty of Joseon, Skincare",TRUE,Title,Default Title,BOJ-CALMING-SERUM,350,shopify,100,deny,manual,https://cdn.shopify.com/s/files/1/0515/4589/9157/files/BOJ_Calming_Serum.png?v=1774979172
beauty-of-joseon-green-plum-refreshing-cleanser-100ml,"Green Plum Refreshing Cleanser (100ml)","Start your routine with a gentle, pH-balanced cleanse that respects your skin's natural barrier. Engineered with 24% Plum Water and 3% Mung Bean Seed Extract, it skillfully removes impurities without stripping moisture. Fortified with botanical extracts, this revitalizing gel formula ensures your skin feels fresh, soft, and perfectly balanced.","Beauty of Joseon","Skincare","Beauty of Joseon, Skincare",TRUE,Title,Default Title,BOJ-PLUM-CLEANSER,420,shopify,100,deny,manual,https://cdn.shopify.com/s/files/1/0515/4589/9157/files/Green_Plum_Refreshing_Cleanser_100ml.png?v=1772989575
beauty-of-joseon-green-plum-refreshing-toner-aha-bha-150ml,"Green Plum Refreshing Toner : AHA + BHA (150ml)","A mild daily resurfacing treatment that reveals a smoother, more radiant complexion. Engineered with 25% Green Plum Water and a gentle mix of 2% Glycolic Acid (AHA) and 0.5% Salicylic Acid (BHA), it skillfully exfoliates dead skin cells. Fortified with Mung Bean Extract, it ensures deep hydration while clarifying pores for a refined skin texture.","Beauty of Joseon","Skincare","Beauty of Joseon, Skincare",TRUE,Title,Default Title,BOJ-PLUM-TONER,450,shopify,100,deny,manual,https://cdn.shopify.com/s/files/1/0515/4589/9157/files/Green_Plum_Refreshing_Toner_150ml.png?v=1772988904
beauty-of-joseon-apricot-blossom-peeling-gel-100ml,"Apricot Blossom Peeling Gel (100ml)","Experience the gentlest way to exfoliate with this gommage-type peeling gel inspired by traditional Korean wisdom. Engineered with 19% Prunus Mume Flower Water and 8% Plant-derived Cellulose, it skillfully rolls away dead skin cells and impurities. Fortified with Apple fruit extract, it ensures your skin remains smooth, moisturized, and refreshed without irritation.","Beauty of Joseon","Skincare","Beauty of Joseon, Skincare",TRUE,Title,Default Title,BOJ-APRICOT-PEELING,420,shopify,100,deny,manual,https://cdn.shopify.com/s/files/1/0515/4589/9157/files/Apricot_Blossom_Peeling_Gel_100ml.png?v=1772984814
beauty-of-joseon-matte-sun-stick-mugwort-camelia-18g,"Matte Sun Stick : Mugwort + Camelia (18g)","The ultimate sunstick for convenient reapplication with a completely matte finish. Engineered with Mugwort and Camelia extracts, it skillfully protects your skin while controlling excess oil and sebum. Fortified with Silica and Vitamin E, this non-greasy stick glides smoothly over skin or makeup, ensuring your complexion remains fresh and protected throughout the day.","Beauty of Joseon","Skincare","Beauty of Joseon, Skincare",TRUE,Title,Default Title,BOJ-MATTE-SUN-STICK,450,shopify,100,deny,manual,https://cdn.shopify.com/s/files/1/0515/4589/9157/files/Matte_Sun_Stick_Mugwort_Camelia.png?v=1766311976
biodance-rejuvenating-caviar-pdrn-real-deep-mask,"Rejuvenating Caviar PDRN Real Deep Mask","An elite rejuvenation experience that synergizes the regenerative power of PDRN (Salmon DNA) with nutrient-rich Caviar Extract. This hydrogel mask utilizes a unique 'Real Deep' delivery system to force active anti-aging ingredients into the deepest layers of the skin. Designed to visibly lift, firm, and restore skin density, it provides an immediate porcelain glow and long-term structural repair, making it the ultimate clinical-grade treatment for mature or fatigued complexions.","Biodance","Masks","Biodance, Masks",TRUE,Title,Default Title,BIODANCE-9134907064556,45,shopify,100,deny,manual,https://cdn.shopify.com/s/files/1/0515/4589/9157/files/Biodance_Rejuvenating_PDRN_Real_Deep_Mask.png?v=1769205309
biodance-collagen-gel-toner-pads-60-pcs,"Collagen Gel Toner Pads (60 PCs)","A dual-action hydration powerhouse that bridges the gap between a toner and a hydrogel mask. These pads are infused with 100,000ppm of ultra-low molecular Collagen Water and fortified with specialized peptides to target pore elasticity and skin density. Each gel pad provides an instant moisture surge while delivering powerful anti-aging actives, ensuring your complexion remains exceptionally firm, smooth, and radiant with every wipe.","Biodance","Toners","Biodance, Toners",TRUE,Title,Default Title,BIODANCE-9120823640300,420,shopify,100,deny,manual,https://cdn.shopify.com/s/files/1/0515/4589/9157/files/Collagen_Gel_Toner_Pad-nobg-preview.png?v=1768322592
biodance-sea-kelp-gel-toner-pads-60-pcs,"Sea Kelp Gel Toner Pads (60 PCs)","A purifying and soothing sanctuary for sensitive and oily complexions. These specialized gel pads harness the minerals of Deep Sea Water and 100,000ppm of fermented Kelp Extract to delicately balance pH levels and control excess sebum. The cooling gel texture instantly calms inflammation and redness, providing a refreshing moisture veil that leaves your skin perfectly clear, hydrated, and exceptionally soft without a trace of irritation.","Biodance","Toners","Biodance, Toners",TRUE,Title,Default Title,BIODANCE-9120821477612,420,shopify,100,deny,manual,https://cdn.shopify.com/s/files/1/0515/4589/9157/files/Sea_Kelp_Gel_Toner_Pads_Hero_Image_1200x1200_e435cc33-14e4-4647-b8d7-8e34bfa01cd0.png?v=1768321901
cow-brand-cow-brand-bouncia-premium-moist-body-soap-refill-silky-blossom-340ml,"COW BRAND Bouncia Premium Moist Body Soap Refill - Silky Blossom (340ml)","A highly moisturizing body soap that preserves moisture with its rich and cushioned foam Cow Brand Bouncia Premium Moist Body Soap is a dense foaming body wash that cleanses the skin without stripping away the moisture. It is f ormulated with a blend of ceramides that provide a beautiful, moisturizing wash. It's velvety and gentle on the skin and at the same time removes unwanted dirt and odor. It is made to provide lasting hydration even after rinsing it off! Features Effortless rinsing Advanced moisturizing formula Silky blossom scent Skin types All Skin Types Made In Japan How to Use Dispense product into existing or new pump bottle. Generate a luxurious lather by working several pumps of the soap into foam. Then rinse off thoroughly. Key Highlights Ceramides, Shea Butter, Collagen : Moisturizing ingredients that soothes and protects the skin's moisture barrier. Hyaluronic Acid : Deeply hydrates the skin. Ingredient Highlights Silicone-Free Alcohol-Free","Cow Brand","Bath & Body","Cow Brand, Bath & Body",TRUE,Title,Default Title,COWBRAND-8008950153452,171,shopify,100,deny,manual,https://cdn.shopify.com/s/files/1/0515/4589/9157/files/COW_BRAND_Bouncia_Premium_Moist_Body_Soap_Refill_-_Silky_Blossom__340ml_-removebg-preview.png?v=1766171095
cow-brand-cow-brand-soaps-2-pcs,"COW BRAND Soaps (2 pcs)","A foaming body soap containing vegetable amino acid-based cleansing COW BRAND Soaps are creamy and produces a fine lather which gently cleanses the skin while protecting its moisture. It is formulated with dipotassium glycyrrhizinate (a moisturizing ingredient derived from licorice) and rice bran oil to treat dry skin, leaving it beautifully hydrated and supple. Features Prevents rough skin and contains moisture High quality ingredients derived from natural fats and oils Gentle foam and easy lather Skin Concerns Dryness Skin Types All Skin Types Made In Japan How to Use Apply a suitable amount onto a damp towel or sponge. Generate a rich lather, cleanse thoroughly, and rinse. Ingredients Key Highlights Ceramide : Moisturizing ingredients and protects from environmental damage. Ingredient Highlights Silicone-Free Alcohol-Free Mineral Oil-Free Sulfate-Free Fragrance-Free Paraben-Free","Cow Brand","Bath & Body","Cow Brand, Bath & Body",TRUE,Title,Default Title,COWBRAND-9110764191980,114,shopify,100,deny,manual,https://cdn.shopify.com/s/files/1/0515/4589/9157/files/4901525011297.png?v=1768404495
cow-brand-cow-brand-shizen-gokochi-facial-cleansing-bar-soap-80g,"COW BRAND Shizen Gokochi Facial Cleansing Bar Soap (80g)","A foaming body soap containing vegetable amino acid-based cleansing COW BRAND Additive-Free Foaming Body Soap is carefully designed to gently cleanse and nourish your skin with a rich, luxurious foam. Infused with a newly formulated ceramide, it provides deep hydration, leaving your skin soft, smooth, and supple. Made with thoughtfully selected ingredients, it’s free from unnecessary additives, offering a pure and wholesome skincare experience. Its creamy lather rinses off easily, ensuring your skin feels refreshed, moisturized, and revitalized long after washing. With a convenient pump design, it’s perfect for everyday use and ideal for the whole family. Features Features a soap-derived natural component and an amino acid-based cleansing agent Safe for use on delicate skin, including small children Gently foam and easy lather Skin Concerns Dryness Skin Types All Skin Types Made In Japan How to Use Apply a suitable amount onto a damp towel or sponge. Generate a rich lather, cleanse thoroughly, and rinse. Ingredients Key Highlights Ceramide : Moisturizing ingredients and protects from environmental damage. Ingredient Highlights Silicone-Free Alcohol-Free Mineral Oil-Free Sulfate-Free Fragrance-Free Paraben-Free","Cow Brand","Bath & Body","Cow Brand, Bath & Body",TRUE,Title,Default Title,COWBRAND-9102733869292,124,shopify,100,deny,manual,https://cdn.shopify.com/s/files/1/0515/4589/9157/files/Product_Images_31_1664989c-7b3b-44d0-92d6-de4891523b48.png?v=1767889894
curl-curl-shampoo-pump-420ml,"Curél Shampoo Pump (420ml)","Gently and naturally cleanse your scalp without damaging it. <br>Curél Shampoo Pump (420ml) is a Japanese shampoo with carefully selected naturally derived aromas. Formulated with natural ingredients, the shampoo contains mild cleansing ingredients that minimize skin irritation and wash ...","Curél","Hair Care","Curél, Hair Care",TRUE,Title,Default Title,CURÉL-7671177937132,437,shopify,100,deny,manual,https://cdn.shopify.com/s/files/1/0515/4589/9157/files/Curel_Shampoo_Pump__420ml_-removebg-preview.png?v=1766172246
curl-curl-conditioner-pump-420ml,"Curél Conditioner Pump (420ml)","Mild conditioner to soothe and protect the scalp's moisture barrier. Curél Conditioner Pump (420ml) is a Japanese conditioner with carefully selected naturally derived aromas. Formulated with natural , the conditioner contains mild cleansing ingredients that minimize skin irritation and protect the scalp's moisture barrier. The conditioner p enetrates deeply into each hair strand that is dry and rough, while treating the scalp. This l eaves hair smooth and shiny, so you can run your fingers through easily. Rinses off cleanly with minimal residue on the skin. Features pH balanced No added fragrance or colorants Naturally hydrates, soothes and protects the scalp Hair Concerns Dry Hair Dry/Itchy Scalp Hair Types Normal to dry hair Made in Japan How to use Wet the hair thoroughly. Dispense a quarter sized amount of product to the hand and massage it directly into the scalp, ensuring to produce a thick lather. Rinse and continue with a treatment or conditioning product. Ingredients Active Ingredients Glycyrrhizic acid Ingredient Highlights Fragrance-Free Paraben-Free Sulfate-Free Mineral-Oil Free","Curél","Hair Care","Curél, Hair Care",TRUE,Title,Default Title,CURÉL-7671177085164,456,shopify,100,deny,manual,https://cdn.shopify.com/s/files/1/0515/4589/9157/files/Product_Images_27_105685f8-9c0e-4f4b-8a77-0c35eec5cd9e.png?v=1767888072
cure-cure-natural-aqua-gel-250g-japanese-version,"Cure Natural Aqua Gel (250g) - Japanese Version","This star-studded global favorite is dubbed the “top exfoliator in Japan"" - it’s easy to understand why a bottle of it sells every 4.5 seconds in Asia.<br>Cure Natural Aqua Gel, gently exfoliates dead skin cells helping to reveal the renewed glow of fresh, smooth youthful looking skin. I...","Cure","Exfoliants","Cure, Exfoliants",TRUE,Title,Default Title,CURE-7841260765420,569,shopify,100,deny,manual,https://cdn.shopify.com/s/files/1/0515/4589/9157/files/Product_Images_89_c5daf67d-aeae-4282-9d1c-59a01839ca60.png?v=1769081544
dalba-dalba-white-truffle-double-moisture-cream-60ml,"d'Alba White Truffle Double Moisture Cream (60ml)","Customizable cream for all skin types featuring luxurious white truffle extracts. d'Alba White Truffle Vegan Double Serum &amp; Cream is a unique 2-in-1 serum and cream that can be mixed in different ratios according to your skin type and preference. The Aqua Serum is hydrating and soothing thanks to ceramides, centella asiatica extract and panthenol. Meanwhile, the Intense Cream is deeply nourishing and firming and contains 8-blending oils and collagen extract with white flower complex to provide an elastic, youthful appearance. It is non-comedogenic and safe for acne-prone skin. Features Customizable serum and cream formulation Hydrates, soothes, nourishes and firms Non-comedogenic Vegan certified Skin Concerns Anti-Aging Dehydrated Skin Skin Types Suitable for all skin types Made In South Korea How to use After cleansing, dispense an appropriate amount and thoroughly mix the two creams. Dehydrated/Oily Skin - Aqua Serum 2 : Intense Cream 1 Combination Skin - Aqua Serum 2 : Intense Cream 1 Dry Skin: Aqua Serum 1 : Intense Cream 2 Gently apply the mixture along the texture of your skin, allowing it to absorb fully. Alternatively, you can apply the serum and cream separately. Key Ingredients Italian White Truffle Extract Ingredient Highlights Vegan and Cruelty-Free Sulfate-Free Alcohol-Free Paraben-Free","d'Alba","Moisturizers","d'Alba, Moisturizers",TRUE,Title,Default Title,D-9094674677996,550,shopify,100,deny,manual,https://cdn.shopify.com/s/files/1/0515/4589/9157/files/d_Alba_White_Truffle_Double_Moisture_Cream.png?v=1770233970
dalba-dalba-white-truffle-double-layer-revitalizing-serum-30ml,"d'Alba White Truffle Double Layer Revitalizing Serum (30ml)","A double layered serum for firm, healthy and glowy skin. d'Alba White Truffle Double Layer Revitalizing Serum is a 2-in-1 double solution with 30% glowing oil layer and a 70% elastic serum layer that promotes healthy, smooth skin. It uses premium white truffles from Italy and natural essential oils to provide long-lasting moisture and glow. The plant-based organic substances such as sunflower seed oil, macadamia nut oil, avocado oil, etc. provide deep hydration and absorb deep into the pores. The patented substances okra extract and hydrolyzed hyaluronic acid keep skin tissues moist and hydrated. Features Vegan 30% glowing oil layer and a 70% elastic serum layer Long-lasting moisture and glow Deeply hydrates and firms skin with antioxidants Skin Concerns Dullness Dehydrated Skin Anti-aging Skin Types Suitable for all skin types Made In South Korea How to use After cleansing, shake the bottle up and down 3 to 5 times to ensure the contents are well mixed. Pump 2 to 3 times into your palm and gently apply over your entire face, allowing it to absorb. Key Ingredients Italian White Truffle Extract Vitamin E Ingredient Highlights Vegan and Cruelty-Free Sulfate-Free Silicone-Free Paraben-Free Alcohol-Free","d'Alba","Serums","d'Alba, Serums",TRUE,Title,Default Title,D-8894328930540,450,shopify,100,deny,manual,https://cdn.shopify.com/s/files/1/0515/4589/9157/files/DALBA-White-Truffle-Double-Layer-Revitalizing-Serum-30ml-Korean-Serum-For-Firming-And-Wrinkles-For-Dullness-and-Anti-Aging-PURESEOUL-UK-KBeauty-Shop.png?v=1747778930
dalba-dalba-white-truffle-prime-intensive-serum-100ml,"d'Alba White Truffle Prime Intensive Serum (100ml)","A double layered serum mist for hydrated and glowy skin. d'Alba White Truffle Prime Intensive Serum is a vegan-certified anti-aging serum mist engineered to restore elasticity and luminosity. This innovative serum merges dual-capsule technology—encapsulated oils and peptides—with a potent serum concentrate to target fine lines and loss of firmness. Harnessing Trufferol and Vitamin E, it delivers six times the antioxidant strength of propolis. The precision mist application distributes evenly across skin, delivering a dewy, hydrated glow without stickiness or buildup. Complemented by an elegant aromatic citrus floral fragrance created in partnership with Italian perfumer Giovanni Festa, this serum elevates your daily skincare ritual. Features Vegan Micro oil and serum capsules in a mist Long-lasting moisture and glow Aromatic Citrus Floral Fragrance Skin Concerns Dullness Dehydrated Skin Anti-aging Skin Types Suitable for all skin types Made In South Korea How to use After cleansing, shake the bottle up and down 3 to 5 times to ensure the contents are well mixed. Pump 2 to 3 times into your palm and gently apply over your entire face, allowing it to absorb. Key Ingredients Italian White Truffle Extract Vitamin E Collagen Ingredient Highlights Vegan and Cruelty-Free Sulfate-Free Silicone-Free Paraben-Free Alcohol-Free","d'Alba","Serums","d'Alba, Serums",TRUE,Title,Default Title,D-9050762838252,450,shopify,100,deny,manual,https://cdn.shopify.com/s/files/1/0515/4589/9157/files/kshopbeauty.vn-dAlba-White-Truffle-Prime-Intensive-Solution-Serum.png?v=1761840441
dalba-dalba-white-truffle-royal-intensive-serum-100ml,"d'Alba White Truffle Royal Intensive Serum (100ml)","A biphase serum mist that offers a boost of instant hydration. d'Alba White Truffle Royal Intensive Serum transforms your skin with a luxurious mist that combines brightening power with anti-aging benefits. This innovative bi-phase formula harnesses Italian white truffle, glutathione, peptides, and plant-based collagen to deliver visible radiance and firmness in seconds. The fine mist absorbs effortlessly, creating 15 layers of hydration that cling to every skin contour without stickiness or heaviness. Whether your skin needs luminosity, elasticity, or deep moisture, this multitasking serum works for all skin types—especially those seeking a glassy, transparent glow. Spray it anytime, anywhere for skin that looks refreshed, youthful, and undeniably radiant. Features Vegan Biphase formula that brightens and anti-ages Long-lasting moisture and glow Fine mist that can be used anytime Skin Concerns Dullness Dehydrated Skin Anti-aging Skin Types Dry to combo skin Made In South Korea How to use After cleansing, shake the bottle up and down 3 to 5 times to ensure the contents are well mixed. Close eyes and spray 4-5 times from a distance of 20-25cm. Key Ingredients Italian White Truffle Glutathione Peptides Collagen Ingredient Highlights Vegan and Cruelty-Free Sulfate-Free Silicone-Free Paraben-Free Alcohol-Free","d'Alba","Serums","d'Alba, Serums",TRUE,Title,Default Title,D-9049820365036,450,shopify,100,deny,manual,https://cdn.shopify.com/s/files/1/0515/4589/9157/files/4rzkd3tzksa84h6hctphwdhddv3j.webp?v=1761583274
medicube-medicube-age-r-booster-pro-mini,"Medicube Age-R Booster Pro Mini","Re-densify and lift your complexion with the clinical-grade Medicube Age-R Booster Pro Mini. Engineered for maximum fidelity in skin repair, it provides immediate restoration for sagging, tired skin. Simplified, portable viral beauty tool to achieve firm and lifted glass skin! Medicube Age-R Booster Pro Mini uses takes the best of the Booster Pro to help achieve skin goals in a lightweight, budget-friendly mini version! The Booster mode (level 1-5) improves product absorption by 562% and can be paired with red or blue LED to address troubled, dull skin. Booster Pro is a high-tech beauty device that provides you professional-level skincare in the comfort of your own home.","Medicube","Devices","Medicube, Devices",TRUE,Title,Default Title,MEDICUBE-9120000000039,950,shopify,100,deny,manual,https://cdn.shopify.com/s/files/1/0515/4589/9157/files/Medicube_Age-R_Booster_Pro_Mini.png?v=1766405396
medicube-medicube-booster-pro-panda-head-case,"Medicube Booster Pro Panda Head Case","Achieve the ultimate in dermatological excellence with the Medicube Booster Pro Panda Head Case. This high-fidelity formula is precision-engineered to deliver visible transformation in skin texture and clarity. Limited edition case for Medicube Age-R Booster Pro. Medicube Age-R Booster Pro case in a limited-edition pink bear shape! Protect your Age-R Booster Pro when not in use or travelling.","Medicube","Devices","Medicube, Devices",TRUE,Title,Default Title,MEDICUBE-9120000000022,397,shopify,100,deny,manual,https://cdn.shopify.com/s/files/1/0515/4589/9157/files/Medicube_Booster_Pro_Panda_Head_Case.png?v=1766407458
dr-althea-345-relief-cream-50ml,"345 Relief Cream (50ml)","Experience the viral skin-soothing sensation with Dr. Althea 345 Relief Cream. This lightweight yet intensely nourishing gel-cream is a multi-action post-acne treat that targets blemishes, repairs the skin barrier, and provides deep hydration. Infused with Niacinamide, Panthenol, and Opuntia Ficus-Indica Stem Extract, it effectively calms redness and irritation while strengthening your skin's natural defenses for a clear, resilient glow.","Dr. Althea","Skincare","Dr. Althea, Skincare",TRUE,Title,Default Title,DRALTHEA-345-RELIEF-CREAM,450,shopify,100,deny,manual,https://cdn.shopify.com/s/files/1/0515/4589/9157/files/Dr.Althea345ReliefCream.png?v=1723908906
dr-althea-345-relief-cream-mist-100ml,"345 Relief Cream Mist (100ml)","The viral 345 Relief Cream is now available in a refreshing, portable mist! This ultra-fine cloud delivers immediate hydration and soothing care whenever your skin needs it most. Designed to replicate the barrier-repairing benefits of the original cream, this mist combines Niacinamide and Panthenol to calm inflammation and lock in moisture on the go, making it the perfect companion for sensitive or dehydrated skin.","Dr. Althea","Skincare","Dr. Althea, Skincare",TRUE,Title,Default Title,DRALTHEA-345-MIST,350,shopify,100,deny,manual,https://cdn.shopify.com/s/files/1/0515/4589/9157/files/345ReliefMist-Direct.png?v=1723933758
dr-althea-aqua-marine-jelly-mist-100ml,"Aqua Marine Jelly Mist (100ml)","Quench your skin's thirst with the innovative Dr. Althea Aqua Marine Jelly Mist. This unique mist transitions from a cooling jelly texture to a fine hydrating spray upon application, providing a protective moisture shield. Formulated with mineral-rich Sea Water and Saccharide Isomerate, it delivers deep, long-lasting hydration while balancing the skin's temperature for a refreshed, dewy Korean glass skin finish.","Dr. Althea","Skincare","Dr. Althea, Skincare",TRUE,Title,Default Title,DRALTHEA-MARINE-JELLY-MIST,350,shopify,100,deny,manual,https://cdn.shopify.com/s/files/1/0515/4589/9157/files/AquaMarineJellyMist-Direct.png?v=1723933454
dr-althea-aqua-marine-watery-cream-50ml,"Aqua Marine Watery Cream (50ml)","Indulge in a wave of hydration with Dr. Althea Aqua Marine Watery Cream. This refreshing moisturiser features a lightweight, water-burst texture that melts into the skin to provide a surge of moisture without any greasiness. Enriched with mineral-rich marine extract and multi-layer Hyaluronic Acid, it plumps fine lines and restores elasticity, leaving your complexion feeling supple, smooth, and revitalized.","Dr. Althea","Skincare","Dr. Althea, Skincare",TRUE,Title,Default Title,DRALTHEA-MARINE-WATERY-CREAM,450,shopify,100,deny,manual,https://cdn.shopify.com/s/files/1/0515/4589/9157/files/AquaMarineWateryCream-Direct.png?v=1723933390
dr-althea-147-barrier-cream-50ml,"147 Barrier Cream (50ml)","Specifically engineered for compromised skin, the Dr. Althea 147 Barrier Cream provides intensive recovery and protection. This rich yet non-clogging formula is powered by a high concentration of Ceramides and Panthenol to rebuild the skin's protective barrier and seal in moisture. Ideal for sensitive, irritated, or over-exfoliated skin, it promotes rapid healing and restores optimal skin health for a calm, balanced complexion.","Dr. Althea","Skincare","Dr. Althea, Skincare",TRUE,Title,Default Title,DRALTHEA-147-BARRIER-CREAM,550,shopify,100,deny,manual,https://cdn.shopify.com/s/files/1/0515/4589/9157/files/Dr._Althea_147_Barrier_Cream.png?v=1773112789
dr-althea-gentle-pore-cleansing-oil-150ml,"Gentle Pore Cleansing Oil (150ml)","Transform your cleansing ritual with the Dr. Althea Gentle Pore Cleansing Oil. This lightweight, silky oil dissolves stubborn makeup, sunscreen, and oxidized sebum while maintaining the skin's natural moisture balance. Formulated with plant-derived oils that emulsify instantly upon contact with water, it ensures a clean, non-greasy finish that leaves pores refined and skin feeling incredibly soft and refreshed.","Dr. Althea","Skincare","Dr. Althea, Skincare",TRUE,Title,Default Title,DRALTHEA-GENTLE-PORE-CLEANSING-OIL,420,shopify,100,deny,manual,https://cdn.shopify.com/s/files/1/0515/4589/9157/files/Dr._Althea_Gentle_Pore_Cleansing_Oil.png?v=1773767129
dr-althea-vita-glow-mask-1pc,"Vita Glow Mask (1 PC)","Reveal an instant radiance with the Dr. Althea Vita Glow Mask. This premium sheet mask is drenched in a brightening essence featuring Vitamin C and Glutathione to target dullness and uneven skin tone. The high-quality sheet material ensures maximum absorption, delivering active ingredients deep into the skin to enhance luminosity and provide a refreshed, ""lit-from-within"" glow in just 15 minutes.","Dr. Althea","Skincare","Dr. Althea, Skincare",TRUE,Title,Default Title,DRALTHEA-VITA-GLOW-MASK,1805,shopify,100,deny,manual,https://cdn.shopify.com/s/files/1/0515/4589/9157/files/Dr._Althea_Vita_Glow_Mask_Box_Direct.png?v=1773766766
dr-althea-vitamin-c-booster-serum-30ml,"Vitamin C Booster Serum (30ml)","Revitalize and brighten your complexion with the Dr. Althea Vitamin C Booster Serum. This high-potency antioxidant treatment is specifically formulated to target hyperpigmentation and stimulate collagen production. Combining pure Vitamin C with soothing botanicals, it effectively fades dark spots and protects against environmental stressors without the irritation often associated with active serums, leaving your skin luminous and firm.","Dr. Althea","Skincare","Dr. Althea, Skincare",TRUE,Title,Default Title,DRALTHEA-VIT-C-BOOSTER,550,shopify,100,deny,manual,https://cdn.shopify.com/s/files/1/0515/4589/9157/files/VitaminCSerum-Direct.png?v=1723933220
dr-althea-marine-anti-blemish-mask-1pc,"Marine Anti-Blemish Mask (1 PC)","Specifically designed for troubled skin, the Dr. Althea Marine Anti-Blemish Mask uses the healing power of the sea to calm inflammation and prevent breakouts. Infused with Sea Water and Centella Asiatica, this mask provides immediate relief to irritated areas while balancing oil production. The specialized sheet delivery system ensures ingredients penetrate deeply to soothe active blemishes and promote a clear, healthy appearance.","Dr. Althea","Skincare","Dr. Althea, Skincare",TRUE,Title,Default Title,DRALTHEA-MARINE-BLEMISH-MASK,1805,shopify,100,deny,manual,https://cdn.shopify.com/s/files/1/0515/4589/9157/files/MarineAntiBlemishMask-Direct.png?v=1723933156
dr-althea-essential-skin-conditioner-silk-mask-1pc,"Essential Skin Conditioner Silk Mask (1 PC)","Transform stressed skin with the Dr. Althea Essential Skin Conditioner Silk Mask. This luxurious silk sheet mask fits like a second skin, providing intensive conditioning and calming care. Drenched in a powerful essence of Witch Hazel and Green Tea extracts, it effectively reduces redness, balances hydration, and refines texture, making it an ideal treatment for recovering skin or preparation for a flawless makeup application.","Dr. Althea","Skincare","Dr. Althea, Skincare",TRUE,Title,Default Title,DRALTHEA-SILK-MASK,1805,shopify,100,deny,manual,https://cdn.shopify.com/s/files/1/0515/4589/9157/files/EssentialSkinConditionerSilkMask-Direct.png?v=1723933092
dr-althea-pdrn-reju-5000-cream-20g,"PDRN Reju 5000 Cream (20g)","Dr. Althea's PDRN Reju 5000 Cream is a biome-powered vegan formula packed with 5,000 ppm PDRN and Centella Asiatica Leaf Water to restore skin texture and firmness. This lightweight, non-greasy cream absorbs seamlessly and layers effortlessly for personalized hydration and elasticity care. Perfect for soothing post-treatment skin, use as a nightly mask, or apply to irritated areas for targeted relief. Delivers calming, regenerative benefits with long-lasting hydration and a healthy glow—no he...","Dr. Althea","Skincare","Dr. Althea, Skincare",TRUE,Title,Default Title,DRALTHEA-5071,550,shopify,100,deny,manual,https://cdn.shopify.com/s/files/1/0515/4589/9157/files/Dr._Althea_PDRN_Reju_5000.png?v=1773503089
dr-althea-pore-refresh-grinding-cleansing-balm-50ml,"Pore Refresh Grinding Cleansing Balm (50ml)","Effective deep pore cleansing balm in a convenient and hygienic dispenser Dr. Althea Pore Refresh Grinding Cleansing Balm, formulated with essential ingredients, offers a deep yet gentle pore-cleansing experience for all skin types. Its hygienic grinding mechanism ensures convenient and precise portion control while maintaining product freshness. The balm’s strong cleansing effect effortlessly removes sunscreen, makeup, and waterproof products, minimizing heaviness and oiliness. It leaves ski...","Dr. Althea","Skincare","Dr. Althea, Skincare",TRUE,Title,Default Title,DRALTHEA-5190,450,shopify,100,deny,manual,https://cdn.shopify.com/s/files/1/0515/4589/9157/files/Product_Images_87_a2c6a63c-0e4e-4265-99ca-414a0baaf2ce.png?v=1769056709
dr-althea-jelly-seal-repair-mask-4-pcs,"Jelly Seal Repair Mask (4 PCs)","A dual layer jelly mask to nourish and seal in moisture and nutrients Dr. Althea Jelly Seal Repair Mask is a dual-layer jelly sheet mask designed to restore the skin’s oil-moisture balance while deeply nourishing and strengthening the skin barrier. Its firm yet delicate jelly-like texture ensures maximum absorption of active ingredients without irritation, making it ideal for sensitive and combination skin. It provides multi-layer hydration, ensuring long-lasting moisture retention. In additi...","Dr. Althea","Skincare","Dr. Althea, Skincare",TRUE,Title,Default Title,DRALTHEA-5204,295,shopify,100,deny,manual,https://cdn.shopify.com/s/files/1/0515/4589/9157/files/Dr._Althea_Jelly_Seal_Repair_Mask_4_PCs.png?v=1772997767
dr-althea-cushion-veil-calming-mask-4-pcs,"Cushion Veil Calming Mask (4 PCs)","A cooling sheet mask for irritated, acne-prone skin. Dr. Althea Cushion Veil Calming Mask is a cooling sheet mask designed to soothe irritation and reduce redness while being gentle enough for sensitive skin. Infused with Cica Complex, Chamomile Extract, and Inje Betula Water, this mask deeply hydrates, strengthens the skin barrier, and shields the skin from external stressors. This mask primarily focuses on soothing irritated skin and reinforcing the skin barrier. Soothes and calms irritated...","Dr. Althea","Skincare","Dr. Althea, Skincare",TRUE,Title,Default Title,DRALTHEA-5205,295,shopify,100,deny,manual,https://cdn.shopify.com/s/files/1/0515/4589/9157/files/Dr._Althea_Cushion_Veil_Calming_Mask__4_PCs_-removebg-preview.png?v=1766173823
dr-althea-aqua-blue-moisturizing-mask-4-pcs,"Aqua Blue Moisturizing Mask (4 PCs)","Deeply soothing and hydrating face mask for sensitive skin Dr. Althea Aqua Blue Hydration Mask is an ultra-hydrating sheet mask designed to provide deep moisture and soothe sensitive skin. Made from tannin-rich oak wood, this mask effectively delivers natural ingredients for intense hydration and a revitalized complexion. It soothes skin with natural ingredients such as Bambusa, Azulene, and Blue Agave which also gives the mask its beautiful, natural blue colour. 24 hr soothing hydration","Dr. Althea","Skincare","Dr. Althea, Skincare",TRUE,Title,Default Title,DRALTHEA-5208,295,shopify,100,deny,manual,https://cdn.shopify.com/s/files/1/0515/4589/9157/files/Dr._Althea_Aqua_Blue_Moisturizing_Mask_4_PCs.png?v=1772997677
dr-althea-85-anastatica-skin-conditioning-toner-250ml,"85% Anastatica Skin Conditioning Toner (250ml)","Revitalize and deeply hydrate with potent water-loving ingredients Dr. Althea ’ s Anastatica Skin-Conditioning Toner is a light, natural toner that was created using 85% extract from the Anastatica Hierochuntica plant, also known as the Rose of Jericho. The Rose of Jericho evolved so that even in the driest most desolate environments, one drop of water will bring it back to life. This toner penetrates deep into your skin and boosts hydration and elasticity. It is also made up entirely of EWG ...","Dr. Althea","Skincare","Dr. Althea, Skincare",TRUE,Title,Default Title,DRALTHEA-5281,450,shopify,100,deny,manual,https://cdn.shopify.com/s/files/1/0515/4589/9157/files/Dr._Althea_85__Anastatica_Skin_Conditioning_Toner__250ml_-removebg-preview.png?v=1766173823
dr-althea-85-anastatica-skin-conditioning-pad-65pcs,"85% Anastatica Skin Conditioning Pad (65pcs)","Tone, hydrate and improve skin tone with these dual-sided toner pads. Dr. Althea Anastatica Skin Conditioning Pad is a two-step double-sided pad that contains 85% of Anastatica Extract rather than purified water. It not only provides moisture and forms moisturizing membrane to protect tired skin from external irritation, but also absorbs and removes the remaining waste after washing the face. It helps the skin to be clean and fully convey the effect of the next skincare. 2-step dual sided ton...","Dr. Althea","Skincare","Dr. Althea, Skincare",TRUE,Title,Default Title,DRALTHEA-5334,450,shopify,100,deny,manual,https://cdn.shopify.com/s/files/1/0515/4589/9157/files/Anastatica_Skin_Conditioning_Pad.png?v=1732054504
dr-althea-fresh-deep-noni-lotion-110ml,"Fresh Deep Noni Lotion (110ml)","Achieve a balanced, hydrated, and comfortable complexion with the Fresh Deep Noni Lotion Dr. Althea Fresh Deep Noni Lotion is a versatile skincare product formulated with Noni extract and a blend of four natural ingredients, including Centella Asiatica, Anastatica Hierochuntica, Melia Azadirachta Leaf and Artichoke Leaf. It effectively soothes and nourishes the skin, reduces redness, inflammation, and sensitivity. The combination of low molecular weight Hydrolyzed Hyaluronic Acid and Anastati...","Dr. Althea","Skincare","Dr. Althea, Skincare",TRUE,Title,Default Title,DRALTHEA-5335,350,shopify,100,deny,manual,https://cdn.shopify.com/s/files/1/0515/4589/9157/files/Dr._Althea_Fresh_Deep_Noni_Lotion__110ml_-removebg-preview.png?v=1766173824
dr-althea-vitamin-c-boosting-serum-30ml,"Vitamin C Boosting Serum (30ml)","Say goodbye to dull, uneven skin tone with this Vitamin C boosting complex! Dr.Althea’s Vitamin C Boosting Serum is a vegan, daily care vitamin C serum with tranexamic acid that helps to improve the skin tone and restore the skin’s natural glow. This new and improved serum is made of 63% Vita boosting complex which is a combination of 9 types of vitamins and Hyppophae Rhamnoides Fruit Extract, to deliver a high level of Vitamin C to the skin, without causing any irritation. Hyppophae Rhamnoid...","Dr. Althea","Skincare","Dr. Althea, Skincare",TRUE,Title,Default Title,DRALTHEA-5368,450,shopify,100,deny,manual,https://cdn.shopify.com/s/files/1/0515/4589/9157/files/Dr._Althea_Vitamin_C_Boosting_Serum__30ml_-removebg-preview.png?v=1766173825
dr-althea-skin-relief-essence-30ml,"Skin Relief Essence (30ml)","Instantly soothing and relieving for sensitive and irritated skin. Dr. Althea Skin Relief Essence is an ampoule-type Cica essence that soothes the sensitive skin that gets irritated from external environment, with an abundant amount of active ingredients full of nutrients providing vitalizing effect to the skin. It contains 85% of Centella Asiatica Extract that inhabits in pure areas of India, which is effective for skin conditioning and soothing. It excludes 20 harmful ingredients, and the b...","Dr. Althea","Skincare","Dr. Althea, Skincare",TRUE,Title,Default Title,DRALTHEA-5543,295,shopify,100,deny,manual,https://cdn.shopify.com/s/files/1/0515/4589/9157/files/image_grande_ac59f89f-1824-44e6-9f7d-e372a2d79c49.png?v=1716492746
dr-althea-gentle-vitamin-c-serum-30ml,"Gentle Vitamin C Serum (30ml)","A beginner-friendly Vitamin C that is gentle and safe for acne and fungal acne prone skin Dr.Althea Gentle Vitamin C is a beginner friendly serum designed to combat dark spots and improve skin tone. Formulated with Niacinamide, 3-0-ethyl ascorbic acid, and Hippophae rhamnoides fruit extract, it surpasses vitamin C levels found in various fruits. Tailored for sensitive skin, the serum's minimalistic composition of under 20 ingredients is acne-safe and enriched with Camellia sinensis leaf water...","Dr. Althea","Skincare","Dr. Althea, Skincare",TRUE,Title,Default Title,DRALTHEA-5544,450,shopify,100,deny,manual,https://cdn.shopify.com/s/files/1/0515/4589/9157/files/Dr._Althea_Gentle_Vitamin_C_Serum__30ml_-removebg-preview.png?v=1766173824
dr-althea-pure-grinding-cleansing-balm-50ml,"Pure Grinding Cleansing Balm (50ml)","Effective cleansing balm in a convenient and hygienic dispenser Dr. Althea Pure Grinding Cleansing Balm, formulated with 14 essential ingredients, offers a gentle cleansing experience for sensitive skin. Its hygienic grinding mechanism allows for convenient and precise portion control without concerns of deterioration. The balm’s strong cleansing effect effortlessly removes sunscreen, makeup, and waterproof products, minimizing heaviness and oiliness. Enriched with Camellia Sinensis Seed Oil ...","Dr. Althea","Skincare","Dr. Althea, Skincare",TRUE,Title,Default Title,DRALTHEA-5545,550,shopify,100,deny,manual,https://cdn.shopify.com/s/files/1/0515/4589/9157/files/Product_Images_52_c232d198-c4c0-4998-b201-d81f0e868bc3.png?v=1769050578
dr-althea-green-relief-amino-gel-cleanser-100ml,"Green Relief Amino Gel Cleanser (100ml)","Mildly acidic gel cleanser that maintains skin's natural balance Dr. Althea Green Relief Amino Gel Cleanser is specially designed to reduce frictional irritation and easily produce foam, setting it apart from cream-type cleansers by avoiding excessive surfactants and clumping. It is a favorite among those with oily or combination skin, acne-prone individuals, and those in need of a quick lather due to its refreshing and effective oil-removing properties. The cleanser utilizes smaller bubbles ...","Dr. Althea","Skincare","Dr. Althea, Skincare",TRUE,Title,Default Title,DRALTHEA-5546,350,shopify,100,deny,manual,https://cdn.shopify.com/s/files/1/0515/4589/9157/files/gel_cleanser.png?v=1716609688
dr-althea-natural-radiance-essence-30ml,"Natural Radiance Essence (30ml)","Brighten and improve uneven skin tone with Kakadu plum extract! Dr. Althea Natural Radiance Essence is an essence that brightens dull skin and helps it return to its original state. It effectively helps give you clear and glowy skin. It contains 85% of Kakadu plum extract which has 150x more vitamin C compared to lemons. Along with other soothing ingredients, this is safe to be used on sensitive skin too. It is also free from 20 toxic ingredients and can be recycled. For better use, it is rec...","Dr. Althea","Skincare","Dr. Althea, Skincare",TRUE,Title,Default Title,DRALTHEA-5547,295,shopify,100,deny,manual,https://cdn.shopify.com/s/files/1/0515/4589/9157/files/Dr._Althea_Natural_Radiance_Essence_30ml.png?v=1772997833
dr-althea-gentle-pore-vegan-cleansing-oil-150ml,"Gentle Pore Vegan Cleansing Oil (150ml)","Vegan cleansing oil that melts away makeup and impurities Dr. Althea Gentle Pore Cleansing Oil is a vegan and lightweight oil for refreshing deep cleanse. It melts away long wear make up and clogged pores. It also provides a deep cleanse that removes environmental pollutant such as fine dust. As a double effect of lipophile & hydrophile, it offers deep cleanse that hydrate the skin without feeling greasy and heavy feeling. Its bluish color is a color with ingredients from nature, not artifici...","Dr. Althea","Skincare","Dr. Althea, Skincare",TRUE,Title,Default Title,DRALTHEA-5549,450,shopify,100,deny,manual,https://cdn.shopify.com/s/files/1/0515/4589/9157/files/GentlePoreVeganCleansingOil1.png?v=1716609224
dr-althea-amino-acid-gentle-bubble-cleanser-140ml,"Amino Acid Gentle Bubble Cleanser (140ml)","Most gentle bubble cleanser but powerful cleansing ability Dr. Althea Amino Acid Gentle Bubble Cleanser is a gentle cleanser that kills bacteria while protecting acne-prone skin. Containing 17 different types of Amino-acid, it cleanses any impurities while revitalizing and strengthening the skin. It builds up water barriers around the skin so that the skin stays hydrated even after cleansing. The soft foam is a UFD -200nm nano-size foam which allows it to penetrate deep into the pores and eff...","Dr. Althea","Skincare","Dr. Althea, Skincare",TRUE,Title,Default Title,DRALTHEA-5550,350,shopify,100,deny,manual,https://cdn.shopify.com/s/files/1/0515/4589/9157/files/Dr._Althea_Amino_Acid_Cleanser.png?v=1720637405
dr-g-drg-mild-up-sunscreen-spf50-pa-50ml,"Dr.G Mild Up Sunscreen SPF50+ PA++++ (50ml)","Dr. G Mild Up Sunscreen SPF50+ PA++++ is a mild mineral sunscreen that provides broad-spectrum UV protection. It is a dewy formula with a weightless, soft finish that doesn't leave the skin feeling sticky. It is formulated with centella asiatica extract (soothing botanical ingredient) and pycnogenol (antioxidant). Dr. G Mild Up Sunscreen is fragrance-free and suitable for sensitive skin. Features Only physical UV filters with zinc oxide Lightweight feel SPF50 PA++++ Hypoallergenic tested Fragrance Free Skin Concern Irritation Redness UV Protection Skin types All skin types. Recommended for sensitive skin NPN 80124417 Made In KOREA 🇰🇷 How to use Apply an appropriate amount of product all over face and neck, avoiding eye and mouth areas. Use as last step of skincare approximately 30 minutes before sun exposure. Key Ingredients Zinc Oxide: Physical UV filter Pycnogenol: Extracted from French maritime pine bark for its antioxidant properties Centella Asiatica Extract: A skin-soothing botanical ingredient Tocopherol (Vitamin E) Ingredient Highlights Fragrance-Free Silicone-Free Alcohol-Free Paraben-Free","Dr. G","Sun Care","Dr. G, Sun Care",TRUE,Title,Default Title,DR.G-7529164341484,380,shopify,100,deny,manual,https://cdn.shopify.com/s/files/1/0515/4589/9157/products/1300_Green_Mild_Up_Sun_Plus_50ml_01_light-800x800.jpg?v=1655334149
dr-reju-all-dr-reju-all-advanced-retino-mela-serum-30ml,"Dr. Reju-All Advanced Retino-Mela Serum (30ml)","Experience the excellence of Dr. Reju-All with the Dr. Reju-All Advanced Retino-Mela Serum (30ml). This premium serums is formulated with high-quality Korean skincare ingredients to deeply nourish and revitalize your complexion. Designed for those seeking a luxurious and effective serums addition to their daily ritual.","Dr. Reju-All","Serums","Dr. Reju-All, Serums",TRUE,Title,Default Title,DR.REJU-ALL-9144693260524,450,shopify,100,deny,manual,https://cdn.shopify.com/s/files/1/0515/4589/9157/files/Dr._Reju-All_Advanced_Retino-Mela_Serum.png?v=1771612886
dr-reju-all-dr-reju-all-advanced-lc-ceramide-barrier-cream-50ml,"Dr. Reju-All Advanced LC-Ceramide Barrier Cream (50ml)","Dr. Reju-All Advanced LC-Ceramide Barrier Cream is uniquely formulated with advanced long-chain ceramides that authentically replicate your skin's protective structure. Unlike conventional formulas using inferior short-chain alternatives, this potent blend provides superior stability and extended support. Combined with niacinamide, panthenol, and soothing botanical extracts, it fortifies compromised barriers while locking in essential moisture. The silky, quick-absorbing texture glides effortlessly, leaving your complexion visibly plumper, smoother, and radiantly balanced.","Dr. Reju-All","Moisturizers","Dr. Reju-All, Moisturizers",TRUE,Title,Default Title,DR.REJU-ALL-9144693522668,550,shopify,100,deny,manual,https://cdn.shopify.com/s/files/1/0515/4589/9157/files/Dr.Reju-AllAdvancedLC-CeramideBarrierCream.png?v=1769547463
dr-reju-all-dr-reju-all-advanced-pdrn-rejuvenating-cream,"Dr. Reju-All Advanced PDRN Rejuvenating Cream","Experience the excellence of Dr. Reju-All with the Dr. Reju-All Advanced PDRN Rejuvenating Cream. This premium moisturizers is formulated with high-quality Korean skincare ingredients to deeply nourish and revitalize your complexion. Designed for those seeking a luxurious and effective moisturizers addition to their daily ritual.","Dr. Reju-All","Moisturizers","Dr. Reju-All, Moisturizers",TRUE,Title,Default Title,DR.REJU-ALL-9120818299116,550,shopify,100,deny,manual,https://cdn.shopify.com/s/files/1/0515/4589/9157/files/Dr._Reju-All_PDRN_Cream.png?v=1769204901
eqqualberry-eqqualberry-purple-rice-pack-cleanser-130g,"Eqqualberry Purple Rice Pack Cleanser (130g)","A mild foam cleanser and clay mask featuring botanicals for a deep cleanse Eqqualberry Purple Rice Pack Cleanser is a 2-in-1 product that works as both a water-based cleanser and a deep-cleansing clay mask. The innovative formula with Purple Rice Complex, six different clays, BHA, PHA and natural enzymes effectively removes impurities, excess sebum and dead skin cells. Enriched with rice extract, green tea, centella, tea tree, ceramides and hyaluronic acid to strengthen the skin's moisture barrier and provide nourishment. Use daily as a cleanser or leave on for 3-5 minutes as a mask for refined skin texture and clearer pores. Features Deeply cleanses pores and removes excess sebum Tightens the look of pores and smooths skin texture Hydrating, non-drying finish with soothing botanicals Natural enzymes and peeling agents refine the skin Balances oil production Skin Concerns Dullness Irritation Blackhead Clogged Pores Acne Skin Types Oily to Combination Skin Sensitive Skin Made In South Korea How to use As a cleanser: Take an appropriate amount, work into a lather and gently massage onto damp face. Then rinse off. As a wash-off mask: Apply a generous layer to dry skin, leave on for 3–5 minutes, then rinse off. Key Highlights Purple Rice Extract : B alances the skin’s sebum production, reducing oiliness, and also enhances the skin’s own collagen production. Kaolin &amp; Bentonite : Effectively draws out blackheads, sebum and impurities AHA, BHA, &amp; PHA : Gently exfoliates along with other enzymes. Tea Tree, Centella Asiatica, &amp; Houttuynia Cordata : Soothing and calming. Ingredient Highlights Mineral Oil-Free Paraben-Free Sulfate-Free Alcohol-Free Fragrance-Free","Eqqualberry","Cleansers","Eqqualberry, Cleansers",TRUE,Title,Default Title,EQQUALBERRY-9073049665772,350,shopify,100,deny,manual,https://cdn.shopify.com/s/files/1/0515/4589/9157/files/8809875456019-1-png_d8a9832c-0888-46fb-8beb-5912041d63a2.png?v=1765988660
eqqualberry-eqqualberry-purple-rice-cleansing-oil-200ml,"Eqqualberry Purple Rice Cleansing Oil (200ml)","A highly effective cleansing with a 24hr moisturizing effect Eqqualberry Purple Rice Cleansing Oil is a nourishing cleansing oil that effectively dissolves makeup and impurities without drying out the skin. It c ontains plant oils and rice extracts that cleanse pores, hydrate and support the skin's natural moisture and sebum balance. Upon contact with water, the oil transforms into a soft emulsion that leaves the skin clean, soft and fresh. With continued use, the skin will feel visibly smoother and look more even-toned, while the gentle exfoliating properties of purple rice work to improve skin clarity over time. Features Lightweight and non-comedogenic Melts makeup from the face and removes hardened sebum from pores Reduce the appearance of enlarged pores Rich in antioxidant, vitamins and rich ceramide Skin Concerns Uneven Skin Enlarged Pores Blackheads Irritation Clogged Pores Skin Types Oily to Combination Skin Sensitive Skin Made In South Korea How to use Apply an appropriate amount of oil on dry hands and gently massage the entire face, then rinse several times with lukewarm water Key Highlights Purple Rice Extract : B alances the skin’s sebum production, reducing oiliness, and also enhances the skin’s own collagen production. Anti Pore S Complex : H elps make enlarged pores less visible and improves skin elasticity, making it more resilient and even. Centella Asaitica : Soothing and anti-inflammatory effects for sensitive and irritated skin. Ingredient Highlights Mineral Oil-Free Paraben-Free Sulfate-Free Alcohol-Free Fragrance-Free Silicone-Free","Eqqualberry","Cleansers","Eqqualberry, Cleansers",TRUE,Title,Default Title,EQQUALBERRY-9073049469164,350,shopify,100,deny,manual,https://cdn.shopify.com/s/files/1/0515/4589/9157/files/cze_pl_EQQUALBERRY-Purple-Rice-Pore-Smoothing-Cleansing-Oil-Odlicovaci-olej-200-ml-25205_1.webp?v=1762526002
eqqualberry-eqqualberry-hyaltoin-flooding-serum-30ml,"Eqqualberry Hyaltoin Flooding Serum (30ml)","A toner with multi-layer hydration and cooling effect The Eqqualberry Hyaltoin Flooding Serum a premium Korean skincare treatment designed for sensitive, thirsty skin that needs more than just surface moisture. It uses an 11‑layer hyaluronic acid complex to deliver hydration deeply into the skin as well as glacier water (100,000 ppm) for an “instant cool‑down + deep hydration” effect. It also moisturizes using 5 ceramide types (NP, AP, AS, NS, EOP) to strengthen the skin barrier and lock in moisture. This unique formulation transforms dry, rough skin into skin that is refreshed, resilient and deeply nourished. Features Soothing actives used to support the skin’s natural barrier Provide a silky, non-greasy texture and lock in moisture Lightweight texture may work well under makeup or for layering Helps to protect cells under stress, supports hydration Skin Concerns Dryness &amp; Dullness Irritation Uneven Skin Rough Skin Pigmentation Skin Types All skin types Sensitive Skin Made In KOREA 🇰🇷 How to use Apply evenly to face and neck after cleansing and toning, then gently pat to absorb. Key Highlights Hyaluronic Acid Complex : Multi-layer hyaluronic acids and other humectants pull moisture into skin layers for deep hydration. Ceramides : Strengthen the skin's protective barrier, boost hyaluronic acid production and hydrates. Niacinamide : Brightens, evens skin tone, supports barrier. Ingredient Highlights Mineral Oil-Free Paraben-Free Sulfate-Free Alcohol-Free Silicone-Free","Eqqualberry","Serums","Eqqualberry, Serums",TRUE,Title,Default Title,EQQUALBERRY-9073078337772,450,shopify,100,deny,manual,https://cdn.shopify.com/s/files/1/0515/4589/9157/files/EQQUALBERRY__HYALTOIN_FLOODING_SERUM_30ml_2_PNG.png?v=1770912041
eqqualberry-eqqualberry-aloe-pdrn-calming-serum-30ml,"Eqqualberry Aloe PDRN Calming Serum (30ml)","A gentle calming serum formulated with 50,000ppm of naturally derived Aloe PDRN The Eqqualberry Aloe PDRN Calming Serum is a soothing, restorative formula that calms sensitive and irritated skin. Enriched with Aloe Vera extract and PDRN (Polydeoxyribonucleotide), it helps repair the skin barrier, reduce redness, and restore hydration for a balanced, healthy complexion. The lightweight texture absorbs quickly, leaving the skin soft, smooth, and refreshed. Perfect for sensitive, stressed, or post-treatment skin. Features Calms sensitivity, redness, and heat irritation. Restores balance, comfort, and a healthy glow without clogging pores Supports regeneration and recovery Hydrates with multiple hyaluronic acid forms Skin Concerns Dryness Dullness Redness &amp; Irritation Pigmentation Uneven Skin Skin Types All skin types Sensitive Skin Made In South Korea How to use Apply evenly to face after cleansing and toning, then gently pat to absorb. Key Highlights Aloe Vera Extract : D eeply moisturizes without clogging pores PDRN: H elps restore damaged skin for a smoother texture Ceramide : Strengthens, protects and reinforces your skin barrier. Hyaluronic Acid : Deeply hydrates and plumps. Ingredient Highlights Mineral Oil-Free Paraben-Free Sulfate-Free Alcohol-Free Fragrance-Free Silicone-Free","Eqqualberry","Serums","Eqqualberry, Serums",TRUE,Title,Default Title,EQQUALBERRY-9073048649964,450,shopify,100,deny,manual,https://cdn.shopify.com/s/files/1/0515/4589/9157/files/hxvo29dc9tfavkoemr56ewv7r5qg.webp?v=1763417490
eqqualberry-eqqualberry-nad-peptide-boosting-serum-30ml,"Eqqualberry NAD+ Peptide Boosting Serum (30ml)","A high-performance treatment that supports skin energy, elasticity, and firmness The Eqqualberry NAD+ Peptide Boosting Serum is a powerhouse formula that restores youthfulness and elasticity from within. Formulated with NAD⁺, known to boost cellular renewal, and a potent multi-peptide complex, this serum helps reduce fine lines and promotes smoother, youthful-looking skin. It is also enriched with vegan collagen and ceramides, to help restore the skin barrier and deeply hydrate without stickiness. Features Combat dullness and loss of firmness with 14 peptides Strengthens the skin’s defense against pollution and dryness Revitalizes skin and supports natural cell regeneration Helps correct dark spots and pigmentation Skin Concerns Dryness Dullness Anti-Aging Pigmentation Uneven Skin Skin Types All skin types Sensitive Skin Made In South Korea How to use Apply evenly to face after cleansing and toning, then gently pat to absorb. Key Highlights NAD+ (Nicotinamide Adenine Dinucleotide) : Boosts skin energy, resilience, and repair. Peptide Complex (Acetyl Hexapeptide-8, Palmitoyl Pentapeptide-4) : Reduces fine lines and supports collagen. Niacinamide (Vitamin B3) : Brightens dull skin and refines texture. Hyaluronic Acid : Deeply hydrates and plumps. Panthenol : Calms and soothes for balanced, healthy skin. Ingredient Highlights Mineral Oil-Free Paraben-Free Sulfate-Free Alcohol-Free Fragrance-Free Silicone-Free","Eqqualberry","Serums","Eqqualberry, Serums",TRUE,Title,Default Title,EQQUALBERRY-9073047077100,450,shopify,100,deny,manual,https://cdn.shopify.com/s/files/1/0515/4589/9157/files/Eqqualberry_NAD__Peptide_Boosting_Serum__30ml_-removebg-preview.png?v=1766176539
farmstay-farmstay-essential-foot-mask-1-pair,"FarmStay Essential Foot Mask (1 pair)","Experience the excellence of FarmStay with the FarmStay Essential Foot Mask (1 pair). This premium bath & body is formulated with high-quality Korean skincare ingredients to deeply nourish and revitalize your complexion. Designed for those seeking a luxurious and effective bath & body addition to their daily ritual.","FarmStay","Bath & Body","FarmStay, Bath & Body",TRUE,Title,Default Title,FARMSTAY-9102731149548,45,shopify,100,deny,manual,https://cdn.shopify.com/s/files/1/0515/4589/9157/files/Adobe_Express_-_file.png?v=1765987557
farmstay-farmstay-essential-foot-peeling-mask-1-pair,"FarmStay Essential Foot Peeling Mask (1 pair)","Experience the excellence of FarmStay with the FarmStay Essential Foot Peeling Mask (1 pair). This premium bath & body is formulated with high-quality Korean skincare ingredients to deeply nourish and revitalize your complexion. Designed for those seeking a luxurious and effective bath & body addition to their daily ritual.","FarmStay","Bath & Body","FarmStay, Bath & Body",TRUE,Title,Default Title,FARMSTAY-9102729806060,45,shopify,100,deny,manual,https://cdn.shopify.com/s/files/1/0515/4589/9157/files/farmstay-essential-foot-peeling-mask-1-pair-926518.png?v=1765988247
farmstay-farmstay-essential-hand-mask-1-pair,"FarmStay Essential Hand Mask (1 pair)","Experience the excellence of FarmStay with the FarmStay Essential Hand Mask (1 pair). This premium bath & body is formulated with high-quality Korean skincare ingredients to deeply nourish and revitalize your complexion. Designed for those seeking a luxurious and effective bath & body addition to their daily ritual.","FarmStay","Bath & Body","FarmStay, Bath & Body",TRUE,Title,Default Title,FARMSTAY-9102729085164,45,shopify,100,deny,manual,https://cdn.shopify.com/s/files/1/0515/4589/9157/files/597740__farmstay_essential_maska_do_dloni_1_szt_profile_1317335_WB_j.png?v=1765988366
fwee-fwee-pocket-eye-palette-66g,"fwee Pocket Eye Palette (6.6g)","Pocket-size eye palette featuring 4 coordinated shades and 1 glitter. fwee Pocket Eye Palette is a curated collection of four luxurious mattes and one dazzling glitter shade designed to take you from everyday elegance to bold statement looks. Each silky formula applies with a soft touch, delivering sheer, buildable color that works beautifully whether you're a makeup novice or a seasoned pro. This petite powerhouse fits perfectly in your pocket or bag, complete with an adorable keychain attachment that doubles as a stylish accessory. Whether you're refreshing your look mid-day, creating a polished everyday aesthetic, or experimenting with something more daring, this all-in-one palette delivers professional results in seconds. Features Four matte shades, one glitter shade Versatile shades for any type of makeup look Smooth and blendable sheer pigment Crease proof and non-chalky Adorable compact design that can be clipped to bag Skin Types Suitable for all skin types, including sensitive skin Made In South Korea How to use Lightly apply to desired areas using fingers, a puff, or a brush. Ingredient Highlights Paraben-Free Alcohol-Free Mineral Oil Free Sulfate-Free Cruelty-Free","fwee","Makeup","fwee, Makeup",TRUE,Title,Default Title,FWEE-9106765644012,550,shopify,100,deny,manual,https://cdn.shopify.com/s/files/1/0515/4589/9157/files/fweepocketeye.png?v=1767223051
fwee-fwee-pocket-cheek-palette-96g,"fwee Pocket Cheek Palette (9.6g)","Pocket-size blush palette that can be customized to your perfect shade fwee Pocket Cheek Palette is a game-changing blush that combines the best of all textures. Its innovative jelly-dough formula delivers cream-like blendability with powder-staying power and a soft matte finish that actually lasts. Choose from four beautifully coordinated shades that work seamlessly together, or use the first shade as a tone-changer to customize your perfect flush. Whether you're creating a natural everyday glow or experimenting with different combinations, this palette adapts to your vision. Plus, its adorable pocket-sized design clips effortlessly to your bag, making touch-ups on-the-go a breeze. Transform your blush routine with a product that's as practical as it is pretty. Features Bouncy, jelly-dough texture Four coordinated color combos Blend and layer shades to find your perfect flush Adorable compact that can be clipped to bag Skin Types Suitable for all skin types, including sensitive skin Made In South Korea How to use Lightly apply to desired areas using fingers, a puff, or a brush. Ingredient Highlights Paraben-Free Alcohol-Free Mineral Oil Free Sulfate-Free Cruelty-Free","fwee","Makeup","fwee, Makeup",TRUE,Title,Default Title,FWEE-9106765250796,550,shopify,100,deny,manual,https://cdn.shopify.com/s/files/1/0515/4589/9157/files/fwee_pocket_cheek.png?v=1767221297
fwee-fwee-lip-cheek-blurry-pudding-pot-5g,"fwee Lip & Cheek Blurry Pudding Pot (5g)  ","Viral Korean lip and cheek balm with a soft, blurred finish! fwee Lip &amp; Cheek Blurry Pudding Pot allows you to achieve an effortlessly airbrushed glow on your cheeks and lips with its soft, blurring formula that creates a natural, seamless flush. Its rich pigmentation lets you build your desired intensity, perfect for everything from subtle daily looks to soft glam styles. Featuring a unique, bouncy pudding texture, it combines the best of cream and powder blushes. Choose from an extensive selection of shades organized by base tones like nude, coral, pink, red, mauve, and rose to find your perfect match. Features Pigmented and blendable color Blurred, air-brushed finish Bouncy, soft pudding formula Skin Types All skin types Made In KOREA 🇰🇷 How to use Use finger or brush to apply small amount to lips or cheek Add another layer if needed Ingredient Highlights Paraben-Free Alcohol-Free Mineral Oil Free Sulfate-Free Cruelty-Free","fwee","Lip Care","fwee, Lip Care",TRUE,Title,Default Title,FWEE-9024574587116,398,shopify,100,deny,manual,https://cdn.shopify.com/s/files/1/0515/4589/9157/files/Fwee_Blurry_Pudding_Pot_1.png?v=1759950430
fwee-fwee-lip-cheek-glowy-pudding-pot-5g,"fwee Lip & Cheek Glowy Pudding Pot (5g)","Viral Korean lip and cheek balm with a glowy, dewy finish The fwee Lip &amp; Cheek Glowy Pudding Pot is a versatile balm that enhances lips and cheeks with a radiant, dewy shine. Its unique jelly-like texture glides on effortlessly, providing a fresh, bouncy glow without any stickiness. Designed for seamless lip and cheek coordination, this lightweight formula delivers a natural, plump-looking finish that feels soft and hydrating all day. Experience a vibrant, healthy flush that sets you apart with its luminous, high-shine effect. Features Buildable and blendable color Glowy, dewy finish without stickiness Bouncy, jelly texture Skin Types All skin types Made In KOREA 🇰🇷 How to use Use finger or brush to apply small amount to lips or cheek Add another layer if needed Ingredient Highlights Paraben-Free Mineral Oil Free Sulfate-Free Cruelty-Free","fwee","Lip Care","fwee, Lip Care",TRUE,Title,Default Title,FWEE-9024578814188,455,shopify,100,deny,manual,https://cdn.shopify.com/s/files/1/0515/4589/9157/files/Fwee_Glowy_Pudding_Pot_1.png?v=1760471508
fwee-fwee-pink-obsession-stay-fit-lip-tint-38g,"fwee Pink Obsession Stay-Fit Lip Tint (3.8g)","Longwearing lip tint in a variety of pink shades for your perfect color. fwee Pink Obsession Stay-Fit Lip Tint is available in a variety of pink shades to help you find your perfect color. Choose between two finishes: a soft, semi-matte blur for a natural look or a semi-glow for a juicy, vibrant flush. This lightweight lip tint delivers long-lasting, smudge-proof color that stays vivid all day. Enriched with chamomile flower extract and hyaluronic acid, it keeps your lips hydrated, soothed, and comfortable from morning to night. Features Long-lasting, non-drying lip tint Hydrates, soothes lips all day Large variety of pink shades for all skin tones Available in semi-matte or semi-glowy finish Skin Types All skin types Made In KOREA 🇰🇷 How to use Prep your lips by smoothing out any flakes. Apply a thin layer of the tint. Gently blot with tissue to remove excess. Repeat steps 2 and 3. This method helps build up color while locking in stain—perfect for all-day color without touch-ups. Ingredient Highlights Paraben-Free Alcohol-Free Mineral Oil Free Sulfate-Free Cruelty-Free","fwee","Lip Care","fwee, Lip Care",TRUE,Title,Default Title,FWEE-9024583500012,379,shopify,100,deny,manual,https://cdn.shopify.com/s/files/1/0515/4589/9157/files/FweePinkObsessionStay-FitLipTint.png?v=1760555424
fwee-fwee-3d-voluming-gloss-53g,"fwee 3D Voluming Gloss (5.3g)","A lip-gloss that is infused with botanical oils and gives an instant volumizing glow fwee 3D Voluming Gloss comes in 30% ( for a subtle, pure charm on quieter days) and 70% ( for a bold, eye-catching effect) variants. They are high-shine, non-sticky glosses designed to deliver a natural, plump look. Ideal for those seeking a subtle yet radiant finish. This gloss combines innovative gel technology with nourishing for a comfortable, long-lasting wear. Shades: A01 Vanila natural pink nude with 30% intensity; A02 Sorbet apricot-coral with intensity 30%; A03 Pink Candy berry pink with an intensity of 30%; A04 Aengdu juicy red with 30% intensity; A05 Currant is a muted purple with an intensity of 30%; A06 Scotch soft brown-pink with intensity 30%; B01 Vanila natural pink nude with 70% intensity; B02 Sorbet apricot-coral with intensity 70%; B04 Aengdu is a juicy red with an intensity of 70%; B05 Currant is a muted purple with an intensity of 70%; B06 Scotch soft brown-pink with intensity of 70%; B07 Peach coral-peach with intensity of 70%; B08 Rozy soft pink with 70% intensity; B09 Lychee is a rich pink with 70% intensity; B10 Yogurt pale pink with 70% intensity; B11 Taro is a muted plum with an intensity of 70%. Features Provides a sheer, translucent color for a fresh, everyday look. Forms a moisture-locking film that enhances shine and longevity Ensures a smooth application without any tackiness Available in a range of colors to suit various skin tones and preferences Skin Types All skin types Made In South Korea How to use Prep Lips: Ensure lips are clean and dry before application. Apply Gloss: Use the applicator to evenly distribute the gloss across your lips. Layer as Desired: For a more intense look, apply additional layers. Touch Up: Reapply throughout the day to maintain shine and hydration Ingredients Key Ingredients Jojoba, Camellia, Argan, Apricot, Olive, Evening Primrose &amp; Almond Oil Ingredient Highlights Paraben-Free Alcohol-Free Silicone-Free Sulfate-Free Cruelty-Free Vegan","fwee","Lip Care","fwee, Lip Care",TRUE,Title,Default Title,FWEE-9024585269484,341,shopify,100,deny,manual,https://cdn.shopify.com/s/files/1/0515/4589/9157/files/FWEE-3d-voluming-gloss-30-vanillah-1000x1000.webp?v=1760625652
fwee-fwee-3d-changing-gloss-53g,"fwee 3D Changing Gloss (5.3g)","A unique color filtering lip gloss that provides a glazed lip effect fwee 3D Changing Gloss is rich in emollients and oils and helps change the tone of your tint and lipstick, making it cooler toned, or warm and vibrant. You can adjust the intensity of the color by applying multiple coats. It also helps create a luminous and voluminous lip, effectively covering up any lip wrinkles to create a flawless effect. Shades: 00 Clear 01 Scene Black 02 Scene Lavender 03 Scene Yellow Features Adds volume to your lips for maximum plumpness while smoothing out wrinkles Thick and dense polymer gel forms a clear coat for the last-longer colors Hydrating &amp; ultra-shine lip gloss that is not sticky or heavy on the lips Skin Types All skin types Made In South Korea How to use Apply an appropriate amount on lips using the including applicator. Key Ingredients Volufilin : An active ingredient derived from the root of the sagebrush. It stimulates collagen synthesis and lipid accumulation, thereby increasing skin volume and density. It smoothes fine wrinkles and creases, improving firmness and elasticity. Apricot Kernel Oil : Accelerates regeneration processes, moisturizes, softens and tones, and has a rejuvenating and anti-inflammatory effect. Tocopherol : Helps smooth out wrinkles, tones, accelerates healing, eliminates flaking, and normalizes lipid balance. Sweet Almond Oil : Nourishes, prevents premature aging, saturates with vitamins and fatty acids, conditions, and is perfectly absorbed. Jojoba Oil : Maintains skin elasticity and firmness. It's rich in vitamins A and E, preventing dryness, flaking, and irritation. Ingredient Highlights Paraben-Free Alcohol-Free Mineral Oil Free Sulfate-Free Silicone-Free Cruelty-Free","fwee","Lip Care","fwee, Lip Care",TRUE,Title,Default Title,FWEE-9024599392492,341,shopify,100,deny,manual,https://cdn.shopify.com/s/files/1/0515/4589/9157/files/FWEE-3d-changing-gloss-00-clear-1000x1000.webp?v=1760629387
fwee-fwee-glitz-stone-highlighter-46-6g,"fwee Glitz Stone Highlighter (4.6-6g)","Highlighter inspired by birthstones to c reate a gemstone-like effect on the skin fwee Glitz Stone Highlighter gives the skin an elegant, multi-dimensional shimmer that beautifully reflects light regardless of the angle. Thanks to micropearls and light-reflecting pigments, it visually smooths the skin and highlights cheekbones. Suitable for all skin types, without emphasizing imperfections or pores. You can build the glow intensity from subtle to dramatic. HL01 Fever Garnet: A cool red beam with a clear sheen that gives off sensual vitality, cool tone recommendation HL02 Heroine Purple: A delicate amethyst-colored lavender beam as if covered with a veil, cool tone recommendation HL03 Marine Baby: A blue beam with a clear, mysterious aquatic sheen, cool tone recommendation HL04 Queen Diamond: A wearable white beam with a transparent base made of finely ground diamonds and a hint of blue glitter, cool tone recommendation HL05 Lucky Clover: A charming greenish glitter beam with hidden clover glitters in a bright lemon base, warm tone recommendation HL06 Bliss Shell: An elegant skin tone nude beam with a pearly sheen that you can apply every day, neutral tone recommendation HL07 Ruby Reborn: A shimmery cool pink beam with a subtle ruby glow, cool tone recommendation HL08 Wish Moon: A mysterious peach jelly beam that switches between peach and pink depending on the angle, warm tone recommendation HL09 Love Quartz: A neutral rose beam that sparkles like a youthful rose and a gorgeous gold, neutral tone recommendation HL10 Opal Blooming: A soft pink beam with a soft pink glow of opal on a white base, cool tone recommendation HL11 Royal Topaz: A satin beige beam that stylishly captures the luxurious glow of topaz, warm tone recommendation HL12 Merry Aurora: A sparkle beam that sparkles like the aurora in the night sky with blue, purple, and pink, cool tone recommendation. Features Gives the skin a radiant glow and a ""glow from within"" effect Silky formula blends easily and streak-free Skin Types All skin types Made In South Korea How to use Apply the product with a brush to the tops of your cheekbones, the bridge of your nose, your cupid's bow, or under your brow bone. For a more intense effect, use a damp applicator or pat the product in with your fingertips. It can also be used as an eye shadow to add shine to your eyes. Ingredient Highlights Paraben-Free Alcohol-Free Mineral Oil Free Sulfate-Free Silicone-Free Fragrance-Free Cruelty-Free","fwee","Makeup","fwee, Makeup",TRUE,Title,Default Title,FWEE-9024601653484,436,shopify,100,deny,manual,https://cdn.shopify.com/s/files/1/0515/4589/9157/files/194bb944-b96c-4761-8d8d-23826f603a10.webp?v=1760657971
fwee-fwee-3d-voluming-tint-38g,"fwee 3D Voluming Tint (3.8g)","Glossy lip oil with a lasting colour tint and dewy glow. fwee 3D Voluming Tint is the perfect fusion of vibrant lip stain and glossy shine. This lightweight, non-sticky formula delivers hydrating color that looks naturally plump and radiant all day. Enjoy fresh, true-to-tone color that won’t darken or fade, even after reapplying. Customize your look effortlessly—wear a sheer glow or layer for rich, juicy color without any heaviness. Enriched with plant-based oils and collagen, it boosts moisture and smoothness, helping your lips stay plump and healthy. Elevate your lip game with lasting hydration and brilliance. Features Hydrating non-sticky, lightweight finish Features 4 nourishing oils Long-lasting tint with fresh, dewy glow Can be used alone or layered with other lip products Skin Types All skin types Made In South Korea How to use Pump product up and down 3-4 times to mix content evenly and enhance vivid color payoff. Apply appropriate amount to lips Ingredient Highlights Paraben-Free Mineral Oil Free Sulfate-Free Cruelty-Free","fwee","Lip Care","fwee, Lip Care",TRUE,Title,Default Title,FWEE-9024607158508,341,shopify,100,deny,manual,https://cdn.shopify.com/s/files/1/0515/4589/9157/files/Fwee3DTint.png?v=1760755971
haruharu-wonder-haruharu-wonder-black-rice-5-ceramide-barrier-moisturizing-cream-50ml,"Haruharu Wonder Black Rice 5 Ceramide Barrier Moisturizing Cream (50ml)","5-ceramide capsule cream is bursting with barrier-boosting Haruharu Wonder Black Rice 5 Ceramide Barrier Moisturizing Cream is engineered with innovative capsule technology that releases ceramides precisely where your skin needs them most. Experience immediate hydration with a silky, bouncy finish that leaves your complexion luminous and supple. The potent blend of allantoin and vitamin E soothes irritation while strengthening your skin's natural defenses—ideal for sensitive, reactive skin types backed by clinical validation. Within just two weeks of consistent application, witness clinically proven transformations: a remarkable 23% increase in barrier resilience and 37% boost in moisture content. Housed in sustainable glass packaging that's both recyclable and reusable, this cream delivers luxury skincare that respects your skin and the planet. Features Features ceramide-filled capsules Deep moisture with bouncy finish Glowing and hydrated skin Sustainable packaging Skin Concerns Redness &amp; Irritation Dehydrated skin Skin Types All skin types Sensitive Skin Made In KOREA 🇰🇷 How to use After toner and essence/serum, apply an appropriate amount to face and neck Gently massage the cream into the skin to burst the capsules and help the cream fully absorb Ingredients Key Highlights 5 Ceramide Complex Capsules (NP, NS, AP, EOS, EOP): Skin barrier care / Nourishes / Moisturizes/ Soothes Fermented Black Rice Extract (Patent: 10-2239470): Antioxidant / Moisturizes / Nourishes Upcycled Black Rice Jigemi (Lees) Extract: Antioxidant / Soothes / Evens skin tone Tocopherol (Vitamin E): Antioxidant / Moisturizes / Skin barrier protection Allantoin: Soothes/ Protects / Moisturizes Ingredient Highlights Vegan Mineral Oil-Free Paraben-Free Sulfate-Free Alcohol-Free Silicone-Free Fragrance-Free","Haruharu Wonder","Moisturizers","Haruharu Wonder, Moisturizers",TRUE,Title,Default Title,HARUHARUWONDER-9075169460460,550,shopify,100,deny,manual,https://cdn.shopify.com/s/files/1/0515/4589/9157/files/haruharu-wonder-black-rice-5-ceramide-barrier-moisturizing-cream-1000x1000.webp?v=1764717022
haruharu-wonder-haruharu-wonder-black-rice-night-knight-retinol-serum-20ml,"Haruharu Wonder Black Rice Night Knight Retinol Serum (20ml)","A beginner friendly retinol serum to target pores and fine lines. Haruharu Wonder Black Rice Night Knight Retinol Serum features a dual-action formula that pairs microencapsulated retinol with bakuchiol—a plant-derived alternative—this serum delivers visible anti-aging benefits without harsh irritation or the typical adjustment period. Ceramides and sunflower seed extract work synergistically to lock in moisture while the serum targets fine lines and refines pores for a smoother, more refined complexion. The innovative airless pump technology preserves ingredient potency from first use to last, ensuring consistent, transformative results with every application. Features Gentle, beginner-friendly retinol serum Milky, lightweight texture Refines pores and fine lines Packaged with airless pump to preserve potency Skin Concerns Anti-aging Dehydrated skin Enlarged pores Skin Types All skin types Sensitive Skin Made In KOREA 🇰🇷 How to use At night, massage a pea-sized amount onto cleansed and toned skin, avoiding the eyes and mouth areas. (For extra sensitive skin, apply after a moisturizing serum and follow with a moisturizing cream **Usage frequency should be gradually increased from 1-2 times per week to daily** Key Highlights Retinol (0.08%) - Promotes collagen creation, Improves wrinkles and skin texture, firms Bakuchiol (Patent: US8859021B2) - Slows aging, Improves wrinkles and skin elasticity Adenosine - Improves wrinkles Ceramide NP - Skin barrier care, Nourishes, Moisturizes, Soothes Sunflower Seed Oil - Soothes, Nourishes, Moisturizes Fermented Oryza Sativa (Rice) Extract - Antioxidant, Moisturizes, Nourishes Ingredient Highlights Vegan Mineral Oil-Free Paraben-Free Sulfate-Free Alcohol-Free Silicone-Free Fragrance-Free","Haruharu Wonder","Serums","Haruharu Wonder, Serums",TRUE,Title,Default Title,HARUHARUWONDER-9075167822060,450,shopify,100,deny,manual,https://cdn.shopify.com/s/files/1/0515/4589/9157/files/HaruharuBackRiceNightKnightRetinolSerum.png?v=1763650089
heimish-heimish-bulgarian-rose-water-hydrogel-eye-patch-30-pairs,"HEIMISH Bulgarian Rose Water Hydrogel Eye Patch (30 Pairs)","A moisturizing rose-scented eye patch to nourish and revitalize tired under eyes. Heimish Bulgarian Rose Water Hydrogel Eye Patch is a hypoallergenic gel patch enriched in Bulgarian Rose Water to hydrate, brighten and reduce signs of aging! It is the perfect way to finish off your skincare routine for those who have stressed and tired eyes or other targeted areas (forehead, smile lines, chin, etc.) The hydrogel eco-friendly patches can also easily dissolve in hot water to be used as an essence on the face! Features Improves fine lines and wrinkles Brightens dull areas and dark circles Enhances skin elasticity and moisture barrier Skin Concerns Dehydrated skin Fine lines and wrinkles Dullness Skin Types All skin types Suitable for sensitive skin Made In South Korea How to use After cleansing, place the eye patch on the desired facial area using the enclosed spatula. Remove after 20-30 mins. Key Highlights Damask Rose Water Niacinamide Adenoside Ingredient Highlights Paraben-Free Alcohol-Free Sulfate-Free Silicone-Free Mineral oil free","Heimish","Eye Care","Heimish, Eye Care",TRUE,Title,Default Title,HEIMISH-7942474203372,361,shopify,100,deny,manual,https://cdn.shopify.com/s/files/1/0515/4589/9157/files/HEIMISH_Bulgarian_Rose_Water_Hydrogel_Eye_Patch__30_Pairs_-removebg-preview.png?v=1766244317
honey-honey-pure-moist-foaming-body-wash-500ml-440ml,"&honey Pure Moist Foaming Body Wash (500ml + 440ml)","Experience the excellence of &honey with the &honey Pure Moist Foaming Body Wash (500ml + 440ml). This premium bath & body is formulated with high-quality Korean skincare ingredients to deeply nourish and revitalize your complexion. Designed for those seeking a luxurious and effective bath & body addition to their daily ritual.","&honey","Bath & Body","&honey, Bath & Body",TRUE,Title,Default Title,&HONEY-9134336508140,650,shopify,100,deny,manual,https://cdn.shopify.com/s/files/1/0515/4589/9157/files/vicrea-honey-body-wash-bubble-pure.png?v=1769113456
honey-honey-herb-smooth-treatment-440ml,"&honey Herb Smooth Treatment (440ml)","A treatment enriched with organic honey , botanical herbs , and other natural extracts The &amp;honey Herb Smooth Treatment delivers deep hydration and moisture, transforming flat and oily hair with a luxurious blend of natural . This sulfate-free and paraben-free formula features organic Moroccan oil and aloe leaf powder to nourish and revitalize each strand. It also effectively removes impurities, excess oil, and buildup without stripping your hair’s natural moisture. Features Contains deep hydrating &amp; replenishing ingredients Smooths hair while giving an airy voluminous finish Controls sebum, improves scalp health &amp; prevents hair thinning Balances moisture and strengthens hair for reduced breakage and damage Hair Concern Oily Hair Oily Scalp Hair Loss Flat Hair Made In Japan 🇯🇵 How to use After shampooing, lightly drain off. Please take moderate amount of the hair treatment in the palm of your hand and stretch it. Apply the hair treatment all over your hair. Rinse the hair treatment afterwards. Ingredients Key Ingredients Aloe Vera, Chia Seed Oil, Squalene &amp; Collagen : Hydrating &amp; replenishing ingredients Lavender, Rosemary, &amp; Chamomile Extracts : E nhances hair strength and provides natural antibacterial and anti-inflammatory benefits. Ingredient Highlights Sulfate-Free Paraben-Free Mineral Oil-Free","&honey","Hair Care","&honey, Hair Care",TRUE,Title,Default Title,&HONEY-9083751334124,493,shopify,100,deny,manual,https://cdn.shopify.com/s/files/1/0515/4589/9157/files/honey_Herb_Smooth_Treatment_440ml.png?v=1772982084
honey-honey-herb-smooth-shampoo-440ml,"&honey Herb Smooth Shampoo (440ml)","A balancing organic herbal shampoo for oily or flat hair The &amp;honey Herb Smooth Shampoo is made from 90% natural herb formula, including rosemary, lavender, chamomile and other botanical extracts to help treat greasy hair and scalp while delivering an airy, With unique lock-in-moisture technology, this shampoo increases your hair’s moisture content by 14%, leaving strands softer, smoother, and more hydrated. Scented with fragrance of lily of the valley and ideal for those wanting moisture, replenishment and well-conditioned hair. Features Highly concentrated rosemary oil Contains deep hydrating &amp; replenishing Smooths hair while giving an airy voluminous finish Controls sebum, improves scalp health &amp; prevents hair thinning Hair Concern Oily Hair Oily Scalp Hair Loss Flat Hair Made In Japan 🇯🇵 How to use After thoroughly wetting your hair and scalp, please take moderate amount of the shampoo and apply it to your hair. Gently massage your hair and scalp with the foam, then please rinse the shampoo thoroughly. Ingredients Key Ingredients Aloe Vera, Chia Seed Oil, Squalene &amp; Collagen : Hydrating &amp; replenishing ingredients Lavender, Rosemary, &amp; Chamomile Extracts : E nhances hair strength and provides natural antibacterial and anti-inflammatory benefits. Ingredient Highlights Sulfate-Free Paraben-Free Mineral Oil-Free Alcohol-Free Silicon-Free","&honey","Hair Care","&honey, Hair Care",TRUE,Title,Default Title,&HONEY-9083751137516,493,shopify,100,deny,manual,https://cdn.shopify.com/s/files/1/0515/4589/9157/files/honey_Herb_Smooth_Shampoo_440ml.png?v=1772981873
im-from-im-from-honey-mask-120g,"I'M FROM Honey Mask (120g)","A premium honey wash-off mask that is intensely moisturizing and nourishing. I'M FROM Honey Mask is a creamy, wash-off mask featuring 38.7% high quality honey from Mountain Jiri, South Korea. Honey is known to be anti-inflammatory, moisturizing, exfoliating, soothing and can improve elasticity. Enriched with propolis, bee venom, macadamia nut oils, jojoba seed, hazelnut and sunflower seed oil, this premium mask works to deeply hydrate and nourish skin, minimize pores, and reduce the appearance of fine lines and wrinkles. Leave the mask on for 10 mins or up to one hour to absorb all the goodness and reveal smooth skin with a glowing complexion! Features 38.7% Jirisan honey Soothes irritated skin Deeply moisturizes and nourishes skin Revitalize dull skin Gentle exfoliation Minimizes the appearance of pores, fine lines, and wrinkles Skin Concerns Dullness Large pores Redness and irritation Fine lines and wrinkles Skin Types All skin types Suitable for sensitive skin and acne prone skin Made In South Korea How to use After cleansing, apply an appropriate amount over the face. Let mask sit for 10mins or up to an hour. Remove with spatula and rinse with water. Ingredient Highlights Sulfate-F ree Mineral Oi l Free Cruelty-Free Silicone-Free Alcohol-Free Paraben-Free Fragrance-Free","I'M FROM","Masks","I'M FROM, Masks",TRUE,Title,Default Title,I-7933143810284,45,shopify,100,deny,manual,https://cdn.shopify.com/s/files/1/0515/4589/9157/files/I_m_From_Honey_Mask.png?v=1764949677
im-from-im-from-mugwort-essence-150ml,"I'M FROM Mugwort Essence (150ml)","A detoxifying, purifying, and soothing essence for irritated skin. I'M FROM Mugwort Essence is meticulously crafted from hand-picked mugworts cultivated in the pristine fields of Ganghwa County, South Korea. Bursting with a potent blend of vitamins, minerals, antioxidants, and tannins, mugwort is a powerhouse ingredient renowned for its detoxifying, calming, refining, and purifying properties. This essence is a savior for irritated or acne-prone skin, offering soothing relief while promoting healing. Features Mugwort extract from Ganghwa County Soothes and relieves troubled skin Calming and detoxifying Skin Concerns Acne Redness and irritation Skin Types Normal to oily skin Suitable for sensitive skin and acne prone skin Made In South Korea How to use After applying toner, take a moderate amount and apply to the entire face in a tapping motion. For better soothing and moisturizing effects, soak cotton pads with the product and place onto your face. Leave for 5 minutes and remove the cotton pads. Ingredient Highlights Vegan Sulfate-F ree Mineral Oi l Free Cruelty-Free Silicone-Free Alcohol-Free Paraben-Free Fragrance-Free","I'M FROM","Serums","I'M FROM, Serums",TRUE,Title,Default Title,I-9094673432812,450,shopify,100,deny,manual,https://cdn.shopify.com/s/files/1/0515/4589/9157/files/I_E2_80_99m_from__MUGWORT_ESSENCE_150ml_2.png?v=1764717646
illiyoon-illiyoon-ultra-repair-intensive-care-cream-200ml,"ILLIYOON Ultra Repair Intensive Care Cream (200ml)","Experience the excellence of ILLIYOON with the ILLIYOON Ultra Repair Intensive Care Cream (200ml). This premium bath & body is formulated with high-quality Korean skincare ingredients to deeply nourish and revitalize your complexion. Designed for those seeking a luxurious and effective bath & body addition to their daily ritual.","ILLIYOON","Bath & Body","ILLIYOON, Bath & Body",TRUE,Title,Default Title,ILLIYOON-9098311794924,550,shopify,100,deny,manual,https://cdn.shopify.com/s/files/1/0515/4589/9157/files/ILLIYOONUltraRepairIntensiveCareCream200ml.png?v=1766438786
illiyoon-illiyoon-ultra-repair-lotion-350ml,"ILLIYOON Ultra Repair Lotion (350ml)","Experience the excellence of ILLIYOON with the ILLIYOON Ultra Repair Lotion (350ml). This premium bath & body is formulated with high-quality Korean skincare ingredients to deeply nourish and revitalize your complexion. Designed for those seeking a luxurious and effective bath & body addition to their daily ritual.","ILLIYOON","Bath & Body","ILLIYOON, Bath & Body",TRUE,Title,Default Title,ILLIYOON-9098311172332,551,shopify,100,deny,manual,https://cdn.shopify.com/s/files/1/0515/4589/9157/files/1_f3426ca9-c406-4f57-bde6-22794989f292.png?v=1766438002
ilso-ilso-natural-mild-clear-nose-patch-5-pcs,"ILSO Natural Mild Clear Nose Patch (5 PCs)","A two-step nose pack that makes your blackheads disappear. ILSO Natural Mild Clear Nose Pack is a 2-step blackhead removal pack that gently melts and removes skin impurities from the skin with no pain or skin stripping. B oth fabrics of Step 1 and 2 are made from natural materials. Step 1 sheet (bio-cellulose) absorbs flaky skin and eliminates blackheads, while Step 2 sheet (pure cotton) focuses on moisturizing, soothing, and re-balancing the skin after the pores have been cleared. Exfoliating and moisturizing include D-Panthenol (deep moisture) and Fruit Complex (dissolves and removes dead skin cells). Features 2-step exfoliating and moisturizing nose pack Eliminates blackheads and impurities from pores Hypoallergenic Soothing pore care Capacity Step1: 3g x 5 Step2: 4g x 5 Cotton Swabs (for free): 10 pieces Skin Concerns Oil Control &amp; Clogged Pores Skin Types Suitable for all skin types, including sensitive skin Made In South Korea How to use After washing your face, apply STEP 1 to blackheads and sebum-heavy areas. After 10-15 minutes, remove the mask paper and gently pat the blackheads and sebum off with a cotton pad. TIP: Use the Q-tip or the ILSO Deep Clean Master to gently rub and remove impurities. Apply the STEP 2 patch, peel it off after 15-20 minutes, and pat the remaining essence on the skin until absorbed. Ingredients Ingredient Highlights Alcohol-Free Mineral Oil Free Paraben-Free Sulfate-Free Silicone-Free","ILSO","Exfoliants","ILSO, Exfoliants",TRUE,Title,Default Title,ILSO-9144532730092,418,shopify,100,deny,manual,https://cdn.shopify.com/s/files/1/0515/4589/9157/files/614bRYiheYL.png?v=1769810349
ilso-ilso-super-melting-sebum-cleansing-oil-200ml,"ILSO Super Melting Sebum Cleansing Oil (200ml)","A gentle yet effective and moisturizing cleansing oil. ILSO Natural Mild Cleansing Oil is an effective cleansing oil formulated with key like Anti Sebum P (patented sebum ingredient), sesame oil, and jojoba oil. It helps to remove makeup, impurities, sebum, and dead skin in just one application. It emulsifies easily and washes off for a refreshing finish without oily residue. Features Removes makeup, impurities, sebum, and dead skin cells Emulsifies in 1 second Washes off without oily residue Controls excess sebum and soothes the skin Skin Concerns Oil Control &amp; Clogged Pores Rough Skin Skin Types Suitable for all skin types, including sensitive skin Made In South Korea How to use Apply an appropriate amount of oil and spread over face. Massage product on your face to melt your makeup. Emulsify with lukewarm water for 30 seconds. Rinse thoroughly with lukewarm water. TIP: Massage the cleansing oil with the Dual Clean Brush for extra pore care! TIP: For blackhead removal, apply oil to problem areas of the face, massage on for 1 minute or use the Dual Clean Brush to massage the problem area 5-10 times. Rinse thoroughly. Ingredients Key Ingredients Anti Sebum P: Patented sebum ingredient Sesame Oil: Rich in unsaturated fatty acids, which helps to make skin softer LHA : Gentle exfoliating ingredient that manages pores and blackheads Jojoba Oil and Tamanu Oil: Sebum control and soothing Ingredient Highlights Alcohol-Free Paraben-Free Sulfate-Free Silicone-Free","ILSO","Cleansers","ILSO, Cleansers",TRUE,Title,Default Title,ILSO-9155976298732,350,shopify,100,deny,manual,https://cdn.shopify.com/s/files/1/0515/4589/9157/files/d14bc3e4-e1a1-4629-8596-c2c91935fd1a.png?v=1771012683
ilso-ilso-no-problem-spot-patch-72-pcs,"ILSO No Problem Spot Patch (72 PCs)","Experience the excellence of ILSO with the ILSO No Problem Spot Patch (72 PCs). This premium moisturizers is formulated with high-quality Korean skincare ingredients to deeply nourish and revitalize your complexion. Designed for those seeking a luxurious and effective moisturizers addition to their daily ritual.","ILSO","Moisturizers","ILSO, Moisturizers",TRUE,Title,Default Title,ILSO-9155976528108,285,shopify,100,deny,manual,https://cdn.shopify.com/s/files/1/0515/4589/9157/files/ilso_No_problem_Spot_Patch.png?v=1771615286
ilso-ilso-no-problem-spot-softener-13-saving-cotton-pad-150g-40pcs,"ILSO No Problem Spot Softener + 1/3 Saving Cotton Pad (150g + 40pcs)","Experience the excellence of ILSO with the ILSO No Problem Spot Softener + 1/3 Saving Cotton Pad (150g + 40pcs). This premium moisturizers is formulated with high-quality Korean skincare ingredients to deeply nourish and revitalize your complexion. Designed for those seeking a luxurious and effective moisturizers addition to their daily ritual.","ILSO","Moisturizers","ILSO, Moisturizers",TRUE,Title,Default Title,ILSO-9155977740524,550,shopify,100,deny,manual,https://cdn.shopify.com/s/files/1/0515/4589/9157/files/283ed3cf8827b6cb17a258c6236b5e5a_750x750_6bed5fc0-f9ab-4ce5-ab8d-b3a099862439.png?v=1771014133
ilso-ilso-clean-up-wash-off-mud-cream-100g,"ILSO Clean Up Wash Off Mud Cream (100g)","A purifying mud mask that soothes and moisturizes for smooth skin. ILSO Clean Mud Cream is a wash-off mud cream mask with a soft whipped cream-like texture that does not dry out even after 15 minutes, leaving the skin feeling moisturized and smooth. It contains 250,000ppm of kaolin and Amazon White Clay to absorb sebum and impurities from the pores.Key earth-derived that soothe the skin, such as Opuntia Ficus-Indica stem extract, Opuntia Coccinellifera fruit extract, Adansonia Digitata seed extract, Crithmum Maritimum Callus Culture Filtrate Extract, and centella asiatica extract, provide an excellent soothing effect. Features Mud mask formulated with Amazonian white clay &amp; 250,000ppm of kaolin Whipped cream-like texture Does not dry out the skin Soothing &amp; Moisturizing Skin Concerns Oil Control &amp; Clogged Pores Rough Skin Skin Types Suitable for all skin types, including sensitive skin Made In South Korea How to use Step 1: Prepare your skin Wash your face with a gentle cleanser and pat it dry. For optimal results, steam your face for 30 seconds with a warm towel or shower steam. This opens your pores and allows the mud to penetrate deeper. Step 2: Apply the magic Apply a thin, even layer of ILSO Clean Mud Cream to your entire face, avoiding the delicate eye and mouth areas. Adjust the application time based on your skin type: 7-10 minutes: Recommended for sensitive or dry skin. 12-15 minutes: Ideal for combination or oily skin. Step 3: Rinse and reveal Thoroughly rinse the mud off your face with warm water, gently rolling it in circular motions. For an extra boost, mix ILSO Clean Mud Cream with your regular cleanser in a 1:1 ratio. This provides a deeper clean and helps refine your skin texture. Frequency: Use 2-3 times per week for optimal results For sensitive or dry skin, use 1 time per week Ingredients Key Ingredients Amazon White Clay: This powerful ingredient, revered by the Amazon natives for its purifying properties, effectively absorbs impurities and dead skin cells, leaving your skin smooth and balanced. Kaolin: This natural mineral clay further enhances the cleansing process, absorbing excess oil and tightening pores for a refined appearance. Soothing &amp; Moisturizing Trio (Opuntia Ficus-Indica, Crithmum Maritimum, and Centella Asiatica) : These three botanical extracts work together to calm and soothe the skin, providing a cooling sensation and reducing irritation. Sodium Hyaluronate and Ceramide NP : These powerhouses of hydration lock in moisture, leaving your skin feeling soft, supple, and comfortable even after cleansing. Phoenix Dactylifera fruit extra, Ficus Carica, and Portulaca Oleracea: These botanical extracts provide additional hydration and nourishment, leaving your skin plump and radiant. Ingredient Highlights Alcohol-Free Fragrance-Free Oil-Free Paraben-Free Sulfate-Free Silicone-Free","ILSO","Masks","ILSO, Masks",TRUE,Title,Default Title,ILSO-9155975938284,474,shopify,100,deny,manual,https://cdn.shopify.com/s/files/1/0515/4589/9157/files/XXL_p0202421425.png?v=1770992951
ipsa-ipsa-the-time-reset-aqua-200ml,"IPSA The Time Reset Aqua (200ml)","Cosme Award winning toner in 2019 and 2020 The Time Reset Aqua is a long time IPSA best seller and contains their original ingredient: Aqua Presenter III . Aqua presenter III uses three moisturizing effects to ensure long-lasting hydration and aids the absorption of other skincare products. First, its 1,000 trillion fine moisturizing molecules penetrate deep into the skin. Second, it triggers the skin's natural hydration production. Third, it creates a barrier to seal in moisture. This lotion forms a moisture veil on the skin to condition it with a refreshing sensation. With a formula combining hydrating like acetylate hyaluronic acid, which improves moisture delivery to the skin's outer layer, this lotion keeps your skin hydrated all day. It conditions the moisture balance of both dry and oily skin, leaving you with fresh, smooth skin. Features Deeply hydrates and improves skin's barrier Enhances absorption of other skincare products Long-lasting and refreshing hydration Skin Types All skin types. Suitable for sensitive skin. Made In Japan How To Use After cleaning and toning, apply a small amount to the face. Can also be applied using a cotton pad to decrease the potential chilly feeling of the lotion. Apply evenly to the face, then gently pat into the skin until it is fully absorbed. Use greater amounts around visible pores and areas of higher sebum production, such as a T-zone. Ingredients Superstar ingredient Aqua Presenter III: Creates a dense, artificial barrier that locks in water and moisture Peony &amp; Marjoram Extracts: Effective at fighting acne and inflammation, and controlling oil production EPC-K: Antioxidant that enhances the skin's natural barrier Pyrola Calliantha herb extract &amp; other herbal extracts: Improves rough, uneven skin, leaving it silky soft","IPSA","Moisturizers","IPSA, Moisturizers",TRUE,Title,Default Title,IPSA-6363062108309,1805,shopify,100,deny,manual,https://cdn.shopify.com/s/files/1/0515/4589/9157/files/IPSA_The_Time_Reset_Aqua__200ml_-removebg-preview.png?v=1766247604
ishizawa-ishizawa-keana-nadeshiko-baking-soda-cleansing-gel-100g,"ISHIZAWA KEANA Nadeshiko Baking Soda Cleansing Gel (100g)","An easy-to-use baking soda cleanser that rids the pores of makeup, sebum, and dirt! ISHIZAWA KEANA Nadeshiko Baking Soda Cleansing Gel is the cleansing gel that not only removes makeup but also cleanses off the dirt of pores. Baking soda power softens dead skin cells and cleans blackheads. Get the soft fluffy-touch skin after washing. Features Cleansing gel Removes makeup effectively Pore Care Leaves skin soft Skin Concerns Oil Control &amp; Clogged Pores Rough Skin Dullness Skin Types Combination Oily Sensitive Made In JAPAN 🇯🇵 How to use Take a moderate amount (a grape size), and apply by massaging gently on makeup and areas where you are concerned about dead skin cells and blackheads. After blending with makeup, wash carefully without rubbing. Can be used on wet hands or at the shower room. Key Ingredients Sodium Bicarbonate (Baking Soda) Ingredient Highlights Cruelty-Free Paraben-Free Alcohol-Free Silicone-Free Mineral Oil Free Sulfate-Free","Ishizawa","Cleansers","Ishizawa, Cleansers",TRUE,Title,Default Title,ISHIZAWA-7733814788332,350,shopify,100,deny,manual,https://cdn.shopify.com/s/files/1/0515/4589/9157/files/ISHIZAWA_KEANA_Nadeshiko_Baking_Soda_Cleansing_Gel__100g_-removebg-preview.png?v=1766247607
isntree-isntree-hyaluronic-acid-low-ph-cleansing-foam-150ml,"ISNTREE Hyaluronic Acid Low PH Cleansing Foam (150ml)","A low-pH, creamy soft foam cleanser that maintains the skin's natural moisture balance IISNTREE Hyaluronic Acid Low pH Cleansing Foam effectively removes makeup, dirt, oil and other impurities without stripping the skin of its natural moisture balance. The different types of hyaluronic acid will prevent moisture evaporation post cleanse, while simother leading brandsneously balancing pH of the skin. This product is suitable for daily uses and all skin types as it provides a healthy and hydrated glow! Features 8 types of hyaluronic acid and 17 types of amino acids Rich and soft foam Deep pore cleanse Skin Concerns Dehydrated Skin Skin Types All Skin Types Made In South Korea How to use Lather a generous amount of foaming cleanser to wet face, massaging in circular motions throughout. Rinse off with lukewarm water. Key Highlights 8 Types of Hyaluronic Acid : Strengths Moisture Barrier 17 Types of Amino Acids : Smooths and Softens Skin Low pH : Balances Natural pH of Skin Ingredient Highlights Pregnancy Freindly Cruelty-Free Alcohol-Free Paraben-free Sulfate-Free Silicone-Free Free from mineral oil, essential oils, artificial fragrances and colourants","ISNTREE","Cleansers","ISNTREE, Cleansers",TRUE,Title,Default Title,ISNTREE-8002367226092,350,shopify,100,deny,manual,https://cdn.shopify.com/s/files/1/0515/4589/9157/files/ISNTREE_Hyaluronic_Acid_Low_PH_Cleansing_Foam__150ml_-removebg-preview.png?v=1766247603
its-skin-its-skin-hyaluronic-acid-moisture-cream-duo-set,"ITS SKIN Hyaluronic Acid Moisture Cream Duo Set","A moisturizing duo that stimulates the production of collagen and improves hydration levels ITS SKIN Hyaluronic Acid Moisture Cream Duo Set is enriched with a high concentration of hyaluronic acid to help maintain the skin's youthfulness and freshness. It is fortified with a complex of natural , whose vitamins penetrate deep into the epidermis, supplying cells with essential microelements. This accelerates skin renewal processes, and restores optimal hydro-balance. As a result, the face and eye area will feels soft and supple with a slight plumping effect, giving a healthier and younger-looking complexion Features Smooths and restores youthful vitality and radiance Lasting hydration and optimizes collagen levels Restores skin's pH balance Visibly improves appearance of wrinkles and aging Skin Concerns Dehydrated Skin Fine Lines &amp; Wrinkles Anti-Aging Dullness Skin Types Suitable for all skin types Made In South Korea How to use Apply the cream to your face and spread it evenly with gentle, massaging motions. Also apply a small amount of the eye cream around the eye area and spread it evenly with gentle in circular motions. Ingredients Key Ingredients Hyaluronic Acid : P enetrate the deep layers of the skin, providing hydration and firmness Black Currant : Binds free radicals responsible for premature skin aging. Rich in vitamins and omega-3 and -6 fatty acids, providing hydration and enhancing skin elasticity. Acerola : Rich in vitamin C and therefore have excellent antioxidant properties. Ingredient Highlights Sulfate-Free Paraben-Free Alcohol-Free Mineral Oil Free","ITS Skin","Eye Care","ITS Skin, Eye Care",TRUE,Title,Default Title,ITSSKIN-9083752317164,475,shopify,100,deny,manual,https://cdn.shopify.com/s/files/1/0515/4589/9157/files/55AP0GCEZI_65344495_front.png?v=1764192120
its-skin-its-skin-prestige-snail-mask-1-pc,"ITS SKIN Prestige Snail Mask (1 PC)","Reveal a brighter, smoother, and more radiant complexion with the Prestige Snail Masks ITS SKIN Prestige Snail Mask series are revitalizing sheet masks formulated with premium snail secretion filtrate and niacinamide, two powerhouse known for their ability to repair, brighten, and deeply hydrate the skin. The lightweight sheet adheres comfortably to the face, delivering nourishing ingredients that support skin regeneration, reduce the appearance of dark spots, and promote an even skin tone. Perfect for all skin types, including sensitive skin, this mask helps strengthen the skin barrier while locking in moisture for a healthy, refreshed glow. Niacin: Brightens and support skin regeneration Hyaluron: Multi-layer hydration and plumps the skin Collagen: Intensive anti-aging and firming care Vita: Evens out pigmented skin PDRN: Boosts elasticity in the skin Features Supports skin repair and improves elasticity Restores firmness and smoothness B rightens dull, uneven skin tone and fades dark spots S trengthens the skin barrier and protects against environmental stressors Skin Concerns Dullness Dryness Anti-Aging Uneven Skin Dark Spots Pigmentation Skin Types Suitable for all skin types including sensitive skin Made In South Korea 🇰🇷 How to use Apply mask to cleansed and toned face, remove after 10-20 minutes and massage gently to absorb the remaining essence into the skin. Ingredients Key Ingredients Snail Secretion Filtrate : Promotes skin regeneration and boosts elasticity Niacinamide : Brightens the complexion and evens out skin tone Sodium Hyaluronate : Delivers deep hydration and plumps the skin Botanical Extracts : Including green tea, peony root, and scutellaria for antioxidant and soothing care Hyaluronic Acid: Provides multi-depth hydration and plumps the skin Hydrolyzed Elastin &amp; Adenosine : Improve skin texture and reduce fine lines Ingredient Highlights Alcohol-Free Paraben-Free Mineral Oil Free Sulfate-Free","ITS Skin","Masks","ITS Skin, Masks",TRUE,Title,Default Title,ITSSKIN-9083751596268,45,shopify,100,deny,manual,https://cdn.shopify.com/s/files/1/0515/4589/9157/files/niacin_PNG.png?v=1770998047
its-skin-its-skin-hyaluronic-acid-moisture-cream-50ml,"ITS SKIN Hyaluronic Acid Moisture Cream (50ml)","A moisturizer powered by hyaluronic acid to deliver fresh hydration to the skin ITS SKIN Hyaluronic Acid Moisture Cream is designed to keep your skin luxuriously moisturized for an extended period of time, formulated with Hyaluronic Acid and infused with Malpighia Glaba (Acerola) Fruit Extract -a rich source of vitamin C. A small portion goes a long way as it's capable of reviving dull as well as dehydrated areas by introducing much-needed suppleness. Thanks to the quick-absorbing formula, this cream penetrates the skin easily and is suitable for daily use. Features Ultra-hydrating cream that revitalizes skin Improves your complexion Combats premature aging Skin Concerns Dullness Rough Skin Dryness Skin Types All Skin Types Made In South Korea How to use 1. After cleansing and toning, massage an appropriate amount into the skin and neck. Key Ingredients Malpighia Glaba (Acerola) Fruit Extract : Rich source of vitamin C to brighten the skin. Hyaluronic Acid : Re-plumps and deeply hydrates the skin. Purslane Extract : Has anti-inflammatory, antioxidant, anti-aging, and hydrating benefits. It not only stimulates collagen and cell repair but also results in a wrinkle/scar-free appearance. Blueberry Extract : F ights skin dullness and dryness, softening the epidermis while also contributing to moisture retention/brightening effects. Ingredient Highlights Sulfate-Free Paraben-Free Mineral Oil-Free Alcohol-Free","ITS Skin","Moisturizers","ITS Skin, Moisturizers",TRUE,Title,Default Title,ITSSKIN-8166606110956,418,shopify,100,deny,manual,https://cdn.shopify.com/s/files/1/0515/4589/9157/files/ITS_SKIN_Hyaluronic_Acid_Moisture_Cream__50ml_-removebg-preview.png?v=1766248725
izeze-izeze-black-cumin-nsa-enrich-cream-50ml,"IZEZE Black Cumin NSA Enrich Cream (50ml)","A rich barrier-repair, brightening cream for dry compromised skin. IZEZE Black Cumin NSA Enrich Cream contains Black Cumin Seed Oil and Shea Butter, which provide a rich texture to nourish and hydrate the skin, leaving it soft and refreshed all day. It is a solid choice if you’re seeking a nourishing, barrier-focused, best suited to skin that needs a little extra “lock-in” protection or repair. Features Multi-weight hyaluronic acid system Provides gentle recovery for a weakened skin barrier Deeply nourishes Improves skin elasticity Skin types Dry to combination skin, Sensitive Skin Skin Concerns Pigmentation Dehydrated Skin Dullness Irritation Made In SOUTH KOREA 🇰🇷 How to use After applying serum, use an appropriate amount directly over the face and neck. Massage into the skin until fully absorbed. Key Highlights Black Cumin Seed Oil : A superfood that effectively soothes acne-prone and sensitive skin. Niacinamide : Brightens and strengthens the barrier. Panthenol : Soothing and repairing. Ingredient Highlights Sulfate-Free Paraben-Free Mineral Oil-Free Alcohol-Free Silicone-Free","IZEZE","Moisturizers","IZEZE, Moisturizers",TRUE,Title,Default Title,IZEZE-9035315413228,379,shopify,100,deny,manual,https://cdn.shopify.com/s/files/1/0515/4589/9157/files/BLACKCUMIN_a95dee9f-54c8-48be-acfe-902c1b22dbf1.png?v=1762185876
izeze-izeze-black-cumin-nda-pudding-gel-cream-50ml,"IZEZE Black Cumin NDA Pudding Gel Cream (50ml)","An ultra-cooling and hydrating gel for balance and nourishment IZEZE Black Cumin NDA Pudding Gel Cream uses naturally derived Black Cumin Seed Oil, Damascus Rose Extract, and Aloe Leaf Water, to deeply hydrate and revitalize the skin for a natural glow. It gives intense hydrating for oily-dehydrated skin. The bouncy pudding-like texture makes it easy to apply and quick to absorb. Great for those that produce excess oils and breakout easily. Features Potent antioxidants to strengthen skin barrier Calms the skin using a powerful NDA blend Lightweight yet deeply nourishing Great gel for guasha routines Plant-based formula great for oily-reactively skin Skin types All Skin Types, Sensitive Skin Skin Concerns Pigmentation Dehydrated Skin Dullness Clogged Pores Acne Irritation Made In SOUTH KOREA 🇰🇷 How to use After applying serum, use an appropriate amount directly over the face and neck. Massage into the skin until fully absorbed. TIP: Apply a thick layer as a sleeping mask before bed. Key Highlights Black Cumin Seed Oil : A superfood that effectively soothes acne-prone and sensitive skin. Aloe Leaf Water : Soothes, hydrates and helps balance the skin. Nigella Sativa Seed Oil : Calms irritation and intensely soothes sensitive skin. Damascus Rose Extract : Deeply hydrates, regenerates skin while providing a cooling effect. Ingredient Highlights Sulfate-Free Paraben-Free Mineral Oil-Free Alcohol-Free Silicone-Free","IZEZE","Moisturizers","IZEZE, Moisturizers",TRUE,Title,Default Title,IZEZE-9035313283308,474,shopify,100,deny,manual,https://cdn.shopify.com/s/files/1/0515/4589/9157/files/BLACKCUMIN.png?v=1762186430
jm-solution-jmsolution-honey-luminous-royal-propolis-hand-cream-set-100ml50ml,"JMsolution Honey Luminous Royal Propolis Hand Cream Set (100ml+50ml)","Experience the excellence of JM Solution with the JMsolution Honey Luminous Royal Propolis Hand Cream Set (100ml+50ml). This premium bath & body is formulated with high-quality Korean skincare ingredients to deeply nourish and revitalize your complexion. Designed for those seeking a luxurious and effective bath & body addition to their daily ritual.","JM Solution","Bath & Body","JM Solution, Bath & Body",TRUE,Title,Default Title,JMSOLUTION-9102736752876,171,shopify,100,deny,manual,https://cdn.shopify.com/s/files/1/0515/4589/9157/files/JM_Solution_Honey_Propolis_Hand_Cream_1.png?v=1769479287
jm-solution-jmsolution-water-luminous-avocado-nourishing-hand-cream-set-100ml50ml,"JMsolution Water Luminous Avocado Nourishing Hand Cream Set (100ml+50ml)","Experience the excellence of JM Solution with the JMsolution Water Luminous Avocado Nourishing Hand Cream Set (100ml+50ml). This premium bath & body is formulated with high-quality Korean skincare ingredients to deeply nourish and revitalize your complexion. Designed for those seeking a luxurious and effective bath & body addition to their daily ritual.","JM Solution","Bath & Body","JM Solution, Bath & Body",TRUE,Title,Default Title,JMSOLUTION-9102735802604,171,shopify,100,deny,manual,https://cdn.shopify.com/s/files/1/0515/4589/9157/files/JMSolutionAvocadoHandCream.png?v=1769208144
jmella-jmella-in-france-favorite-perfume-hand-cream-50ml,"JMELLA In France Favorite Perfume Hand Cream (50ml)","A fragrant yet hydrating hand cream to deeply hydrate and prevent aging. JMELLA In France Signature Perfume Hand Cream is a non-sticky hand cream that penetrates deeply into the skin to moisture. With desert rose leaf extract and shea butter, it locks in moisture making your skin smooth, soft and wrinkle free. Favorite Perfume Variations: Blooming Peony: It provides a warm oriental floral fragrance that is sensual and modern. Lime &amp; Basil: It provides a refreshing citrus scent that harmoniously blends fresh lime scent with basil and thyme. Sparkling Rose: It presents a floral floral fragrance that expresses the initial sparkling sensation of sipping rosé champagne and the fragrant sweetness that follows Features Plant-derived in patented composition Hypoallergenic formulation Non-sticky formulation Locks in moisture, brightens and smooths out fine lines and wrinkles Skin Concern Dehydration Rough skin Fine lines &amp; wrinkles Skin Type Suitable for all skin types, including sensitive skin Made In South Korea How to use After washing your hands properly. Take an appropriate amount on the back of your hand, rub gently and spread evenly. Apply one more thin layer to the tips and under nails that tend to dry out. Ingredients Ingredient highlights Sulfate-Free Paraben-Free Alcohol-Free","JMELLA","Bath & Body","JMELLA, Bath & Body",TRUE,Title,Default Title,JMELLA-8112044703980,550,shopify,100,deny,manual,https://cdn.shopify.com/s/files/1/0515/4589/9157/files/7c3d4c6285965bf43de0708e5d182e76.png?v=1766176436
jmella-jmella-in-france-favorite-perfume-hair-treatment-500ml,"JMELLA In France Favorite Perfume Hair Treatment (500ml)","A mild hair treatment with long-lasting aroma, suitable for sensitive scalps and skin. JMELLA In France Hair Treatment is a hypoallergenic hair treatment (conditioner) with a mild yet effective cleansing formula, suitable for sensitive skin. It features a long-lasting aroma that lasts up to 24 hours. Favorite Perfume Variations: No. 1 Blooming Peony: Reminds of a vibrant freshness, as if you're wearing a dress made out of thousands of fresh petals. No. 3 Lime &amp; Basil: The fresh lime with a peppery basil and thyme, brings a unique refreshing citrus scent. Features Aroma lasts up to 24h Mild but cleansing formula Free from 12 chemical Hair Concern Damaged Hair Tangled Hair Hair Type Suitable for all hair types. Great for damaged and/or tangled ends. Made In South Korea How to use Gently wash away dirt and oil from the scalp with shampoo. Squirt a small amount of conditioner into your hand. Massage it into the length of your hair, avoiding the scalp. Leave the conditioner in for about 3 minutes. Rinse your hair completely. Ingredients Ingredient highlights Sulfate-Free Paraben-Free","JMELLA","Hair Care","JMELLA, Hair Care",TRUE,Title,Default Title,JMELLA-8014719582444,170,shopify,100,deny,manual,https://cdn.shopify.com/s/files/1/0515/4589/9157/files/JME71649_1000x_9ee2345a-baa0-42ae-af3a-68c96cc69b64.jpg?v=1695664829
jmella-jmella-in-france-signature-perfume-hair-shampoo-500ml,"JMELLA In France Signature Perfume Hair Shampoo (500ml)","A mild shampoo with long-lasting aroma, suitable for sensitive scalps and skin. JMELLA In France Hair Shampoo is a hypoallergenic shampoo with a mild formula to gently cleanse and soothe sensitive scalps. With wild strawberry leaf extract, 17 amino acid complex and other plant-derived ingredient, it nourishes and strengthens the scalp and hair follicles, promoting growth and normalizes oil production. Thanks to the premium French fragrance used, your hair will also carry an indulgent scent that lasts an impressive 24hrs. Signature Perfume Variations: No. 1 Blooming Peony No. 6 La Tulipe: F resh tulip, soft floral scent No. 7 Do Tyque: White musk and iris. Features Aroma lasts up to 24h 17 amino acid complex to strengthen Plant derived form moisture shield Hair Concern Damaged Hair Tangled Hair Hair Type Suitable for all hair types. Great for damaged and/or tangled ends. Made In South Korea How to use Take an appropriate amount, rub hair and scalp to clean, rinse off with lukewarm water. Ingredients Ingredient highlights Sulfate-Free Paraben-Free Silicone-Free Alcohol-Free","JMELLA","Hair Care","JMELLA, Hair Care",TRUE,Title,Default Title,JMELLA-8014860484844,170,shopify,100,deny,manual,https://cdn.shopify.com/s/files/1/0515/4589/9157/files/s_c07d9bf0-8dd7-4919-ba9a-3663f96e60aa.png?v=1766436973
jmella-jmella-in-france-favorite-perfume-body-wash-500ml,"JMELLA IN FRANCE Favorite Perfume Body Wash (500ml)","A fragrant and hypoallergenic body wash in scents from the Favourite line. JMELLA In France Body Wash is a hypoallergenic low pH body wash made with desert rose leaf extracts and botanical oils to hydrate, nourish and soften the skin while cleansing. Your skin is left clean, soft and indulgently fragrant thanks to the premium French fragrance. Favorite Perfume Variations: 05 Sparkling Rose Features Long-lasting fragrant aroma Free of 12 types of chemicals Mildly acidic pH and hypoallergenic Plant extracts and botanical oils to hydrate and nourish the skin Skin Concern Dryness Rough skin Skin Type Suitable for all skin types, including sensitive skin. Made In South Korea How to use Apply an appropriate amount on a sponge or towel, lather, and wash off. Ingredient highlights Sulfate-Free Paraben-Free","JMELLA","Bath & Body","JMELLA, Bath & Body",TRUE,Title,Default Title,JMELLA-8015175155948,170,shopify,100,deny,manual,https://cdn.shopify.com/s/files/1/0515/4589/9157/files/8809711716895-photoroom_f131d142560c42139ee56e14df9e5cf5_master.png?v=1766176682
joocyee-joocyee-glazed-rouge-20-ultra-shine-lipstick-35g,"JOOCYEE Glazed Rouge 2.0 Ultra Shine Lipstick (3.5g)","Experience the excellence of JOOCYEE with the JOOCYEE Glazed Rouge 2.0 Ultra Shine Lipstick (3.5g). This premium lip care is formulated with high-quality Korean skincare ingredients to deeply nourish and revitalize your complexion. Designed for those seeking a luxurious and effective lip care addition to their daily ritual.","JOOCYEE","Lip Care","JOOCYEE, Lip Care",TRUE,Title,Default Title,JOOCYEE-9168755491052,398,shopify,100,deny,manual,https://cdn.shopify.com/s/files/1/0515/4589/9157/files/JOOCYEEGlazedRougeLipstick2.0.png?v=1772336771
joocyee-joocyee-glazed-rouge-lipstick-35g,"JOOCYEE Glazed Rouge Lipstick (3.5g)","Experience the excellence of JOOCYEE with the JOOCYEE Glazed Rouge Lipstick (3.5g). This premium lip care is formulated with high-quality Korean skincare ingredients to deeply nourish and revitalize your complexion. Designed for those seeking a luxurious and effective lip care addition to their daily ritual.","JOOCYEE","Lip Care","JOOCYEE, Lip Care",TRUE,Title,Default Title,JOOCYEE-9151930663148,398,shopify,100,deny,manual,https://cdn.shopify.com/s/files/1/0515/4589/9157/files/JOOCYEE_Glazed_Rouge_Lipstick.png?v=1772254673
joocyee-joocyee-happy-me-day-crystal-gloss-8ml,"JOOCYEE Happy Me Day Crystal Gloss (8ml)","Experience the excellence of JOOCYEE with the JOOCYEE Happy Me Day Crystal Gloss (8ml). This premium lip care is formulated with high-quality Korean skincare ingredients to deeply nourish and revitalize your complexion. Designed for those seeking a luxurious and effective lip care addition to their daily ritual.","JOOCYEE","Lip Care","JOOCYEE, Lip Care",TRUE,Title,Default Title,JOOCYEE-9168759783660,360,shopify,100,deny,manual,https://cdn.shopify.com/s/files/1/0515/4589/9157/files/JOOCYEE_Crystal_Gloss.png?v=1772255028
joocyee-joocyee-12-shades-eyeshadow-palette-14g,"JOOCYEE 12 Shades Eyeshadow Palette (14g)","Experience the excellence of JOOCYEE with the JOOCYEE 12 Shades Eyeshadow Palette (14g). This premium makeup is formulated with high-quality Korean skincare ingredients to deeply nourish and revitalize your complexion. Designed for those seeking a luxurious and effective makeup addition to their daily ritual.","JOOCYEE","Makeup","JOOCYEE, Makeup",TRUE,Title,Default Title,JOOCYEE-9151928172780,650,shopify,100,deny,manual,https://cdn.shopify.com/s/files/1/0515/4589/9157/files/JOOCYEE12ShadesEyeshadowPalette.png?v=1771962965
judydoll-judydoll-liquid-contour-under-eye-brightening-duo-48g,"JUDYDOLL Liquid Contour & Under Eye Brightening Duo (4.8g)","JUDYDOLL Liquid Contour &amp; Under Eye Brightening Duo is designed to provide a flawless, powder-free finish with moderate film-forming speed, ensuring a flawless, well-blended look without harsh lines. It stays in place throughout the day, providing a professional finish that’s easy to achieve. Highlight and contour in one product for easy and natural dimension!","JUDYDOLL","Makeup","JUDYDOLL, Makeup",TRUE,Title,Default Title,JUDYDOLL-9158846939372,284,shopify,100,deny,manual,https://cdn.shopify.com/s/files/1/0515/4589/9157/files/tao-khoi-dang-kem-judydoll-liquid-highlighter-contour-duo-0.png?v=1772551022
judydoll-judydoll-dual-flash-watery-lip-gloss-24g,"JUDYDOLL Dual Flash Watery Lip Gloss (2.4g)","JUDYDOLL Dual Flash Watery Lip Gloss feature is a watery, non-sticky texture that glides smoothly on lips without feeling heavy. The formula contains panthenol and vitamin E to moisturize lips, reducing dryness even with long wear. It has a subtle fruity or floral fragrance (not overpowering) and offers a natural, plumping effect. The slim, precise applicator helps coat lips evenly, making it easy for beginners to use.","JUDYDOLL","Lip Care","JUDYDOLL, Lip Care",TRUE,Title,Default Title,JUDYDOLL-9158846120172,284,shopify,100,deny,manual,https://cdn.shopify.com/s/files/1/0515/4589/9157/files/JudydollDualFinishWateryLipGloss2_18.png?v=1772230320
judydoll-judydoll-little-pearl-highlighting-concealer-cushion-8g,"JUDYDOLL Little Pearl Highlighting Concealer Cushion (8g)","JUDYDOLL Little Pearl Highlighting Concealer Cushion is designed to deliver a luminous, lifting effect that mimics the natural glow of pearls. Infused with Tahitian pearl extract and light-reflecting particles, this innovative cushion concealer brightens, conceals, and contours for a plump, radiant complexion. Its user-friendly cushion applicator makes it perfect for quick touch-ups and seamless application, even for beginners.","JUDYDOLL","Makeup","JUDYDOLL, Makeup",TRUE,Title,Default Title,JUDYDOLL-9158835863788,360,shopify,100,deny,manual,https://cdn.shopify.com/s/files/1/0515/4589/9157/files/42e78b1dc0e8d98b74897a7dd81df23e_6f1d5cde-d44c-4a2a-99de-1118518e66c6.png?v=1772125815
judydoll-judydoll-2-in-1-blush-highlight-palette-9g,"JUDYDOLL 2-in-1 Blush Highlight Palette (9g)","Experience the excellence of JUDYDOLL with the JUDYDOLL 2-in-1 Blush Highlight Palette (9g). This premium makeup is formulated with high-quality Korean skincare ingredients to deeply nourish and revitalize your complexion. Designed for those seeking a luxurious and effective makeup addition to their daily ritual.","JUDYDOLL","Makeup","JUDYDOLL, Makeup",TRUE,Title,Default Title,JUDYDOLL-9158820135148,360,shopify,100,deny,manual,https://cdn.shopify.com/s/files/1/0515/4589/9157/files/6976436772535-3.png?v=1772051960
judydoll-judydoll-3d-dual-ended-brow-pencil,"JUDYDOLL 3D Dual-Ended Brow Pencil","JUDYDOLL 3D Dual Eyebrow Pencil is an eyebrow pencil with a gel pencil and a mascara-like tip, helping to create perfectly brow shape. This innovative tool features a non-skin-staining tinted gel that colors and sets your brows in a single stroke, ensuring your brows are enhanced but your skin stays clear. The ultra-fine blade pencil smoothly outlines and fills brows with precision, giving you distinct, natural-looking 'wild brows'.","JUDYDOLL","Makeup","JUDYDOLL, Makeup",TRUE,Title,Default Title,JUDYDOLL-9158819283180,170,shopify,100,deny,manual,https://cdn.shopify.com/s/files/1/0515/4589/9157/files/screenshot-2024-10-21-154427-1.png?v=1771969027
judydoll-judydoll-liquid-eyeshadow-3g,"JUDYDOLL Liquid Eyeshadow (3g)","JUDYDOLL Liquid Eyeshadows are designed to keep your eyes looking fresh and radiant even in motion. It has high-impact pigments with all-day durability that stays put through workouts, heat, and long days. Lightweight on the lids with little to no creasing, great for those with a active lifestyle. Share G02 is a light shimmery pink shade with a silver undertone.","JUDYDOLL","Makeup","JUDYDOLL, Makeup",TRUE,Title,Default Title,JUDYDOLL-9158817218796,246,shopify,100,deny,manual,https://cdn.shopify.com/s/files/1/0515/4589/9157/files/17285547015501.png?v=1771616428
judydoll-judydoll-sport-chic-liquid-blush-45g,"JUDYDOLL Sport Chic Liquid Blush (4.5g)","JUDYDOLL Sport Chic Liquid Blush provides a naturally subtle redness and has a liquid consistency when applied. It is designed with an unique mushroom head applicator for clean and easy application. Its smooth, silky texture melts into the skin for a fresh, dewy finish that brightens the complexion.","JUDYDOLL","Makeup","JUDYDOLL, Makeup",TRUE,Title,Default Title,JUDYDOLL-9157068062956,246,shopify,100,deny,manual,https://cdn.shopify.com/s/files/1/0515/4589/9157/files/6976436773044-2.png?v=1771615234
judydoll-judydoll-lip-oil-65g,"JUDYDOLL Lip Oil (6.5g)","JUDYDOLL Lip Oils features a clear, non-sticky formulation that imparts a dewy and luscious appearance to the lips. Its a great lightweight overlay that adds shine and a protective hydrating screen for lips.","JUDYDOLL","Lip Care","JUDYDOLL, Lip Care",TRUE,Title,Default Title,JUDYDOLL-9158850380012,170,shopify,100,deny,manual,https://cdn.shopify.com/s/files/1/0515/4589/9157/files/JUDYDOLLLipOil5.png?v=1772574109
judydoll-judydoll-liquid-highlighter-48g,"JUDYDOLL Liquid Highlighter (4.8g)","JUDYDOLL Liquid Highlighter are used for meticulous color blending to create a soft and radiant look that naturally illuminates and enhances facial contours, for a beautiful appearance. The lightweight texture is easy to blend, enriched with hyaluronic acid essence for a moisturizing effect that prevents creasing and ensures a long-lasting finish.","JUDYDOLL","Makeup","JUDYDOLL, Makeup",TRUE,Title,Default Title,JUDYDOLL-9158858211564,246,shopify,100,deny,manual,https://cdn.shopify.com/s/files/1/0515/4589/9157/files/76ABB5A80EEE8D74_362df8ba-7052-4c82-aa29-070d3235102c.png?v=1772575885
judydoll-judydoll-pretty-blush-powder-2g,"JUDYDOLL Pretty Blush Powder (2g)","Experience the excellence of JUDYDOLL with the JUDYDOLL Pretty Blush Powder (2g). This premium makeup is formulated with high-quality Korean skincare ingredients to deeply nourish and revitalize your complexion. Designed for those seeking a luxurious and effective makeup addition to their daily ritual.","JUDYDOLL","Makeup","JUDYDOLL, Makeup",TRUE,Title,Default Title,JUDYDOLL-9158826426604,151,shopify,100,deny,manual,https://cdn.shopify.com/s/files/1/0515/4589/9157/files/6975242800425_900x900_ef3e23f4-4254-4d6e-bd68-89602ee8de66.png?v=1772053593
judydoll-judydoll-eyeliner-gel-75g,"JUDYDOLL Eyeliner Gel (7.5g)","Innovative, smudge-proof eyeliner gel with cushion mesh. <br>JUDYDOLL Eyeliner Gel is an innovative clay-like eyeliner cream that applies smoothly and with intense pigment. With an convenient integrated eyeliner brush that extends, you can bring this on-the-go. Unlike other cream eyeline...","JUDYDOLL","Makeup","JUDYDOLL, Makeup",TRUE,Title,Default Title,JUDYDOLL-8778505781484,322,shopify,100,deny,manual,https://cdn.shopify.com/s/files/1/0515/4589/9157/files/JUDYDOLL_Eyeliner_Gel__7.5g_-removebg-preview.png?v=1766249843
kao-kao-megrhythm-steam-eye-mask-12pcs,"KAO MegRhythm Steam Eye Mask (12pcs)","An eye mask that gently releases tension from strained or sleep deprived eyes KAO MegRhythm Steam Eye Mask is designed to melt away tension from tired eyes with a soothing warmth. This innovative mask features advanced steam-circulation technology that delivers consistent, gentle heat at approximately 40°C for about 20 minutes. The ultra-thick, soft nonwoven fabric traps steam effectively—offering 1.5 times better heat retention than previous versions—while expanding to fit snugly against your eyes. Simply open and let it activate. Infused with natural osmanthus essential oils for a calming aromatherapy experience, this unisex mask becomes your go-to ritual for daily relaxation, whether at home, at work, or on the go. Treat your hardworking eyes to the comfort they deserve. Features Heats up to 40°C for about 20 minutes Single-use, convenient packaging for on-the-go use Fits comfortably around the eyes and helps relieve tension Immediately releases comfortable steam Skin Types Suitable for all skin types Made In Japan How to use Remove the eye mask from the bag. Tear off the perforation and put hooks on your ear. Close your eyes and enjoy for the next 20 minutes. Ingredient Highlights Cruelty-Free Alcohol-Free Paraben-Free Mineral Oil Free","KAO","Masks","KAO, Masks",TRUE,Title,Default Title,KAO-9060430348524,45,shopify,100,deny,manual,https://cdn.shopify.com/s/files/1/0515/4589/9157/files/Unscented.png?v=1762462865
kissme-kissme-speedy-mascara-remover,"KISSME Speedy Mascara Remover","KISSME Speedy Mascara Remover is a Japanese remover that easily melts away waterproof mascara and eyeliner. It instantly removes waterproof mascara without rubbing as it dissolves instantly and smoothly remove waterproof mascara upon application. This remover removes makeup while also nourishing the skin and lashes with ginseng root and royal jelly extracts, camellia oil, almond oil, argan oil, and wild rose oil. Features Instant removal of stubborn mascara Gentle on the lashes and skin Moisturizes and treats lashes to strengthen them Non-irritating Skin Types All skin types Made In Japan How to u se Please use this product to remove Super Waterproof Mascara Apply the remover evenly with a comb brush from the roots to the tips of the eyelashes. Wipe off with a cotton pad, or blend with any makeup remover. Rinse it off thoroughly with clean water. Note: If it leaves an oily feeling on the skin, please use face wash to double cleanse. Ingredient Highlights Alcohol-Free Sulfate-Free Fragrance-Free","KISSME","Makeup","KISSME, Makeup",TRUE,Title,Default Title,KISSME-7617990754540,342,shopify,100,deny,manual,https://cdn.shopify.com/s/files/1/0515/4589/9157/files/KISSME_Speedy_Mascara_Remover-removebg-preview.png?v=1766251678
kracie-ichikami-kracie-ichikami-shampoo-conditioner-set-limited-spring-edition-480ml-480g,"KRACIE Ichikami Shampoo & Conditioner Set - Limited Spring Edition (480ml + 480g)","Experience the excellence of KRACIE Ichikami with the KRACIE Ichikami Shampoo & Conditioner Set - Limited Spring Edition (480ml + 480g). This premium hair care is formulated with high-quality Korean skincare ingredients to deeply nourish and revitalize your complexion. Designed for those seeking a luxurious and effective hair care addition to their daily ritual.","KRACIE Ichikami","Hair Care","KRACIE Ichikami, Hair Care",TRUE,Title,Default Title,KRACIEICHIKAMI-9170205475052,513,shopify,100,deny,manual,https://cdn.shopify.com/s/files/1/0515/4589/9157/files/Kracie_Ichikami_Spring_Limited_Edition_Set.png?v=1772551498
kundal-kundal-airy-volume-hyaluron-hair-care-set-2x300ml,"KUNDAL Airy Volume Hyaluron Hair Care Set (2x300ml)","A hyaluronic acid infused hair set for bouncy, full-bodied hair that lasts all day. KUNDAL Airy Volume Hyaluron Shampoo + Treatment helps to maintain the scalp's oil-water balance and promote healthy, voluminous hair that is light as air and lasts all day. Hyaluronic plumping technology delivers moisture deep into the scalp and hair. It is enriched with AHA and PHA to remove dead skin cells, dirt and impurities from the scalp. Featuring a floral Blossom Breeze fragrance. Features Lightweight, volumizing formula Floral fragrance Skin irritation test completed Cleanses and gently exfoliates scalp Hair Concerns Damaged Hair Flat Hair Dry Hair Hair Types Suitable for all hair types Made In KOREA 🇰🇷 How to use Massage KUNDAL Airy Volume Hyaluron Treatment into the scalp and hair to create lather. Rinse thoroughly with lukewarm water. Follow with KUNDAL Airy Volume Hyaluron Treatment. Key Highlights Hyaluronic Acid Ingredient Highlights Paraben-Free Silicone-Free Alcohol-Free","KUNDAL","Hair Care","KUNDAL, Hair Care",TRUE,Title,Default Title,KUNDAL-9041425367276,854,shopify,100,deny,manual,https://cdn.shopify.com/s/files/1/0515/4589/9157/files/Kundal_Airy_Volume_Hyaluron_Set.png?v=1760988786
kundal-kundal-10x-caffeine-strengthening-scalp-serum-10ml,"KUNDAL 10X Caffeine Strengthening Scalp Serum (10ml)","Advanced scalp nutrition with peptides to strengthen and prevent hair thinning. KUNDAL 10X Caffeine Strengthening Scalp Serum is a potent anti-hair loss scalp serum, featuring vegetable caffeine green bean extract rooted in the ancient Italian TESTA tradition. With a powerful caffeine concentration of 10,000 ppm, it revitalizes hair roots and helps curb hair loss symptoms. This dermatologically tested formula strengthens thinning hair while improving scalp health. Enriched with black soybean extract, six natural herbs, biotin, and niacinamide, it deeply nourishes your scalp. Its lightweight, non-greasy texture absorbs quickly, making it perfect for daily use. Suitable for both men and women seeking effective scalp and hair thinning care. Features Improves hair elasiticity Relieves hair thinning and shedding Strengthens hair to prevent thinning and breakage Improves appearance of hairline and parting line Hair Concerns Hair Loss Dry Scalp Hair Types All hair types Made In South Korea How to use Part your hair in sections and apply the serum directly onto your scalp, focusing on areas of concern (i.e., parting line, hairline) Gently massage the serum into the scalp using your fingertips. Leave the serum in and style as desired, or let it air dry. Key Highlights High Caffeine Concentration (10,000 ppm): Energizes hair roots and helps reduce hair loss symptoms. 6 Peptides: nourishes scalp, boosts elasticity Menthol: instantly cools and refreshes scalp Turmeric Cell Exosomes: improves overall scalp health Ingredient Highlights Silicone-Free Paraben-Free Mineral Oil-Free","KUNDAL","Hair Care","KUNDAL, Hair Care",TRUE,Title,Default Title,KUNDAL-9041425989868,450,shopify,100,deny,manual,https://cdn.shopify.com/s/files/1/0515/4589/9157/files/10XCaffeineStrengtheningScalpSerum1.png?v=1761238604
kundal-kundal-airy-volume-hyaluron-serum-50ml,"KUNDAL Airy Volume Hyaluron Serum (50ml)","A hyaluronic acid infused serum that's light and airy. KUNDAL Airy Volume Hyaluron Serum is a lightweight, hydrating treatment designed to rejuvenate dry, frizzy hair. Enriched with eight forms of hyaluronic acid and a plant-derived oil blend, it delivers intense moisture and nourishment without weighing hair down. This serum smooths the hair cuticle, enhances shine, and shields against daily damage and breakage. Its airy, non-greasy formula absorbs quickly, leaving hair soft, easy to manage, and naturally bouncy. Clinically proven to boost hair gloss by 63% and effectively combat dryness. Features 24hr hydration and silkiness Heat protection for styling 43% tangle improvement Light and airy formula that's not heavy Hair Concerns Damaged Hair Dry Hair Frizzy Hair Hair Types Suitable for all hair types Made In South Korea How to use Towel-dry hair and pump a small amount (1–2 pumps for short hair, 3–4 for long hair) into your palms. Apply evenly to mid-lengths and ends, focusing on dry areas. Style as usual. Can also be used on dry hair as a finishing serum for extra shine. Key Highlights 8 types of Hyaluronic Acid: delivers moisture for full hydration 8 types of Peptides: smooths and adds shine Ingredient Highlights Sulfate-Free Paraben-Free Silicone-Free Alcohol-Free","KUNDAL","Hair Care","KUNDAL, Hair Care",TRUE,Title,Default Title,KUNDAL-9041426743532,450,shopify,100,deny,manual,https://cdn.shopify.com/s/files/1/0515/4589/9157/files/Kundal_Airy_Hydra_Hyaluron.png?v=1762036026
kundal-kundal-protein-bonding-treatment-250ml,"KUNDAL Protein Bonding Treatment (250ml)","Spa-like hair care to strengthen and smooth damaged hair KUNDAL Protein Bonding Treatment helps you achieve salon-like hair care at home. It revitalizes fragile and damaged hair with the patented Bonding Technology™ which penetrates proteins and moisture deep into the hair cuticle, making the hair stronger and healthier. Unlock a beautiful, luminous shine with the Pink Glam Complex of Provence Rose, Tulip, and Hibiscus extracts. Violet Muguet: Experience the delicate and floral fragrance of Violet Muguet. This perfume evokes a fresh, spring-like feeling that brightens up any day Features Double care bonding technology Increases hair strength and repairs damaged hair Infuses hair with moisture Pink-Glam Complex leaves hair soft and silky Hair Concerns Damaged Hair Dry Hair Split Ends Frizzy Hair Hair Types All hair types Made In South Korea How to use After shampoo, apply a generous amount of treatment evenly to scalp and hair. Rinse off with warm water after 2~3 minutes. Key Ingredients Protein Bonding System: strengthens hair Hydro Booster: 6 types of hyaluronic acid to moisturize Ingredient Highlights Mineral-Oil Free Paraben-Free Sulfate-Free","KUNDAL","Hair Care","KUNDAL, Hair Care",TRUE,Title,Default Title,KUNDAL-8757736931564,550,shopify,100,deny,manual,https://cdn.shopify.com/s/files/1/0515/4589/9157/files/KUNDAL_Protein_Bonding_Treatment_250ml.png?v=1766255227
kundal-kundal-honey-macadamia-hair-care-set-2x500ml,"KUNDAL Honey & Macadamia Hair Care Set (2x500ml)","Plant based fragrant hair set for smooth, healthy hair. KUNDAL Honey &amp; Macadamia Shampoo + Treatment Set uses clean, natural hair extracts for hair revitalization. Featuring honey and macadamia, these are well known to be highly nourishing and moisturizing for the hair. The formula is free of unnecessary chemicals and is weakly acidic to provide the ideal pH balance for healthy hair and scalp. Available Scents: White Musk: Indulge in the sensual and sophisticated aroma of White Musk. This fragrance offers a rich, warm scent that adds a touch of luxury to cold winter days. Cherry Blossom: Experience the delicate beauty of spring with Cherry Blossom. This light, floral scent is reminiscent of blooming cherry trees, filling the air with a sense of renewal. Features 44 types of plant-derived ingredients pH balanced formula Moisturizes and adds shine to tame frizzy hair Fragrant, long-lasting scent Hair Concerns Damaged hair Dry Hair Frizzy Hair Hair Types All hair types Made In South Korea How to use Take an adequate amount of shampoo, apply all over the scalp and hair and rinse off with water. Ingredients Key Highlights Honey Macadamia Ingredient Highlights Sulfate-Free Mineral Oil Free Paraben-Free","KUNDAL","Hair Care","KUNDAL, Hair Care",TRUE,Title,Default Title,KUNDAL-9041422811372,911,shopify,100,deny,manual,https://cdn.shopify.com/s/files/1/0515/4589/9157/files/Kundal_White_Musk.png?v=1762037119
kundal-kundal-honey-macadamia-pure-body-wash-body-lotion-set-2x500ml,"KUNDAL Honey & Macadamia Pure Body Wash + Body Lotion Set (2x500ml)","An aloe vera infused, moisturizing body wash. KUNDAL Honey &amp; Macadamia Pure Body Wash is packed with 33 different natural extracts, including moisturizing Honey Extract and upgraded Macadamia Ternifolia Seed Extract, plus other plant-derived natural oils that pamper the skin and leave it revitalized. It is pH-balanced and gentle, so it will not strip the skin's moisture barrier. This clean beauty product tested negative for 10 harmful . KUNDAL's Signature Fragrances: Pink Grapefruit: Energize your senses with the zesty aroma of Pink Grapefruit. This invigorating scent is a burst of citrusy freshness, perfect for hot summer days. Features Moisturizing body wash infused with aloe vera and natural extracts Gel type that lathers easily pH-balanced Free from 10 harmful ingredients Skin Concerns Dehydrated Skin Skin Types Suitable for all skin types Made In South Korea How to use Take an adequate amount of product and apply to body in the shower, creating a strong lather. Rinse thoroughly. Ingredients Key Highlights Aloe Barbadensis Leaf Juice Honey Extract Macadamia Ternifolia Seed Extract Ingredient Highlights Mineral Oil Free Paraben-Free Silicone-Free Alcohol-Free","KUNDAL","Bath & Body","KUNDAL, Bath & Body",TRUE,Title,Default Title,KUNDAL-9061960253676,911,shopify,100,deny,manual,https://cdn.shopify.com/s/files/1/0515/4589/9157/files/Kundal_Pink_Grapefruit.png?v=1762036505
kundal-kundal-caffeine-shampoo-500ml,"KUNDAL Caffeine Shampoo (500ml)","A hydrating formula that promotes shine and stimulates hair growth. KUNDAL Caffeine Shampoo is a one-stop shop for hair and scalp health. The star ingredient is caffeine, extracted from raw coffee beans according to Italian tradition, which stimulates blood circulation; offers antioxidant protection; and promotes hair growth. Other key include hydrating Panthenol, Niacinamide for shine, and Salicylic Acid to exfoliate the scalp and prevent dandruff and dryness. It contains 24 plant extracts and coconut-derived surfactants to gently yet thoroughly cleanse the scalp and hair. Available Scents Baby Powder: Relive the comforting aroma of Baby Powder. This scent offers a soft, gentle fragrance that evokes a sense of warmth and coziness. White Musk: Indulge in the sensual and sophisticated aroma of White Musk. This fragrance offers a rich, warm scent that adds a touch of luxury to cold winter days. Cherry Blossom: Experience the delicate beauty of spring with Cherry Blossom. This light, floral scent is reminiscent of blooming cherry trees, filling the air with a sense of renewal. Features Addresses dry dandruff and scalp Promotes hair growth Enhances shine Gentle cleansing without irritating the scalp Hair Concerns Dry Scalp Hair Growth Hair Types Suitable for all hair types Made In South Korea How to use Wet hair and scalp with water. Massage product into the scalp and create lather. Massage hair and scalp. Rinse thoroughly with lukewarm water. Ingredients Key Highlights Caffeine Panthenol Niacinamide Salicylic Acid Ingredient Highlights Paraben-Free Silicone-Free Oil-Free","KUNDAL","Hair Care","KUNDAL, Hair Care",TRUE,Title,Default Title,KUNDAL-8757764227308,607,shopify,100,deny,manual,https://cdn.shopify.com/s/files/1/0515/4589/9157/files/Caffeine_Shampoo.png?v=1754431722
kundal-kundal-tea-tree-macadamia-deep-cleansing-shampoo-500ml,"KUNDAL Tea Tree & Macadamia Deep Cleansing Shampoo (500ml)","An invigorating deep cleansing shampoo enriched with tea tree extract and peat water. KUNDAL Tea Tree &amp; Macadamia Deep Cleansing Shampoo is infused with 43 different natural extracts to nurture and rejuvenate the hair. It contains gentle plant-derived surfactants to gently yet deeply cleanse the scalp without irritation. It is pH-balanced to promote healthier scalp and hair. With 10,000 ppm Tea Tree Leaf Extract &amp; 5,000 ppm Peat Water, the scalp is left moisturized and free from impurities. White Musk: Indulge in the sensual and sophisticated aroma of White Musk. This fragrance offers a rich, warm scent that adds a touch of luxury to cold winter days. Baby Powder: Relive the comforting aroma of Baby Powder. This scent offers a soft, gentle fragrance that evokes a sense of warmth and coziness. Cherry Blossom: Experience the delicate beauty of spring with Cherry Blossom. This light, floral scent is reminiscent of blooming cherry trees, filling the air with a sense of renewal. Features Plant-derived sulfate cleanses gently and effectively Moisturizing for scalp and hair pH-balanced Over 40 different plant-derived extract Hair Concerns Dry Scalp Hair Types Suitable for all hair types Made In South Korea How to use Wet hair and scalp with water. Massage product into the scalp and create lather. Massage hair and scalp. Rinse thoroughly with lukewarm water. Ingredients Key Highlights 10,000 ppm Tea Tree Leaf Extract 5,000 ppm Peat Water 4,000 ppm Macadamia Seed Extract Ingredient Highlights Paraben-Free Silicone-Free Sulfate-Free","KUNDAL","Hair Care","KUNDAL, Hair Care",TRUE,Title,Default Title,KUNDAL-8757776548076,474,shopify,100,deny,manual,https://cdn.shopify.com/s/files/1/0515/4589/9157/files/500.png?v=1735333660
kundal-kundal-protein-bonding-shampoo-500ml,"KUNDAL Protein Bonding Shampoo (500ml)","Spa-like hair care to strengthen and smooth damaged hair KUNDAL Protein Bonding Shampoo helps you achieve salon-like hair care at home. It revitalizes fragile and damaged hair with the patented Bonding Technology™ which penetrates proteins and moisture deep into the hair cuticle, making the hair stronger and healthier. Unlock a beautiful, luminous shine with the Pink Glam Complex of Provence Rose, Tulip, and Hibiscus extracts. Violet Muguet: Experience the delicate and floral fragrance of Violet Muguet. This perfume evokes a fresh, spring-like feeling that brightens up any day Features Double care bonding technology Increases hair strength and repairs damaged hair Infuses hair with moisture Effectively cleans while balancing pH Pink-Glam Complex leaves hair soft and silky Hair Concerns Damaged Hair Dry Hair Split Ends Frizzy Hair Hair Types All hair types. Made In South Korea How to use Take an adequate amount of shampoo, apply all over the scalp and hair and rinse off with water. Key Ingredients Protein Bonding System: strengthens hair Hydro Booster: 6 types of hyaluronic acid to moisturize Ingredient Highlights Mineral-Oil Free Silicone-Free Paraben-Free Sulfate-Free","KUNDAL","Hair Care","KUNDAL, Hair Care",TRUE,Title,Default Title,KUNDAL-8757730377964,650,shopify,100,deny,manual,https://cdn.shopify.com/s/files/1/0515/4589/9157/files/Protein_Shampoo.png?v=1754431922
kundal-kundal-airy-volume-hyaluron-treatment-500ml,"KUNDAL Airy Volume Hyaluron Treatment (500ml)","A hyaluronic acid infused treatment that delivers moisture deep into the scalp and hair. KUNDAL Airy Volume Hyaluron Treatment helps to maintain the scalp's oil-water balance and promotes healthy, voluminous hair that is light as air. Hyaluronic plumping technology delivers moisture deep into the scalp and hair. It also contains Blue Marine Complex to nourish and strengthen damaged hair. Featuring a floral Blossom Breeze fragrance. Features Lightweight, volumizing formula Floral fragrance Skin irritation test completed Moisturizing and repairs damaged hair Hair Concerns Damaged Hair Flat Hair Dry Hair Hair Types Suitable for all hair types Made In South Korea How to use Massage product into the scalp and hair. Rinse thoroughly. Key Highlights Hyaluronic Acid Ingredient Highlights Sulfate-Free Mineral Oil Free Paraben-Free Silicone-Free","KUNDAL","Hair Care","KUNDAL, Hair Care",TRUE,Title,Default Title,KUNDAL-8757747745004,512,shopify,100,deny,manual,https://cdn.shopify.com/s/files/1/0515/4589/9157/files/Remove_background_project.png?v=1735326654
kundal-kundal-protein-bonding-no-wash-treatment-130ml,"KUNDAL Protein Bonding No Wash Treatment (130ml)","Spa-like hair care to strengthen and smooth damaged hair KUNDAL Protein Bonding No Wash Treatment helps you achieve salon-like hair care at home. It revitalizes fragile and damaged hair with the patented Bonding Technology™ which penetrates proteins and moisture deep into the hair cuticle, making the hair stronger and healthier. Unlock a beautiful, luminous shine with the Pink Glam Complex of Provence Rose, Tulip, and Hibiscus extracts. Violet Muguet: Experience the delicate and floral fragrance of Violet Muguet. This perfume evokes a fresh, spring-like feeling that brightens up any day Features Double care bonding technology Increases hair strength and repairs damaged hair Infuses hair with moisture Pink-Glam Complex leaves hair soft and silky Leave on treatment that also prevents heat damage Hair Concerns Damaged Hair Dry Hair Split Ends Frizzy Hair Hair Types All hair types Made In South Korea How to use Wet hair: After shampooing, evenly apply entire hair and tip of damaged hair except for scalp and absorb. Dry hair: Apply extremely small amount of the product on damaged area and absorb to prevent hair lumps. Tip: When applied on hair before using heat devices, it minimizes hair damage. Key Ingredients Protein Bonding System: strengthens hair Hydro Booster: 6 types of hyaluronic acid to moisturize Ingredient Highlights Mineral-Oil Free Paraben-Free Sulfate-Free","KUNDAL","Hair Care","KUNDAL, Hair Care",TRUE,Title,Default Title,KUNDAL-8757738406124,569,shopify,100,deny,manual,https://cdn.shopify.com/s/files/1/0515/4589/9157/files/KUNDAL_Protein_Bonding_No_Wash_Treatment_130ml.png?v=1766255227
kundal-kundal-head-spa-scalp-care-scalp-tonic-100ml,"KUNDAL Head Spa & Scalp Care+ Scalp Tonic (100ml)","Spa-like hair care tonic to prevent hair loss KUNDAL Head Spa &amp; Scalp Care+ Scalp Tonic is an anti-hair loss tonic, crafted with the essence of vegetable caffeine green bean extract from a centuries-old Italian TESTA tradition. Green coffee bean caffeine helps prevent hair loss and stimulate the hair follicle, leading to more growth. Kundal Scalp Tonic improves blood circulation to the scalp which in turn delivers oxygen and other nutrients to the scalp and promotes healthy hair follicles. It also soothes the scalp thanks to like pine tree leaf extract, tea tree oil and peppermint extracts. It is free of harmful ingredients and uses only the best, natural ingredients to promote a healthier scalp and hair. Features Rejuvenating scalp relief Promotes healthier scalp for healthier hair Stimulates blood circulation and hair follicles Free of harmful ingredients Hair Concerns Hair Loss Hair Types All hair types. Made In South Korea How to use Shake before use Towel dry hair and apply appropriate amount onto scalp. Massage gently for 1-2 minutes. Ingredients Key Ingredients Caffeine: moisturizes and restore oil-water balance Pinus Densiflora Leaf Extract: anti-oxidant, anti-inflammatory and soothing Ingredient Highlights Mineral-Oil Free Silicone-Free Paraben-Free Sulfate-Free","KUNDAL","Hair Care","KUNDAL, Hair Care",TRUE,Title,Default Title,KUNDAL-8757727166700,607,shopify,100,deny,manual,https://cdn.shopify.com/s/files/1/0515/4589/9157/files/KUNDAL_Head_Spa_Scalp_Care_Scalp_Tonic_100ml.png?v=1771864599
kundal-kundal-dandruff-relief-shampoo-500ml,"KUNDAL Dandruff Relief Shampoo (500ml)","A deep cleansing shampoo for dry scalp and dandruff concerns. KUNDAL Dandruff Relief Shampoo is specifically formulated to address the symptoms of dry dandruff and scalp. It is formulated with natural like Camellia extract, a blend of 20 peptides, and persimmon extract, providing moisture and gentle exfoliation for the scalp. Anti-inflammatory Piroctone Olamine tackles the root cause of dandruff and soothes the irritation and itching associated with it. Features Addresses dry dandruff and scalp Soothes irritation and redness Moisturizing Hair Concerns Dry Scalp Dandruff &amp; Itchy Scalp Hair Types Suitable for all hair types Made In South Korea How to use Wet hair and scalp with water. Massage product into the scalp and create lather. Massage hair and scalp. Rinse thoroughly with lukewarm water. Ingredients Key Highlights Camellia extract Peptides Piroctone Olamine Ingredient Highlights Sulfate-Free Paraben-Free Silicone-Free Oil-Free","KUNDAL","Hair Care","KUNDAL, Hair Care",TRUE,Title,Default Title,KUNDAL-8757753970924,607,shopify,100,deny,manual,https://cdn.shopify.com/s/files/1/0515/4589/9157/files/KUNDAL_Dandruff_Relief_Shampoo_500ml.png?v=1766255225
kundal-kundal-airy-volume-hyaluron-shampoo-500ml,"KUNDAL Airy Volume Hyaluron Shampoo (500ml)","A hyaluronic acid infused shampoo for bouncy, full-bodied hair that lasts all day. KUNDAL Airy Volume Hyaluron Shampoo helps to maintain the scalp's oil-water balance and promotes healthy, voluminous hair that is light as air and lasts all day. Hyaluronic plumping technology delivers moisture deep into the scalp and hair. It is enriched with AHA and PHA to remove dead skin cells, dirt and impurities from the scalp. Featuring a floral Blossom Breeze fragrance. Features Lightweight, volumizing formula Floral fragrance Skin irritation test completed Cleanses and gently exfoliates scalp Hair Concerns Damaged Hair Flat Hair Dry Hair Hair Types Suitable for all hair types Made In South Korea How to use Massage product into the scalp and hair to create lather. Rinse thoroughly with lukewarm water. Follow with KUNDAL Airy Volume Hyaluron Treatment. Key Highlights Hyaluronic Acid Ingredient Highlights Paraben-Free Silicone-Free Alcohol-Free","KUNDAL","Hair Care","KUNDAL, Hair Care",TRUE,Title,Default Title,KUNDAL-8757750726892,512,shopify,100,deny,manual,https://cdn.shopify.com/s/files/1/0515/4589/9157/files/file_4.png?v=1735326619
kundal-kundal-macadamia-hair-serum-100ml,"KUNDAL Macadamia Hair Serum (100ml)","A concentrated premium essential oil hair serum infused with natural extracts. KUNDAL Macadamia Hair Serum provides concentrated care for your hair, free from water and alcohol. It is infused with 16 different natural extracts, plant-derived squalane, and macadamia seed oil to deeply nourish, protect, and add shine to the hair. It is lightweight and absorbs quickly, so there is no sticky feeling left behind. KUNDAL's Signature Fragrances: White Musk: Indulge in the sensual and sophisticated aroma of White Musk. This fragrance offers a rich, warm scent that adds a touch of luxury to cold winter days. Cherry Blossom: Experience the delicate beauty of spring with Cherry Blossom. This light, floral scent is reminiscent of blooming cherry trees, filling the air with a sense of renewal. Baby Powder: Relive the comforting aroma of Baby Powder. This scent offers a soft, gentle fragrance that evokes a sense of warmth and coziness. Amber Vanilla: Warm up with the inviting blend of Amber Vanilla. This fragrance combines the sweetness of vanilla with the depth of amber, creating a scent that's as comforting as a warm blanket. Features Lightweight, non-sticky formula absorbs quickly Highly concentrated Moisturizing and repairing for damaged hair Hair Concerns Damaged Hair Dry Hair Hair Types All hair types Made In South Korea How to use Take an appropriate amount of product and apply evenly to wet hair. It can be used all over or specifically on damaged areas. TIP: Depending on the damage of the hair, it's more effective to reapply more frequently. Key Highlights Macadamia Ternifolia Seed Oil Plant-Derived Squalane Ingredient Highlights Alcohol-Free Paraben-Free","KUNDAL","Hair Care","KUNDAL, Hair Care",TRUE,Title,Default Title,KUNDAL-8757388804332,450,shopify,100,deny,manual,https://cdn.shopify.com/s/files/1/0515/4589/9157/files/KUNDAL_Macadamia_Hair_Serum_100ml_1.png?v=1766255227
kundal-kundal-honey-macadamia-pure-body-wash-500ml,"KUNDAL Honey & Macadamia Pure Body Wash (500ml)","An aloe vera infused, moisturizing body wash. KUNDAL Honey &amp; Macadamia Pure Body Wash is packed with 33 different natural extracts, including moisturizing Honey Extract and upgraded Macadamia Ternifolia Seed Extract, plus other plant-derived natural oils that pamper the skin and leave it revitalized. It is pH-balanced and gentle, so it will not strip the skin's moisture barrier. This clean beauty product tested negative for 10 harmful . KUNDAL's Signature Fragrances: Baby Powder: Relive the comforting aroma of Baby Powder. This scent offers a soft, gentle fragrance that evokes a sense of warmth and coziness. White Musk: Indulge in the sensual and sophisticated aroma of White Musk. This fragrance offers a rich, warm scent that adds a touch of luxury to cold winter days. Cherry Blossom: Experience the delicate beauty of spring with Cherry Blossom. This light, floral scent is reminiscent of blooming cherry trees, filling the air with a sense of renewal. Pink Grapefruit: Energize your senses with the zesty aroma of Pink Grapefruit. This invigorating scent is a burst of citrusy freshness, perfect for hot summer days. Amber Vanilla: Warm up with the inviting blend of Amber Vanilla. This fragrance combines the sweetness of vanilla with the depth of amber, creating a scent that's as comforting as a warm blanket. Basil &amp; Citrus: An aroma that makes you think of juicy fruits like oranges and lemons. The aromatic and sweet fragrance mingles with rose petals and the finish ends with notes of vetiver. Features Moisturizing body wash infused with aloe vera and natural extracts Gel type that lathers easily pH-balanced Free from 10 harmful ingredients Skin Concerns Dehydrated Skin Skin Types Suitable for all skin types Made In South Korea How to use Take an adequate amount of product and apply to body in the shower, creating a strong lather. Rinse thoroughly. Ingredients Key Highlights Aloe Barbadensis Leaf Juice Honey Extract Macadamia Ternifolia Seed Extract Ingredient Highlights Mineral Oil Free Paraben-Free Silicone-Free Alcohol-Free","KUNDAL","Bath & Body","KUNDAL, Bath & Body",TRUE,Title,Default Title,KUNDAL-8757373796588,474,shopify,100,deny,manual,https://cdn.shopify.com/s/files/1/0515/4589/9157/files/KUNDAL_Honey_Macadamia_Pure_Body_Wash_500ml.png?v=1766255226
kundal-kundal-honey-macadamia-shampoo,"KUNDAL Honey & Macadamia Shampoo","Plant based fragrant shampoo for smooth, healthy hair. KUNDAL Honey &amp; Macadamia Shampoo uses clean, natural hair extracts for hair revitalization. Featuring honey and macadamia, these are well known to be highly nourishing and moisturizing for the hair. The formula is free of unnecessary chemicals and is weakly acidic to provide the ideal pH balance for healthy hair and scalp. Available Scents: Baby Powder: Relive the comforting aroma of Baby Powder. This scent offers a soft, gentle fragrance that evokes a sense of warmth and coziness. White Musk: Indulge in the sensual and sophisticated aroma of White Musk. This fragrance offers a rich, warm scent that adds a touch of luxury to cold winter days. Cherry Blossom: Experience the delicate beauty of spring with Cherry Blossom. This light, floral scent is reminiscent of blooming cherry trees, filling the air with a sense of renewal. Pink Grapefruit: Energize your senses with the zesty aroma of Pink Grapefruit. This invigorating scent is a burst of citrusy freshness, perfect for hot summer days. Amber Vanilla: Warm up with the inviting blend of Amber Vanilla. This fragrance combines the sweetness of vanilla with the depth of amber, creating a scent that's as comforting as a warm blanket. Features 44 types of plant-derived ingredients pH balanced formula Moisturizes and adds shine to tame frizzy hair Fragrant, long-lasting scent Hair Concerns Damaged hair Dry Hair Frizzy Hair Hair Types All hair types Made In South Korea How to use Take an adequate amount of shampoo, apply all over the scalp and hair and rinse off with water. Ingredients Key Highlights Honey Macadamia Ingredient Highlights Sulfate-Free Alcohol-Free Mineral Oil Free Paraben-Free Silicone-Free","KUNDAL","Hair Care","KUNDAL, Hair Care",TRUE,Title,Default Title,KUNDAL-8756097548524,132,shopify,100,deny,manual,https://cdn.shopify.com/s/files/1/0515/4589/9157/files/KUNDAL_Honey_Macadamia_Shampoo.png?v=1766255226
kundal-kundal-honey-macadamia-protein-treatment,"KUNDAL Honey & Macadamia Protein Treatment","Plant based fragrant protein treatment for smooth, healthy hair. KUNDAL Honey &amp; Macadamia Protein Treatment uses clean, natural hair extracts for hair revitalization. Featuring low-molecular weight polypeptides and hydrolyzed protein along with honey and macadamia, these work in synergy to repair and deeply nourish damage hair. The formula is free of unnecessary chemicals and is weakly acidic to provide the ideal pH balance for healthy hair and scalp. Available Scents: Baby Powder (500ml/100ml): Relive the comforting aroma of Baby Powder. This scent offers a soft, gentle fragrance that evokes a sense of warmth and coziness. White Musk (500ml/100ml): Indulge in the sensual and sophisticated aroma of White Musk. This fragrance offers a rich, warm scent that adds a touch of luxury to cold winter days. Cherry Blossom (500ml): Experience the delicate beauty of spring with Cherry Blossom. This light, floral scent is reminiscent of blooming cherry trees, filling the air with a sense of renewal. Pink Grapefruit (500ml): Energize your senses with the zesty aroma of Pink Grapefruit. This invigorating scent is a burst of citrusy freshness, perfect for hot summer days. Amber Vanilla (500ml): Warm up with the inviting blend of Amber Vanilla. This fragrance combines the sweetness of vanilla with the depth of amber, creating a scent that's as comforting as a warm blanket. Features 29 types of plant-derived ingredients pH balanced formula Moisturizes and adds shine to tame frizzy hair Features low molecular weight polypeptides and hydrolyzed protein to repair hair Fragrant, long-lasting scent Hair Concerns Damaged hair Dry Hair Frizzy Hair Hair Types All hair types Made In South Korea How to use After shampoo, apply a generous amount of treatment evenly to scalp and hair. Rinse off with warm water after 2~3 minutes. Ingredients Key Highlights Honey Macadamia Low Molecular Weight Polypeptides Hydrolyzed Protein Ingredient Highlights Sulfate-Free Mineral Oil Free Paraben-Free","KUNDAL","Hair Care","KUNDAL, Hair Care",TRUE,Title,Default Title,KUNDAL-8757552218348,474,shopify,100,deny,manual,https://cdn.shopify.com/s/files/1/0515/4589/9157/files/ORIG_KUNDAL_Honey___Macadamia_Protein_Treatment-removebg-preview.png?v=1766255226
laneige-bouncy-firm-sleeping-mask-60ml,"Bouncy & Firm Sleeping Mask (60ml)","Experience the ultimate in overnight restoration with this high-fidelity firming mask. Engineered with LANEIGE's proprietary Peony & Collagen Complex™, it delivers a comprehensive 'slow aging' treatment that visibly plumps and firms the skin while you sleep. The innovative melting glow capsules mimic skin-identical lipids to reinforce the moisture barrier, while micro-sized Peptides help preserve natural collagen. Wake up to a visibly smoother, more radiant, and resilient complexion that glows with youthful vitality.","LANEIGE","Masks","LANEIGE, Masks",TRUE,Title,Default Title,LANEIGE-9120818102508,45,shopify,100,deny,manual,https://cdn.shopify.com/s/files/1/0515/4589/9157/files/LANEIGE_Bouncy_Firm_Sleeping_Mask_60ml.png?v=1771866375
laneige-water-bank-blue-hyaluronic-intensive-moisture-cream-50ml,"Water Bank Blue Hyaluronic Intensive Moisture Cream (50ml)","A clinical-strength moisture barrier treatment powered by next-generation Blue Hyaluronic Acid. This high-fidelity cream delivers up to 100 hours of intense hydration using micro-sized molecules that penetrate deeper and faster than traditional HA. Fortified with Pepta-Panthenol Complex™ and Squalane, it provides immediate relief for dry, compromised skin while unveiling a healthy, hydrated glow. The silk-soft formula reinforces the skin's natural defenses, ensuring a resilient and luminous finish.","LANEIGE","Moisturizers","LANEIGE, Moisturizers",TRUE,Title,Default Title,LANEIGE-9050763919596,550,shopify,100,deny,manual,https://cdn.shopify.com/s/files/1/0515/4589/9157/files/LANEIGE_Water_Bank_Hyaluronic_Intensive_Moisture_Cream_50ml.png?v=1771866293
laneige-water-bank-blue-hyaluronic-intensive-gel-cream-50ml,"Water Bank Blue Hyaluronic Intensive Gel Cream (50ml)","An innovative, ultra-lightweight gel cream engineered with Blue Hyaluronic Acid micro-particles for precision hydration. This high-fidelity formula features unique cream beads that burst upon contact to deliver intense moisture without heaviness. Infused with cooling Mint Leaf Extract to regulate oil balance and minimize shine, it is the perfect solution for oily to combination skin seeking a perfectly matte yet hydrated finish. Experience 48 hours of weightless, cooling comfort and visible skin repair.","LANEIGE","Moisturizers","LANEIGE, Moisturizers",TRUE,Title,Default Title,LANEIGE-9050763264236,550,shopify,100,deny,manual,https://cdn.shopify.com/s/files/1/0515/4589/9157/files/LANEIGE_Water_Bank_Hyaluronic_Intensive_Gel_Cream_50ml.png?v=1771866707
laneige-water-sleeping-mask-70ml,"Water Sleeping Mask (70ml)","The global bestseller that revolutionized overnight skincare, now in its most advanced formulation. This high-fidelity sleeping mask is engineered with a proprietary Probiotic-Derived Complex to strengthen the skin's defense while micro-sized Squalane delivers intense, breathable hydration. Designed to work in harmony with your skin's circadian rhythm, it purifies and revitalizes tired skin overnight. Wake up to a visibly brighter, smoother, and deeply hydrated complexion that radiates with a healthy 'glass skin' glow.","LANEIGE","Masks","LANEIGE, Masks",TRUE,Title,Default Title,LANEIGE-5707,45,shopify,100,deny,manual,https://cdn.shopify.com/s/files/1/0515/4589/9157/files/LANEIGE_Water_Sleeping_Mask_70ml.png?v=1766256201
laneige-lip-sleeping-mask-berry-20g,"Lip Sleeping Mask [Berry] (20g)","The iconic, award-winning lip treatment that delivers high-fidelity overnight repair for a perfectly soft pout. Formulated with LANEIGE's exclusive Moisture Wrap™ technology and a potent Berry Mix Complex™, it creates a protective film over the lips to lock in moisture and active ingredients. Rich in Vitamin C and antioxidants, this luxurious mask gently dissolves dead skin cells while you sleep, revealing smooth, supple, and deeply nourished lips by morning. An essential step for a flawless, hydrated smile.","LANEIGE","Lip Care","LANEIGE, Lip Care",TRUE,Title,Default Title,LANEIGE-5708,45,shopify,100,deny,manual,https://cdn.shopify.com/s/files/1/0515/4589/9157/files/Laneige_Berry.png?v=1757301542
laneige-cica-sleeping-mask-60ml,"Cica Sleeping Mask (60ml)","A high-fidelity therapeutic overnight mask specifically engineered for sensitive and stressed skin. Powered by LANEIGE's proprietary 'Forest Yeast'—a potent Cica ingredient derived from naturally fermented forest vines—it provides 111.9% more effective skin repair than traditional madecassoside. This hypoallergenic formula works during the skin's golden repair hours to strengthen the moisture barrier and soothe deep-seated irritation. Experience intensive recovery that leaves your skin feeling calm, resilient, and profoundly hydrated.","LANEIGE","Masks","LANEIGE, Masks",TRUE,Title,Default Title,LANEIGE-5714,45,shopify,100,deny,manual,https://cdn.shopify.com/s/files/1/0515/4589/9157/files/LANEIGE_Cica_Sleeping_Mask_60ml.png?v=1766256200
lululun-lululun-premium-kyoto-green-tea-sheet-mask-kyoto-limited-release,"LULULUN Premium Kyoto Green Tea Sheet Mask - Kyoto Limited Release","Limited edition Kyoto Tea Flower Fragrance from the Traveling Lululun series. LULULUN Premium Kyoto Green Tea Sheet Mask c ontains Uji tea leaf extract from Kyoto that smooths the skin. Each sheet is infused with naturally-derived green tea grown in the region, providing gentle and elegant fragrance while nourishing your skin. This mask targets fine lines and wrinkles, smoothing the skin and adds a radiating glow. Relax with the rich scent of tea and i ndulge in the beauty secrets of Kyoto. Features Thick and fluffy sheet mask Tighten skin and prevent wrinkles Smooths skin and adds glow Skin Concern Dullness Anti-aging Dehydrated skin Skin Types All Skin Types, Suitable for sensitive skin Made In Japan How to use Apply the mask to clean skin. Place the mask over eye area first, then spread over entire face. Leave it for 10-15 minutes. Apply the remaining essence on your body such as décolleté and neck, spreading to arms and legs. Then follow with a moisturizer. Key Ingredients Uji tea extracts Loquat leaf extracts Silkworm cocoon extracts Ingredient Highlights Silicone-Free Sulfate-Free Mineral Oil-Free","Lululun","Masks","Lululun, Masks",TRUE,Title,Default Title,LULULUN-8630537191660,45,shopify,100,deny,manual,https://cdn.shopify.com/s/files/1/0515/4589/9157/files/tea-product1_2_1680x_a2f3d333-00e4-4057-97d6-dca6cc2c1e96.jpg?v=1724336281
lululun-lululun-aura-bright-face-mask,"LULULUN Aura Bright Face Mask","A romantic blend of heritage, nature, and beauty, for skin that blossoms LULULUN Aura Bright Face Mask tackles the cause of dull skin rom multiple angles. It contains a balanced blend of skin-conditioning beauty , including pure vitamin C, salmon-derived DNA-Na, glutathione, as well as and ultra-fine gold particles for firming and radiance! The milky-white toner texture is skin-friendly and can be easily absorbed, penetrating smoothly into the stratum corneum while preventing moisture evaporation, resulting in a hydrated glow. Features Thick sheets that hydrates and is a ntioxidant rich Supports firmness, bounce, and skin elasticity Enhances glow and improves luminosity while reducing signs of fatigue Skin Concern Dullness Dryness Rough Skin Uneven Skin Skin Types All Skin Types, Suitable for sensitive skin Made In Japan How to use Apply the mask to clean skin. Place the mask over eye area first, then spread over entire face. Leave it for 10-15 minutes. Apply the remaining essence on your body such as décolleté and neck, spreading to arms and legs. Then follow with a moisturizer. Ingredients Key Ingredients Salmon DNA : P rovides skin with softness and elasticity, creating a plump and firm texture. Glutathione : A ntioxidant that helps clarify and even out skin tone Ceramides : Strengthens, protects and reinforces your skin barrier. Ingredient Highlights Silicone-Free Sulfate-Free Alcohol-Free Paraben-Free Mineral Oil-Free","Lululun","Masks","Lululun, Masks",TRUE,Title,Default Title,LULULUN-9073609343212,45,shopify,100,deny,manual,https://cdn.shopify.com/s/files/1/0515/4589/9157/files/LULULUN_Aura_Bright_Face_Mask.png?v=1771866121
lululun-lululun-strawberry-face-mask-tochigi-limited-release,"LULULUN Strawberry Face Mask - Tochigi Limited Release","A mask that fully contains the magic of sweet strawberries from Tochigi Prefecture LULULUN Strawberry Face Mask is infused with the essence of premium strawberries, rich in polyphenols that firm, lift, and give your skin a radiant glow. The inclusion of Tochigi strawberry extract will gently exfoliate dead skin cells, reducing clogged pores, leaving skin looking bright and radiant. Combined with ECTOINE, a natural protein extract, it also balances the skin, reduces wrinkles and is great for targeting signs of aging! Enjoy the strawberry polyphenols on your skin and a summer scent! Features Ultra-thick fluffy sheet with 3-layers Supports the skin's natural ability to retain moisture Rich in antioxidants and vitamin C Skin Concern Anti-Aging Dullness Redness &amp; Irritation Dryness Skin Types All Skin Types, Suitable for sensitive skin Made In Japan How to use Apply the mask to clean skin. Place the mask over eye area first, then spread over entire face. Leave it for 10-15 minutes. Apply the remaining essence on your body such as décolleté and neck, spreading to arms and legs. Then follow with a moisturizer. Key Ingredients Tochiotome Strawberry Extract/Strawberry Seed Extract : An antioxidant and ellagic acid that can help brighten the skin so that the skin looks bright, radiant, healthy Hyaluronic Acid : Stays on the surface of the skin like a well-formed veil to retain moisture. Ingredient Highlights Silicone-Free Sulfate-Free Alcohol-Free Mineral Oil-Free","Lululun","Masks","Lululun, Masks",TRUE,Title,Default Title,LULULUN-8635028799724,45,shopify,100,deny,manual,https://cdn.shopify.com/s/files/1/0515/4589/9157/files/15_88a8219c-af97-411f-8341-dbbb37bbad7c.png?v=1724691758
medi-flower-medi-flower-bonita-garden-hand-cream-set-75gx6,"MEDI FLOWER Bonita Garden Hand Cream Set (75gx6)","A premium hand cream set in a variety of captivating fragrances. MEDI FLOWER Bonita Garden Hand Cream Set presents moisturizing hand cream with 6 scents from naturally-derived , all of which deliver intense hydration and nourishment to the hands. It f eatures 3 types of fermented ingredients and 4 types of oriental fruits extracts that help to soothe sensitive skin and keep the skin smooth. Scents: Torreya Top: Hesperidic, Green Middle: Rose Jasmine, Tuberose, Lily Base: Woody, Musk, Hyacinth King Cherry Blossom Top: Green Floriental Middle: Floral bouquet, Rose, Orchid Base: Amber Fruity woody Hallabong Top: Lime, Water Mint, Grapefruit Middle: Ozone, Chypre floral Base: Musk, Amber, Sandalwood Canola Top: Lime, Green, Citrus Middle: Lily, Muguet, Rose, Jasmine Base: Cedarwood, Amber, Musk, Woody Chamomile Top: Hyacinth, Green glass Middle: Floral bouquet, rose, orchid Base: Musk, Woody, Amber, Cedarwood Joritdae Top: Hesperidic, Fresh Citrus Middle: Acqua, Fruity, Woody Base: Marine, Floral, Musk Features Delicate and silky moisturizers for the hands Contains Shea Butter, Hyaluronic Acid, Sunflower Seed Extract Great for gifting Skin Types All skin types Made In South Korea How to use Apply a moderate amount on the hands and massage gently for better absorption. Ingredients Key Ingredients Hyaluronic &amp; Polyglutamic Acid : Absorb Moisture from the air and keep preventing the moisture from leaving. Sheabutter &amp; Avocado Oil : Has rich in mineral which helps to keep moisturized and gives nutrition. Natural HG(fermented complex) + Oriental Beauty Fruits Newplex : It promotes your skin healthy and glowing by calming and hydrating. Ingredient Highlights Paraben-Free Sulfate-Free","MEDI FLOWER","Bath & Body","MEDI FLOWER, Bath & Body",TRUE,Title,Default Title,MEDIFLOWER-9110764486892,475,shopify,100,deny,manual,https://cdn.shopify.com/s/files/1/0515/4589/9157/files/medi-flower-bonita-garden-hand-cream-set-8809116503465-7284582.png?v=1766178398
medipeel-medipeel-red-lacto-collagen-wrapping-mask-70ml,"MEDIPEEL Red Lacto Collagen Wrapping Mask (70ml)","Silicone-free brightening cream to fade dark spots and even skin tone. AXIS-Y TXA 2.5% Intensive Brightening Cream is a gentle yet effective formula designed to target dullness and uneven skin tone while delivering deep hydration. Infused with 2.5% Tranexamic Acid, 2.5% Niacinamide, and Glutathione, this nourishing, silicone-free cream works to visibly fade dark spots, refine tone, and restore luminosity. The soft, balm-like texture melts seamlessly into the skin, providing a soothing and silky finish that supports smoother, brighter, and more balanced skin. Features Brightens and evens skin tone Deeply hydrates and nourishes Soothes and comforts Silky, balm-like texture Skin Concerns Dark Spots Hyperpigmentation Dehydrated skin Skin Types Suitable for all skin types, including sensitive skin Made In South Korea How to use Apply a pea-sized amount and gently press into the skin to help it absorb. Key Ingredients Tranexamic Acid 2.5%: Helps fade dark spots and discoloration for a clearer, more even complexion Niacinamide 2.5%: Refines uneven tone and strengthens the skin barrier for a smooth, luminous finish Glutathione: A powerful antioxidant that supports brighter, healthier-looking skin Ceramide: Locks in moisture and reinforces the skin barrier to prevent dryness Hyaluronic Acid: Deeply hydrates and plumps the skin, helping to restore a soft, supple feel Cica &amp; Heartleaf: Gently calm irritation and support balanced, healthy skin — perfect for sensitive skin Ingredient Highlights Sulfate-Free Mineral Oil Free Cruelty-Free Fragrance-Free Paraben-Free Alcohol-Free Silicone-FRee","MEDIPEEL","Masks","MEDIPEEL, Masks",TRUE,Title,Default Title,MEDIPEEL-9083753234668,45,shopify,100,deny,manual,https://cdn.shopify.com/s/files/1/0515/4589/9157/files/MEDIPEEL_Red_Lacto_Collagen_Wrapping_Mask_70ml.png?v=1771867524
medipeel-medipeel-phyto-exosome-pdrn-lifting-shot-eye-cream-40ml,"MEDIPEEL Phyto Exosome PDRN Lifting Shot Eye Cream (40ml)","A cream with a lifting effect for mature skin, aimed at combating age-related changes in the areas around the eyes MEDIPEEL Phyto Exosome PDRN Lifting Shot Eye Cream reduces signs of aging and firms up the delicate skin around the eyes. The synergy of rejuvenating active helps smooth out the wrinkle network, eliminates swelling and dark circles, strengthens and tightens the skin, preventing the appearance of wrinkles. It also lifts, moisturizes, nourishes, stimulates regeneration, and prevents flaking and dryness. The active ingredients used will penetrate deep into the skin thanks to the inclusion of phyto exosomes and apple stem cells. Features Brightens and evens skin tone Non-irritating and prevents the formation of dark circles and crow's feet Soothes and comforts Silky, balm-like texture Skin Concerns Dark Spots Hyperpigmentation Dehydrated skin Skin Types Suitable for all skin types, including sensitive skin Made In South Korea How to use Apply the cream to the area around the eyes, avoiding contact with the mucous membrane, and distribute with light patting movements. Ingredients Key Ingredients Tranexamic Acid 2.5%: Helps fade dark spots and discoloration for a clearer, more even complexion Niacinamide 2.5%: Refines uneven tone and strengthens the skin barrier for a smooth, luminous finish Glutathione: A powerful antioxidant that supports brighter, healthier-looking skin Ceramide: Locks in moisture and reinforces the skin barrier to prevent dryness Hyaluronic Acid: Deeply hydrates and plumps the skin, helping to restore a soft, supple feel Cica &amp; Heartleaf: Gently calm irritation and support balanced, healthy skin — perfect for sensitive skin Ingredient Highlights Sulfate-Free Mineral Oil Free Cruelty-Free Fragrance-Free Paraben-Free Alcohol-Free Silicone-FRee","MEDIPEEL","Eye Care","MEDIPEEL, Eye Care",TRUE,Title,Default Title,MEDIPEEL-9083753103596,493,shopify,100,deny,manual,https://cdn.shopify.com/s/files/1/0515/4589/9157/files/Phyto_PDRN_Lifting_Shot.png?v=1765402813
medipeel-medipeel-premium-30-collagen-naite-thread-neck-cream-100ml,"MEDIPEEL Premium 3.0 Collagen Naite Thread Neck Cream (100ml)","An innovative peptide cream specially designed for the neck and décolleté MEDIPEEL Premium 3.0 Collagen Naite Thread Neck Cream is formulated with low-molecular-weight hydrolyzed collagen and a patented peptide ingredient from DSM in the UK to help reduce the appearance of fine lines and wrinkles. It is designed to provide a pronounced lifting effect, smoothing the skin and helping to fight skin creases. Features P acked with 97,500ppm of hydrolyzed collagen and peptides Deeply hydrates the skin from the surface to the underlying layers Defend against dryness and external irritation Filling gaps in the skin’s texture while restoring bounce Skin Concerns Dark Spots Pigmentation Uneven Skin Anti-Aging Dryness Skin Types Suitable for all skin types, including sensitive skin Made In South Korea How to use At the last stage of your basic skincare routine, spread a generous amount to the neck area. Massage gently to aid absorption. Key Ingredients Niacinamide : Refines uneven tone and h elps remove age spots. 5 Types of Peptides : I ncreases the firmness and elasticity of the skin, r educes the depth of wrinkles and prevents sagging skin. Collagen &amp; Adenosine : Locks in moisture, accelerates the regeneration of skin cells, thereby increasing firmness and elasticity and smooths out wrinkles. Hyaluronic Acid : Deeply hydrates and plumps the skin, helping to restore a soft, supple feel. Ingredient Highlights Sulfate-Free Mineral Oil-Free Paraben-Free Alcohol-Free","MEDIPEEL","Moisturizers","MEDIPEEL, Moisturizers",TRUE,Title,Default Title,MEDIPEEL-9083752939756,474,shopify,100,deny,manual,https://cdn.shopify.com/s/files/1/0515/4589/9157/files/Medipeel_Collagen_Naite_Thread.png?v=1765910565
medipeel-medipeel-retinol-collagen-lifting-cream-50ml,"MEDIPEEL Retinol Collagen Lifting Cream (50ml)","A n advanced anti-aging cream that combats sagging skin with retinol and retinal The Medi-Peel Retinol Collagen Lifting Cream has a powerful anti-aging effect, smooths wrinkles, reduces the appearance of pores, increasing elasticity and firmness. This biphasic cream consists of a classic creamy texture and a light gel, allowing you to adjust the density according to your skin's needs. For oily or combination skin, add more gel, while for normal to dry skin, add more cream. This makes the product ideal for use all year round. Features Deeply moisturizes, prevents dryness Improves skin uniformity and tone Customizable cream to gel ration 6 types of encapsulated retinol and collagen Reduces wrinkles and balances sebum production Skin Concerns Pigmentation Wrinkles Dryness Anti-Aging Uneven skin Skin Types Suitable for all skin types, including sensitive skin Made In South Korea How to use Use a spatula to scoop out the capsules and gel. Adjust the ratio according to your skin condition and gently apply it to the entire face. Key Ingredients Retinolgen™ : A combination of 6 types of encapsulated retinol and collagen that work deep in the skin Hydrolyzed Collagen : Moisturizes and prevents dryness. Panthenol : A ccelerates healing, soothes and relieves irritation, and restores the integrity of the epidermis. Niacinamide : Lightens pigmentation and prevents its appearance, normalizes sebum production, reduces shine in the T-zone (forehead, nose, cheeks and chin), and increases the protective functions of the skin. Cyanocobalamin : Moisturizes, soothes, suppresses inflammation, strengthens capillaries, and helps in the treatment of acne. Ingredient Highlights Sulfate-Free Mineral Oil Free Paraben-Free Alcohol-Free Silicone-Free","MEDIPEEL","Moisturizers","MEDIPEEL, Moisturizers",TRUE,Title,Default Title,MEDIPEEL-9083752710380,474,shopify,100,deny,manual,https://cdn.shopify.com/s/files/1/0515/4589/9157/files/MEDIPEEL_Retinol_Collagen_Lifting_Cream_50ml.png?v=1771607611
meditherapy-meditherapy-tranexamic-acid-skin-booster-cream-booster-cap-100ml,"MEDITHERAPY Tranexamic Acid Skin Booster Cream + Booster Cap (100ml)","Innovative all-in-one K-beauty cream and microcurrent booster device MEDITHERAPY Tranexamic Acid Skin Booster Cream with microcurrent booster cap is K-beauty innovation at its finest. This advanced formula combines 5% Niacinamide and 3% Tranexamic Acid to visibly brighten and even out your skin tone while improving clarity, elasticity, and radiance. The silky, fast-absorbing cream hydrates deeply without any sticky residue, making it comfortable for all skin types, including sensitive and blemish-prone skin. Clinically tested for low irritation, this K-beauty breakthrough offers professional-grade results at home, targeting dullness, fine lines, and dark spots effortlessly. Features Comes with re-usable microcurrent booster cap 770% increased absorption with microcurrent cap Silky, fast-absorbing, non-sticky cream Brightens and refines uneven skin tone Treats dullness, fine lines, pigmentation, and pores Skin Concerns Enlarged Pores Anti-aging Dullness Uneven Skin Pigmentation Skin Types Suitable for all skin types Made In KOREA 🇰🇷 How to use Apply the Skin Booster Cream evenly to clean, dry skin. Use the Booster Cap device on desired areas for 3 minutes, up to twice a day. Use Level 1 for sensitive zones such as eyes or lips. For manual use, gently massage the cream in upward strokes until absorbed. Avoid use on damaged or hypersensitive skin. Key Ingredients 5% Niacinamide: Brightens, smooths, and strengthens skin barrier 3% Tranexamic Acid: Reduces dark spots and discoloration 80,000ppm tone-refining complex: Targets dull tone and uneven texture Ingredient Highlights Sulfate-Free Paraben-Free Mineral-Oil Free Acohol-Free Fragrance-Free Silicone-Free","MEDITHERAPY","Moisturizers","MEDITHERAPY, Moisturizers",TRUE,Title,Default Title,MEDITHERAPY-9009780916460,550,shopify,100,deny,manual,https://cdn.shopify.com/s/files/1/0515/4589/9157/files/Meditherapy_Tranexamic_Acid_Skin_Booster.png?v=1759262632
meditherapy-meditherapy-tension-up-mask,"MEDITHERAPY Tension Up Mask","Quick and effective at-home face lift for a snatched V-line. MEDITHERAPY Tension Up Mask gives you an immediate lifted and sculpted V-line at home. This innovative mask sharpens your facial contours from the first application while diminishing puffiness and reducing double-chin volume. It firms sagging skin and smooths nasolabial folds, leaving your skin deeply hydrated and silky-soft without any stickiness. Featuring a triple-zone design that targets the cheekbones, jawline, and forehead, plus a high-elasticity hydrogel for a snug, comfortable fit, this mask delivers proven results. Powered by Matrixyl 3000, Centella, caffeine, and sea buckthorn, it enhances skin firmness and radiance for a youthful glow. Features Highly concentrated hydrogel to deliver Hydrating and refreshing finish Lifts and sculpts skin for a snatched V-lift Improvements seen after 4 weeks of use Skin Concerns Anti-aging Skin Types Suitable for all skin types Made In KOREA 🇰🇷 How to use Ensure skincare products are fully absorbed first Remove white film and apply pieces in following order: cheekbones, forehead, jawline Attach around the mouth area first then pull upward toward the eyes to lift the cheeks Attach forehead piece just above the brows, holding the two pointed ends and pull them upward to adjust Hold the ear hooks with both hands, position the center on the middle of the chin and gently press it behind the ears to secure Ingredients Key Ingredients Hippophae Phamnoides Fruit: nourish and improve skin elasticity Matrixyl 3000: stimulates collagen for a firm and tightening effect Centella Asiatica: supports collagen production for firmer, smoother skin Caffeine: reduces puffiness and energizes the skin for a fresh, glowing look Ingredient Highlights Sulfate-Free Paraben-Free Mineral-Oil Free","MEDITHERAPY","Masks","MEDITHERAPY, Masks",TRUE,Title,Default Title,MEDITHERAPY-9009779409132,45,shopify,100,deny,manual,https://cdn.shopify.com/s/files/1/0515/4589/9157/files/Meditherapy_Tension_Up_Mask.png?v=1759254012
meditherapy-meditherapy-wrinkle-fit-mask-7-pcs,"MEDITHERAPY Wrinkle-Fit Mask (7 PCs)","Top-selling anti-wrinkle mask with at-home needle roller for maximum effects MEDITHERAPY Wrinkle-Fit Mask soothes and deeply hydrates with a specially designed mesh sheet mask that works beneath the skin’s surface while the boosting roller gently firms and tightens for a revitalized look. Its high moisture-binding ability locks in hydration, enhancing skin elasticity and diminishing the look of wrinkles, leaving your skin nourished and supple. Combine the Wrinkle-Fit Mask with the Boosting Roller to maximize absorption and refresh your complexion. Inspired by Korean beauty, this easy-to-use home care set delivers firming and moisturizing effects that help maintain healthy, glowing skin. Features Restores skin elasticity with collagen and hyaluronic acid Counters skin sagging Reaches into fine lines and wrinkles Thread sheet coated with ampoule Best results with Wrinkle-Fit Needle Roller Skin Concerns Anti-aging Dullness Skin Types Suitable for all skin types Made In KOREA 🇰🇷 How to use After cleansing, apply toner to prepare your skin Place Wrinkle-Fit Sheet Mask on your face Gently roll the facial over your face for 10-15 minutes remove mask and lightly pat the remaining essence into your skin Key Ingredients Hyaluronic Acid: high moisture binding capacity helps with skin's elasticity and moisture Collagen: grants skin elasticity and helps maintain shine Volufiline: provides deep nourishment to the skin 9 types of peptides: aids in firming skin Ingredient Highlights Silicone-Free Sulfate-Free Mineral Oil-Free Paraben-Free","MEDITHERAPY","Masks","MEDITHERAPY, Masks",TRUE,Title,Default Title,MEDITHERAPY-9009777213676,45,shopify,100,deny,manual,https://cdn.shopify.com/s/files/1/0515/4589/9157/files/Meditherapy_Wrinkle-Fit_Mask.png?v=1759413395
meditherapy-meditherapy-retinal-skin-booster-serum-150ml,"MEDITHERAPY Retinal Skin Booster Serum (150ml)","All-in-one daily glow reset MEDITHERAPY Retinal Skin Booster Serum offers a powerful yet gentle formula ideal for sensitive and acne-prone skin. Enriched with retinal, it enhances skin texture and minimizes pores, while the calming Cica Biome Complex—featuring four plant extracts and Centella probiotics—soothes and protects. Its lightweight, fast-absorbing texture leaves no residue and works on both face and body to smooth dry, rough patches. With retinaldehyde’s superior absorption, it penetrates deeply to reduce redness and irritation. Regular use boosts radiance, refines texture, and improves skin firmness, visibly reducing wrinkles for a youthful glow within four weeks. Features Retinol suitable for beginners and sensitive skin Generous size for face and body Reduces wrinkles and boosts collagen Smooths rough texture and troubled skin Lightweight and watery texture Skin Concerns Anti-aging Rough skin Enlarged pores Dullness Uneven skin Skin Types Suitable for all skin types, including sensitive skin Made In KOREA 🇰🇷 How to use After completing your skincare routine, apply a moderate amount of the cream evenly across your face. Gently pat the cream into your skin to enhance absorption. Key Ingredients Retinal Liposome Cica Biome Centella-derived Probiotics Ingredient Highlights Vegan Sulfate-Free Paraben-Free Mineral-Oil Free Alcohol-Free Fragrance-Free","MEDITHERAPY","Serums","MEDITHERAPY, Serums",TRUE,Title,Default Title,MEDITHERAPY-9009778917612,450,shopify,100,deny,manual,https://cdn.shopify.com/s/files/1/0515/4589/9157/files/Meditherapy_Retinal_Skin_Booster_Serum.png?v=1759251172
meditherapy-meditherapy-wrinkle-fit-tangle-eye-patch-4-pairs,"MEDITHERAPY Wrinkle-Fit Tangle Eye Patch (4 Pairs)","Plump, smooth and brighten under-eyes and cheeks with these mega-sized patches Meditherapy Wrinkle-Fit Tangle Eye Patch deeply hydrates and firms with a generous formula of French collagen. It diminishes fine lines, alleviates puffiness, and brightens dark circles around the eyes while antioxidants shield your skin from environmental harm, leaving it soft and radiant. Perfect for sensitive skin, it also calms irritation for a youthful appearance. Infused with 70% high-quality French collagen, these hydrogel patches restore firmness and impart a luminous glow, instantly revitalizing tired eyes. Their large 3.5-inch size covers a broader area, including cheeks, ensuring comprehensive care. Free from parabens and synthetic additives, these cruelty-free patches deliver fresh, pure nourishment every time. Features Features premium collagen from France Rejuvenates and freshens tired, aging eye area Reduces fine lines, puffiness and dark circles within 2 weeks Large 3.5 inch patch to treat beyond eye area Skin Concerns Anti-aging Dark circles Skin Types Suitable for all skin types Made In KOREA 🇰🇷 How to use Remove any grease to ensure proper adhesion Peel off the protective film and attach the plain side onto the under-eye. Leave the patches on while sleeping (Leave it at least for 20 minutes). Afterwards, carefully remove the patches and gently pat any remaining essence. Key Ingredients French Hydrolyzed Collagen Hyaluronic Acid Hydrolyzed Elastin Ingredient Highlights Cruelty-Free Sulfate-Free Paraben-Free Mineral-Oil Free Alcohol-Free Silicone-Free","MEDITHERAPY","Eye Care","MEDITHERAPY, Eye Care",TRUE,Title,Default Title,MEDITHERAPY-9009777836268,417,shopify,100,deny,manual,https://cdn.shopify.com/s/files/1/0515/4589/9157/files/Meditherapy_Wrinkle-Fit_Tangle_Eye_Patch.png?v=1759412240
mixsoon-mixsoon-bean-cream-50ml,"MIXSOON Bean Cream (50ml)","Minimal hydrating cream full of fermented goodness! MIXSOON Bean Cream is a highly nourishing and moisturizing cream that's packed with fermented goodness! The fermented soybean extract restore water-oil balance while the antioxidant-rich fermented pear and vitamin-rich fermented barley strengthen the vitality of the skin and reinforce the skin barrier. Fermented Pomegranate also delivers a gentle exfoliating effect for a smooth skin texture. The soft cream texture blends easily into the skin and locks in hydration with a greasy or heavy residue. Suitable for all skin types. Features Maintain the water-oil balance of your skin with Lactobacillus/Soybean Ferment Extract Smoothens skin texture and reduces dead skin cells with Lactobacillus/Punica Granatum Fruit Ferment Extract. Revitalize skin with Saccharomyces/Barley Seed Ferment Filtrate. Contains Lactobacillus/Pear Juice Ferment Filtrate that offers excellent antioxidant properties. Skin Concerns Rough skin Clogged pores Dehydrated skin Skin Types All skin types Suitable for sensitive skin Made In South Korea How to use After cleansing and toning, s pread an even layer all over the skin and gently pat to allow absorption. Key Highlights Lactobacillus/Soybean Ferment Extract : Moisturizes and strengthens skin, rebalances oil-moisture levels Lactobacillus/Punica Granatum Fruit Ferment Extract : Smoothens skin texture. Saccharomyces/Barley Seed Ferment Filtrate : Revitalizes skin. Ingredient Highlights Fragrance-Free Paraben-Free Alcohol-Free Sulfate-Free Silicone-Free Mineral-Oil Free","MIXSOON","Moisturizers","MIXSOON, Moisturizers",TRUE,Title,Default Title,MIXSOON-8048681648364,550,shopify,100,deny,manual,https://cdn.shopify.com/s/files/1/0515/4589/9157/files/MIXSOON_Bean_Cream_50ml_6a79abaf-f701-49e1-8ae5-79e142e1a7e4.png?v=1771867360
mizon-mizon-hyaluronic-acid-eye-gel-patch-30-pairs,"MIZON Hyaluronic Acid Eye Gel Patch (30 Pairs)","A water-soluble gel-type eye patch with a concentration of high-quality MIZON Hyaluronic Acid Eye Gel Patch uses anti-wear technology to deeply hydrate and rejuvenate the under-eye area. Infused with high-quality hyaluronic acid, these patches deliver deep moisture to combat dryness, puffiness, and fine lines. The gel texture helps the active ingredients penetrate deeply, providing instant relief and a cooling effect. Ideal for tired, stressed eyes, the patches work to improve skin elasticity, smooth out wrinkles, and brighten the under-eye area. With regular use, they promote a refreshed, youthful appearance, making them perfect for those seeking hydration and anti-aging benefits in their eye care routine. Features Diminishes the appearance of wrinkles Softens the skin and boosts the moisture balance B iodegradable hydrogel Improves skin elasticity, reducing the appearance of fine lines Skin Concerns Dryness Dullness Anti-Aging Dark Circles Skin Types Suitable for all skin types including, sensitive skin Made In KOREA 🇰🇷 How to use Use the included spoon to take out the eye patches and apply them to your eye areas. Let them sit for 15 to 20 minutes. Gently massage the remaining essence into your skin. Ingredients Key Ingredients Hyaluronic Acid : R etains up to 1,000 times its weight in water, providing deep hydration. Ingredient Highlights Sulfate-Free Paraben-Free Mineral-Oil Free Alcohol-Free","MIZON","Eye Care","MIZON, Eye Care",TRUE,Title,Default Title,MIZON-9008018555116,532,shopify,100,deny,manual,https://cdn.shopify.com/s/files/1/0515/4589/9157/files/MIZON_Hydrozelowe_platki_pod_oczy_z_kwasem_hialuronowym_Hyaluronic_Acid_Eye_Gel_Patch_60szt..png?v=1759947406
mizon-mizon-peptide-500-30ml,"MIZON Peptide 500 (30ml)","A anti-aging ampoule for premature aging MIZON Peptide 500 is an advanced ampoule contains a 45% concentration of peptides to deliver visible firming, smoothing, and brightening benefits. Formulated with Matrixyl, it helps even out skin texture, deeply nourish, and minimize the appearance of wrinkles while preventing new ones from forming. Adding this into your skincare routine will visibly smoother, firmer, more radiant skin with every use Features Help to enhance the elasticity of the skin and protect the skin from harming free radicals Stimulates collagen production in the skin Improves skin texture Absorbs quickly Skin Concerns Anti-Aging Dryness Dullness Uneven Skin Skin Types Suitable for all skin types Sensitive Skin Made In KOREA 🇰🇷 How to use For daily use: apply 2-3 drops to skin pre-moisturized with toner, pat gently until fully absorbed. For deeper penetration and anti-wrinkle effect: apply 2-3 drops to skin pre-moisturized with toner, then apply a fabric mask. For perfect make-up: apply 2-3 drops to pre-moisturised skin with toner, then apply make-up. Key Ingredients Argireline : W orks to relax facial muscles, softening expression lines and reducing mimic wrinkles for a smoother look CG-ASP : Helps inhibit melanin production, promoting a brighter, more luminous complexion. Medi Tripeptide-1 : Provides antioxidant protection while supporting regeneration and nourishment, enhancing the performance of the entire formula Hyaluronic Acid : Gives the skin long lasting hydration Ingredient Highlights Sulfate-Free Paraben-Free Mineral-Oil Free Silicone-Free Alcohol-Free","MIZON","Serums","MIZON, Serums",TRUE,Title,Default Title,MIZON-9008018194668,450,shopify,100,deny,manual,https://cdn.shopify.com/s/files/1/0515/4589/9157/files/mizon-peptide-500-ampoule-30ml-1000x1000.webp?v=1759878863
mizon-mizon-snail-repair-intensive-gold-eye-gel-patch-30-pairs,"MIZON Snail Repair Intensive Gold Eye Gel Patch (30 Pairs)","A regenerating eye patch that intensely tightens the skin MIZON Snail Repair Intensive Gold Eye Gel Patches are dipped in a nourishing essence that adhere perfectly to the skin to provide great skincare benefits. This MIZON bestseller contains 24K gold and peptides that fortifies, nourishes and moisturises the delicate skin around eyes. The formula helps diminish lines, wrinkles, sagging, dullness, dryness and dark circles around the eye area to instantly rejuvenate your look. Features Provides skin renewal &amp; light lifting Reduces dark circles around the eyes Smooths crow's feet, and provides a rejuvenating effect Skin Concerns Dullness Anti-Aging Pigmentation Skin Types Suitable for all skin types, sensitive skin Made In KOREA 🇰🇷 How to use Prep your skin with toner and lotion after cleansing. Use the enclosed spoon to gently lift and separate a delicate gel patch. Apply onto the under-eye area, and leave for 15-20 minutes. Discard patches after use, and gently pat remaining essence into skin. Key Ingredients Snail Mucin : Hydrating and repairing. 5 Collagen Peptides : N ourish and firms, is anti-aging, and helps with skin conditioning. Grapefruit Seed Extract, Bamboo Extract &amp; Mushroom Extract : Rich in antioxidants, vitamins and minerals, to help improve the skin's ability to retain moisture, soothe irritation and reduce redness. Niacinamide : Brightens and helps with dullness. Ingredient Highlights Sulfate-Free Paraben-Free Mineral-Oil Free Silicone-Free Alcohol-Free","MIZON","Eye Care","MIZON, Eye Care",TRUE,Title,Default Title,MIZON-9008017178860,532,shopify,100,deny,manual,https://cdn.shopify.com/s/files/1/0515/4589/9157/files/MIZON_Snail_Repair_Intensive_Gold_Eye_Gel_Patch_30_Pairs.png?v=1771867661
mizon-mizon-all-in-one-snail-repair-cream-75g,"MIZON All in One Snail Repair Cream (75g)","A multifunctional face cream with snail mucin that visibly repairs, hydrates and evens out skin MIZON All In One Snail Repair Cream fades the fine lines and diminishes the appearance of blemishes. With 92% Snail Mucin, the cream enhances the moisture balance and the natural regeneration process of the skin. This cream contains a high percentage of heartleaf extract, known for its soothing and softening properties, ideal for sensitive or irritated skin. In addition, added ceramides provide a stronger skin barrier, preventing moisture loss and keeping skin hydrated for a long time. Features Promotes skin cell regeneration and diminishes appearance of acne scars and blemishes Hydrates and evens out the skin Prevents new fine lines and wrinkles Skin Concerns Blemishes Anti-Aging Irritation Uneven Skin Pigmentation Acne Skin Types Suitable for all skin types Recommended for combination/oily skin Made In KOREA 🇰🇷 How to use Apply an appropriate amount onto cleansed skin after a toner and a serum. Key Ingredients Snail Secretion Filtrate : P rovides intensive hydration and soothing. Centella Asiatica Extract : Soothing and healing. Madecassoside : Helps soothe and refine skin texture by improving skin barrier. Ingredient Highlights Sulfate-Free Paraben-Free Mineral-Oil Free Fragrance-Free","MIZON","Moisturizers","MIZON, Moisturizers",TRUE,Title,Default Title,MIZON-9008015835372,550,shopify,100,deny,manual,https://cdn.shopify.com/s/files/1/0515/4589/9157/files/8809663751654-2.png?v=1759518005
mizon-mizon-collagen-100-30ml,"MIZON Collagen 100 (30ml)","A peptide-rich, collagen-boosting, hydrating formula MIZON Collagen 100 is a concentrated, anti-wrinkle, intensely hydrating ampoule, with marine collagen, hyaluronic acid, ceramides, peptides, adenosine and Centella Asiatica. It contains natural that help to deeply plump the skin, boosts the natural production of collagen and elastin and giving the skin a healthy and visibly rejuvenated appearance. Specially created to restore the skin's protective barrier, maintain optimal hydration levels and slow down premature aging. Features Improves skin elasticity shortly after use with high marine collagen concentration (90%) Light texture that facilitates absorption and can even be mixed with foundation Hydrating, and pore-smoothing effect with high spreadability Skin Concerns Dullness Dehydrated Fine Lines Pigmentation Anti-Aging Wrinkles Skin Types Suitable for all skin types, sensitive skin Made In KOREA 🇰🇷 How to use Use after cleansing and toning. Gently pat the serum into your skin to enhance absorption. Ingredients Key Ingredients Acetyl Hexapeptide-8) : Actively reduces wrinkles caused by repeated facial movements Marine Collagen : Combat the signs of aging Centella Asiatica/Houttuynia Cordata : Anti-inflammatory and healing. Niacinamide : Fades out fine lines and evens out skin tone. Ingredient Highlights Sulfate-Free Paraben-Free Mineral-Oil Free Silicone-Free Fragrance-Free","MIZON","Serums","MIZON, Serums",TRUE,Title,Default Title,MIZON-9008013279468,450,shopify,100,deny,manual,https://cdn.shopify.com/s/files/1/0515/4589/9157/files/MIZON_Collagen_100_30ml.png?v=1766258876
nuse-nuse-mousse-care-cheek-handy-10g,"nuse Mousse Care Cheek Handy (10g)","Liquid blush with blurring effect that blends and hides skin imperfections. Nuse Mousse Care Cheek is a hydrating blush with a wide range of colors to complement any skin tone. It's feather-light gel texture applies effortlessly, creating a diffused finish that softens texture and discoloration while preserving your skin's natural radiance. With its buildable formula, you can increase the intensity without worrying about clumping or uneven application. Infused with ectoine and Black Cica Complex, this also acts as your skincare to actively soothe and plump skin while boosting moisture and elasticity. As a bonus, you can mix blush colors with shade 00 Up to soften and lighten a color or shade 99 to mute and darken the tone. Features Blurs pores, bumps and flaky skin Natural, buildable flush with no clumping Silky gel texture that blends effortlessly Smaller, travel friendly packaging Available in shades 00 and 99 to tone up or down your shades Vegan certified Skin Types All skin types Made In KOREA How to use Pump a small amount and blend onto palm Use remaining product on fingers to gently tap along cheeks and nose. Key Ingredients Black Cica Complex (Black Willow Tree extract, Cica, Centella Asiatica, 6-Cica Complex): skin calming effect and skin strengthening Ectoine: protect and retain moisture Vegan Cruelty Free Mineral Oil Free Paraben-Free","nuse","Makeup","nuse, Makeup",TRUE,Title,Default Title,NUSE-9098300457196,246,shopify,100,deny,manual,https://cdn.shopify.com/s/files/1/0515/4589/9157/files/NuseMousseCareCheekHandy.png?v=1768320551
nuse-nuse-mousse-care-cheek-16ml,"nuse Mousse Care Cheek (16ml)","Liquid blush with blurring effect that blends and hides skin imperfections. Nuse Mousse Care Cheek is a hydrating blush with a wide range of colors to complement any skin tone. It's feather-light gel texture applies effortlessly, creating a diffused finish that softens texture and discoloration while preserving your skin's natural radiance. With its buildable formula, you can increase the intensity without worrying about clumping or uneven application. Infused with ectoine and Black Cica Complex, this also acts as your skincare to actively soothe and plump skin while boosting moisture and elasticity. Features Blurs pores, bumps and flaky skin Natural, buildable flush with no clumping Silky gel texture that blends effortlessly Vegan certified Skin Types All skin types Made In KOREA How to use Pump a small amount and blend onto palm Use remaining product on fingers to gently tap along cheeks and nose. Key Ingredients Black Cica Complex (Black Willow Tree extract, Cica, Centella Asiatica, 6-Cica Complex): skin calming effect and skin strengthening Ectoine: protect and retain moisture Ingredient Highlights Vegan Cruelty Free Mineral Oil Free Paraben-Free","nuse","Makeup","nuse, Makeup",TRUE,Title,Default Title,NUSE-9098301997292,360,shopify,100,deny,manual,https://cdn.shopify.com/s/files/1/0515/4589/9157/files/Nuse_Mousse_Care_Cheek_7fcbd099-1a60-4a2b-926f-75d68fcb3d34.png?v=1768276921
nuse-nuse-liquid-care-cheek-16ml,"nuse Liquid Care Cheek (16ml)","Moisturizing and glowy cream blush with skincare benefits. nuse Liquid Care Cheek merges radiant cheek color with advanced skincare. Infused with alpha-bisabolol to minimize melanin production and visibly reduce pigmentation, this liquid cheek simother leading brandsneously targets fine lines through adenosine-stimulated collagen synthesis. The signature cactus fruit cochineal complex—featuring 73% Opuntia Coccinellifera Fruit water essence and 11-layer hyaluronic acid—delivers intense, lasting hydration while calming skin irritation. Available in a variety of lively shades that are natural and buildable, this blush will give your complexion a healthy flush and glow while also caring for your skin. Features Hydrating and creamy liquid blush Clear, dewy finish with vibrant glow Water-oil emulsion texture for deep hydration and glow Brightens, moisturizes and prevents wrinkles Skin Types All skin types Made In KOREA How to use Dispense a small amount and tap gently onto cheeks Key Ingredients Cochineal Complex: deeply hydrate and maintain moisture Alpha-Bisabolol: reduce pigmentation Ingredient Highlights Cruelty Free Vegan Mineral Oil Free Paraben-Free Alcohol-Free Sulfate-Free","nuse","Makeup","nuse, Makeup",TRUE,Title,Default Title,NUSE-9098299801836,360,shopify,100,deny,manual,https://cdn.shopify.com/s/files/1/0515/4589/9157/files/Nuse_Liquid_Care_Cheek.png?v=1768337382
nuse-nuse-color-care-lip-balm-43g,"nuse Color Care Lip Balm (4.3g)","Hydrate and reduce fine lines with an oil balm in natural shades. nuse Color Care Lip Balm is enriched with ceramide and a potent blend of 11 hyaluronic acid types. This lightweight balm delivers intense hydration while strengthening your lip barrier to minimize fine lines. The opuntia coccinellifera fruit extract works synergistically to lock in moisture throughout the day. Hypoallergenic and cruelty-free, this nourishing balm glides on effortlessly without residue, making it the perfect addition to your daily beauty ritual. Features 50% naturally derived oils Smooth and lightweight texture Fills fine lines and strengthens skin barrier Natural healthy shades to complement complexion Skin Types All skin types Made In KOREA How to use Apply appropriate amount to lips Key Ingredients Ceramides: prevents moisture loss Cochineal Complex: locks in deep hydration Ingredient Highlights Cruelty Free Vegan Mineral Oil Free Paraben-Free Alcohol-Free Silicone-Free","nuse","Lip Care","nuse, Lip Care",TRUE,Title,Default Title,NUSE-9098217750764,303,shopify,100,deny,manual,https://cdn.shopify.com/s/files/1/0515/4589/9157/files/Nuse_color_care_balm.png?v=1768500974
nuse-nuse-mousse-liptual-45g,"nuse Mousse Liptual (4.5g)","Experience the excellence of nuse with the nuse Mousse Liptual (4.5g). This premium lip care is formulated with high-quality Korean skincare ingredients to deeply nourish and revitalize your complexion. Designed for those seeking a luxurious and effective lip care addition to their daily ritual.","nuse","Lip Care","nuse, Lip Care",TRUE,Title,Default Title,NUSE-9098216669420,341,shopify,100,deny,manual,https://cdn.shopify.com/s/files/1/0515/4589/9157/files/NuseMousseLiptual.png?v=1768848376
nuse-nuse-care-liptual-45g,"nuse Care Liptual (4.5g)","Experience the excellence of nuse with the nuse Care Liptual (4.5g). This premium lip care is formulated with high-quality Korean skincare ingredients to deeply nourish and revitalize your complexion. Designed for those seeking a luxurious and effective lip care addition to their daily ritual.","nuse","Lip Care","nuse, Lip Care",TRUE,Title,Default Title,NUSE-9098203889900,341,shopify,100,deny,manual,https://cdn.shopify.com/s/files/1/0515/4589/9157/files/NuseCareLiptual.png?v=1768851318
nuse-nuse-reju-lip-gloss-105g,"nuse Reju Lip Gloss (10.5g)","PDRN infused lip gloss for plump and hydrated lips. Nuse Reju Lip Gloss is expertly formulated with PDRN technology to transform dry, tired lips. This innovative gloss features moisture-rich capsules that melt into the lips, delivering intensive hydration while creating a coveted glass-like shine. The exclusive Reju Complex works to rejuvenate and smooth lip texture, keeping lips visibly fuller and more supple throughout the day. The precision round applicator ensures flawless, even coverage every time. Features PDRN infused lip gloss Hydrates and plumps lips deeply Dewy finish with natural colors Skin Types All skin types Made In KOREA How to use Use the applicator to apply one thin layer of product all over the lips. Ingredient Highlights Cruelty Free Mineral Oil Free Paraben-Free Alcohol-Free Silicone-Free","nuse","Lip Care","nuse, Lip Care",TRUE,Title,Default Title,NUSE-9098309370092,303,shopify,100,deny,manual,https://cdn.shopify.com/s/files/1/0515/4589/9157/files/Nuse_Reju_Lip_Gloss.png?v=1767800024
nuse-nuse-care-tone-up-handy-20ml,"nuse Care Tone-Up Handy (20ml)","Moisturizing, tone-up cream that feels like skincare. nuse Care Tone-Up Handy is a light, vegan skin tone-up cream that feels like skincare. It features moisturizing panthenol and nourishing Cochineallifera Complex while also providing broad SPF50+ PA+++ sun protection. Use alone or under makeup to brighten and even skin tone while also taking care of your skin. Features SPF 50+ PA+++ sun protection Vegan and hypoallergenic certified Moisturizes and strengthens skin barrier Brightens complexion and evens out skin tone Skin Types Suitable for all skin types, including sensitive skin Made In KOREA How to use Start with clean, moisturized skin. Apply a small amount of primer to your face and smooth it out evenly for the perfect make up base Once dry, start applying your make up Key Ingredients Niosome Panthenol : restore your skin with deep moisture, prevent dehydration while calming skin Cochineallifera Complex : nourishes skin and strengthens skin barrier Ingredient Highlights Vegan Mineral Oil Free Paraben-Free Alcohol-Free","nuse","Makeup","nuse, Makeup",TRUE,Title,Default Title,NUSE-9098308485356,341,shopify,100,deny,manual,https://cdn.shopify.com/s/files/1/0515/4589/9157/files/Nuse_Care_Tone-Up_Milk.png?v=1767718849
nuse-nuse-care-tone-up-30ml,"nuse Care Tone-Up (30ml)","Moisturizing, tone-up cream that feels like skincare. nuse Care Tone-Up Handy is a light, vegan skin tone-up cream that feels like skincare. It features moisturizing panthenol and nourishing Cochineal Complex while also providing broad SPF50+ PA++++ sun protection (for shade 01 and 02 only). Use alone or under makeup to brighten and even skin tone while also taking care of your skin. Shades: 01 Peach (PF 50+ PA++++): to correct dull complexion 02 Ivory (SPF 50+ PA++++): to correct pale skin tone 03 Mint (no SPF): to soothe blemishes and redness 04 Milk (no SPF): for any skin tone Features SPF 50+ PA+++ sun protection (Only shades 01 &amp; 02) Vegan and hypoallergenic certified Moisturizes and strengthens skin barrier Brightens complexion and evens out skin tone Skin Types Suitable for all skin types, including sensitive skin Made In KOREA How to use Start with clean, moisturized skin. Apply a small amount of primer to your face and smooth it out evenly for the perfect make up base Once dry, start applying your make up Key Ingredients Niosome Panthenol : restore your skin with deep moisture, prevent dehydration while calming skin Cochineallifera Complex : nourishes skin and strengthens skin barrier Ingredient Highlights Vegan Mineral Oil Free Paraben-Free Alcohol-Free","nuse","Makeup","nuse, Makeup",TRUE,Title,Default Title,NUSE-9098306683116,398,shopify,100,deny,manual,https://cdn.shopify.com/s/files/1/0515/4589/9157/files/Nuse_Care_Tone-Up_Peach.png?v=1767720705
off-relax-off-relax-spa-hair-mask-150g,"OFF & RELAX SPA Hair Mask (150g)","A Japanese hair mask developed with a focus on beautiful hair through caring for the scalp and hair. As a weekly addition to everyday haircare, this mask repairs damage from heat and colouring, making hair moist and glossy. For those who are worried about dry hair, split ends, and lack of gloss. I t contains hot spring water from 3 different locations in Japan. The mineral components contained in the hot spring water gently cleanse the scalp, focusing on scalp troubles. In addition, amino acids and domestic botanical essence are incorporated to achieve both hair repair and scalp care, resulting in a healthy scalp and beautiful hair. Moisturizes the scalp and leads to shiny and moist hair. The scent is an original pomegranate and cedar wood scent, wrapped in a mellow and luxurious perfume. Features Fragrance of pomegranate and cedar wood Contains hot spring water and amino acids Derivatives that moisturize the scalp and hair Repairs damage from heat and colouring, Hair Concern Dry Hair Damaged Hair Dry Scalp Split Ends Hair Type Recommended for normal to medium thick hair. Made In JAPAN 🇯🇵 How to use 1. After shampooing, lightly get rid of excess water by ringing out your hair. 2. Take an appropriate amount of product and apply it from the tips of the hair to the scalp. 3. Leave the product on for 2 - 3 minutes, then rinse with warm water. 4. Use 1 - 2 times a week. Ingredient highlights Paraben-Free Alcohol-Free Mineral Oil Free Sulfate-Free","OFF & RELAX","Hair Care","OFF & RELAX, Hair Care",TRUE,Title,Default Title,OFF&RELAX-7693727826156,45,shopify,100,deny,manual,https://cdn.shopify.com/s/files/1/0515/4589/9157/files/OFF_RELAX_SPA_Hair_Mask_150g.png?v=1766301500
off-relax-off-relax-20-spa-treatment-fluffy-refresh-460ml,"OFF & RELAX 2.0 Spa Treatment Fluffy Refresh (460ml)","Renewed formula focusing on scalp health and lightweight, shiny volume. OFF &amp; RELAX 2.0 Spa Shampoo Fluffy Refresh is a renewal from its 2020 Refresh formulation to further enhance softness and volume . A curated blend of five premium hot spring waters—including new additions from Yugawara and Sakakibara—strengthens both cleansing and hydration while nurturing scalp health. With newly added Hokkaido-grown Job’s Tears (Coix seed) extract, this helps target scalp odor while also promoting a healthier scalp microbiome. The innovative See-Fly formula wraps each strand in weightless moisture and increases softness by 15-30% for airy, lightweight hair. Eco-conscious packaging reduces plastic by 64%, while tactile design ensures easy identification. Features Fragrance of Cassis &amp; Muguet Blend of Japanese hot spring waters Hydrates and nurtures hair and scalp health Promotes fluffy, light and soft hair Address scalp odor Hair Concern Flat Hair Made In JAPAN 🇯🇵 How to use 1. Wet your hair and scalp thoroughly. 2. Dispense about a dollar sized amount, and massage into the head. 3. Then rinse well. 4. Follow Up with the OFF &amp; RELAX 2.0 Spa Treatment Fluffy Refresh. Ingredient highlights Sulfate-Free Paraben-Free Sulfate-Free Mineral Oil Free","OFF & RELAX","Hair Care","OFF & RELAX, Hair Care",TRUE,Title,Default Title,OFF&RELAX-9060424909036,551,shopify,100,deny,manual,https://cdn.shopify.com/s/files/1/0515/4589/9157/files/Off_Relax_2.0_Fluffy_Refresh_Treatment.png?v=1762198112
off-relax-off-relax-20-spa-shampoo-fluffy-refresh-460ml,"OFF & RELAX 2.0 Spa Shampoo Fluffy Refresh (460ml)","Renewed formula focusing on scalp health and lightweight, shiny volume. OFF &amp; RELAX 2.0 Spa Shampoo Fluffy Refresh is a renewal from its 2020 Refresh formulation to further enhance softness and volume . A curated blend of five premium hot spring waters—including new additions from Yugawara and Sakakibara—strengthens both cleansing and hydration while nurturing scalp health. With newly added Hokkaido-grown Job’s Tears (Coix seed) extract, this helps target scalp odor while also promoting a healthier scalp microbiome. The innovative See-Fly formula wraps each strand in weightless moisture and increases softness by 15-30% for airy, lightweight hair. Eco-conscious packaging reduces plastic by 64%, while tactile design ensures easy identification. Features Fragrance of Cassis &amp; Muguet Blend of Japanese hot spring waters Hydrates and nurtures hair and scalp health Promotes fluffy, light and soft hair Address scalp odor Hair Concern Flat Hair Made In JAPAN 🇯🇵 How to use 1. Wet your hair and scalp thoroughly. 2. Dispense about a dollar sized amount, and massage into the head. 3. Then rinse well. 4. Follow Up with the OFF &amp; RELAX 2.0 Spa Treatment Fluffy Refresh. Ingredient highlights Sulfate-Free Paraben-Free Silicone-Free Sulfate-Free Mineral Oil Free","OFF & RELAX","Hair Care","OFF & RELAX, Hair Care",TRUE,Title,Default Title,OFF&RELAX-9060428513516,551,shopify,100,deny,manual,https://cdn.shopify.com/s/files/1/0515/4589/9157/files/Off_Relax_2.0_Fluffy_Refresh_Shampoo_4a97684d-e836-45a1-8f58-e12af0af9794.png?v=1765401633
off-relax-off-relax-20-spa-treatment-glossy-moisture-460ml,"OFF & RELAX 2.0 Spa Treatment Glossy Moisture (460ml)","Renewed formula focusing on scalp health and shiny moisture. OFF &amp; RELAX 2.0 Spa Treatment Glossy Moisture is a renewal from its 2020 Moisture formulation to el evate your hair care ritual with breakthrough technology. Enhanced hyaluronic acid and botanical essences deliver 48% greater moisture retention than the previous formula, transforming ordinary shine into luminous gloss. A curated blend of five premium hot spring waters—including new additions from Yugawara and Sakakibara—strengthens both cleansing and hydration while nurturing scalp health. T he formula also focuses on scalp-beautifying bacteria, protecting beneficial while washing away harmful ones, leading to a healthier scalp environment. The innovative See-Fly formula wraps each strand in weightless moisture. Eco-conscious packaging reduces plastic by 64%, while tactile design ensures easy identification. Indulge in an exquisite fragrance journey: opening notes of earl grey/black tea and peach, heart notes of rose and jasmine, finishing with sandalwood and vanilla warmth. Features Fragrance of earl gray and sandalwood Blend of Japanese hot spring waters Hydrates and nurtures hair and scalp health Greater moisture retention Hair Concern Dry Hair Dry Scalp Hair Type Recommended for normal to medium thick hair. Made In JAPAN 🇯🇵 How to use 1. After shampooing, lightly get rid of excess water by ringing out your hair. 2. Take an appropriate amount of product and apply it from the tips of the hair to the scalp. 3. Leave the product on for a few minutes, then rinse. Ingredients Ingredient highlights Sulfate-Free Paraben-Free Mineral Oil Free","OFF & RELAX","Hair Care","OFF & RELAX, Hair Care",TRUE,Title,Default Title,OFF&RELAX-9060421763308,551,shopify,100,deny,manual,https://cdn.shopify.com/s/files/1/0515/4589/9157/files/Off_Relax2.0GlossyMoistureTreatment.png?v=1762196536
off-relax-off-relax-20-spa-shampoo-glossy-moisture-460ml,"OFF & RELAX 2.0 Spa Shampoo Glossy Moisture (460ml)","Renewed formula focusing on scalp health and shiny moisture. OFF &amp; RELAX 2.0 Spa Shampoo Glossy Moisture is a renewal from its 2020 Moisture formulation to el evate your hair care ritual with breakthrough technology. Enhanced hyaluronic acid and botanical essences deliver 48% greater moisture retention than the previous formula, transforming ordinary shine into luminous gloss. A curated blend of five premium hot spring waters—including new additions from Yugawara and Sakakibara—strengthens both cleansing and hydration while nurturing scalp health. T he formula also focuses on scalp-beautifying bacteria, protecting beneficial while washing away harmful ones, leading to a healthier scalp environment. The innovative See-Fly formula wraps each strand in weightless moisture. Eco-conscious packaging reduces plastic by 64%, while tactile design ensures easy identification. Indulge in an exquisite fragrance journey: opening notes of earl grey/black tea and peach, heart notes of rose and jasmine, finishing with sandalwood and vanilla warmth. Features Fragrance of earl gray and sandalwood Blend of Japanese hot spring waters Hydrates and nurtures hair and scalp health Greater moisture retention Hair Concern Dry Hair Dry Scalp Hair Type Recommended for normal to medium thick hair. Made In JAPAN 🇯🇵 How to use 1. Wet your hair and scalp thoroughly. 2. Dispense about a dollar sized amount, and massage into the head. 3. Then rinse well. 4. Follow Up with the OFF &amp; RELAX 2.0 Spa Treatment Glossy Moisture. Ingredients Ingredient highlights Sulfate-Free Paraben-Free Silicone-Free Sulfate-Free Mineral Oil Free","OFF & RELAX","Hair Care","OFF & RELAX, Hair Care",TRUE,Title,Default Title,OFF&RELAX-9060414095596,551,shopify,100,deny,manual,https://cdn.shopify.com/s/files/1/0515/4589/9157/files/Off_Relax_2.0_Glossy_Moisture_Shampoo.png?v=1762196147
off-relax-off-relax-spa-shampoo-hair-treatment-lychee-rose-limited-set-2x460ml,"OFF & RELAX Spa Shampoo + Hair Treatment Lychee & Rose Limited Set (2x460ml)","A Japanese hair line with a refreshing summer lychee and rose scent. OFF &amp; RELAX Moisture Spa Hair Set, now in a limited-edition Lychee and Rose fragrance perfect for summer. This refreshing duo effectively cleanses away sweat and stickiness while awakening your senses. Featuring the unique See-Fly technology, it adds volume and lightness for beautifully bouncy hair. Enriched with moisture-locking hyaluronic acid and lychee peel extract, it nourishes and protects scalp and hair from UV damage. Gently caring for sensitive scalps, it combats bacteria that cause dandruff and itching, promoting a healthy, clean scalp. The uplifting lychee and elegant rose aroma transforms bath time into a soothing escape. Set includes: OFF &amp; RELAX Moisture Spa Shampoo Lychee &amp; Rose 460ml OFF &amp; RELAX Moisture Spa Treatment Lychee &amp; Rose 460ml OFF &amp; RELAX Hot Spring Water Silky Night Repair samples Features See-Fly formula adds natural volume and airy texture Protects from UV damage and moisturizes Cleanses and refreshes scalp from the summer heat Refreshing lychee and rose scent Spa-like experience with hot spring water from Izumo, Yubara, and the Alps Hair Concern Damaged Hair Oily Scalp Itchy Scalp Flat Hair Hair Type Recommended for all hair types Made In Japan 🇯🇵 How to use After wetting the hair and scalp thoroughly, take an appropriate amount and lather it into your hair before rinsing off. Then, take an appropriate amount of the treatment and apply it from the ends of the hair up. It is more effective if you wash it off after a few minutes before rinsing again. Ingredient highlights Sulfate-Free Paraben-Free Mineral Oil-Free Alcohol-Free","OFF & RELAX","Hair Care","OFF & RELAX, Hair Care",TRUE,Title,Default Title,OFF&RELAX-9024536641772,816,shopify,100,deny,manual,https://cdn.shopify.com/s/files/1/0515/4589/9157/files/OFF_RELAX_Spa_Shampoo_Hair_Treatment_Lychee_Rose_Limited_Set_2x460ml.png?v=1771608285
off-relax-off-relax-spa-shampoo-hair-treatment-lemon-magnolia-limited-set-2x460ml,"OFF & RELAX Spa Shampoo + Hair Treatment Lemon & Magnolia Limited Set (2x460ml)","A Japanese hair line with a refreshing fragrance inspired by spring gardens. OFF &amp; RELAX Moisture Spa Hair Set now available in a new limited-edition refreshing Lemon &amp; Magnolia scent that transports you to a blooming garden. This shampoo and treatment pair, infused with hot spring water and botanical extracts, hydrates and repairs hair, leaving it soft, light, and full of vitality. The See-Fly formula enhances volume and texture, while magnolia flower extract mends damaged ends. Ideal for all hair types, it addresses dryness, damage, and flatness with gentle cleansing and intense moisture for silky, radiant locks. Set includes: OFF &amp; RELAX Moisture Spa Shampoo Lemon &amp; Magnolia 460ml OFF &amp; RELAX Moisture Spa Treatment Lemon &amp; Magnolia 460ml OFF &amp; RELAX Spa Treatment Samples Features See-Fly formula adds natural volume and airy texture Repairs damaged ends and locks in hydration Refreshing lemon &amp; magnolia fragrance Spa-like experience with hot spring water from Izumo, Yubara, and the Alps Hair Concern Damaged Hair Dry Hair/Scalp Flat Hair Hair Type Recommended for all hair types Made In Japan 🇯🇵 How to use After wetting the hair and scalp thoroughly, take an appropriate amount and lather it into your hair before rinsing off. Then, take an appropriate amount of the treatment and apply it from the ends of the hair up. It is more effective if you wash it off after a few minutes before rinsing again. Ingredient highlights Sulfate-Free Paraben-Free Mineral Oil-Free Alcohol-Free","OFF & RELAX","Hair Care","OFF & RELAX, Hair Care",TRUE,Title,Default Title,OFF&RELAX-9024536117484,892,shopify,100,deny,manual,https://cdn.shopify.com/s/files/1/0515/4589/9157/files/Product_Images_34_6a033655-8faa-43a7-9b38-f84973ce641a.png?v=1767921577
off-relax-off-relax-spa-shampoo-hair-treatment-earl-grey-cucumber-scent-limited-set-2x460ml,"OFF & RELAX Spa Shampoo + Hair Treatment Earl Grey & Cucumber Scent Limited Set (2x460ml)","A Japanese hair line featuring Japanese tea extracts! OFF &amp; RELAX Moisture Spa Hair Set is a limited-edition collection inspired by the sophistication of Earl Grey tea. Blending the nourishing properties of fermented black tea from high-altitude leaves and tea extract from Uji, Kyoto, it deeply cleanses and revitalizes the scalp. This indulgent set brings the charm of a traditional tea room to your daily hair care routine and includes a trial sample for a complete spa-like experience. Set includes: OFF &amp; RELAX Moisture Spa Shampoo Earl Grey 460ml OFF &amp; RELAX Moisture Spa Treatment Earl Grey 460ml OFF &amp; RELAX Spa Treatment Samples Features Increases scalp cleaning efficiency and moisturize Repairs damaged hair and maintains healthy hair High-performance plant-based amino acids that work on moisturizing and resilience of the skin Spa-like experience with hot spring water from Izumo, Yubara, and the Alps Hair Concern Damaged Hair Dry Hair/Scalp Split Ends Hair Type Recommended for all hair types Made In Japan 🇯🇵 How to use After wetting the hair and scalp thoroughly, take an appropriate amount and lather it into your hair before rinsing off. Then, take an appropriate amount of the treatment and apply it from the ends of the hair up. It is more effective if you wash it off after a few minutes before rinsing again. Ingredient highlights Sulfate-Free Paraben-Free Mineral Oil-Free Alcohol-Free","OFF & RELAX","Hair Care","OFF & RELAX, Hair Care",TRUE,Title,Default Title,OFF&RELAX-8744054423788,892,shopify,100,deny,manual,https://cdn.shopify.com/s/files/1/0515/4589/9157/files/OFF_RELAX_Spa_Shampoo_Hair_Treatment_Earl_Grey_Cucumber_Scent_Limited_Set_2x460ml_652fdca9-df4b-45ff-9dd4-67449eee5b5e.png?v=1771609186
peripera-peripera-syrupy-tok-cheek-9g,"PERIPERA Syrupy Tok Cheek (9g)","A hydrating and glowing liquid blush PERIPERA S yrupy Tok Cheek is a hydrating liquid blush that offers a splash of vibrancy and a dewy glow. Enriched with Vitamin E, it keeps your skin hydrated without any greasy feel. With a range of shades and buildability from translucent to intense, there is a shade for everyone! Features Buildable liquid cheek color Hydrating and enriched with Vitamin E Non-greasy, glowy finish Made In South Korea How to use Shake well and press the button on the bottom to dispense a drop onto your fingertips or a puff. Apply it to the desired area. Ingredient Highlights Mineral Oil Free Alcohol-Free Paraben-Free","PERIPERA","Makeup","PERIPERA, Makeup",TRUE,Title,Default Title,PERIPERA-9073608098028,285,shopify,100,deny,manual,https://cdn.shopify.com/s/files/1/0515/4589/9157/files/8800255686828_1200x_9c28befd-eb16-4f2d-980d-a04785b55f27.png?v=1762625511
peripera-peripera-ink-mood-glowy-tint-4g,"PERIPERA Ink Mood Glowy Tint (4g)","A glossy lip tint that plumps and moisturizes, giving a glass-like finish. PERIPERA Ink Mood Glowy Tint is a glossy lip formula that combines nourishing Lily and Witch Hazel Extracts to hydrate and smooth, while its advanced three-tiered glow technology delivers a luminous, plumping effect that lasts all day. The lightweight, non-sticky formula molds seamlessly to your lips without white cast or transfer, making it ideal for any occasion. Experience comfortable, reliable color that stays put through your entire day—no smudging, no budging, just beautiful, glossy lips. Features Buildable color Glossy shine and tint Lips plumping and moisturizing Made In South Korea How to use Apply colour to the lips from the centre outwards. Blend, and layer colour as desired. Re-apply as necessary. Ingredient Highlights Mineral Oil Free Paraben-Free","PERIPERA","Lip Care","PERIPERA, Lip Care",TRUE,Title,Default Title,PERIPERA-9073607704812,266,shopify,100,deny,manual,https://cdn.shopify.com/s/files/1/0515/4589/9157/files/30_Happy_Berry.png?v=1762624648
purederm-purederm-instant-softening-heel-mask-1-pair,"PUREDERM Instant Softening Heel Mask (1 pair)","A pair of foot masks that instantly hydrates and adds softness to dry, cracked, calloused heels. PUREDERM Instant Softening Heel Mask uses a unique air-shell structure to deliver the nourishing essence to the heels. Formulated with key such as urea, madecassoside, shea butter, coconut oil, and hemp seed oil, the mask is an exfoliating and softening treatment for the heels. Features Pair of specialized heel treatment masks Waterproof mask ensures maximum hydration and delivery of ingredients without evaporation Contains urea, madecassoside, shea butter Skin Concerns Dry Feet Skin Types All skin types Made In South Korea How to use 1.Open the package and remove the softening pad. 2.Place the pad on your heel, aligning it as shown in the instructions. 3.Unfold the protecting fabric and wrap it over the softening pad. 4.Secure the fabric using the fixing label, ensuring the “Heel” part faces your heel. 5.Leave the mask on for 30 minutes. 6.After 30 minutes, remove both the softening pad and protecting fabric. 7.Gently massage any remaining essence into your skin. No need to rinse off. Ingredients Ingredient Highlights Paraben-Free Sulfate-Free Mineral Oil Free Silicone-Free Cruelty-Free Vegan","PUREDERM","Bath & Body","PUREDERM, Bath & Body",TRUE,Title,Default Title,PUREDERM-8886223175916,45,shopify,100,deny,manual,https://cdn.shopify.com/s/files/1/0515/4589/9157/files/Purederm_Instant_Softening_Heel_Mask.webp?v=1771612508
purederm-purederm-exfoliating-foot-mask-1-pair,"PUREDERM Exfoliating Foot Mask (1 pair)","A pair of foot masks that perfectly peel away calluses and dead skin cells over just two weeks. PUREDERM Exfoliating Foot Mask is formulated with glycolic and lactic acids, plus papaya and chamomile to exfoliate and soothe the skin of the feet. Peel away calluses and dead skin cells over the course of just two weeks. Deep hydrating effect with warming heat. Features Pair of foot masks Contains papaya and chamomile Hydrating and warming Skin Concerns Dry Feet Skin Types All skin types Made In South Korea How to use Using scissors, cut open the package along the dotted line. Thoroughly cleanse your feet and then wear the masks. Remove after 60 to 90 minutes and rinse off with water. Ingredient Highlights Mineral Oil Free Paraben-Free Silicone-Free Sulfate-Free","PUREDERM","Bath & Body","PUREDERM, Bath & Body",TRUE,Title,Default Title,PUREDERM-8886220783852,45,shopify,100,deny,manual,https://cdn.shopify.com/s/files/1/0515/4589/9157/files/PUREDERM_Exfoliating_Foot_Mask_1_pair.png?v=1766301496
purederm-purederm-pd-heating-moisture-foot-mask-1-pair,"PUREDERM P/D Heating Moisture Foot Mask (1 pair)","A unique heating and moisturizing foot mask that offers a luxurious spa experience. PUREDERM P/D Heating Moisture Foot Mask features a heating two-layer fabric paired with a deeply hydrating formula. It is infused with argan oil to strengthen the skin barrier and moisturize. Enjoy a luxurious spa experience with this foot mask that leaves skin feeling soft and rejuvenated. Features Pair of warming/heating foot masks Infused with argan oil Hydrating and moisturizing Skin Concerns Dry Feet Skin Types All skin types Made In South Korea How to use Wash you feet with warm water. Open the packet and hold sealing area of foot mask with your fingers. Pull outward to tear the seal. Wear the foot masks. You can secure the mask by attaching the enclosed sticker to the ankle. After 20-30 minutes, put off foot masks. You do not need to wash the feet again. Ingredient Highlights Paraben-Free Sulfate-Free","PUREDERM","Bath & Body","PUREDERM, Bath & Body",TRUE,Title,Default Title,PUREDERM-8886224748780,45,shopify,100,deny,manual,https://cdn.shopify.com/s/files/1/0515/4589/9157/files/PUREDERM_PD_Heating_Moisture_Foot_Mask_1_pair.png?v=1766301495
purederm-purederm-black-food-mg-gel-eye-zone-mask-1-pair,"PUREDERM Black Food MG: Gel Eye Zone Mask (1 pair)","A moisturizing and detoxifying mask for the delicate skin around the eyes. PUREDERM Black Food MG: Gel Eye Zone Mask reduces fine lines and increases the skin moisture levels in the delicate eye zone area. It is formulated with ASD complex, which is moisturizing and detoxifying for the skin. Reduces fine lines by 17.92%, and increases skin moisture levels by 35.92%. MG:gel is a clear, moisturizing mask gel created with a new patented technique, and is an advanced concept super-stick gel with superb affinity for skin. Features Infused with Black Food 17 Complex (including Black Rice, Black Bean, Black Currant) Nourishing and revitalizing Moisturizing for the delicate skin around the eyes Skin Concerns Fine Lines &amp; Wrinkles Skin Types All skin types Made In South Korea How to use 1. After washing your face, prep your skin with toner. 2. Take out the gel mask and remove the film. 3. Place it to the eye area. 4. Leave for 20 minutes and remove the mask. 5. Gently massage the remaining essence to the skin for absorption. Ingredient Highlights Mineral Oil Free Paraben-Free Alcohol-Free Sulfate-Free Silicone-Free","PUREDERM","Eye Care","PUREDERM, Eye Care",TRUE,Title,Default Title,PUREDERM-8886226223340,45,shopify,100,deny,manual,https://cdn.shopify.com/s/files/1/0515/4589/9157/files/PUREDERM_Black_Food_MG_Gel_Eye_Zone_Mask_1_pair_f8bd0cb2-ebc6-46d4-9180-0097c7361732.png?v=1771685823
snature-snature-aqua-oasis-toner-300ml,"S.NATURE Aqua Oasis Toner (300ml)","Experience the excellence of S.NATURE with the S.NATURE Aqua Oasis Toner (300ml). This premium toners is formulated with high-quality Korean skincare ingredients to deeply nourish and revitalize your complexion. Designed for those seeking a luxurious and effective toners addition to their daily ritual.","S.NATURE","Toners","S.NATURE, Toners",TRUE,Title,Default Title,S.NATURE-9157090869484,420,shopify,100,deny,manual,https://cdn.shopify.com/s/files/1/0515/4589/9157/files/S.NATUREAquaOasisToner300ml-1.png?v=1770754127
snature-snature-aqua-rice-cleansing-oil-200ml,"S.NATURE Aqua Rice Cleansing Oil (200ml)","Experience the excellence of S.NATURE with the S.NATURE Aqua Rice Cleansing Oil (200ml). This premium cleansers is formulated with high-quality Korean skincare ingredients to deeply nourish and revitalize your complexion. Designed for those seeking a luxurious and effective cleansers addition to their daily ritual.","S.NATURE","Cleansers","S.NATURE, Cleansers",TRUE,Title,Default Title,S.NATURE-9157093785836,350,shopify,100,deny,manual,https://cdn.shopify.com/s/files/1/0515/4589/9157/files/S.NATUREAquaRiceCleansingOilRice_LHA200ml-1.png?v=1771854345
snature-snature-aqua-squalane-moisturizing-cream,"S.NATURE Aqua Squalane Moisturizing Cream","Experience the excellence of S.NATURE with the S.NATURE Aqua Squalane Moisturizing Cream. This premium moisturizers is formulated with high-quality Korean skincare ingredients to deeply nourish and revitalize your complexion. Designed for those seeking a luxurious and effective moisturizers addition to their daily ritual.","S.NATURE","Moisturizers","S.NATURE, Moisturizers",TRUE,Title,Default Title,S.NATURE-9157107155180,550,shopify,100,deny,manual,https://cdn.shopify.com/s/files/1/0515/4589/9157/files/S.NatureAquaSqualaneMoisturizingCreamDirectBeauty.png?v=1770752591
snature-snature-aqua-squalane-serum,"S.NATURE Aqua Squalane Serum","Experience the excellence of S.NATURE with the S.NATURE Aqua Squalane Serum. This premium serums is formulated with high-quality Korean skincare ingredients to deeply nourish and revitalize your complexion. Designed for those seeking a luxurious and effective serums addition to their daily ritual.","S.NATURE","Serums","S.NATURE, Serums",TRUE,Title,Default Title,S.NATURE-9157093425388,450,shopify,100,deny,manual,https://cdn.shopify.com/s/files/1/0515/4589/9157/files/S.NatureAquaSqualaneSerumDirectBeauty.png?v=1771501515
skinfood-skinfood-rice-brightening-serum-55ml,"SKINFOOD Rice Brightening Serum (55ml)","A serum for those aiming for clear, glowing, glass skin while caring for the pores SKINFOOD Rice Brightening Serum is the ultimate Korean pore-tightening serum for clear, radiant skin. Clinically tested for pore care, this formula targets seven major concerns—pore size, volume, elasticity, filling, density, depth, and number—revealing a smoother, more refined complexion. The Rice Pore Complex deeply hydrates, lifts, and enhances clarity, creating a luminous finish. Perfect for K-beauty lovers and anyone seeking a high-performance serum for glass skin. Features Rice bran water and 17 amino acids Gentle exfoliation Smooths, brightens and hydrates Improves skin elasticity and addresses enlarged pores Skin Concerns Dullness Rough Skin Dryness Uneven Skin Enlarged Pores Dark Spots Anti-Aging Skin Types Suitable for all skin types, even sensitive skin Made In South Korea How to use After cleansing and applying toner, gently massage the serum into your skin, following its natural texture for optimal absorption. Key Ingredient Rice Pore Complex : To improve skin elasticity and enlarged pores for smoother skin. Niacinamide : Brightening, barrier-strengthening, and anti-aging ingredient. Ingredient Highlights Alcohol-Free Sulfate-Free Paraben-Free Silicone-Free Mineral Oil-Free","SKINFOOD","Serums","SKINFOOD, Serums",TRUE,Title,Default Title,SKINFOOD-9024573309164,450,shopify,100,deny,manual,https://cdn.shopify.com/s/files/1/0515/4589/9157/files/SKINFOODRiceBrighteningSerum55ml-1_600x600_1d6ebe4f-e4f1-4db0-a109-a75619cb6f18.png?v=1759433464
skinfood-skinfood-rice-brightening-mask,"SKINFOOD Rice Brightening Mask","A transparent, highly adhesive cellulose sheet that quickly and easily cares for clear skin texture SKINFOOD Rice Brightening Masks are brightening sheets soaked in rice essence to effectively deliver moisture to the pores for a clear and transparent complexion. IIt is enriched with Rice Pore Complex to improve skin elasticity and infused with PHA and Prorease to help remove dead skin cells and even skin tone. Soft, eco-friendly, vegan-certified sheets for daily skincare. Features Ultra-adhering cellulose sheet Provides lasting hydration and helps to smooth and clarify skin texture PHA to help remove dead skin cells Skin Concerns Clogged Pores Rough Skin Uneven Skin Irritation Dullness Skin Types Suitable for all skin types, including sensitive skin Made In South Korea How to use After washing your face and toning. Apply the mask evenly and leave it on for 20 to 30 minutes. Remove the sheet and lightly pat the remaining essence to absorb. Key Ingredients Icheon Rice : Provides high-quality plant protein and vitamin to help with skin brightening and anti-pore care. PHA : Strengthens skin barrier and removes dead skin cells, evening out skin tone. Dipotassium Glycyrrhizate : Effective control of sebum and clears skin. Protease : Alleviates old dead skin cells and provides smooth skin texture. Ingredient Highlights Mineral Oil-Free Silicon-Free Alcohol-Free Sulfate-Free Paraben-Free","SKINFOOD","Masks","SKINFOOD, Masks",TRUE,Title,Default Title,SKINFOOD-9024550174956,45,shopify,100,deny,manual,https://cdn.shopify.com/s/files/1/0515/4589/9157/files/download_5d912325-3cba-437a-b46a-1b618dd6d52f.png?v=1759419696
sulwhasoo-sulwhasoo-essential-revitalizing-set-6pcs,"SULWHASOO Essential Revitalizing Set (6pcs)","A foundational anti-aging travel-friendly gift set crafted with the finest , reflecting Sulwhasoo's commitment to holistic beauty. Discover the ultimate skincare indulgence with the Sulwhasoo Essential Revitalizing Routine Set. This beautifully curated set is designed to elevate your daily skincare ritual, offering everything you need for nourished, balanced skin. Ideal for all skin types, this luxurious collection contains essential products that hydrate, balance, and rejuvenate. Includes: Essential Revitalizing Water Ex 150ml/5.07oz Essential Revitalizing Water Ex 15ml/0.5oz Essential Revitalizing Emulsion Ex 125ml/4.22oz Essential Revitalizing Emulsion Ex 15ml/0.5oz First Care Activating Serum VI 8ml/0.27oz Essential Firming Cream Ex 15ml/0.5oz Features A proprietary blend of five meticulously selected Korean herbs Deeply hydrates and soothes to alleviate dryness and discomfort Restores skin's optimal oil-water balance for a healthy complexion Hypoallergenic tested, suitable for sensitive skin Skin Concerns Fine Lines &amp; Wrinkles Dullness Dehydrated Skin Skin types All skin types Sensitive skin Made In SOUTH KOREA 🇰🇷 How to use Start with the Essential Comfort Balancing Water all over the skin to prepare the skin for the next steps. Follow it with the Essential Comfort Balancing Emulsion to lock in moisture, ensuring your complexion remains supple throughout the day. Enhance your routine with the First Care Activating Serum, patting it into the skin until fully absorbed. Finally, seal it all in with the Essential Comfort Firming Cream. Ingredients Key Ingredients JAUM Moisturizing Complex™ : Works to soothe irritated skin, replenish deep moisture, and strengthen the skin's barrier against external stressors. Ingredient Highlights Paraben-Free","Sulwhasoo","Moisturizers","Sulwhasoo, Moisturizers",TRUE,Title,Default Title,SULWHASOO-8343858315500,199,shopify,100,deny,manual,https://cdn.shopify.com/s/files/1/0515/4589/9157/files/Sulwhasoo_Set.png?v=1765911453
sungboon-editor-sungboon-editor-deep-collagen-cica-teatree-soothing-mask-4-pcs,"Sungboon Editor Deep Collagen Cica Teatree Soothing Mask (4 PCs)","An effective jelly-type mask pack that intensely soothes skin The Sungboon Editor Cica Teatree Soothing Mask is infused with 2,160,000 ppb of ultra-fine collagen that deeply penetrates deeply to enhance your skin’s natural elasticity and hydration, restoring its firmness and glow by dawn. Featuring 10,780 ppm of Centella Asiatica, i t enhances skin resilience to provide a protective layer that locks in moisture and promotes a healthy, glowing complexion. It is designed to calm irritated skin and reduce redness while you sleep by delivering intense soothing care. Free from fragrance and colorants, its gentle formula is perfect for sensitive skin, delivering soothing care without irritation. Features Has 2,160,000ppb of collagen Improves fine lines and wrinkles Comfortable no-mess jelly mask Features Centella Asiatica and Tea Tree Extracts Intensely soothes irritated skin Skin Concerns Dehydrated Skin Redness &amp; Irritation Anti-Aging Skin Types Suitable for all skin types, including sensitive skin Made In KOREA 🇰🇷 How to use After cleansing, use a toner to refine skin texture. Open the pouch and carefully apply the sheet to fit your face. After approximately 30-40 minutes or even overnight, remove the mask and gently pat the remaining essence onto the skin for absorption. Key Ingredients Centellasome-M: improves skin barrier and hydrates damaged skin Tea Tree Leaf Extract: soothing and calming Ingredient Highlights Sulfate-Free Silicone-Free Alcohol-Free Paraben-Free Fragrance-Free Mineral Oil-Free","Sungboon Editor","Masks","Sungboon Editor, Masks",TRUE,Title,Default Title,SUNGBOONEDITOR-9008008200428,380,shopify,100,deny,manual,https://cdn.shopify.com/s/files/1/0515/4589/9157/files/Frame_3_be209cfb-4ac7-40fe-871c-c79fa5f90cfb.png?v=1758292494
tirtir-tirtir-mask-fit-ai-filter-cushion-18g,"TIRTIR Mask Fit AI Filter Cushion (18g)","Experience the excellence of TIRTIR with the TIRTIR Mask Fit AI Filter Cushion (18g). This premium makeup is formulated with high-quality Korean skincare ingredients to deeply nourish and revitalize your complexion. Designed for those seeking a luxurious and effective makeup addition to their daily ritual.","TIRTIR","Makeup","TIRTIR, Makeup",TRUE,Title,Default Title,TIRTIR-9141969584364,45,shopify,100,deny,manual,https://cdn.shopify.com/s/files/1/0515/4589/9157/files/1b6ebbec5a8befb4246f29414f16d9a7.png?v=1769197917
tirtir-tirtir-mask-fit-all-cover-cushion-18g,"TIRTIR Mask Fit All-Cover Cushion (18g)","Experience the excellence of TIRTIR with the TIRTIR Mask Fit All-Cover Cushion (18g). This premium makeup is formulated with high-quality Korean skincare ingredients to deeply nourish and revitalize your complexion. Designed for those seeking a luxurious and effective makeup addition to their daily ritual.","TIRTIR","Makeup","TIRTIR, Makeup",TRUE,Title,Default Title,TIRTIR-9141970534636,45,shopify,100,deny,manual,https://cdn.shopify.com/s/files/1/0515/4589/9157/files/13N.png?v=1769792034
tirtir-tirtir-mask-fit-aura-cushion-18g,"TIRTIR Mask Fit Aura Cushion (18g)","Experience the excellence of TIRTIR with the TIRTIR Mask Fit Aura Cushion (18g). This premium makeup is formulated with high-quality Korean skincare ingredients to deeply nourish and revitalize your complexion. Designed for those seeking a luxurious and effective makeup addition to their daily ritual.","TIRTIR","Makeup","TIRTIR, Makeup",TRUE,Title,Default Title,TIRTIR-9141971812588,45,shopify,100,deny,manual,https://cdn.shopify.com/s/files/1/0515/4589/9157/files/8809928136837_1_20250924180500.png?v=1769791757
tirtir-tirtir-mask-fit-waterproof-setting-spray-80ml,"TIRTIR Mask Fit Waterproof Setting Spray (80ml)","Experience the excellence of TIRTIR with the TIRTIR Mask Fit Waterproof Setting Spray (80ml). This premium makeup is formulated with high-quality Korean skincare ingredients to deeply nourish and revitalize your complexion. Designed for those seeking a luxurious and effective makeup addition to their daily ritual.","TIRTIR","Makeup","TIRTIR, Makeup",TRUE,Title,Default Title,TIRTIR-9142667608300,342,shopify,100,deny,manual,https://cdn.shopify.com/s/files/1/0515/4589/9157/files/img_4407.png?v=1769811460
tocobo-tocobo-vita-glazed-lip-mask-20ml,"TOCOBO Vita Glazed Lip Mask (20ml)","A highly moisturizing overnight lip mask that provides care to dehydrated lips TOCOBO Vita Glazed Lip Mask is f ormulated with vitamin-rich like Vitamin E, which deeply revitalizes your lips overnight by forming a moisture barrier. It is ideal for those combating dryness and flakiness, as it also includes ingredients such as Jojoba Oil and Sea Buckthorn Oil to enhance the lip mask's hydrating power, ensuring soft, supple lips by morning. It's glossy glazed texture makes it ideal as a lip gloss during the day! Features For a luxurious, effective lip care routine High in vitamin rich ingredients to moisturize and nourish Can be used as a lip balm in the day as it has a glossy finish Exfoliates and deeply hydrates Skin Concerns Dryness Skin Types Suitable for all skin types Made In South Korea How to use Use the spatula to apply an even layer on lips before sleep. Ingredients Key Ingredients Vitamin E : Creates powerful moisture locking shield and strengthens moisture barrier. Olive Oil : Soothes, exfoliates and moisturizes Pomegranate Extract : Prevents loss of moisture on the surface. Ingredient Highlights Sulfate-Free Mineral-Oil Free Alcohol-Free Paraben-Free Vegan","Tocobo","Lip Care","Tocobo, Lip Care",TRUE,Title,Default Title,TOCOBO-8225463894252,45,shopify,100,deny,manual,https://cdn.shopify.com/s/files/1/0515/4589/9157/files/TOCOBO_Vita_Glazed_Lip_Mask_20ml.png?v=1766311976
torriden-dive-in-low-molecular-hyaluronic-acid-serum-50ml,"Dive-In Low Molecular Hyaluronic Acid Serum (50ml)","Experience the industry-leading standard for deep-core hydration. This award-winning serum is engineered with a proprietary 5D-Complex Hyaluronic Acid, blending five different molecular sizes to penetrate every dermal layer with clinical precision. Formulated with high-fidelity Panthenol and Allantoin, it provides immediate relief to dehydrated skin while reinforcing the moisture barrier. The ultra-lightweight, non-sticky texture leaves a clean, dew-drenched finish, making it the perfect foundation for a high-performance skincare routine.","Torriden","Skin Care","Torriden, Skin Care",TRUE,Title,Default Title,TORRIDEN-SERUM-50,450,shopify,100,deny,manual,https://cdn.shopify.com/s/files/1/0515/4589/9157/files/Torriden_Serum.png?v=1768103328
torriden-dive-in-hyaluronic-acid-soothing-cream-100ml,"Dive-In Hyaluronic Acid Soothing Cream (100ml)","Seal in high-fidelity moisture with this elite soothing cream. Designed for those who demand intensive hydration without the weight, this water-gel formula features a clinical-grade 5D-Complex Hyaluronic Acid system. It provides a cooling, 'water-burst' sensation upon application, instantly calming sensitive skin while building a protective moisture shield. Ideal for both oily and combination skin types, it leaves the complexion feeling exceptionally revitalized, calm, and perfectly balanced.","Torriden","Skin Care","Torriden, Skin Care",TRUE,Title,Default Title,TORRIDEN-CREAM-100,550,shopify,100,deny,manual,https://cdn.shopify.com/s/files/1/0515/4589/9157/files/Torriden_Soothing_Cream.png?v=1768103138
unove-unove-volume-up-curling-essence-147ml,"UNOVE Volume Up Curling Essence (147ml)","UNOVE Volume Up Curling Essence is a lightweight rinse-free treatment designed specifically for curly or permed hair that is dry and damaged. Infused with 31 types of proteins and amino acids, this fast-absorbing essence deeply nourishes while five plant-based oils lock in moisture for visibly shinier, bouncier curls. This nutrient-dense treatment works to replenish moisture, amplify your curl's natural fullness, and bring out the radiant, healthy-looking waves you've always wanted.","Unove","Hair Care","Unove, Hair Care",TRUE,Title,Default Title,UNOVE-9142123233516,417,shopify,100,deny,manual,https://cdn.shopify.com/s/files/1/0515/4589/9157/files/735b3567-2397-4e11-8009-91bc6ed53fbe.webp?v=1769795342
unove-unove-water-essence-mist-200ml,"UNOVE Water Essence Mist (200ml)","Experience the excellence of Unove with the UNOVE Water Essence Mist (200ml). This premium hair care is formulated with high-quality Korean skincare ingredients to deeply nourish and revitalize your complexion. Designed for those seeking a luxurious and effective hair care addition to their daily ritual.","Unove","Hair Care","Unove, Hair Care",TRUE,Title,Default Title,UNOVE-9142057500908,513,shopify,100,deny,manual,https://cdn.shopify.com/s/files/1/0515/4589/9157/files/Unove_Water_Essence_Mist.png?v=1769635695
village-11-factory-village-11-factory-hydro-boost-serum-50ml,"Village 11 Factory Hydro Boost Serum (50ml)","Skin quenching hydration boost in a bottle! Village 11 Factory Hydro Boost Serum is an ultr-hydrating facial serum formulated to provide deep and long-lasting hydration thanks to its combination of 8 types of hyaluronic acid . This complex of hyaluronic acids hydrates every layer of the epidermis, keeping the skin elastic and smooth, and helping to reduce the signs of aging. Its formula contains 91% natural and 11% patented V11 complex, which protects the skin from damage caused by the external environment and strengthens the skin barrier. The presence of jojoba extracts (0.1%) provides additional nourishment without weighing down the skin, making this serum ideal even for those with oily or combination skin. Features 91% natural ingredients making it safe and gentle for all skin types Nourishing without weighing down Strengthens and restores the skin's natural barrier Protects skin from environmental damage Helps reduce the appearance of wrinkles and signs of aging Skin Concerns Anti-Aging Dullness Dryness Skin Types All skin types, including sensitive skin Ideal for oily skin Made In KOREA 🇰🇷 How to use After cleansing and toning your face, apply an appropriate amount of serum and gently massage your face in circular upward motions until completely absorbed. Use morning and evening for best results. Ingredients Key Ingredients 8 Types of Hyaluronic Acid : Multi-level hydration at various layers of the skin. Jojoba Esters (0.1%) : Light and balanced nutrition for the skin. Village 11™ Complex (11%) : Protection and strengthening of the skin barrier. Ingredient Highlights Sulfate-Free Paraben-Free Mineral-Oil Free Silicone-Free Alcohol-Free Fragrance-Free","Village 11 Factory","Serums","Village 11 Factory, Serums",TRUE,Title,Default Title,VILLAGE11FACTORY-9008019210476,450,shopify,100,deny,manual,https://cdn.shopify.com/s/files/1/0515/4589/9157/files/Village_11_Factory_Hydro_Boost_Serum_50ml.png?v=1766326782
vt-cosmetics-vt-collagen-reedle-shot-100-2-step-hydrogel-mask-1-pc,"VT Collagen Reedle Shot 100 2-Step Hydrogel Mask (1 PC)","The mask combo with Cica Reti-A, which moisturizes and soothes the skin VT Cica Reti-A All-In-One 3-Step Mask is designed to create smooth and luminous skin. With three levels of concentrated care, this mask targets dry and rough skin, utilizing retinol that improve overall stability even for those who have sensitive skin. It also assists with pore care, calming the skin, and hydrating it. Follow all 3 steps to promote firmer and smoother skin. Features D eeper, faster and better absorption of skin care ingredients Faster skin results Improves skin texture, elasticity, dullness, hydration, pore size and more Soothes and strengthens skin barrier Moisturizing essence cleanses, exfoliates, and provides a skin-boosting effect Skin Concerns Irritation Anti-aging Dullness &amp; Dryness Rough Skin Clogged Pores Skin Types Suitable for all skin types, including sensitive skin Made In South Korea How to use After cleansing, apply STEP1 to the entire face. Keep STEP2 close to the entire face, avoiding the eye and mouth areas. After 10-20 minutes, remove the mask pack and gently massage the remaining serum into your skin. Massage STEP3 onto the eye area, cheekbones, and chin to lift and define those areas. Ingredients Key Ingredients Cica Hyalon ™ : A proprietary blend that enhances skin brightening and radiance. Panthenol &amp; Ceremides : Moisturizes and protects the skin barrier Hydrolyzed Elastin &amp; Bakuchiol : Boosts skin elasticity and plumps Ingredient Highlights Alcohol-Free Paraben -Free Sulfate -Free Vegan Mineral Oil-Free","VT Cosmetics","Masks","VT Cosmetics, Masks",TRUE,Title,Default Title,VTCOSMETICS-9098267230444,45,shopify,100,deny,manual,https://cdn.shopify.com/s/files/1/0515/4589/9157/files/b7e08d72-9c24-4308-8f2f-a55b159061ad.png?v=1770146691
vt-cosmetics-vt-reti-a-reedle-shot-100-2-step-hydrogel-mask-1-pc,"VT Reti-A Reedle Shot 100 2-Step Hydrogel Mask (1 PC)","The mask combo with Cica Reti-A, which moisturizes and soothes the skin VT Cica Reti-A All-In-One 3-Step Mask is designed to create smooth and luminous skin. With three levels of concentrated care, this mask targets dry and rough skin, utilizing retinol that improve overall stability even for those who have sensitive skin. It also assists with pore care, calming the skin, and hydrating it. Follow all 3 steps to promote firmer and smoother skin. Features D eeper, faster and better absorption of skin care ingredients Faster skin results Improves skin texture, elasticity, dullness, hydration, pore size and more Soothes and strengthens skin barrier Moisturizing essence cleanses, exfoliates, and provides a skin-boosting effect Skin Concerns Irritation Anti-aging Dullness &amp; Dryness Rough Skin Clogged Pores Skin Types Suitable for all skin types, including sensitive skin Made In South Korea How to use After cleansing, apply STEP1 to the entire face. Keep STEP2 close to the entire face, avoiding the eye and mouth areas. After 10-20 minutes, remove the mask pack and gently massage the remaining serum into your skin. Massage STEP3 onto the eye area, cheekbones, and chin to lift and define those areas. Ingredients Key Ingredients Cica Hyalon ™ : A proprietary blend that enhances skin brightening and radiance. Panthenol &amp; Ceremides : Moisturizes and protects the skin barrier Hydrolyzed Elastin &amp; Bakuchiol : Boosts skin elasticity and plumps Ingredient Highlights Alcohol-Free Paraben -Free Sulfate -Free Vegan Mineral Oil-Free","VT Cosmetics","Masks","VT Cosmetics, Masks",TRUE,Title,Default Title,VTCOSMETICS-9098267820268,45,shopify,100,deny,manual,https://cdn.shopify.com/s/files/1/0515/4589/9157/files/11913_reti-a-reedle-shot-100-mask-photoroom--1.png?v=1770649723
w-dressroom-w-dressroom-moisturizing-perfume-hand-cream-50ml,"W. DRESSROOM Moisturizing Perfume Hand Cream (50ml)","Experience the excellence of W. DRESSROOM with the W. DRESSROOM Moisturizing Perfume Hand Cream (50ml). This premium bath & body is formulated with high-quality Korean skincare ingredients to deeply nourish and revitalize your complexion. Designed for those seeking a luxurious and effective bath & body addition to their daily ritual.","W. DRESSROOM","Bath & Body","W. DRESSROOM, Bath & Body",TRUE,Title,Default Title,W.DRESSROOM-9102712340716,228,shopify,100,deny,manual,https://cdn.shopify.com/s/files/1/0515/4589/9157/files/5282585d0fc16474f55d5dafa05867d0e781362d1b515cf58f524254fd174bf2.png?v=1768512742
w-dressroom-w-dressroom-perfume-hand-nail-cream-set-3x30ml,"W. DRESSROOM Perfume Hand & Nail Cream Set (3x30ml)","A premium hand cream moisturizer in a variety of captivating fragrances. W. DRESSROOM Perfume Hand &amp; Nail Cream Set nourishes your hands and cuticles as they were designed to support nail strength and skin hydration. This set combines Biotin, Argan Kernel Oil, and 35,000PPM Shea Butter to reinforce the moisture barrier and soften rough skin. The lightweight texture sinks in quickly, avoiding any sticky feel while you go about your day. With three distinct scents—fresh April Cotton, sweet Peach Blossom, and clean White Soap—this set provides a practical way to keep your hands comfortable and your nails resilient. Features Perfumed hand creams Contains Shea Butter, Hyaluronic Acid, Sunflower Seed Extract Convenient, portable packaging for on-the-go Skin Types All skin types Made In South Korea How to use Apply evenly to hands and let the formula absorb into the skin. Ingredient Highlights Alcohol-Free Mineral Oil Free Paraben-Free Silicone-Free","W. DRESSROOM","Bath & Body","W. DRESSROOM, Bath & Body",TRUE,Title,Default Title,W.DRESSROOM-9102722826476,323,shopify,100,deny,manual,https://cdn.shopify.com/s/files/1/0515/4589/9157/files/wdressroomwdressroom-perfume-hand-nail-cream-setoceanbuy-beauty-2507631.png?v=1768510921
wasosen-wasosen-adlay-hatomugi-peeling-gel-200g,"Wasosen Adlay Hatomugi Peeling Gel (200g)","A Japanese peeling gel that leaves skin radiant and smooth. Wasosen Adlay Peeling Gel is formulated with Hatomugi pearl barley extract. The gel absorbs excess sebum and removes dead skin cells and dirty without excessive skin irritation. Features Exfoliates without irritation Leaves skin smooth and radiant Hatomugi pearl barley extract Skin Concern Rough Skin Dullness Skin types Suitable for all skin types Made In JAPAN 🇯🇵 How to Use 1. Take an appropriate amount on clean skin, spread it thinly over the entire face except for the eyes and lips, and gently massage it to make it sticky, s 2. Wash product off thoroughly. Follow with regular skin care routine. It is recommended to use this product 1-2 times per week. Ingredient Highlights Oil-Free Silicone-Free Paraben-Free","Wasosen","Exfoliants","Wasosen, Exfoliants",TRUE,Title,Default Title,WASOSEN-8499855229164,209,shopify,100,deny,manual,https://cdn.shopify.com/s/files/1/0515/4589/9157/files/wasosen2.jpg?v=1717196481
wasosen-wasosen-body-milk-500ml,"Wasosen Body Milk (500ml)","A Japanese ultra-moisturizing milky body lotion that is perfect for dry skin. Experience the luxurious wa so sen Hatomugi Body Milk by Oka International, your ultimate solution for body care. Enriched with the moisturizing power of hatomugi seed extract, this body milk effortlessly transforms your skin, leaving it fresh, beautiful, and deeply hydrated. Its velvety-smooth texture seamlessly absorbs into dry skin, ensuring long-lasting moisture without any sticky residue. With a generous size of 500ml, indulge in this ample supply of nourishment. Delicately scented with gentle natural essential oils, this body milk provides a truly indulgent and rejuvenating experience for your skin. Elevate your body care routine with the wa so sen Hatomugi Body Milk and embrace the beauty of well-nourished skin. It contains 3 types of Ceramide and is fragrance free, coloring free and alcohol free. Features Comes in a pump bottle Large volume of 500ml Easily blends smoothly into the skin non-greasy finish Skin Concern Dryness Dullness Skin types Dry Combination Sensitive Made In JAPAN 🇯🇵 How to Use Take an appropriate amount and apply it to the entire body. Active Ingredients Ceramide AP Yuzu fruit extract Aloe Vera leaf extract Ingredient Highlights Fragrance-Free Alcohol Free Three types of ceramides","Wasosen","Bath & Body","Wasosen, Bath & Body",TRUE,Title,Default Title,WASOSEN-7649510162668,266,shopify,100,deny,manual,https://cdn.shopify.com/s/files/1/0515/4589/9157/files/wasosen.jpg?v=1717196326