Handle,Title,Body (HTML),Vendor,Type,Tags,Published,Option1 Name,Option1 Value,Variant SKU,Variant Grams,Variant Inventory Tracker,Variant Inventory Qty,Variant Inventory Policy,Variant Fulfillment Service,Variant Price,Variant Requires Shipping,Variant Taxable,Image Src
"gummy-sheet-mask-madecassoside-sticker","Gummy Sheet Mask Madecassoside Sticker","<p>A professional-grade rescue treatment designed to soothe and restore sensitive complexions. This advanced sheet mask features 'Gummy' microfiber technology that adheres like a second skin, ensuring maximum absorption of the concentrated Madecassoside essence. Infused with Centella Asiatica and Ceramide NP, it rapidly neutralizes redness and fortifies the moisture barrier, leaving your skin exceptionally calm, hydrated, and resilient.</p><h6>Ingredients</h6><p>Water, Dipropylene Glycol, Glycereth-26, Glycerin, Butylene Glycol, 1,2-Hexanediol, Paeonia Suffruticosa Root Extract, Centella Asiatica Extract, Madecassoside, Squalane, Ceramide NP, Allantoin.</p>","Abib","Masks","Imported, TSB, Teemdrop_Auto_Fulfill",TRUE,Title,Default Title,"8693776515308",0,,999,deny,manual,84.95,TRUE,TRUE,"https://cdn.shopify.com/s/files/1/0515/4589/9157/files/Abib_Gummy_Sheet_Mask_Madecassoside_Sticker.png?v=1772983005"
"collagen-eye-patch-jericho-rose-jelly-30-pairs-60-pcs","Collagen Eye Patch Jericho Rose Jelly (30 Pairs / 60 pcs)","<p>Rejuvenate tired eyes with these high-fidelity hydrogel patches powered by Jericho Rose Extract and specialized Vegan Collagen. Designed to instantly brighten and firm the delicate under-eye area, this clinical-grade treatment delivers intense hydration and targets fine lines with a proprietary blend of Niacinamide and Caffeine. The unique 'Rose Jelly' texture ensures a cooling, weightless fit that revitalizes and awakens the gaze.</p><h6>Ingredients</h6><p>Water, Glycerin, Niacinamide, Collagen Extract, Jericho Rose Extract, Ceramide NP, Shea Butter, Caffeine, Panthenol, Adenosine, Sodium Hyaluronate.</p>","Abib","Eye Care","Imported, TSB, Teemdrop_Auto_Fulfill",TRUE,Title,Default Title,"8658393301228",0,,999,deny,manual,30.51,TRUE,TRUE,"https://cdn.shopify.com/s/files/1/0515/4589/9157/files/Abib-Collagen-eye-patch-Jericho-rose-jelly-60ea-90g.png?v=1769993318"
"heartleaf-cr-me-calming-tube-75ml","Heartleaf Crème Calming Tube (75ml)","<p>An intensive botanical sanctuary for stressed complexions. This lightweight yet powerful calming cream utilizes 10,000ppm of Heartleaf Extract to rapidly neutralize irritation and balance sebum production. Fortified with 8 types of Hyaluronic Acid and Ceramide NP, it provides long-lasting, deep hydration while strengthening the skin's natural defenses. The 'Tube' format ensures clinical precision and freshness in every application.</p><h6>Ingredients</h6><p>Water, Houttuynia Cordata Extract (10,000ppm), Glycerin, Niacinamide, Panthenol, 8 types of Hyaluronic Acid, Ceramide NP, Squalane, Tocopherol.</p>","Abib","Moisturizers","Imported, TSB, Teemdrop_Auto_Fulfill",TRUE,Title,Default Title,"8097324761324",0,,999,deny,manual,26.04,TRUE,TRUE,"https://cdn.shopify.com/s/files/1/0515/4589/9157/files/ProductPhotos_3_3029e8f0-bb1f-4e0b-9b82-35f332cea54f.png?v=1700939330"
"heartleaf-centella-red-spot-cream-30g","Heartleaf Centella Red Spot Cream (30g)","<p>A precision spot treatment that combines the soothing power of Heartleaf with the barrier-restoring benefits of 6 distinct Ceramides. Formulated with Houttuynia Cordata to calm inflammation and balance sebum, while the 'Fluidrop' technology ensures active ingredients penetrate deep into the skin's layers to accelerate healing of red spots and blemishes. This mild, non-sticky formula wraps irritated areas in a protective, breathable film, leaving your complexion refined and resilient.</p><h6>Ingredients</h6><p>Water, Houttuynia Cordata Flower/Leaf/Stem Water, Glycerin, Panthenol, Niaconamide, Squalane, Ceramides (NP, NG, NS, AP, AS, EOP), Centella Asiatica Extract, Madecassoside, Allantoin.</p>","ANUA","Moisturizers","Imported, TSB, Teemdrop_Auto_Fulfill",TRUE,Title,Default Title,"8995681272044",0,,999,deny,manual,23.67,TRUE,TRUE,"https://cdn.shopify.com/s/files/1/0515/4589/9157/files/ANUA_Heartleaf_Centella_Red_Spot_Cream_30g.png?v=1772983941"
"airy-sun-cream-spf-50-pa-50ml","Airy Sun Cream SPF 50+ PA++++ (50ml)","<p>An ultra-lightweight mineral sunscreen that provides elite protection without the typical white cast. Utilizing cutting-edge 'Powder Dispersion' technology, this SPF 50+ formula glides on like a serum, leaving a supple, 'Airy' finish. Infused with a botanical quartet of Centella Asiatica, Heartleaf, Tea Tree, and Mugwort, it actively calms seasonal sensitivity while shielding your skin from aging UV damage and environmental pollutants.</p><h6>Ingredients</h6><p>Water, Zinc Oxide, Centella Asiatica Extract, Artemisia Capillaris Extract, Houttuynia Cordata Extract, Melaleuca Alternifolia Extract, Sodium Hyaluronate, Tocopherol, Butylene Glycol.</p>","ANUA","Sun Care","Imported, TSB, Teemdrop_Auto_Fulfill",TRUE,Title,Default Title,"8933180276972",0,,999,deny,manual,34.19,TRUE,TRUE,"https://cdn.shopify.com/s/files/1/0515/4589/9157/files/ANUA_Airy_Sun_Cream_SPF_50_PA_50ml.png?v=1772983546"
"azelaic-acid-10-hyaluron-soothing-serum-30ml","Azelaic Acid 10 Hyaluron Soothing Serum (30ml)","<p>A transformative treatment serum powered by 10% Azelaic Acid to target hyperpigmentation and uneven texture. This high-performance formula is balanced with a soothing core of Centella Asiatica and Green Tea to prevent irritation, while Zinc PCA monitors blemish-causing oils. Hyaluronic Acid and Squalane provide a weightless moisture veil, ensuring your skin remains supple and glowing as the active ingredients work to refine your complexion and minimize the appearance of fine lines.</p><h6>Ingredients</h6><p>Water, Azelaic Acid, Panthenol, Glycerin, Niacinamide, Centella Asiatica Extract, Green Tea Leaf Water, Zinc PCA, Hyaluronic Acid, Squalane.</p>","ANUA","Serums","Imported, TSB, Teemdrop_Auto_Fulfill",TRUE,Title,Default Title,"8755559891180",0,,999,deny,manual,31.56,TRUE,TRUE,"https://cdn.shopify.com/s/files/1/0515/4589/9157/files/ANUA-43-01_1.webp?v=1766074516"
"anua-peach-niacin-serum-mask","ANUA Peach Niacin Serum Mask","<p>Experience the ultimate glow with this silk-adhesive mask soaked in a powerhouse serum of 70% Peach Extract and 2% Niacinamide. This premium K-Beauty treatment delivers an instant 'Glass Skin' effect, neutralizing dullness and refining texture with a proprietary blend of Vitamin B12 and Pink Yeast. Perfectly contoured to the face, it forces active hydration deep into the dermis for a revitalized, peach-soft complexion that radiates health.</p><h6>Ingredients</h6><p>Prunus Persica (Peach) Fruit Extract(70%), Water, Glycerin, Niacinamide, Lactobacillus Ferment, Hyaluronic Acid, Ceramide NP, Panthenol, Vitamin B12.</p>","ANUA","Masks","Imported, TSB, Teemdrop_Auto_Fulfill",TRUE,Title,Default Title,"8716254773484",0,,999,deny,manual,84.95,TRUE,TRUE,"https://cdn.shopify.com/s/files/1/0515/4589/9157/files/ANUA_Peach_Niacin_Serum_Mask.png?v=1772984285"
"anua-heartleaf-87-low-ph-deep-cleansing-water-500g","ANUA Heartleaf 87 Low pH Deep Cleansing Water (500g)","<p>A colossal 500g bottle of pure clarity. This low-pH cleansing water utilizes a 'Fluid Micellar' system to lift impurities, heavy makeup, and micro-dust without disrupting the skin's delicate acid mantle. Infused with 87% Heartleaf Extract and plant-derived Squalane, it calms sensitivity on contact while ensuring the moisture barrier remains intact. A professional-grade first cleanse that leaves skin perfectly prepped, hydrated, and resilient.</p><h6>Ingredients</h6><p>Purified Water, Houttuynia Cordata Extract (87%), Squalane, Panthenol, Citric Acid, Sodium Citrate, 1,2-Hexanediol, Ethylhexylglycerin.</p>","ANUA","Cleansers","Imported, TSB, Teemdrop_Auto_Fulfill",TRUE,Title,Default Title,"8716302516460",0,,999,deny,manual,28.93,TRUE,TRUE,"https://cdn.shopify.com/s/files/1/0515/4589/9157/files/Product_Images_90_a9406654-4d10-4d2f-b157-240a6edca7c9.png?v=1769082342"
"anua-rice-70-glow-milky-toner-250ml","ANUA Rice 70 Glow Milky Toner (250ml)","<p>A luxurious milky toner that brightens and moisturizes to reveal a weightless porcelain glow. Formulated with 70% Rice Water and fortified with a proprietary Cera-Protein complex, it actively repairs the moisture barrier while Niacinamide refines texture and clarity. This high-performance formula provides the deep hydration of a cream with the ethereal lightness of a toner, delivering the ultimate 'Glass Skin' finish for even the most sensitive complexions.</p><h6>Ingredients</h6><p>Oryza Sativa (Rice) Bran Water(70%), Niacinamide, Ceramide NP, Panthenol, Hyaluronic Acid, Hydrolyzed Rice Protein, Adenosine, Squalane.</p>","ANUA","Toners","Imported, TSB, Teemdrop_Auto_Fulfill",TRUE,Title,Default Title,"8585797894380",0,,999,deny,manual,28.93,TRUE,TRUE,"https://cdn.shopify.com/s/files/1/0515/4589/9157/files/processed_cmd0t3j2g04qan5u6o2xp93my_1752359403622.png?v=1752359408"
"anua-heartleaf-70-soothing-cream-100ml","ANUA Heartleaf 70% Soothing Cream (100ml)","<p>A professional-grade soothing sanctuary for irritated skin. This intensive gel-cream utilizes 70% Heartleaf Extract and Panthenol to provide dual-action relief: immediate cooling and deep moisture barrier repair. Enhanced with a quintet of Centella Asiatica derivatives, it rapidly neutralizes redness and strengthens the skin's natural defenses. The weightless, non-comedogenic texture melts into the skin, leaving a calm, hydrated, and perfectly balanced finish without a hint of greasiness.</p><h6>Ingredients</h6><p>Houttuynia Cordata Extract (70%), Glycerin, Panthenol, Hyaluronic Acid, Centella Asiatica Extract, Madecassic Acid, Asiaticoside, Asiatic Acid, Betaine.</p>","ANUA","Moisturizers","Imported, TSB, Teemdrop_Auto_Fulfill",TRUE,Title,Default Title,"8493012877548",0,,999,deny,manual,31.30,TRUE,TRUE,"https://cdn.shopify.com/s/files/1/0515/4589/9157/files/ANUA_Heartleaf_70__Soothing_Cream__100m_PNG.png?v=1769695652"
"anua-heartleaf-pore-control-cleansing-oil-200ml","ANUA Heartleaf Pore Control Cleansing Oil (200ml)","<p>The ultimate first cleanse for achieving 'Glass Skin'. This hypoallergenic oil uses a botanical blend of Heartleaf and premium plant oils (Jojoba, Grape Seed, Macadamia) to effortlessly melt away sunscreen, waterproof makeup, and deep-seated pore impurities. Clinically proven to reduce blackheads and whiteheads by up to 18% in four weeks, it leaves the skin exceptionally clear and refreshed without a trace of oily residue or irritation.</p><h6>Ingredients</h6><p>Ethylhexyl Palmitate, Sorbeth-30 Tetraoleate, Helianthus Annuus (Sunflower) Seed Oil, Simmondsia Chinensis (Jojoba) Seed Oil, Houttuynia Cordata Extract, Tocopherol.</p>","ANUA","Cleansers","Imported, TSB, Teemdrop_Auto_Fulfill",TRUE,Title,Default Title,"7964008579308",0,,999,deny,manual,28.93,TRUE,TRUE,"https://cdn.shopify.com/s/files/1/0515/4589/9157/files/anua_3.png?v=1752361023"
"anua-peach-70-niacin-serum-30ml","ANUA Peach 70% Niacin Serum (30ml)","<p>A luminosity-boosting serum infused with 70% Peach Extract and 5% Niacinamide to create an instant glass-skin glow. This high-performance formula targets dullness and uneven tone with Vitamin B12 and Pink Yeast, while Desert Yeast Oil and Triple Hyaluronic Acid provide multi-level hydration. The serum refines skin texture and provides a weightless, radiant finish that looks ethereal both under makeup and on its own.</p><h6>Ingredients</h6><p>Prunus Persica (Peach) Fruit Extract(70%), Niacinamide(5%), Squalane, Vitamin B12, Hyaluronic Acid, Desert Yeast Oil, Centella Asiatica Extract.</p>","ANUA","Serums","Imported, TSB, Teemdrop_Auto_Fulfill",TRUE,Title,Default Title,"8140955484396",0,,999,deny,manual,28.93,TRUE,TRUE,"https://cdn.shopify.com/s/files/1/0515/4589/9157/files/processed_cmd0t21in04pwn5u6utqmb6i8_1752359308889.png?v=1752359313"
"anua-heartleaf-lha-moisture-peeling-gel-120ml","ANUA Heartleaf LHA Moisture Peeling Gel (120ml)","<p>A gentle yet powerful moisture-peeling ritual that resurfaces the skin without irritation. This hypoallergenic gel utilizes LHA (Lipohydroxy Acid) to delicately lift surface impurities and dead skin cells, while 10,000ppm Heartleaf Extract instantly calms and purifies. Infused with a Triple Hyaluronic Acid complex, it ensures the skin remains deeply hydrated and supple after exfoliation, revealing a smoother, clearer, and more refined glow.</p><h6>Ingredients</h6><p>Water, Houttuynia Cordata Extract (10,000ppm), Cellulose, Hyaluronic Acid, LHA (Capryloyl Salicylic Acid), Panthenol, Arginine, Allantoin, Aloe Ferox Leaf Extract.</p>","ANUA","Exfoliants","Imported, TSB, Teemdrop_Auto_Fulfill",TRUE,Title,Default Title,"8141043171564",0,,999,deny,manual,23.67,TRUE,TRUE,"https://cdn.shopify.com/s/files/1/0515/4589/9157/files/lha_EDITED.png?v=1765403648"
"anua-niacinamide-10-txa-4-dark-spot-correcting-serum-30ml","ANUA Niacinamide 10% + TXA 4% Dark Spot Correcting Serum (30ml)","<p>A clinical-grade brightening masterpiece that synergizes 10% Niacinamide with 4% Tranexamic Acid and 2% Arbutin. This potent trio effectively intercepts melanin pathways to visibly fade dark spots, post-acne marks, and stubborn hyperpigmentation. Infused with a soothing core of Hyaluronic Acid and botanical extracts, it illuminates the complexion while fortifying the moisture barrier, delivering a uniform, radiant glass-skin finish without irritation.</p><h6>Ingredients</h6><p>Water, Niacinamide(10%), Tranexamic Acid(4%), Arbutin(2%), Sodium Hyaluronate, Centella Asiatica Extract, Ceramide NP, Panthenol, Glutathione.</p>","ANUA","Serums","Imported, TSB, Teemdrop_Auto_Fulfill",TRUE,Title,Default Title,"8204922290412",0,,999,deny,manual,30.51,TRUE,TRUE,"https://cdn.shopify.com/s/files/1/0515/4589/9157/files/Anua_Niacinamide_10_TXA_4_Direct_Beauty.png?v=1771503079"
"anua-heartleaf-77-soothing-sheet-mask","ANUA Heartleaf 77% Soothing Sheet Mask","<p>The gold standard of SOS skin rescue. This premium sheet mask is saturated in highly concentrated 77% Heartleaf Extract, designed to provide immediate relief to sensitive, inflamed, or acne-prone skin. The ultra-soft microfiber sheet adheres like a second skin, ensuring maximum penetration of the anti-inflammatory essence to lower skin temperature and restore the moisture barrier. An essential K-Beauty ritual for achieving a calm, hydrated, and perfectly balanced complexion.</p><h6>Ingredients</h6><p>Houttuynia Cordata Extract (77%), Water, Glycerin, Panthenol, Sodium Hyaluronate, Centella Asiatica Extract, Ceramide NP, Allantoin, Madecassoside.</p>","ANUA","Masks","Imported, TSB, Teemdrop_Auto_Fulfill",TRUE,Title,Default Title,"8148536590572",0,,999,deny,manual,84.95,TRUE,TRUE,"https://cdn.shopify.com/s/files/1/0515/4589/9157/files/anua-us-sheet-mask-10ea-heartleaf-77-soothing-sheet-mask-1161173116.png?v=1754147915"
"anua-heartleaf-70-intense-calming-cream","ANUA Heartleaf 70% Intense Calming Cream","<p>An ultra-nourishing balm designed for skin that requires intensive recovery. Formulated with 70% Heartleaf Extract and a fortified Ceramide-Protein complex, it provides a deep, breathable moisture seal that lasts for 72 hours. This calming cream actively targets severe dryness and sensitivity, utilizing a specialized 'Bio-Barrier' technology to restore integrity to compromised skin, leaving it feeling exceptionally soft, protected, and serene.</p><h6>Ingredients</h6><p>Houttuynia Cordata Extract (70%), Ceramide NP, Ceramide AP, Ceramide EOP, Panthenol, Hyaluronic Acid, Squalane, Cholesterol, Phytosphingosine.</p>","ANUA","Moisturizers","Imported, TSB, Teemdrop_Auto_Fulfill",TRUE,Title,Default Title,"8147284820204",0,,999,deny,manual,27.35,TRUE,TRUE,"https://cdn.shopify.com/s/files/1/0515/4589/9157/files/Anua_70_Intense_Calming_Cream.png?v=1771859847"
"anua-peach-77-niacin-conditioning-milk-150ml","ANUA Peach 77% Niacin Conditioning Milk (150ml)","<p>A luxurious milky infusion crafted with 77% Peach Extract and 2% Niacinamide to deliver a velvety, radiant complexion. This high-performance lotion utilizes a proprietary blend of Ceramides and Triple Hyaluronic Acid to strengthen the moisture barrier while neutralizing dullness. The lightweight, fast-absorbing texture provides the deep nourishment of a cream with the ethereal feel of a milk, leaving skin plump, brightened, and perfectly prepped for the ultimate 'Glass Skin' finish.</p><h6>Ingredients</h6><p>Prunus Persica (Peach) Fruit Extract (77%), Glycerin, Niacinamide (2%), Ceramide NP, Sodium Hyaluronate, Lactobacillus Ferment, Bifida Ferment Lysate, Panthenol, Vitamin B12.</p>","ANUA","Moisturizers","Imported, TSB, Teemdrop_Auto_Fulfill",TRUE,Title,Default Title,"8147248054508",0,,999,deny,manual,28.93,TRUE,TRUE,"https://cdn.shopify.com/s/files/1/0515/4589/9157/files/processed_cmd0t173y04pon5u662lkxjnv_1752359209469.png?v=1752359213"
"anua-heartleaf-77-clear-pad-70pcs","ANUA Heartleaf 77% Clear Pad (70pcs)","<p>The ultimate one-step resurfacing ritual for clear, calm skin. These dual-sided pads are saturated in 77% Heartleaf Extract and mild Gluconolactone (PHA) to gently exfoliate dead skin cells while instantly soothing inflammation. Specifically engineered for acne-prone and sensitive skin, they help refine pore texture and balance sebum production without stripping essential moisture. Perfect for achieving a smooth, clear complexion with zero downtime.</p><h6>Ingredients</h6><p>Houttuynia Cordata Extract (77%), Water, Gluconolactone, Panthenol, Betaine Salicylate, Centella Asiatica Extract, Sodium Hyaluronate, Arginine, Allantoin.</p>","ANUA","Exfoliants","Imported, TSB, Teemdrop_Auto_Fulfill",TRUE,Title,Default Title,"8031572918508",0,,999,deny,manual,28.93,TRUE,TRUE,"https://cdn.shopify.com/s/files/1/0515/4589/9157/files/ANUA_Heartleaf_77_Clear_Pad.png?v=1754404858"
"anua-heartleaf-quercetinol-pore-deep-cleansing-foam-150ml","ANUA Heartleaf Quercetinol Pore Deep Cleansing Foam (150ml)","<p>A sophisticated deep-cleansing foam engineered to purify pores while calming sensitive complexions. Infused with 3,000ppm of micro-ground Heartleaf powder and 'Quercetinol' extracted from raw Heartleaf, it gently sloughs off dead skin cells and excess sebum. The low-pH formula is enriched with an 8-fold Hyaluronic Acid complex to ensure the skin remains exceptionally soft and hydrated, making it the perfect daily ritual for oily and acne-prone skin.</p><h6>Ingredients</h6><p>Houttuynia Cordata Water (33%), Glycerin, Quercetin, Heartleaf Powder (3,000ppm), 8 types of Hyaluronic Acid, Salicylic Acid (0.5%), Centella Asiatica Extract.</p>","ANUA","Cleansers","Imported, TSB, Teemdrop_Auto_Fulfill",TRUE,Title,Default Title,"7969926906092",0,,999,deny,manual,18.41,TRUE,TRUE,"https://cdn.shopify.com/s/files/1/0515/4589/9157/files/anua_q_2.png?v=1752372549"
"anua-heartleaf-70-daily-lotion","ANUA Heartleaf 70% Daily Lotion","<p>A sophisticated daily moisture veil that balances hydration with intense soothing power. Formulated with 70% Heartleaf Extract and a triple Hyaluronic Acid complex, this fast-absorbing lotion fortifies the skin barrier while calming environmental sensitivity. The non-sticky, breathable formula ensures long-lasting moisture retention, making it an ideal choice for maintaining a healthy, resilient, and luminous complexion throughout the day.</p><h6>Ingredients</h6><p>Houttuynia Cordata Extract (70%), Glycerin, Sodium Hyaluronate, Ceramide NP, Squalane, Panthenol, Centella Asiatica Extract, Betaine, Arginine.</p>","ANUA","Moisturizers","Imported, TSB, Teemdrop_Auto_Fulfill",TRUE,Title,Default Title,"7965277454572",0,,999,deny,manual,27.35,TRUE,TRUE,"https://cdn.shopify.com/s/files/1/0515/4589/9157/files/processed_cmd0szv5b04pcn5u6mes84uos_1752358532920.png?v=1752358537"
"anua-heartleaf-77-soothing-toner","ANUA Heartleaf 77% Soothing Toner","<p>The viral K-Beauty masterpiece for achieving pristine 'Glass Skin'. This highly concentrated toner features 77% Heartleaf Extract, renowned for its unparalleled soothing and anti-inflammatory properties. Perfectly pH-balanced to restore skin equilibrium, it rapidly calms redness, reduces breakouts, and optimizes moisture levels. This non-irritating ritual prep is the essential foundation for any skincare routine, leaving your complexion refined, clear, and exceptionally radiant.</p><h6>Ingredients</h6><p>Houttuynia Cordata Extract (77%), Water, Panthenol, Glycerin, Betaine, Centella Asiatica Extract, Sodium Hyaluronate, Portulaca Oleracea Extract, Chamomilla Recutita Flower Extract.</p>","ANUA","Toners","Imported, TSB, Teemdrop_Auto_Fulfill",TRUE,Title,Default Title,"7963906769132",0,,999,deny,manual,28.93,TRUE,TRUE,"https://cdn.shopify.com/s/files/1/0515/4589/9157/files/anua_2.png?v=1752359036"
"anua-heartleaf-80-soothing-ampoule","ANUA Heartleaf 80% Soothing Ampoule","<p>A high-potency soothing elixir designed to instantly calm distressed skin. Containing a massive 80% Heartleaf Extract, this concentrated ampoule provides a surge of anti-inflammatory relief to red, irritated, or fatigued skin. The rich, viscous texture melts into a weightless veil, delivering deep hydration and antioxidant protection without any stickiness. It's the ultimate recovery serum for achieving a resilient, glowing, and perfectly serene complexion.</p><h6>Ingredients</h6><p>Houttuynia Cordata Extract (80%), Butylene Glycol, Glycerin, 1,2-Hexanediol, Panthenol, Hyaluronic Acid, Arginine, Cassia Obtusifolia Seed Extract, Betaine.</p>","ANUA","Serums","Imported, TSB, Teemdrop_Auto_Fulfill",TRUE,Title,Default Title,"7965274046700",0,,999,deny,manual,32.61,TRUE,TRUE,"https://cdn.shopify.com/s/files/1/0515/4589/9157/files/processed_cmd0sznet04pan5u6zb1swi30_1752358486345.png?v=1752358526"
"anua-pdrn-hyaluronic-acid-capsule-100-serum-30ml","ANUA PDRN Hyaluronic Acid Capsule 100 Serum (30ml)","<p>A futuristic anti-aging marvel that synergizes PDRN (Salmon DNA) with an 11-fold Hyaluronic Acid complex. This high-fidelity serum utilizes a unique encapsulation technology to deliver potent skin-regenerating actives deep into the dermis. It actively promotes collagen synthesis, reverses environmental damage, and provides multi-level plumping for an unparalleled firming effect. Each application leaves the skin visibly denser, more elastic, and radiating a youthful, hydrated glow.</p><h6>Ingredients</h6><p>Water, Sodium DNA (PDRN), 11 types of Hyaluronic Acid, Hydrolyzed Collagen, Niacinamide, Adenosine, Glutathione, Panthenol, Squalane.</p>","ANUA","Serums","Imported, TSB, Teemdrop_Auto_Fulfill",TRUE,Title,Default Title,"8756130447596",0,,999,deny,manual,34.19,TRUE,TRUE,"https://cdn.shopify.com/s/files/1/0515/4589/9157/files/ANUA_PDRN_Hyaluronic_Acid_Capsule_100_Serum_30ml.png?v=1772984035"
"anua-7-rice-ceramide-hydrating-barrier-serum-50ml","ANUA 7 Rice Ceramide Hydrating Barrier Serum (50ml)","<p>A nourishing milky masterpiece designed to fortify the skin's moisture barrier while delivering a porcelain glow. Powered by the proprietary 'RICERA' complex—a fusion of 7 distinct Rice Extracts and premium Ceramides—this serum repairs compromised skin and neutralizes dullness. Fortified with 3% Niacinamide and Zinc to refine pores and balance sebum, it leaves the complexion exceptionally smooth, hydrated, and emitting a sophisticated luminosity.</p><h6>Ingredients</h6><p>Oryza Sativa (Rice) Bran Water, 7 types of Rice Extract, Ceramide NP, 3% Niacinamide, Sodium Hyaluronate, Panthenol, Squalane, Zinc, Adenosine.</p>","ANUA","Serums","Imported, TSB, Teemdrop_Auto_Fulfill",TRUE,Title,Default Title,"8585851076844",0,,999,deny,manual,34.19,TRUE,TRUE,"https://cdn.shopify.com/s/files/1/0515/4589/9157/files/ANUA_7_Rice_Ceramide_Hydrating_Barrier_Serum_50ml.png?v=1772983389"
"smooth-pure-foot-mask-special-care-set-tea-tree-aloe-2-pairs","Smooth & Pure Foot Mask Special Care Set Tea Tree & Aloe (2 Pairs)","<p>The ultimate two-step spa ritual for perfectly smooth feet. This professional-grade set features a specialized peeling mask with Tea Tree and Lactic Acid to gently shed calluses, followed by a soothing Aloe moisture mask to hydrate and protect. Designed for high-fidelity foot care, it reveals soft, revitalized 'Glass Slipper' skin within 7-10 days, making it an essential treatment for rough, tired feet.</p><h6>Ingredients</h6><p>Tea Tree Mask: Water, Lactic Acid, Urea, Glycolic Acid, Melaleuca Alternifolia (Tea Tree) Oil. Aloe Mask: Water, Glycerin, Shea Butter, Aloe Barbadensis Leaf Extract, Sodium Hyaluronate.</p>","ARIUL","Bath & Body","Imported, TSB, Teemdrop_Auto_Fulfill",TRUE,Title,Default Title,"9024611254508",0,,999,deny,manual,10.26,TRUE,TRUE,"https://cdn.shopify.com/s/files/1/0515/4589/9157/files/AriulTeaTree_Aloe.png?v=1759108697"
"ashirira-foot-relax-sheet-ginger-1-box-30-pcs","Ashirira Foot Relax Sheet: Ginger (1 BOX / 30 PCs)","<p>A foot sheet using natural bamboo tree sap to relax and detox during your sleep. Ashirira Foot Relax Sheet is a must-have foot product that detoxifies and relaxes tired, swollen feet. Simply apply the sheet on clean feet before bed and wake up to refreshed feet the next day! Watch how the sheet changes to various shades of brown as the bamboo sap powder absorbs the excess fluid and toxins from your feet. Bamboo tree sap powder has been widely used in traditional medicine for its anti-bacterial, anti-septic, anti-inflammatory and antioxidant properties. Combined with the concept of traditional reflexology, this product effectively targets the reflex points to also improve blood circulation, metabolism, sleep quality and overall health. Whether you've sat, walked or stood all day, this product is perfect for relaxing those hardworking feet! In addition to improved blood circulation and immunity, choose the one that suits your needs the most: Titanium ( pink ) : Relieves muscle joint and muscle pain; for sensitive skin Grapefruit ( orange ) : Promotes weight loss and digestion Mugwort ( green ) : Detoxify and cleanse, improves dry skin Red Pepper ( red ) : Warms body and improves circulation Ginger (gold): Promotes digestion and regulates bowel movements, anti-inflammatory Rose ( blue ) : Improves skin complexion, anti-inflammatory Concerns Constipation/Digestion issues Inflammation Menstrual pain Skin Types Suitable for all skin types Made In Japan How to use Open package to reveal adhesive sheet and foot pad. Place detox foot pad on center of adhesive sheet (printed side facing down). Peel off the rest of the adhesive cover and apply adhesive (with foot pad in it) on clean, dry foot before bed. Repeat on the other foot and remove upon waking up. Wash off any sticky residue. TIP: This can also be used on any other areas of soreness (e.g., shoulder, neck, knees, calves) Ingredient Highlights Natural</p><h6>Ingredients</h6><p>Full list of ingredients Dextrin, Bamboo Sap, Chameleon Plant (Dokudami), Loquat Leaf, Chitosan, Vitamin C</p>","Ashirira","Bath & Body","Imported, TSB, Teemdrop_Auto_Fulfill",TRUE,Title,Default Title,"7918044217580",0,,999,deny,manual,24.98,TRUE,TRUE,"https://cdn.shopify.com/s/files/1/0515/4589/9157/files/Ashirira_Foot_Relax_Sheet_Ginger_1_BOX_30_PCs.png?v=1772984959"
"biome-recharging-night-renewal-set-2pcs","Biome Recharging Night Renewal Set (2pcs)","<p>A high-performance overnight renewal system designed to recharge the skin's biome and restore its natural resilience. This dual-action set includes the Biome Recharging Enhanced Night Balm and the 10 Panthenol Supporting Concentrate. Formulated with a Special Biome Blend of 5 distinct prebiotics and probiotics, it actively repairs the moisture barrier and neutralizes environmental stress while you sleep, revealing a revitalized, healthy-looking 'Glass Skin' glow by morning.</p><h6>Ingredients</h6><p>Night Balm: Water, Bifida Ferment Lysate, Glycerin, Centella Asiatica Extract, Artemisia Princeps Leaf Extract. Concentrate: Water, Panthenol (10%), Sodium Hyaluronate, Ceramide NP, Ethylhexylglycerin.</p>","AXIS-Y","Moisturizers","Imported, TSB, Teemdrop_Auto_Fulfill",TRUE,Title,Default Title,"7915099783404",0,,999,deny,manual,32.61,TRUE,TRUE,"https://cdn.shopify.com/s/files/1/0515/4589/9157/files/Biome_Recharging_Night_Renewal_Set.png?v=1767587562"
"txa-2-5-intensive-brightening-cream-50ml","TXA 2.5% Intensive Brightening Cream (50ml)","<p>A silicone-free brightening masterpiece engineered to fade stubborn dark spots and unify skin tone. Powered by a clinical-grade synergy of 2.5% Tranexamic Acid and 2.5% Niacinamide, this balm-like cream intercepts melanin pathways to visibly reduce hyperpigmentation. Infused with Glutathione and a soothing core of Cica, it delivers deep hydration and a silky, radiant finish without any heavy residue, making it ideal for sensitive and translucent complexions.</p><h6>Ingredients</h6><p>Water, Glycerin, Tranexamic Acid (2.5%), Niacinamide (2.5%), Glutathione, Ceramide NP, Sodium Hyaluronate, Centella Asiatica Extract, Houttuynia Cordata Extract.</p>","AXIS-Y","Moisturizers","Imported, TSB, Teemdrop_Auto_Fulfill",TRUE,Title,Default Title,"9063434027244",0,,999,deny,manual,23.67,TRUE,TRUE,"https://cdn.shopify.com/s/files/1/0515/4589/9157/files/TXACream_Thumbnail_1-Photoroom.png?v=1762189560"
"bcl-saborino-morning-facial-sheet-mask-moisture-rich-30pcs","BCL Saborino Morning Facial Sheet Mask Moisture Rich (30pcs)","<p>A special care face mask to freshen the skin after waking up. B&amp;C Lab (aka BCL) Saborino Morning Facial Sheet Mask Moisture Rich features a renewed \</p><h6>Ingredients</h6><p>Full list of ingredients Aqua, Glycerin, Isopentyldiol, Alcohol, Butylene Glycol, Ascorbyl Glucoside, Fragaria Ananassa (Strawberry) Fruit Extract, Caesalpinia Spinosa Fruit Extract, Kappaphycus Alvarezii Extract, Glycosyl Trehalose, Glyceryl Glucoside, Punica Granatum Peel Extract, Tremella Fuciformis Polysaccharide, Squalane, Mentha Piperita (Peppermint) Leaf Extract, Ascorbyl Tetraisopalmitate, Tocopherol, Sodium Hyaluronate, Vaccinium Myrtillus Leaf Extract, Phytosterols, Vitis Vinifera (Grape) Fruit Extract, Betaine, Mandelic Acid, Melissa Officinalis Leaf Extract, Rubus Idaeus (Raspberry) Fruit Extract, Malic Acid, Hydrolyzed Hyaluronic Acid, Hydrogenated Starch Hydrolysate, Soluble Collagen, PPG-6-Decyltetradeceth-30, Xanthan Gum, Citric Acid, Sodium Citrate, Glycyl Glycine, Diglycerin, Squalene, Jojoba Oil/Macadamia Seed Oil Esters, Phytosteryl Macadamiate, Menthol, Polyglyceryl-10 Laurate, Phenoxyethanol, Ethylparaben, Methylparaben, Parfum Ingredients subject to change at manufacturer's discretion. For the most complete and up-to-date list of ingredients, please refer to product packaging.</p>","BCL","Masks","Imported, TSB, Teemdrop_Auto_Fulfill",TRUE,Title,Default Title,"8478619402476",0,,999,deny,manual,16.99,TRUE,TRUE,"https://cdn.shopify.com/s/files/1/0515/4589/9157/files/Screenshot_2024-05-24_at_9.31.51_PM.png?v=1716600722"
"bcl-saborino-morning-facial-sheet-mask-32pcs","BCL Saborino Morning Facial Sheet Mask (32pcs)","<p>A special care face mask to freshen the skin after waking up. B&amp;C Lab (aka BCL) Saborino WMorning Facial Sheet Mask is a 3-in-1 face mask that has cleansing, skincare, and primer (base) benefits all in one quick, easy step. It is formulated with 10 different moisturizing , including hyaluronic acid, collagen, and honey, among others. Skin is left feeling refreshed and nourished after just 60 seconds! Featuring a pleasant fruity scent. Features Stretchy cotton sheet mask 10 moisturizing ingredients 3-in-1 (cleansing, skincare, primer) Refreshing and moisturizing Skin Types Suitable for all skin types Skin Concerns Dehydrated Skin Rough Skin Made In JAPAN 🇯🇵 How to use After cleansing in the morning, remove 1 sheet mask and stretch it to fit perfectly to the face. Carefully unfold the mask and apply to the skin for 60 seconds (up to 5-10 minutes for very dry skin). Remove mask and gently dab the remaining essence on the face. You are ready for makeup! Ingredients Ingredient Highlights Silicone-Free Sulfate-Free</p><h6>Ingredients</h6><p>Full list of ingredients Aqua, Glycerin, Butylene Glycol, Alcohol, Betaine, Ascorbyl Glucoside, Persea Gratissima (Avocado) Fruit Extract, Citrus Aurantium Dulcis (Orange) Oil, Caesalpinia Spinosa Fruit Extract, Kappaphycus Alvarezii Extract, Cucumis Sativus (Cucumber) Fruit Extract, Glyceryl Glucoside, Citrus Grandis (Grapefruit) Peel Oil, Citrus Paradisi (Grapefruit) Peel Oil, Tremella Fuciformis Polysaccharide, Squalane, Mentha Piperita (Peppermint) Lea Extract, Melaleuca Alternifolia (Tea Tree) Leaf Oil, Ascorbyl Tetraisopalmitate, Tocopherol, Sodium Hyaluronate, Phytosterols, Mandelic Acid, Melissa Officinalis Leaf Extract, Malic Acid, Hydrolyzed Hyaluronic Acid, Soluble Collagen, PEG-60 Hydrogenated Castor Oil, Xanthan Gum, Citric Acid, Sodium Citrate, Glycyl Glycine, Squalene, Jojoba Oil/Macadamia Seed Oil Esters, Phytosteryl Macadamiate, Menthol, Polyglyceryl-10 Laurate, Phenoxyethanol, Sodium Benzoate, Ethylparaben, Methylparaben, Parfum Ingredients subject to change at manufacturer's discretion. For the most complete and up-to-date list of ingredients, please refer to product packaging.</p>","BCL","Masks","Imported, TSB, Teemdrop_Auto_Fulfill",TRUE,Title,Default Title,"8478618386668",0,,999,deny,manual,16.99,TRUE,TRUE,"https://cdn.shopify.com/s/files/1/0515/4589/9157/files/BCL_Saborino_Morning_Facial_Sheet_Mask__32pcs_-removebg-preview.png?v=1766163501"
"bcl-saborino-good-night-facial-sheet-mask-30pcs","BCL Saborino Good Night Facial Sheet Mask (30pcs)","<p>A 5-in-1 sheet mask that makes for an easy bedtime routine. B&amp;C Lab (aka BCL) Saborino Good Night Facial Sheet Mask is a one-step sheet mask that replaces your lotion (toner), serum, moisturizer, face cream, and mask pack in a single product. In just 60 seconds, it rejuvenates the skin, exfoliates, and moisturizes deeply. It is formulated with gentle fruit acid (exfoliating), collagen, hyaluronic acid, and honey. Each mask is made of a thick stretchable cotton sheet to fit faces of all sizes. Featuring a relaxing scent to help you unwind and fall asleep after a long day. Features Stretchy cotton sheet mask Chamomile orange fragrance Gently exfoliating Moisturizing Skin Types Suitable for all skin types Skin Concerns Dehydrated Skin Rough Skin Made In JAPAN 🇯🇵 How to use After cleansing in the evening, remove 1 sheet mask and stretch it to fit perfectly to the face. Carefully unfold the mask and apply to the skin for 60 seconds (up to 5-10 minutes for very dry skin). Remove mask and gently dab the remaining essence on the face. Ingredient Highlights Silicone-Free Sulfate-Free</p><h6>Ingredients</h6><p>Full list of ingredients Water, Glycerin, Propanediol, Diglycerin, PPG-14 Polyglyceryl-2 Ether, Ascorbyl Glucoside, Izayoibara Extract, Orange Oil, Chamomile Flower Extract, Glycyrrhizin Acid 2K, Sphingomonas Culture Extract, Silver Leaf Extract, Honey, Hyaluronic Acid Na , Betaine, jojoba seed oil, polyquaternium-61, evening primrose seed extract, lavender flower extract, wild thyme extract, water soluble collagen, peat extract, (Eicosan diacid / tetradecanedioic acid) polyglyceryl-10, BG, PEG-60 water Castor oil, ethanol, xanthan gum, citric acid, sodium citrate, cyclohexane-1, 4-dicarboxylic acid bisethoxy diglycol, menthol, malic acid, tocopherol, phenoxyethanol, ethyl paraben, methyl paraben, perfume Ingredients subject to change at manufacturer's discretion. For the most complete and up-to-date list of ingredients, please refer to product packaging.</p>","BCL","Masks","Imported, TSB, Teemdrop_Auto_Fulfill",TRUE,Title,Default Title,"8478599086316",0,,999,deny,manual,16.99,TRUE,TRUE,"https://cdn.shopify.com/s/files/1/0515/4589/9157/files/Untitleddesign_2.png?v=1716601086"
"rejuvenating-caviar-pdrn-real-deep-mask","Rejuvenating Caviar PDRN Real Deep Mask","<p>An elite rejuvenation experience that synergizes the regenerative power of PDRN (Salmon DNA) with nutrient-rich Caviar Extract. This hydrogel mask utilizes a unique 'Real Deep' delivery system to force active anti-aging ingredients into the deepest layers of the skin. Designed to visibly lift, firm, and restore skin density, it provides an immediate porcelain glow and long-term structural repair, making it the ultimate clinical-grade treatment for mature or fatigued complexions.</p><h6>Ingredients</h6><p>Water, Caviar Extract, PDRN (Salmon DNA), Sodium Hyaluronate, Niacinamide, Adenosine, Ceramide NP, Panthenol, Hydrolyzed Collagen.</p>","Biodance","Masks","Imported, TSB, Teemdrop_Auto_Fulfill",TRUE,Title,Default Title,"9134907064556",0,,999,deny,manual,7.89,TRUE,TRUE,"https://cdn.shopify.com/s/files/1/0515/4589/9157/files/Biodance_Rejuvenating_PDRN_Real_Deep_Mask.png?v=1769205309"
"collagen-gel-toner-pads-60-pcs","Collagen Gel Toner Pads (60 PCs)","<p>A dual-action hydration powerhouse that bridges the gap between a toner and a hydrogel mask. These pads are infused with 100,000ppm of ultra-low molecular Collagen Water and fortified with specialized peptides to target pore elasticity and skin density. Each gel pad provides an instant moisture surge while delivering powerful anti-aging actives, ensuring your complexion remains exceptionally firm, smooth, and radiant with every wipe.</p><h6>Ingredients</h6><p>Collagen Water (100,000ppm), Water, Glycerin, Niacinamide, Sodium Hyaluronate, Galactomyces Ferment Filtrate, Palmitoyl Tripeptide-5, EGF, FGF, IGF.</p>","Biodance","Toners","Imported, TSB, Teemdrop_Auto_Fulfill",TRUE,Title,Default Title,"9120823640300",0,,999,deny,manual,36.56,TRUE,TRUE,"https://cdn.shopify.com/s/files/1/0515/4589/9157/files/Collagen_Gel_Toner_Pad-nobg-preview.png?v=1768322592"
"sea-kelp-gel-toner-pads-60-pcs","Sea Kelp Gel Toner Pads (60 PCs)","<p>A purifying and soothing sanctuary for sensitive and oily complexions. These specialized gel pads harness the minerals of Deep Sea Water and 100,000ppm of fermented Kelp Extract to delicately balance pH levels and control excess sebum. The cooling gel texture instantly calms inflammation and redness, providing a refreshing moisture veil that leaves your skin perfectly clear, hydrated, and exceptionally soft without a trace of irritation.</p><h6>Ingredients</h6><p>Lactobacillus/Kelp Ferment Filtrate (100,000ppm), Deep Sea Water, Glycerin, Betaine, Centella Asiatica Extract, Bifida Ferment Lysate, Panthenol, Madecassoside.</p>","Biodance","Toners","Imported, TSB, Teemdrop_Auto_Fulfill",TRUE,Title,Default Title,"9120821477612",0,,999,deny,manual,36.29,TRUE,TRUE,"https://cdn.shopify.com/s/files/1/0515/4589/9157/files/Sea_Kelp_Gel_Toner_Pads_Hero_Image_1200x1200_e435cc33-14e4-4647-b8d7-8e34bfa01cd0.png?v=1768321901"
"celimax-pore-dark-spot-brightening-pad-40pcs","celimax Pore+Dark Spot Brightening Pad (40pcs)","<p>An advanced toner pad for even and brighter skin tone. celimax Pore+Dark Spot Brightening Pad addresses imperfections, scars, dark spots, and enlarged pores. The triple action formula contains Tranexamic acid, Niacinamide, and Melazero V2 to deliver a total solution for your skin concerns. It helps to even out skin tone, fade dark spots, address enlarged pores, and brighten the complexion. Features Advanced toner pad promotes brighter, even complexion Evens out skin tone and texture Targets enlarged pores Clinically proven solution for blemished skin Skin Concerns Rough Skin Dullness Hyperpigmentation Oil Control &amp; Clogged Pores Skin Types Suitable for all skin types, including sensitive skin Made In South Korea 🇰🇷 How to use After cleansing, use a pad to gently wipe over the whole face. For a mask effect, softly stretch the pad and attach ti to the targeted area for 3-5 minutes. Gently pat the skin to enhance absorption of the . Ingredients Key Ingredients Tranexamic Acid Niacinamide 8-Hyaluronic Acid Ingredient Highlights Synthetic Fragrance-Free Paraben-Free Silicone-Free Mineral Oil Free Alcohol-Free Cruelty-Free</p><h6>Ingredients</h6><p>Full list of ingredients Water, Dipropylene Glycol, Butylene Glycol, Isopentyldiol, Niacinamide, Propanediol, Glycerin, Hydroxyacetophenone, Caprylyl Glycol, Tranexamic Acid, Ethylhexylglycerin, Xanthan Gum, Papaya Fruit Extract, Citric Acid, Plum Extract, Apple Extract, Grape Extract, 1,2-Hexanediol, Sodium Phytate, Loquat Leaf Extract, Sodium Hyaluronate, Spearmint Extract, Arbutin, Dipotassium Glycyrrhizate, Hydroxypropyl Trimonium Hyaluronate, Tocopherol, Hydrolyzed Hyaluronic Acid, Sodium Acetylated Hyaluronate, Hyaluronic Acid, Sodium Hyaluronate Crosspolymer, Hydrolyzed Sodium Hyaluronate, Potassium Hyaluronate. Ingredients subject to change at manufacturer's discretion. For the most complete and up-to-date list of ingredients, please refer to product packaging.</p>","Celimax","Toners","Imported, TSB, Teemdrop_Auto_Fulfill",TRUE,Title,Default Title,"8699539783916",0,,999,deny,manual,24.93,TRUE,TRUE,"https://cdn.shopify.com/s/files/1/0515/4589/9157/files/Abib_Calming_Pads_1.png?v=1754420895"
"celimax-pore-dark-spot-brightening-cream-35ml","celimax Pore+Dark Spot Brightening Cream (35ml)","<p>Your all-in-one nourishing so lution for dark spots, uneven tone, and dehydrated skin. celimax Pore+Dark Spot Brightening Cream reduces the appearance of pigmentation, post-acne marks, freckles, and evens skin tone. It regulates sebum production and helps to tighten enlarged pores, refining the skin’s overall texture. This gentle cream moisturizes, softens, and enhances radiance. Its formula contains tranexamic acid, niacinamide, and Meladero V2, which help inhibit excess melanin production to prevent the formation of dark spots. Features Brightens dull skin Fades dark spots and blemishes Deeply hydrates and nourishes Lightweight and hypoallergenic Skin Concerns Uneven Skin Pigmentation Enlarged Pores Dark Spots Dehydrated Skin Dullness Skin Types Suitable for all skin types, including sensitive skin Made In South Korea 🇰🇷 How to use After cleansing, toning, and using serum, apply the cream to your face and smooth it into your skin. Can also be used as a topical treatment. Key Ingredients Tranexamic Acid : A brightening active ingredient that inhibits the activity of tyrosinase. Niacinamide : Visibly reduce dark spots by targeting melanin production. Melazero V2 : A patented lightening plant complex based on medlar and mint extracts, prevents melanin synthesis and evens out tone. C eramide NP &amp; Hydrolyzed Hyaluronic Acid : S trengthens the natural protective layer while delivering long-lasting hydration to keep your skin soft, smooth, and firm. Ingredient Highlights Fragrance-Free Alcohol-Free Paraben-Free Mineral Oil Free Sulfate-Free</p><h6>Ingredients</h6><p>Full list of ingredients Water, Glycerin, Niacinamide, Tranexamic Acid, Caprylic/Capric Triglyceride, Dipropylene Glycol, 1,2-Hexanediol, Hydrogenated Poly(C6-14 Olefin), Phenyl Trimethicone, Macadamia Integrifolia Seed Oil, Dicaprylyl Ether, Vinyl Dimethicone, Cetearyl Alcohol, Propanediol, Cetearyl Olivate, Glyceryl Stearate SE, Sorbitan Olivate, Ammonium Acryloyldimethyltaurate/Vp Copolymer, Behenyl Alcohol, Dimethiconol, Cetearyl Glucoside, Laminaria Japonica Extract, Eclipta Prostrata Leaf Extract, Hydrogenated Lecithin, Ceramide NP, Betaine, Ethylhexylglycerin, Xanthan Gum, Fructooligosaccharides, Adenosine, Eriobotrya Japonica Leaf Extract, Coptis Japonica Root Extract, Cholesterol, Butylene Glycol, Beta-Glucan, Mentha Viridis (Spearmint) Extract, Hydrolyzed Hyaluronic Acid, Theobroma Cacao (Cocoa) Seed Extract, Dextrin, Tocopherol, Ascorbic Acid Polypeptide, Glyceryl Stearate, Ceramide AS, Ceramide AP, Ceramide NS, Ceramide EOP. Ingredients subject to change at manufacturer's discretion. For the most complete and up-to-date list of ingredients, please refer to product packaging.</p>","Celimax","Moisturizers","Imported, TSB, Teemdrop_Auto_Fulfill",TRUE,Title,Default Title,"9085294313708",0,,999,deny,manual,24.93,TRUE,TRUE,"https://cdn.shopify.com/s/files/1/0515/4589/9157/files/Celimax_Pore_Dark_Spot_Cream_PNG.png?v=1769697353"
"celimax-pore-dark-spot-brightening-pad","celimax Pore+Dark Spot Brightening Pad","<p>Pads soaked in patented Melazero V2 (featuring loquat leaf extract, spearmint extract, and propanediol) to effectively fades hyperpigmentation celimax Pore+Dark Spot Brightening Pad are a skincare booster designed to target imperfections, scars, spots, and enlarged pores. This triple-action formula helps to promote a smoother, more even complexion, addressing a variety of skin concerns for a more radiant appearance. The pads are made of a soft, flexible cellulose-viscose material, richly infused with essence, which leaves no stickiness after use. The crescent-shaped pads ensure comfortable use on all areas of the face. Features Fruit extracts for gentle exfoliation Intensely hydrate and provide a rejuvenating effect Combat dullness and improves skin tone Has powerful antioxidant potential Skin Concerns Uneven Skin Dark Spots Enlarged Pores Dullness Pigmentation Blemishes Skin Types Suitable for all skin types, including sensitive skin Made In South Korea 🇰🇷 How to use Gently wipe your face with the pads every morning and evening after cleansing. Pat the remaining content onto your skin for absorption, then proceed with the next skincare product. For an intensive care, softly stretch the pad &amp; attach it to the targeted area for 3 to 5 minutes. Key Ingredients Hyaluronic Acid Complex : Provides intense hydration and maintains moisture for a long time, creating a weightless moisture-retaining barrier. ANA, BHA, PHA : Extracted from Green Papaya and Green Apple that deliver gentle exfoliation of skin impurities. Tranexamic Acid &amp; Niacinamide : Smooths skin tone and microrelief, reduces the appearance of dark spot and blemishes. Ingredient Highlights Fragrance-Free Paraben-Free Silicone-Free Mineral Oil Free Sulfate-Free Alcohol-Free</p><h6>Ingredients</h6><p>Full list of ingredients Water, Dipropylene Glycol, Butylene Glycol, Isopentyldiol, Niacinamide, Propanediol, Glycerin, Hydroxyacetophenone, Caprylyl Glycol, Tranexamic Acid, Ethylhexylglycerin, Xanthan Gum, Carica Papaya (Papaya) Fruit Extract, Citric Acid, Prunus Mume Fruit Extract, Pyrus Malus (Apple) Fruit Extract, Vitis Vinifera (Grape) Fruit Extract, 1,2-Hexanediol, Sodium Phytate, Eriobotrya Japonica Leaf Extract, Sodium Hyaluronate, Mentha Viridis (Spearmint) Extract. Ingredients subject to change at manufacturer's discretion. For the most complete and up-to-date list of ingredients, please refer to product packaging.</p>","Celimax","Toners","Imported, TSB, Teemdrop_Auto_Fulfill",TRUE,Title,Default Title,"9085293494508",0,,999,deny,manual,19.94,TRUE,TRUE,"https://cdn.shopify.com/s/files/1/0515/4589/9157/files/Celimax_Pore_Dark_Spot_Brightening_Pad.png?v=1764258528"
"celimax-pore-dark-spot-brightening-serum-30ml","celimax Pore+Dark Spot Brightening Serum (30ml)","<p>Multifunctional serum that minimizes pores, lightens blemishes and improves skin tone celimax Pore+Dark Spot Brightening Serum i s formulated to treat multiple skin problems in one step. It helps reduce the appearance of enlarged pores, lightens dark spots and improves uneven skin tone , leaving skin more radiant and even. Its light texture absorbs quickly without leaving a sticky feeling, making it ideal for all skin types, even sensitive ones. Features Deeply hydrate, soothes and calms Targets melanin to enhance clarity Blemish care Refines pores, brighten skin, and restore balance Skin Concerns Uneven Skin Blemishes Pigmentation Dark Spots Dryness Dullness Skin Types Suitable for all skin types, including sensitive skin Made In South Korea 🇰🇷 How to use After cleansing and toner application, dispense an appropriate amount and spread evenly over the skin. Let the skin absorb the product. For areas with dark spots, layer the serum for targeted care. Key Ingredients Tranexamic Acid 3% : Helps prevent excessive production of melanin by suppressing plasmin that causes melanin penetration, reducing discoloration. Niacinamide 5% : A brightening ingredient notified by KFDA that blocks movement of melanin. Melazero V2 1% : H elp reduce the appearance of dark spot and blemishes. Ingredient Highlights Fragrance-Free Alcohol-Free Paraben-Free Mineral Oil Free Sulfate-Free</p><h6>Ingredients</h6><p>Full list of ingredients Water, Glycerin, Butylene Glycol, Niacinamide, Tranexamic Acid, 1,2-Hexanediol, Methylpropanediol, Vinyl Dimethicone, Glycereth-26, Isononyl Isononanoate, Propanediol, Cetearyl Olivate, Sorbitan Olivate, Polysorbate 20, Sodium Acrylate/Sodium Acryloyldimethyl Taurate Copolymer, Isohexadecane, Hydroxyethyl Acrylate/Sodium Acryloyldimethyl Taurate Copolymer, Ammonium Acryloyldimethyltaurate/Vp Copolymer, Ethylhexylglycerin, Eriobotrya Japonica Leaf Extract, Polysorbate 80, Disodium EDTA, Carbomer, Sorbitan Oleate, Mentha Viridis (Spearmint) Extract, Tromethamine, Polysorbate 60, Sorbitan Isostearate, Bisabolol, Sodium Hyaluronate. Ingredients subject to change at manufacturer's discretion. For the most complete and up-to-date list of ingredients, please refer to product packaging.</p>","Celimax","Serums","Imported, TSB, Teemdrop_Auto_Fulfill",TRUE,Title,Default Title,"9085292806380",0,,999,deny,manual,24.93,TRUE,TRUE,"https://cdn.shopify.com/s/files/1/0515/4589/9157/files/sy0162.png?v=1764257365"
"cosrx-propolis-nourishing-magnet-sheet-mask-1-pc","COSRX Propolis Nourishing Magnet Sheet Mask (1 PC)","<p>The COSRX Propolis Nourishing Magnet Sheet Mask (1 PC) is engineered to address your skin\'s unique concerns without irritation. Embrace this clinical-grade masterpiece to reveal a healthy, balanced, and radiant complexion. A nourishing face mask that soothes and promotes skin renewal COSRX Propolis Nourishing Magnet Sheet Mask is is saturated with propolis, royal jelly, and honey extracts, to provide nourishment and long-lasting hydration to the skin. Designed to deliver an intensive moisture boost, the powerful ingredients work in synergy to revitalize your complexion.</p><h6>Ingredients</h6><p>Water, Dipropylene Glycol, Glycerin, Glycereth-26, Alcohol, Butylene Glycol, Trehalose, Panthenol, Xanthan Gum, Paeonia Suffruticosa Root Extract, Centella Asiatica Extract, 1,2-Hexanediol, Polyglyceryl-10 Laurate, Chamomilla Recutita (Matricaria) Flower Extract, Glyceryl Caprylate, Ethylhexylglycerin, Disodium EDTA, Pimpinella Anisum (Anise) Fruit Extract, Pantolactone, Royal Jelly Extract, Diethylhexyl Sodium Sulfosuccinate, Vanilla Planifolia Fruit Extract, Camellia Sinensis Leaf Extract, Honey Extract, Rosa Centifolia Flower Extract, Pyrus Communis (Pear) Fruit Extract, Propolis Extract, Cocos Nucifera (Coconut) Oil, Rose Extract, Fragaria Chiloensis (Strawberry) Fruit Extract.</p>","COSRX","Skincare","Imported, TSB, Teemdrop_Auto_Fulfill",TRUE,Title,Default Title,"9140000000000",0,,999,deny,manual,15.78,TRUE,TRUE,"https://cdn.shopify.com/s/files/1/0515/4589/9157/files/propolis-nourishing-magnet-sheet-mask-2-Photoroom.png?v=1755271471"
"cosrx-hydrium-triple-hyaluronic-moisture-ampoule-40ml","COSRX Hydrium Triple Hyaluronic Moisture Ampoule (40ml)","<p>Experience targeted treatment with the COSRX Hydrium Triple Hyaluronic Moisture Ampoule (40ml). COSRX\'s commitment to minimal but highly effective formulations ensures profound results and a revitalized glow. A moisturizing serum formulated with three types of hyaluronic acid to provide deep hydration for dehydrated skin. COSRX Hydrium Triple Hyaluronic Moisture Ampoule is an essential moisturizing serum that provides deep hydration for dry, dehydrated skin types.</p><h6>Ingredients</h6><p>Water, Glycerin, Butylene Glycol, Dipropylene Glycol, 1,2-Hexanediol, Methyl Gluceth-10, Sodium Hyaluronate, Carbomer, Panthenol, Tromethamine, Ethylhexylglycerin, Hyaluronic Acid, Hydrolyzed Hyaluronic Acid, Gluconolactone, Lactobionic Acid</p>","COSRX","Skincare","Imported, TSB, Teemdrop_Auto_Fulfill",TRUE,Title,Default Title,"9140000000001",0,,999,deny,manual,31.93,TRUE,TRUE,"https://cdn.shopify.com/s/files/1/0515/4589/9157/files/COSRX_Hydrium_Triple_Hyaluronic_Moisture_Ampoule_40ml.png?v=1772995520"
"cosrx-the-6-peptide-skin-booster-serum-150ml","COSRX The 6 Peptide Skin Booster Serum (150ml)","<p>The COSRX The 6 Peptide Skin Booster Serum (150ml) is engineered to address your skin\'s unique concerns without irritation. Embrace this clinical-grade masterpiece to reveal a healthy, balanced, and radiant complexion. A first step serum featuring 6 potent peptides that enhances overall skin texture and condition. COSRX The 6 Peptide Skin Booster Serum is a multi-peptide serum that targets multiple skin concerns, including pores, sebum, fine lines, texture, and tone.</p><h6>Ingredients</h6><p>Water, Dipropylene Glycol, Glycerin, Pentylene Glycol, 1,2-Hexanediol, Niacinamide, Ammonium Acryloyldimethyltaurate/VP Copolymer, Polyacrylate Crosspolymer-6, Butylene Glycol, Xanthan Gum, Ethylhexylglycerin, Adenosine, Polyquaternium-51, Disodium EDTA, Citric Acid, Caprylyl Glycol, Betaine, t-Butyl Alcohol, Sodium PCA, Sodium Lactate, Acetyl Hexapeptide-8, Copper Tripeptide-1, PCA, sh-Polypeptide-121, Serine, Alanine, Allantoin, Sodium Hyaluronate, Acetyl Glucosamine, Glycine, Glutamic Acid, Lysine HCl, Threonine, Dipeptide Diaminobutyroyl Benzylamide Diacetate, Arginine, Tocopherol, Oligopeptide-68, Proline, Dextran, Palmitoyl Tripeptide-8, Glycine Soja (Soybean) Oil, Hydrogenated Lecithin, Potassium Sorbate, Sodium Oleate</p>","COSRX","Skincare","Imported, TSB, Teemdrop_Auto_Fulfill",TRUE,Title,Default Title,"9140000000002",0,,999,deny,manual,31.14,TRUE,TRUE,"https://cdn.shopify.com/s/files/1/0515/4589/9157/files/COSRXThe6PeptideSkinBoosterSerum.png?v=1728923613"
"cosrx-hydrium-green-tea-aqua-soothing-gel-cream-50ml","COSRX Hydrium Green Tea Aqua Soothing Gel Cream (50ml)","<p>The COSRX Hydrium Green Tea Aqua Soothing Gel Cream (50ml) is engineered to address your skin\'s unique concerns without irritation. Embrace this clinical-grade masterpiece to reveal a healthy, balanced, and radiant complexion. A gel-like cream moisturizer containing superstar ingredients vitamin B5 (panthenol) and aloe leaf extract to hydrate, refresh and soothe red or irritated skin. COSRX Hydrium Green Tea Aqua Soothing Gel Cream is a gel-like cream moisturizer that hydrates skin and leaves a cooling, non-greasy finish.</p><h6>Ingredients</h6><p>Water, Propanediol, Camellia Sinensis Leaf Extract, Glycerin, Pentylene Glycol, 1,2-Hexanediol, Acrylates/C10-30 Alkyl Acrylate Crosspolymer, Panthenol, Tromethamine, Butylene Glycol, Cetearyl Olivate, Sorbitan Olivate, Allantoin, Aloe Ferox Leaf Extract, Ethylhexylglycerin, Glyceryl Acrylate/Acrylic Acid Copolymer, Disodium EDTA, Hydrolyzed Hibiscus Esculentus Extract, Lupinus Albus Seed Extract, Moringa Oleifera Seed Extract, Melia Azadirachta Leaf Extract, Melia Azadirachta Flower Extract</p>","COSRX","Skincare","Imported, TSB, Teemdrop_Auto_Fulfill",TRUE,Title,Default Title,"9140000000003",0,,999,deny,manual,31.14,TRUE,TRUE,"https://cdn.shopify.com/s/files/1/0515/4589/9157/files/COSRX_Hydrium_Green_Tea_Aqua_Soothing_Gel_Cream__50ml_PNG_f21221c8-ed48-4bea-9ecd-0237a5efe904.png?v=1769697013"
"cosrx-low-ph-niacinamide-micellar-cleansing-water-400ml","COSRX Low pH Niacinamide Micellar Cleansing Water (400ml)","<p>A staple of K-Beauty dermatological excellence, the COSRX Low pH Niacinamide Micellar Cleansing Water (400ml) provides high-fidelity care for compromised skin. Formulated to soothe, protect, and refine. A gentle micellar cleansing water that deep cleans without irritating or stripping the skin COSRX Low PH Niacinamide Micellar Cleansing Water is a gentle micellar water cleanser targeted to dry and hypersensitive skin but is also suitable for all skin types. In addition to cleaning makeup and excess sebum, it also soothes and hydrates irritated skin and controls sebum production.</p><h6>Ingredients</h6><p>Water, Dipropylene Glycol, Polyglyceryl-4 Caprate, Panthenol, Sodium Hyaluronate, Allantoin, Niacinamide(1,000ppm), Zinc PCA,</p>","COSRX","Skincare","Imported, TSB, Teemdrop_Auto_Fulfill",TRUE,Title,Default Title,"9140000000004",0,,999,deny,manual,25.98,TRUE,TRUE,"https://cdn.shopify.com/s/files/1/0515/4589/9157/files/cosrx-low-ph-niacinamide-micellar-cleansing-water-400ml-1000x1000.webp?v=1689394868"
"cosrx-full-fit-propolis-light-cream-65ml","COSRX Full Fit Propolis Light Cream (65ml)","<p>The COSRX Full Fit Propolis Light Cream (65ml) is engineered to address your skin\'s unique concerns without irritation. Embrace this clinical-grade masterpiece to reveal a healthy, balanced, and radiant complexion. A lightweight cream infused with Full Fit Pro Complex (anti-inflammatory and anti-bacterial combination) that leaves skin soft, supple, and deeply nourished. COSRX Full Fit Propolis Light Cream is a lightweight cream that will leave your skin feeling soft, supple and deeply nourished.</p><h6>Ingredients</h6><p>Refer to product packaging for full ingredient list.</p>","COSRX","Skincare","Imported, TSB, Teemdrop_Auto_Fulfill",TRUE,Title,Default Title,"9140000000005",0,,999,deny,manual,34.19,TRUE,TRUE,"https://cdn.shopify.com/s/files/1/0515/4589/9157/files/COSRX_Full_Fit_Propolis_Light_Cream__65ml_PNG2.png?v=1769695637"
"cosrx-centella-blemish-cream-30g","COSRX Centella Blemish Cream (30g)","<p>The COSRX Centella Blemish Cream (30g) is engineered to address your skin\'s unique concerns without irritation. Embrace this clinical-grade masterpiece to reveal a healthy, balanced, and radiant complexion. A mild, soothing jar type cream that soothes and calms irritated skin. COSRX Centella Blemish Cream soothes sensitive and irritated skin and calms inflammation.</p><h6>Ingredients</h6><p>Water, Butylene Glycol, Glycerin, Helianthus Annuus (Sunflower) Seed Oil, Zinc Oxide, Dimethicone, Betaine, 1,2-Hexanediol, Viola Tricolor Extract, Elaeis Guineensis(Palm) oil, Elaeis Guineensis(Palm) Kernel Oil, Cetearyl Alcohol, Cetearyl Olivate, Sorbitan Olivate, Centella Asiatica Extract, Zinc PCA, Hydroxyethyl Acrylate/Sodium Acryloyldimethyl Taurate Copolymer, Xanthan Gum , Melaleuca Alternifolia (Tea Tree) Leaf Oil, Scutellaria Baicalensis Root</p>","COSRX","Skincare","Imported, TSB, Teemdrop_Auto_Fulfill",TRUE,Title,Default Title,"9140000000006",0,,999,deny,manual,23.56,TRUE,TRUE,"https://cdn.shopify.com/s/files/1/0515/4589/9157/files/COSRXCentellaBlemishCream_HD_AI_enhanced.png?v=1768490941"
"cosrx-oil-free-ultra-moisturizing-lotion-100ml","COSRX Oil-Free Ultra Moisturizing Lotion (100ml)","<p>Achieve clinical-grade clarity with the COSRX Oil-Free Ultra Moisturizing Lotion (100ml). Combining advanced dermatological research and high-potency ingredients, this targeted treatment effectively transforms your skin’s texture. A lightweight, oil-free moisturizing lotion formulated with 70% birch sap to deliver amino acids, vitamins, minerals and antioxidants to the skin. COSRX Oil Free Ultra Moisturizing Lotion is formulated with 70% birch sap and delivers amino acids, vitamins, minerals, and antioxidants to nourish the skin.</p><h6>Ingredients</h6><p>Refer to product packaging for full ingredient list.</p>","COSRX","Skincare","Imported, TSB, Teemdrop_Auto_Fulfill",TRUE,Title,Default Title,"9140000000007",0,,999,deny,manual,31.14,TRUE,TRUE,"https://cdn.shopify.com/s/files/1/0515/4589/9157/files/COSRX_Oil-Free_Ultra_Moisturizing_Lotion__100ml_-removebg-preview.png?v=1766170435"
"cosrx-centella-water-alcohol-free-toner-150ml","COSRX Centella Water Alcohol-Free Toner (150ml)","<p>Experience targeted treatment with the COSRX Centella Water Alcohol-Free Toner (150ml). COSRX\'s commitment to minimal but highly effective formulations ensures profound results and a revitalized glow. A watery, spray-type toner formulated with Centella Asiatica and mineral water from Jeju Island that soothes and hydrates irritated or dehydrated skin. COSRX Centella Water Alcohol-Free Toner is a watery, spray-type toner that is soothing and hydrating for irritated or dehydrated skin.</p><h6>Ingredients</h6><p>Water, Centella Asiatica Leaf Water, Butylene Glycol , 1,2-Hexanediol, Betaine, Panthenol, Allantoin, Ethyl Hexanediol, Sodium Hyaluronate</p>","COSRX","Skincare","Imported, TSB, Teemdrop_Auto_Fulfill",TRUE,Title,Default Title,"9140000000008",0,,999,deny,manual,24.98,TRUE,TRUE,"https://cdn.shopify.com/s/files/1/0515/4589/9157/files/COSRX_Centella_Water_Alcohol-Free_Toner_150ml.png?v=1772995137"
"cosrx-galactomyces-95-tone-balancing-essence-100ml","COSRX Galactomyces 95 Tone Balancing Essence (100ml)","<p>Achieve clinical-grade clarity with the COSRX Galactomyces 95 Tone Balancing Essence (100ml). Combining advanced dermatological research and high-potency ingredients, this targeted treatment effectively transforms your skin’s texture. A brightening and hydrating essence with 95% Galactomyces ferment filtrate, delivering hydration to dull or dehydrated skin. COSRX Galactomyces 95 Tone Balancing Essence is a lightweight brightening essence that nourishes and hydrates the skin to improve any dullness of the skin.</p><h6>Ingredients</h6><p>Refer to product packaging for full ingredient list.</p>","COSRX","Skincare","Imported, TSB, Teemdrop_Auto_Fulfill",TRUE,Title,Default Title,"9140000000009",0,,999,deny,manual,30.51,TRUE,TRUE,"https://cdn.shopify.com/s/files/1/0515/4589/9157/products/Galactomyces_95_Tone_Balancing_Essence_800x_d0ec3201-bf1d-4495-82d1-cb80fa79ea77.png?v=1654734774"
"cosrx-hydrium-moisture-power-enriched-cream-50ml","COSRX Hydrium Moisture Power Enriched Cream (50ml)","<p>The COSRX Hydrium Moisture Power Enriched Cream (50ml) is engineered to address your skin\'s unique concerns without irritation. Embrace this clinical-grade masterpiece to reveal a healthy, balanced, and radiant complexion. A lightweight cream containing B5 (D-panthenol), propolis, and ceramide, that prevents moisture loss and leaves the skin feeling plump and nourished. COSRX Hydrium Moisture Power Enriched Cream is a lightweight cream that delivers intense hydration for even the most angry or sensitive skin.</p><h6>Ingredients</h6><p>Water, Glycerin, Ethylhexyl Stearate, Vinyl Dimethicone, Pentylene Glycol, Cocos Nucifera (Coconut) Oil, 1,2-Hexanediol, Cetearyl Alcohol, Panthenol, Polymethylsilsesquioxane, Arachidyl Alcohol, Propolis Extract, Hydroxyethyl Acrylate/Sodium Acryloyldimethyl Taurate Copolymer, Polyglyceryl-6 Stearate, Butylene Glycol, Carbomer, Behenyl Alcohol, Glyceryl Stearate, Tromethamine, Dimethiconol, Caprylyl Glycol, Arachidyl Glucoside, Hydrogenated Lecithin, Ceramide NP, Ethylhexylglycerin, Xanthan Gum, Sucrose Stearate, Polyglyceryl-6 Behenate, Sodium Polyacrylate Starch, Stearic Acid, Palmitic Acid, Sodium Hyaluronate, Cholesterol, Hyaluronic Acid, Glycosphingolipids, Hydrolyzed Hyaluronic Acid</p>","COSRX","Skincare","Imported, TSB, Teemdrop_Auto_Fulfill",TRUE,Title,Default Title,"9140000000010",0,,999,deny,manual,31.51,TRUE,TRUE,"https://cdn.shopify.com/s/files/1/0515/4589/9157/files/COSRX_Hydrium_Moisture_Power_Enriched_Cream_50ml__PNG.png?v=1769697172"
"cosrx-hyaluronic-acid-hydra-power-essence-100ml","COSRX Hyaluronic Acid Hydra Power Essence (100ml)","<p>A staple of K-Beauty dermatological excellence, the COSRX Hyaluronic Acid Hydra Power Essence (100ml) provides high-fidelity care for compromised skin. Formulated to soothe, protect, and refine. A highly concentrated, oil-free essence with hyaluronic acid that locks in moisture and plumps the skin to reduce the appearance of fine lines and wrinkles. COSRX Hyaluronic Acid Hydra Power Essence is a highly concentrated, oil-free essence that will leave skin softer, moisturized, and silky smooth.</p><h6>Ingredients</h6><p>Water, Butylene Glycol, Glycerin, 1,2-Hexanediol, Sodium Hyaluronate, Panthenol, Ethyl Hexanediol</p>","COSRX","Skincare","Imported, TSB, Teemdrop_Auto_Fulfill",TRUE,Title,Default Title,"9140000000011",0,,999,deny,manual,31.14,TRUE,TRUE,"https://cdn.shopify.com/s/files/1/0515/4589/9157/files/COSRX_Hyaluronic_Acid_Hydra_Power_Essence__100ml_-removebg-preview.png?v=1766170441"
"cosrx-advanced-snail-mucin-gel-cleanser-150ml","COSRX Advanced Snail Mucin Gel Cleanser (150ml)","<p>Experience targeted treatment with the COSRX Advanced Snail Mucin Gel Cleanser (150ml). COSRX\'s commitment to minimal but highly effective formulations ensures profound results and a revitalized glow. Gel cleanser formulated with 10,000 ppm snail secretion filtrate to hydrate, protect, and rejuvenate fatigued skin. COSRX Advanced Snail Mucin Gel Cleanser is a unique gel cleanser formulated with 10,000 ppm of snail secretion filtrate to hydrate, protect, and rejuvenate fatigued skin.</p><h6>Ingredients</h6><p>Water, Acrylates Copolymer, Butylene Glycol, Glycerin, Disodium Laureth Sulfosuccinate, Sodium Cocoyl Isethionate, 1,2-Hexanediol, Coco-Glucoside, Lauryl Betaine, Snail Secretion Filtrate, Arginine, Tromethamine, Potassium Cocoyl Glycinate, Fragrance, Carbomer, Sodium Chloride, Ethylhexylglycerin, Acrylates/C10-30 Alkyl Acrylate Crosspolymer, Sodium Polyacrylate, Disodium EDTA</p>","COSRX","Skincare","Imported, TSB, Teemdrop_Auto_Fulfill",TRUE,Title,Default Title,"9140000000012",0,,999,deny,manual,25.41,TRUE,TRUE,"https://cdn.shopify.com/s/files/1/0515/4589/9157/files/COSRX_Advanced_Snail_Mucin_Gel_Cleanser_150ml.png?v=1772994731"
"cosrx-advanced-snail-radiance-dual-essence-80ml","COSRX Advanced Snail Radiance Dual Essence (80ml)","<p>A staple of K-Beauty dermatological excellence, the COSRX Advanced Snail Radiance Dual Essence (80ml) provides high-fidelity care for compromised skin. Formulated to soothe, protect, and refine. A 2-in-1 dual formula essence containing Triple Snail Complexion that improves elasticity and radiance, and hydrates and plumps the skin. COSRX Advanced Snail Radiance Dual Essence is a 2-in-1 dual formula essence that promises improved elasticity and radiance in just one product.</p><h6>Ingredients</h6><p>Water, Glycerin, Limnanthes Alba (Meadowfoam) Seed Oil, Helianthus Annuus (Sunflower) Seed Oil, Allantoin, Carbomer, Macadamia Ternifolia Seed Oil, Sodium Polyacrylate, Sodium Hyaluronate, Inulin Lauryl Carbamate, Arginine, Argania Spinosa Kernel Oil, Xanthan Gum, Soidum Surfactin, Ethylhexylglycerin, Glutathione</p>","COSRX","Skincare","Imported, TSB, Teemdrop_Auto_Fulfill",TRUE,Title,Default Title,"9140000000013",0,,999,deny,manual,33.77,TRUE,TRUE,"https://cdn.shopify.com/s/files/1/0515/4589/9157/products/COSRX_AdvancedSnailRadianceDualEssence_800x_b9dfca10-7cf5-4819-a6ba-23efcef5e958.png?v=1673312465"
"cosrx-full-fit-propolis-light-ampoule-30ml","COSRX Full Fit Propolis Light Ampoule (30ml)","<p>Achieve clinical-grade clarity with the COSRX Full Fit Propolis Light Ampoule (30ml). Combining advanced dermatological research and high-potency ingredients, this targeted treatment effectively transforms your skin’s texture. A non-sticky ampoule formulated with 83.3% propolis extract that hydrates and rejuvenates skin to reveal a glowing complexion.</p><h6>Ingredients</h6><p>Refer to product packaging for full ingredient list.</p>","COSRX","Skincare","Imported, TSB, Teemdrop_Auto_Fulfill",TRUE,Title,Default Title,"9140000000014",0,,999,deny,manual,33.77,TRUE,TRUE,"https://cdn.shopify.com/s/files/1/0515/4589/9157/files/COSRX_Full_Fit_Propolis_Light_Ampoule_30ml.png?v=1772995321"
"cosrx-full-fit-propolis-synergy-toner-150ml","COSRX Full Fit Propolis Synergy Toner (150ml)","<p>A staple of K-Beauty dermatological excellence, the COSRX Full Fit Propolis Synergy Toner (150ml) provides high-fidelity care for compromised skin. Formulated to soothe, protect, and refine. A moisturizing yet non-sticky toner formulated with propolis extract and honey extract to energize, firm and rejuvenate fatigued skin. COSRX Full Fit Propolis Synergy Toner is a non-sticky toner formula that moisturizes and leaves skin soft and supple.</p><h6>Ingredients</h6><p>Refer to product packaging for full ingredient list.</p>","COSRX","Skincare","Imported, TSB, Teemdrop_Auto_Fulfill",TRUE,Title,Default Title,"9140000000015",0,,999,deny,manual,28.67,TRUE,TRUE,"https://cdn.shopify.com/s/files/1/0515/4589/9157/files/COSRX_Full_Fit_Propolis_Synergy_Toner.png?v=1772995411"
"cosrx-advanced-snail-hydrogel-eye-patch-30-pairs","COSRX Advanced Snail Hydrogel Eye Patch (30 Pairs)","<p>The COSRX Advanced Snail Hydrogel Eye Patch (30 Pairs) is engineered to address your skin\'s unique concerns without irritation. Embrace this clinical-grade masterpiece to reveal a healthy, balanced, and radiant complexion. Hydrogel patches infused with snail secretion filtrate and niacinamide to visibly hydrate, plump, and brighten the under-eye area. COSRX Advanced Snail Hydrogel Eye Patch visibly hydrates, plumps and brightens the delicate eye area.</p><h6>Ingredients</h6><p>Water, Glycerin, Snail Secretion Filtrate, Niacinamide, Carrageenan, 1,2-Hexanediol, Ceratonia Siliqua (Carob) Gum, Betaine, Hydroxyacetophenone, Allantoin, Chlorphenesin, Cyamopsis Tetragonoloba (Guar) Gum, Calcium Chloride, Butylene Glycol, Sucrose, Cellulose Gum, Adenosine, Potassium Chloride, Dipotassium Glycyrrhizate, Ethylhexylglycerin, PEG-90M</p>","COSRX","Skincare","Imported, TSB, Teemdrop_Auto_Fulfill",TRUE,Title,Default Title,"9140000000016",0,,999,deny,manual,33.77,TRUE,TRUE,"https://cdn.shopify.com/s/files/1/0515/4589/9157/files/COSRX_Advanced_Snail_Hydrogel_Eye_Patch_30_Pairs.png?v=1772994643"
"cosrx-hyaluronic-acid-intensive-cream-100g","COSRX Hyaluronic Acid Intensive Cream (100g)","<p>Achieve clinical-grade clarity with the COSRX Hyaluronic Acid Intensive Cream (100g). Combining advanced dermatological research and high-potency ingredients, this targeted treatment effectively transforms your skin’s texture. An intensely hydrating cream, formulated with hippophae rhamnoides water and hyaluronic acid, to boost and retain moisture in the skin and prevent water loss. COSRX Hyaluronic Acid Intensive Cream is an intensely hydrating cream that boosts and retains moisture in the skin, preventing loss of hydration.</p><h6>Ingredients</h6><p>Water, Glycerin, Butylene Glycol, Caprylic/Capric Triglyceride, Betaine, Helianthus Annuus (Sunflower) Seed Oil, Cetearyl Alcohol, Cetearyl Olivate, Sorbitan Olivate, Macadamia Ternifolia Seed Oil, 1,2-Hexanediol, Sodium Hyaluronate, Arginine, Panthenol, Dimethicone, Ethylhexylglycerin, Carbomer, Allantoin, Xanthan Gum</p>","COSRX","Skincare","Imported, TSB, Teemdrop_Auto_Fulfill",TRUE,Title,Default Title,"9140000000017",0,,999,deny,manual,31.14,TRUE,TRUE,"https://cdn.shopify.com/s/files/1/0515/4589/9157/files/COSRX_Hyaluronic_Acid_Intensive_Cream__100g_-removebg-preview.png?v=1766170438"
"cosrx-two-in-one-poreless-power-liquid-100ml","COSRX Two in One Poreless Power Liquid (100ml)","<p>The COSRX Two in One Poreless Power Liquid (100ml) is engineered to address your skin\'s unique concerns without irritation. Embrace this clinical-grade masterpiece to reveal a healthy, balanced, and radiant complexion. A daily toner to target and purify large and clogged pores for smoother skin. COSRX Two in One Poreless Power Liquid is a two in one, skin-smoothing essence-toner that visibly tightens and reduces the look of pores.</p><h6>Ingredients</h6><p>Water, Butylene Glycol, Hydroxypropyl Cyclodextrin, Water, Pentylene Glycol, 1,2-Hexanediol, Betaine Salicylate, Arginine, Betaine, PEG-60 Hydrogenated Castor Oil, Allantoin, Panthenol, Ethylhexylglycerin, Sodium Hyaluronate, Carbomer, Cassia Obtusifolia Seed Extract, Menthyl Lactate, Mentha Haplocalix Extract</p>","COSRX","Skincare","Imported, TSB, Teemdrop_Auto_Fulfill",TRUE,Title,Default Title,"9140000000018",0,,999,deny,manual,31.14,TRUE,TRUE,"https://cdn.shopify.com/s/files/1/0515/4589/9157/files/COSRX_Two_in_One_Poreless_Power_Liquid_100ml.png?v=1772996243"
"cosrx-ultimate-nourishing-rice-spa-overnight-mask-60ml","COSRX Ultimate Nourishing Rice Spa Overnight Mask (60ml)","<p>Achieve clinical-grade clarity with the COSRX Ultimate Nourishing Rice Spa Overnight Mask (60ml). Combining advanced dermatological research and high-potency ingredients, this targeted treatment effectively transforms your skin’s texture. Wake up to soft, nourished skin with this overnight mask treatment. COSRX Ultimate Nourishing Rice Spa Overnight Mask is enriched with more than 68% rice extract to provide intensive nourishment and moisture.</p><h6>Ingredients</h6><p>Refer to product packaging for full ingredient list.</p>","COSRX","Skincare","Imported, TSB, Teemdrop_Auto_Fulfill",TRUE,Title,Default Title,"9140000000019",0,,999,deny,manual,25.41,TRUE,TRUE,"https://cdn.shopify.com/s/files/1/0515/4589/9157/files/ultimate-moisturizing-rice-overnight-mask_1_530x_2x_d46fd1ce-776a-46ae-831c-3297d0efa8bc.png?v=1689691226"
"cosrx-the-vitamin-c-13-serum-20ml","COSRX The Vitamin C 13 Serum (20ml)","<p>Experience targeted treatment with the COSRX The Vitamin C 13 Serum (20ml). COSRX\'s commitment to minimal but highly effective formulations ensures profound results and a revitalized glow. A daily vitamin C serum to target blemishes, dark spots, fine lines and collagen production. COSRX The Vitamin C 13 Serum is a gentle vitamin C serum that is suitable on sensitive skin to use daily! Regular use will fade blemishes, dark spots and freckles and improve overall tone.</p><h6>Ingredients</h6><p>Water, Ascorbic Acid(13%), Butylene Glycol, Dipropylene Glycol, Tromethamine, 3-0-Ethyl Ascorbic Acid, Panthenol, Acetyl Glucosamine, Caffeine, Sodium Hyaluronate, Sodium Sulfite, Disodium EDTA, Glutathione, Adenosine, Gardenia Florida Fruit Extract, Allantoin, Dextrin, Squalane, Tocotrienols, Tocopherol, Elaeis Guineensis (Palm) Oil, Arginine, Niacinamide, Pentylene Glycol, Glycyrrhiza Glabra (Licorice) Root Extract</p>","COSRX","Skincare","Imported, TSB, Teemdrop_Auto_Fulfill",TRUE,Title,Default Title,"9140000000020",0,,999,deny,manual,27.83,TRUE,TRUE,"https://cdn.shopify.com/s/files/1/0515/4589/9157/files/COSRX_Vitamin_C13_Serum.png?v=1774375634"
"cosrx-the-retinol-0-5-oil-20ml","COSRX The Retinol 0.5 Oil (20ml)","<p>Achieve clinical-grade clarity with the COSRX The Retinol 0.5 Oil (20ml). Combining advanced dermatological research and high-potency ingredients, this targeted treatment effectively transforms your skin’s texture. A special treatment formulated with 0.5% pure retinol to improve skin elasticity and the appearance of wrinkles.</p><h6>Ingredients</h6><p>Refer to product packaging for full ingredient list.</p>","COSRX","Skincare","Imported, TSB, Teemdrop_Auto_Fulfill",TRUE,Title,Default Title,"9140000000021",0,,999,deny,manual,32.98,TRUE,TRUE,"https://cdn.shopify.com/s/files/1/0515/4589/9157/files/COSRX_The_Retinol_0.5_Oil__20ml_-removebg-preview.png?v=1766170432"
"cosrx-the-retinol-0-1-cream-20ml","COSRX The Retinol 0.1 Cream (20ml)","<p>The COSRX The Retinol 0.1 Cream (20ml) is engineered to address your skin\'s unique concerns without irritation. Embrace this clinical-grade masterpiece to reveal a healthy, balanced, and radiant complexion. A retinol cream created for first-time retinol users to prevent and correct early signs of aging. COSRX The Retinol 0.</p><h6>Ingredients</h6><p>Water, Caprylic/Capric Triglyceride, Propanediol, Glycerin, Tocopheryl Acetate, Cetearyl Alcohol, Trehalose, Panthenol, Butyrospermum Parkii (Shea) Butter, Glycine Soja (Soybean) Oil, Ammonium Acryloyldimethyltaurate/VP Copolymer, Dimethicone, Glyceryl Polymethacrylate, Helianthus Annuus (Sunflower) Seed Oil, Polyglyceryl-10 Stearate, Hydrogenated Lecithin, Hydroxyethyl Acrylate/Sodium Acryloyldimethyl Taurate Copolymer, Carbomer, Tromethamine, Glyceryl Stearate, Polysilicone-11, Sodium Sulfite, Tocopherol, Daucus Carota Sativa (Carrot) Root Extract, Retinol(0.1%), Allantoin, Glyceryl Caprylate, Oryza Sativa (Rice) Bran Wax, Tocotrienols, Stearic Acid, Polyglyceryl-3 Methylglucose Distearate, Palmitic Acid, Disodium EDTA, Ethylhexylglycerin, Adenosine, Sorbitan Isostearate, Elaeis Guineensis (Palm) Oil, BHT, Beta-Carotene, Myristic Acid, Lauric Acid, Ascorbic Acid, Limnanthes Alba (Meadowfoam) Seed Oil, 3-O-Ethyl Ascorbic Acid, Glutathione, Sodium Hyaluronate, 1,2-Hexanediol, Hydrolyzed Hyaluronic Acid, Sodium Hyaluronate Crosspolymer, Hyaluronic Acid, Sodium Acetylated Hyaluronate</p>","COSRX","Skincare","Imported, TSB, Teemdrop_Auto_Fulfill",TRUE,Title,Default Title,"9140000000022",0,,999,deny,manual,32.98,TRUE,TRUE,"https://cdn.shopify.com/s/files/1/0515/4589/9157/files/COSRX_The_Retinol_0.1_Cream__20ml_PNG.png?v=1769615266"
"cosrx-the-niacinamide-15-serum-20ml","COSRX The Niacinamide 15 Serum (20ml)","<p>A staple of K-Beauty dermatological excellence, the COSRX The Niacinamide 15 Serum (20ml) provides high-fidelity care for compromised skin. Formulated to soothe, protect, and refine. A highly concentrated serum formulated with synergistic ingredients for total acne control. COSRX The Niacinamide 15 Serum calms breakouts and provides total acne care for acneic and congested skin.</p><h6>Ingredients</h6><p>Water, Pentylene Glycol, Niacinamide(15%), Butylene Glycol, Acetyl Glucosamine, 1,2-Hexanediol, Zinc PCA, Trehalose, Xanthan Gum, Pullulan, Allantoin, Ethylhexylglycerin, Sodium Phytate, Citric Acid, Tocopherol</p>","COSRX","Skincare","Imported, TSB, Teemdrop_Auto_Fulfill",TRUE,Title,Default Title,"9140000000023",0,,999,deny,manual,31.14,TRUE,TRUE,"https://cdn.shopify.com/s/files/1/0515/4589/9157/files/COSRX_The_Niacinamide_15_Serum__20ml_-removebg-preview.png?v=1766170433"
"cosrx-the-vitamin-c-23-serum-20g","COSRX The Vitamin C 23 Serum (20g)","<p>The COSRX The Vitamin C 23 Serum (20g) is engineered to address your skin\'s unique concerns without irritation. Embrace this clinical-grade masterpiece to reveal a healthy, balanced, and radiant complexion. Hypoallergenic 23% pure vitamin C A highly concentrated serum that fades acne scars and brightens the complexion to revitalize dull and dry skin. Feel the benefits of Vitamin C without irritation.</p><h6>Ingredients</h6><p>Water, Ascorbic Acid(23%), Propanediol, Dimethicone, Tromethamine, Panthenol, Ethyl Ascorbyl Ether, Squalane, Caffeine, Sodium Chloride, Sodium Hyaluronate, Sodium Sulfite, Disodium EDTA, Glutathione, Adenosine, Acetyl Glucosamine, Gardenia Florida Fruit Extract, Allantoin, Dextrin, Tocotrienols, Tocopherol, Elaeis Guineensis (Palm) Oil, Butylene Glycol, Arginine, Niacinamide, Pentylene Glycol, Alcohol Denat., Helianthus Annuus (Sunflower) Seed Oil, Glycyrrhiza Glabra (Licorice) Root Extract, Methyl Trimethicone, Carthamus Tinctorius (Safflower) Seed Oil, Camellia Japonica Seed Oil, Daucus Carota Sativa (Carrot) Root Extract, Beta-Carotene</p>","COSRX","Skincare","Imported, TSB, Teemdrop_Auto_Fulfill",TRUE,Title,Default Title,"9140000000024",0,,999,deny,manual,31.14,TRUE,TRUE,"https://cdn.shopify.com/s/files/1/0515/4589/9157/files/COSRX_The_Vitamin_C_23_Serum_20g.png?v=1772996161"
"cosrx-the-hyaluronic-acid-3-serum-20ml","COSRX The Hyaluronic Acid 3 Serum (20ml)","<p>Achieve clinical-grade clarity with the COSRX The Hyaluronic Acid 3 Serum (20ml). Combining advanced dermatological research and high-potency ingredients, this targeted treatment effectively transforms your skin’s texture. High strength formula infused with 3% hyaluronic acid Highly concentrated 3% hyaluronic acid serum that hydrates, plumps, soothes and supports the skin\.</p><h6>Ingredients</h6><p>Water, Butylene Glycol, Propanediol, Glycerin, Sodium Hyaluronate(3%), Pentylene Glycol, 1,2-Hexanediol, Diethoxyethyl Succinate, Sodium Polyacryloyldimethyl Taurate, Betaine, Xanthan Gum, Dimethicone, Hydroxyethyl Acrylate/Sodium Acryloyldimethyl Taurate Copolymer, Sodium PCA, Sodium Lactate, PCA, Glyceryl Acrylate/Acrylic Acid Copolymer, Hydrogenated Lecithin, Ethylhexylglycerin, Serine, Alanine, Glycine, Sodium Phytate, Sorbitan Isostearate, PVM/MA Copolymer, Glutamic Acid, Citric Acid, Lysine HCl, Threonine, Arginine, Sodium Methyl Stearoyl Taurate, Proline, Ceramide NP, Cholesterol, Caprylic/Capric Triglyceride, Phytosphingosine, Stearic Acid, Oleic Acid, Alcohol, Tocopherol, Lactic Acid, Caprylyl Glycol, Caprylhydroxamic Acid</p>","COSRX","Skincare","Imported, TSB, Teemdrop_Auto_Fulfill",TRUE,Title,Default Title,"9140000000025",0,,999,deny,manual,27.83,TRUE,TRUE,"https://cdn.shopify.com/s/files/1/0515/4589/9157/files/COSRX_The_Hyaluronic_Acid_3_Serum__20ml_-removebg-preview.png?v=1766170433"
"cosrx-salicylic-acid-daily-gentle-cleanser-150ml","COSRX Salicylic Acid Daily Gentle Cleanser (150ml)","<p>The COSRX Salicylic Acid Daily Gentle Cleanser (150ml) is engineered to address your skin\'s unique concerns without irritation. Embrace this clinical-grade masterpiece to reveal a healthy, balanced, and radiant complexion. A foam cleanser formulated to reduce breakouts, slough dead skin cells, and help fade scars in oily, acne-prone skin. COSRX Salicylic Acid Daily Gentle Cleanser is a foam cleanser formulated to reduce breakouts in oily, acne-prone skin.</p><h6>Ingredients</h6><p>Aqua, Glycerin, Myristic Acid, Stearic Acid, Potassium Hydroxide, Lauric Acid, Butylene Glycol, Glycol Distearate, Polysorbate 80, Salix Alba (Willow) Bark Water, Sodium Methyl Cocoyl Taurate, Cocamidopropyl Betaine, PEG-60 Hydrogenated Castor Oil, Salicylic Acid, Citric Acid, Melaleuca Alternifolia (Tea Tree) Leaf Oil, Sodium Chloride, Disodium EDTA, 1,2-Hexanediol, Ethyl Hexanediol, Caprylyl Glycol, Ethylhexylglycerin, Citrus Medica Limonum (Lemon) Peel Oil</p>","COSRX","Skincare","Imported, TSB, Teemdrop_Auto_Fulfill",TRUE,Title,Default Title,"9140000000026",0,,999,deny,manual,20.88,TRUE,TRUE,"https://cdn.shopify.com/s/files/1/0515/4589/9157/products/salicylic-acid-daily-gentle-cleanser_1.webp?v=1668371626"
"cosrx-bha-blackhead-power-liquid-100ml","COSRX BHA Blackhead Power Liquid (100ml)","<p>Achieve clinical-grade clarity with the COSRX BHA Blackhead Power Liquid (100ml). Combining advanced dermatological research and high-potency ingredients, this targeted treatment effectively transforms your skin’s texture. The ultimate product for gentle chemical exfoliation and oil control, formulated with 4% betaine salicylate (BHA) to control sebum and remove impurities from the pores. COSRX BHA Blackhead Power Liquid is the ultimate product for gentle chemical exfoliation and oil control.</p><h6>Ingredients</h6><p>Water, Butylene Glycol, Betaine Salicylate, Niacinamide, 1,2-Hexanediol, Arginine, Panthenol, Sodium Hyaluronate, Xanthan Gum, Ethyl Hexanediol</p>","COSRX","Skincare","Imported, TSB, Teemdrop_Auto_Fulfill",TRUE,Title,Default Title,"9140000000027",0,,999,deny,manual,31.51,TRUE,TRUE,"https://cdn.shopify.com/s/files/1/0515/4589/9157/files/COSRX_BHA_Blackhead_Power_Liquid_100ml.png?v=1772994925"
"cosrx-low-ph-good-morning-gel-cleanser-150ml","COSRX Low pH Good Morning Gel Cleanser (150ml)","<p>The COSRX Low pH Good Morning Gel Cleanser (150ml) is engineered to address your skin\'s unique concerns without irritation. Embrace this clinical-grade masterpiece to reveal a healthy, balanced, and radiant complexion. A gentle but effective gel cleanser that boasts a mildly acidic pH level to cleanse while maintaining the integrity of the skin\.</p><h6>Ingredients</h6><p>Water, Cocamidopropyl Betaine, Sodium Lauroyl Methyl Isethionate, Polysorbate 20, Styrax Japonicus Branch/Fruit/Leaf Extract, Butylene Glycol, Saccharomyces Ferment, Cryptomeria Japonica Leaf Extract, Nelumbo Nucifera Leaf Extract, Pinus Palustris Leaf Extract, Ulmus Davidiana Root Extract, Oenothera Biennis (Evening Primrose) Flower Extract, Pueraria Lobata Root Extract, Melaleuca Alternifolia (Tea Tree) Leaf Oil, Allantoin, Caprylyl Glycol, Ethylhexylglycerin, Betaine Salicylate, Citric Acid, Ethyl Hexanediol, 1,2-Hexanediol, Trisodium Ethylenediamine Disuccinate, Sodium Benzoate, Disodium EDTA</p>","COSRX","Skincare","Imported, TSB, Teemdrop_Auto_Fulfill",TRUE,Title,Default Title,"9140000000028",0,,999,deny,manual,21.72,TRUE,TRUE,"https://cdn.shopify.com/s/files/1/0515/4589/9157/files/COSRX_Low_pH_Good_Morning_Gel_Cleanser__150ml_-removebg-preview.png?v=1766170435"
"cosrx-acne-pimple-master-patch-24-patches","COSRX Acne Pimple Master Patch (24 Patches)","<p>Experience targeted treatment with the COSRX Acne Pimple Master Patch (24 Patches). COSRX\'s commitment to minimal but highly effective formulations ensures profound results and a revitalized glow. A COSRX bestseller, these hydrocolloid pimple patches offer protection against bacteria or other external trauma and simultaneously extract impurities from the spot. COSRX Acne Pimple Master Patch is one of the brand\.</p><h6>Ingredients</h6><p>Refer to product packaging for full ingredient list.</p>","COSRX","Skincare","Imported, TSB, Teemdrop_Auto_Fulfill",TRUE,Title,Default Title,"9140000000029",0,,999,deny,manual,15.78,TRUE,TRUE,"https://cdn.shopify.com/s/files/1/0515/4589/9157/files/COSRX_Acne_Pimple_Master_Patch_24_Patches.png?v=1772994529"
"cosrx-aha-bha-clarifying-treatment-toner-150ml","COSRX AHA BHA Clarifying Treatment Toner (150ml)","<p>Achieve clinical-grade clarity with the COSRX AHA BHA Clarifying Treatment Toner (150ml). Combining advanced dermatological research and high-potency ingredients, this targeted treatment effectively transforms your skin’s texture. A gentle exfoliating toner that combines AHA, BHA and purifying botanical ingredients to eliminate impurities, exfoliate, hydrate and improve skin texture in one step. COSRX AHA/BHA Clarifying Treatment Toner is a gentle exfoliating toner that works to soothe, refresh, and soften the skin.</p><h6>Ingredients</h6><p>Water, Salix Alba (Willow) Bark Water, Pyrus Malus (Apple) Fruit Water, Butylene Glycol, 1,2-Hexanediol, Sodium Lactate, Glycolic Acid, Betaine Salicylate, Allantoin, Panthenol, Ethyl Hexanediol</p>","COSRX","Skincare","Imported, TSB, Teemdrop_Auto_Fulfill",TRUE,Title,Default Title,"9140000000030",0,,999,deny,manual,27.25,TRUE,TRUE,"https://cdn.shopify.com/s/files/1/0515/4589/9157/files/COSRX_AHA_BHA_Clarifying_Treatment_Toner_150ml.png?v=1772994823"
"cosrx-advanced-snail-peptide-eye-cream-25ml","COSRX Advanced Snail Peptide Eye Cream (25ml)","<p>A staple of K-Beauty dermatological excellence, the COSRX Advanced Snail Peptide Eye Cream (25ml) provides high-fidelity care for compromised skin. Formulated to soothe, protect, and refine. A hydrating eye cream containing snail secretion filtrate, peptides, and niacinamide. This formulation has anti-aging, moisturizing, and brightening properties all in one eye cream! COSRX Advanced Snail Peptide Eye Cream is a fast-absorbing, hydrating eye cream suitable for all age groups.</p><h6>Ingredients</h6><p>Water, Palmitic Acid, Arginine, Carbomer, Stearic Acid, Betaine, Cetearyl Olivate, Sorbitan Olivate, Sodium Polyacrylate, Allantoin, Tocopheryl Acetate, Panthenol, Hydroxyethyl Acrylate/Sodium Acryloyldimethyl Taurate Copolymer, Sodium Hyaluronate, Adenosine, Xanthan Gum, Myristic Acid, Copper Tripeptide-1, Acetyl Hexapeptide-8, Palmitoyl Pentapeptide-4, Palmitoyl Tripeptide-1, Palmitoyl Tetrapeptide-7</p>","COSRX","Skincare","Imported, TSB, Teemdrop_Auto_Fulfill",TRUE,Title,Default Title,"9140000000031",0,,999,deny,manual,33.77,TRUE,TRUE,"https://cdn.shopify.com/s/files/1/0515/4589/9157/files/Product_Images_-_2026-01-22T221256.538.png?v=1769091276"
"cosrx-advanced-snail-92-all-in-one-cream-100g","COSRX Advanced Snail 92 All In One Cream (100g)","<p>Experience targeted treatment with the COSRX Advanced Snail 92 All In One Cream (100g). COSRX\'s commitment to minimal but highly effective formulations ensures profound results and a revitalized glow. A lightweight, non-greasy moisturizing cream that contains 92% snail mucin and provides hydrating, soothing and anti-aging benefits. COSRX Advanced Snail 92 All In One Cream is a lightweight and non-greasy moisturizing cream that is highly effective at hydrating and soothing damaged or irritated skin.</p><h6>Ingredients</h6><p>Refer to product packaging for full ingredient list.</p>","COSRX","Skincare","Imported, TSB, Teemdrop_Auto_Fulfill",TRUE,Title,Default Title,"9140000000032",0,,999,deny,manual,27.83,TRUE,TRUE,"https://cdn.shopify.com/s/files/1/0515/4589/9157/files/Product_Images_97_86a93fe5-bdb4-4975-b58f-193b2913e474.png?v=1769089233"
"cosrx-advanced-snail-96-mucin-power-essence-100ml","COSRX Advanced Snail 96 Mucin Power Essence (100ml)","<p>Experience targeted treatment with the COSRX Advanced Snail 96 Mucin Power Essence (100ml). COSRX\'s commitment to minimal but highly effective formulations ensures profound results and a revitalized glow. A lightweight, highly-concentrated essence with 96% snail mucin that effectively hydrates and soothes damaged or aging skin. COSRX Advanced Snail 96 Mucin Power Essence is a lightweight essence that is highly effective at hydrating and soothing damaged skin.</p><h6>Ingredients</h6><p>Refer to product packaging for full ingredient list.</p>","COSRX","Skincare","Imported, TSB, Teemdrop_Auto_Fulfill",TRUE,Title,Default Title,"9140000000033",0,,999,deny,manual,23.56,TRUE,TRUE,"https://cdn.shopify.com/s/files/1/0515/4589/9157/files/cosrx_1.png?v=1752361982"
"cow-brand-bouncia-premium-moist-body-soap-refill-silky-blossom-340ml","COW BRAND Bouncia Premium Moist Body Soap Refill - Silky Blossom (340ml)","<p>A highly moisturizing body soap that preserves moisture with its rich and cushioned foam Cow Brand Bouncia Premium Moist Body Soap is a dense foaming body wash that cleanses the skin without stripping away the moisture. It is f ormulated with a blend of ceramides that provide a beautiful, moisturizing wash. It's velvety and gentle on the skin and at the same time removes unwanted dirt and odor. It is made to provide lasting hydration even after rinsing it off! Features Effortless rinsing Advanced moisturizing formula Silky blossom scent Skin types All Skin Types Made In Japan How to Use Dispense product into existing or new pump bottle. Generate a luxurious lather by working several pumps of the soap into foam. Then rinse off thoroughly. Key Highlights Ceramides, Shea Butter, Collagen : Moisturizing ingredients that soothes and protects the skin's moisture barrier. Hyaluronic Acid : Deeply hydrates the skin. Ingredient Highlights Silicone-Free Alcohol-Free</p><h6>Ingredients</h6><p>Full list of ingredients Water, Potassium Myristate, Potassium Laurate, Potassium Palmitate, Potassium Chloride, Glycol Distearate, Fragrance, Ceramide NG, Sodium Hyaluronate, Hydrolyzed Collagen, Shea Butter, Cocamide MEA, Cocamidopropyl Betaine, Lauryl Hydroxysother leading brandsine, Sodium Laureth Sulfate, PEG-75, PEG-9M, PEG-20M, Polyquaternium-7, Polyquaternium-50, Guar Hydroxypropyltrimonium Chloride, Glycerin, Dipropylene Glycol, Butylene Glycol, Disodium EDTA, Trisodium EDTA, Phenoxyethanol, Sodium Benzoate, Methylparaben. This ingredient list applies to all variants of this product. Actual ingredients of a specific product option might vary from this list as the</p>","Cow Brand","Bath & Body","Imported, TSB, Teemdrop_Auto_Fulfill",TRUE,Title,Default Title,"8008950153452",0,,999,deny,manual,8.99,TRUE,TRUE,"https://cdn.shopify.com/s/files/1/0515/4589/9157/files/COW_BRAND_Bouncia_Premium_Moist_Body_Soap_Refill_-_Silky_Blossom__340ml_-removebg-preview.png?v=1766171095"
"cow-brand-soaps-2-pcs","COW BRAND Soaps (2 pcs)","<p>A foaming body soap containing vegetable amino acid-based cleansing COW BRAND Soaps are creamy and produces a fine lather which gently cleanses the skin while protecting its moisture. It is formulated with dipotassium glycyrrhizinate (a moisturizing ingredient derived from licorice) and rice bran oil to treat dry skin, leaving it beautifully hydrated and supple. Features Prevents rough skin and contains moisture High quality ingredients derived from natural fats and oils Gentle foam and easy lather Skin Concerns Dryness Skin Types All Skin Types Made In Japan How to Use Apply a suitable amount onto a damp towel or sponge. Generate a rich lather, cleanse thoroughly, and rinse. Ingredients Key Highlights Ceramide : Moisturizing ingredients and protects from environmental damage. Ingredient Highlights Silicone-Free Alcohol-Free Mineral Oil-Free Sulfate-Free Fragrance-Free Paraben-Free</p><h6>Ingredients</h6><p>Full list of ingredients Water, DPG, Sodium Lauroylmethylalanine, Lauryl Hydroxysother leading brandsine, Cocoylglycine K, Ceteareth-60 Myristyl Glycol, Ceramide NG, Myristic Acid K, Cocamide MEA, Isostearic Acid. This ingredient list applies to all variants of this product. Actual ingredients of a specific product option might vary from this list as the</p>","Cow Brand","Bath & Body","Imported, TSB, Teemdrop_Auto_Fulfill",TRUE,Title,Default Title,"9110764191980",0,,999,deny,manual,6.00,TRUE,TRUE,"https://cdn.shopify.com/s/files/1/0515/4589/9157/files/4901525011297.png?v=1768404495"
"cow-brand-shizen-gokochi-facial-cleansing-bar-soap-80g","COW BRAND Shizen Gokochi Facial Cleansing Bar Soap (80g)","<p>A foaming body soap containing vegetable amino acid-based cleansing COW BRAND Additive-Free Foaming Body Soap is carefully designed to gently cleanse and nourish your skin with a rich, luxurious foam. Infused with a newly formulated ceramide, it provides deep hydration, leaving your skin soft, smooth, and supple. Made with thoughtfully selected ingredients, it’s free from unnecessary additives, offering a pure and wholesome skincare experience. Its creamy lather rinses off easily, ensuring your skin feels refreshed, moisturized, and revitalized long after washing. With a convenient pump design, it’s perfect for everyday use and ideal for the whole family. Features Features a soap-derived natural component and an amino acid-based cleansing agent Safe for use on delicate skin, including small children Gently foam and easy lather Skin Concerns Dryness Skin Types All Skin Types Made In Japan How to Use Apply a suitable amount onto a damp towel or sponge. Generate a rich lather, cleanse thoroughly, and rinse. Ingredients Key Highlights Ceramide : Moisturizing ingredients and protects from environmental damage. Ingredient Highlights Silicone-Free Alcohol-Free Mineral Oil-Free Sulfate-Free Fragrance-Free Paraben-Free</p><h6>Ingredients</h6><p>Full list of ingredients Water, DPG, Sodium Lauroylmethylalanine, Lauryl Hydroxysother leading brandsine, Cocoylglycine K, Ceteareth-60 Myristyl Glycol, Ceramide NG, Myristic Acid K, Cocamide MEA, Isostearic Acid. This ingredient list applies to all variants of this product. Actual ingredients of a specific product option might vary from this list as the</p>","Cow Brand","Bath & Body","Imported, TSB, Teemdrop_Auto_Fulfill",TRUE,Title,Default Title,"9102733869292",0,,999,deny,manual,6.52,TRUE,TRUE,"https://cdn.shopify.com/s/files/1/0515/4589/9157/files/Product_Images_31_1664989c-7b3b-44d0-92d6-de4891523b48.png?v=1767889894"
"cur-l-shampoo-pump-420ml","Curél Shampoo Pump (420ml)","<p>Gently and naturally cleanse your scalp without damaging it. \nCurél Shampoo Pump (420ml) is a Japanese shampoo with carefully selected naturally derived aromas. Formulated with natural ingredients, the shampoo contains mild cleansing ingredients that minimize skin irritation and wash ...</p><h6>Ingredients</h6><p>Refer to product packaging.</p>","Curél","Hair Care","Imported, TSB, Teemdrop_Auto_Fulfill",TRUE,Title,Default Title,"7671177937132",0,,999,deny,manual,22.99,TRUE,TRUE,"https://cdn.shopify.com/s/files/1/0515/4589/9157/files/Curel_Shampoo_Pump__420ml_-removebg-preview.png?v=1766172246"
"cur-l-conditioner-pump-420ml","Curél Conditioner Pump (420ml)","<p>Mild conditioner to soothe and protect the scalp's moisture barrier. Curél Conditioner Pump (420ml) is a Japanese conditioner with carefully selected naturally derived aromas. Formulated with natural , the conditioner contains mild cleansing ingredients that minimize skin irritation and protect the scalp's moisture barrier. The conditioner p enetrates deeply into each hair strand that is dry and rough, while treating the scalp. This l eaves hair smooth and shiny, so you can run your fingers through easily. Rinses off cleanly with minimal residue on the skin. Features pH balanced No added fragrance or colorants Naturally hydrates, soothes and protects the scalp Hair Concerns Dry Hair Dry/Itchy Scalp Hair Types Normal to dry hair Made in Japan How to use Wet the hair thoroughly. Dispense a quarter sized amount of product to the hand and massage it directly into the scalp, ensuring to produce a thick lather. Rinse and continue with a treatment or conditioning product. Ingredients Active Ingredients Glycyrrhizic acid Ingredient Highlights Fragrance-Free Paraben-Free Sulfate-Free Mineral-Oil Free</p><h6>Ingredients</h6><p>Full list of ingredients Glycyrrhizic acid 2K, purified water, cetanol, alkyltrimethylammonium chloride, dimethicone, squalane, isopropyl palmitate, high polymerization dimethicone-1, dialkyl chloride (12 to 18) dimethylammonium liquid, anhydrous citric acid, BG, orange oil, eucalyptus Oil, isopropanol, ethanol, phenoxyethanol Please be aware that ingredient lists may change or vary from time to time. Please refer to the ingredient list on the product package you receive for the most up-to-date list of ingredientsmois</p>","Curél","Hair Care","Imported, TSB, Teemdrop_Auto_Fulfill",TRUE,Title,Default Title,"7671177085164",0,,999,deny,manual,23.99,TRUE,TRUE,"https://cdn.shopify.com/s/files/1/0515/4589/9157/files/Product_Images_27_105685f8-9c0e-4f4b-8a77-0c35eec5cd9e.png?v=1767888072"
"cure-natural-aqua-gel-250g-japanese-version","Cure Natural Aqua Gel (250g) - Japanese Version","<p>This star-studded global favorite is dubbed the “top exfoliator in Japan\</p><h6>Ingredients</h6><p>Refer to product packaging.</p>","Cure","Exfoliants","Imported, TSB, Teemdrop_Auto_Fulfill",TRUE,Title,Default Title,"7841260765420",0,,999,deny,manual,29.93,TRUE,TRUE,"https://cdn.shopify.com/s/files/1/0515/4589/9157/files/Product_Images_89_c5daf67d-aeae-4282-9d1c-59a01839ca60.png?v=1769081544"
"d-alba-white-truffle-double-moisture-cream-60ml","d'Alba White Truffle Double Moisture Cream (60ml)","<p>Customizable cream for all skin types featuring luxurious white truffle extracts. d'Alba White Truffle Vegan Double Serum &amp; Cream is a unique 2-in-1 serum and cream that can be mixed in different ratios according to your skin type and preference. The Aqua Serum is hydrating and soothing thanks to ceramides, centella asiatica extract and panthenol. Meanwhile, the Intense Cream is deeply nourishing and firming and contains 8-blending oils and collagen extract with white flower complex to provide an elastic, youthful appearance. It is non-comedogenic and safe for acne-prone skin. Features Customizable serum and cream formulation Hydrates, soothes, nourishes and firms Non-comedogenic Vegan certified Skin Concerns Anti-Aging Dehydrated Skin Skin Types Suitable for all skin types Made In South Korea How to use After cleansing, dispense an appropriate amount and thoroughly mix the two creams. Dehydrated/Oily Skin - Aqua Serum 2 : Intense Cream 1 Combination Skin - Aqua Serum 2 : Intense Cream 1 Dry Skin: Aqua Serum 1 : Intense Cream 2 Gently apply the mixture along the texture of your skin, allowing it to absorb fully. Alternatively, you can apply the serum and cream separately. Key Ingredients Italian White Truffle Extract Ingredient Highlights Vegan and Cruelty-Free Sulfate-Free Alcohol-Free Paraben-Free</p><h6>Ingredients</h6><p>Full list of ingredients 【Intense Cream】: Water, Glycerin, DPG, Cetyl Ethylhexanoate, Neopentyl Glycol Diheptanoate, Niacinamide, 1,2-Hexanediol, BG, Tuber Magnatum Extract (000m), Hydrogenated Polydecene, Tocopherol, Cetearyl Olivate, Cetearyl Alcohol, Arachidyl Alcohol, Sorbitan Olivate, Sorbitan Stearate, Ozokerite, Behenyl Alcohol, Carbomer, Arginine, Arachidyl Glucoside, Xylitylglucoside, Anhydroxylitol, Allantoin, Hydrogenated Polyisobutene, Collagen Extract, Xylitol, Octoxyglycerin, Adenosine, Glucose, EDTA-2Na, Dipotassium Glycyrrhizate, Rose Extract, Lotus Flower Extract, Daffodil Flower Extract, Madonna Lily Root Extract, Jasmine Extract, Iris Pallida Extract, Freesia Extract, Sunflower Seed Oil, Avocado Oil, Olive Oil, Evening Primrose Oil, Macadamia Seed Oil, Camellia Seed Oil, Propanediol, Cyperus Root Extract, Mannose, Hippophae Rhamnoides Fruit Oil, Soybean Oil, Bixa Orellana Seed Oil, Fragrance 【Aqua Serum】: Water, Glycerin, Sunflower Seed Oil, DPG, Cetyl Ethylhexanoate, Niacinamide, 1,2-Hexanediol, Polyglyceryl-3 Distearate, Hydroxyethyl Acrylate/Acryloyldimethyl Taurate Copolymer, Tuber Magnatum Extract (00000m), Almond Oil, Tocopherol, Tri(caprylic/capric) Glyceride, BG, Cetearyl Olivate, Ozokerite, Methyl Gluceth-20, Sorbitan Olivate, Soybean Oil, Simethicone, Citric Acid, Glyceryl Stearate, Sorbitan Isostearate, Panthenol, Allantoin, Calendula Flower Extract, Centella Asiatica Extract, Octoxyglycerin, Tetra-Di-T-Butyl Hydroxyhydrocinnamate, Adenosine, Xanthan Gum, EDTA-2Na, Dipotassium Glycyrrhizate, Bixa Orellana Seed Oil, Ceramide NP, Hinoki Leaf Extract, Angelica Extract, Sodium Hyaluronate, Fragrance Ingredients subject to change at manufacturer's discretion. Please check the product packaging for the most updated ingredient list.</p>","d'Alba","Moisturizers","Imported, TSB, Teemdrop_Auto_Fulfill",TRUE,Title,Default Title,"9094674677996",0,,999,deny,manual,59.91,TRUE,TRUE,"https://cdn.shopify.com/s/files/1/0515/4589/9157/files/d_Alba_White_Truffle_Double_Moisture_Cream.png?v=1770233970"
"d-alba-white-truffle-double-layer-revitalizing-serum-30ml","d'Alba White Truffle Double Layer Revitalizing Serum (30ml)","<p>A double layered serum for firm, healthy and glowy skin. d'Alba White Truffle Double Layer Revitalizing Serum is a 2-in-1 double solution with 30% glowing oil layer and a 70% elastic serum layer that promotes healthy, smooth skin. It uses premium white truffles from Italy and natural essential oils to provide long-lasting moisture and glow. The plant-based organic substances such as sunflower seed oil, macadamia nut oil, avocado oil, etc. provide deep hydration and absorb deep into the pores. The patented substances okra extract and hydrolyzed hyaluronic acid keep skin tissues moist and hydrated. Features Vegan 30% glowing oil layer and a 70% elastic serum layer Long-lasting moisture and glow Deeply hydrates and firms skin with antioxidants Skin Concerns Dullness Dehydrated Skin Anti-aging Skin Types Suitable for all skin types Made In South Korea How to use After cleansing, shake the bottle up and down 3 to 5 times to ensure the contents are well mixed. Pump 2 to 3 times into your palm and gently apply over your entire face, allowing it to absorb. Key Ingredients Italian White Truffle Extract Vitamin E Ingredient Highlights Vegan and Cruelty-Free Sulfate-Free Silicone-Free Paraben-Free Alcohol-Free</p><h6>Ingredients</h6><p>Full list of ingredients Water, Sunflower Seed Oil, BG, DPG, 1,2-Hexanediol, Macadamia Seed Oil, Tuber Magnatum Extract, Tri(caprylic/capric) Glyceride, Camellia Seed Oil, Evening Primrose Oil, Olive Fruit Oil, Avocado Oil, Meadowfoam Oil, Tocopherol, Fragrance, Arginine, Carbomer, Betaine, Panthenol, Tocopheryl Acetate, Centella Asiatica Extract, Birch Sap, Rosa Centifolia Flower Water, Soybean Oil, Ethylhexylglycerin, Glycerin, Dipotassium Glycyrrhizate, EDTA-2Na, Hippophae Rhamnoides Fruit Oil, Hydroxyethyl Urea, Aloe Vera Leaf Extract, Adenosine, Ocimum Basilicum (Basil) Flower/Leaf/Stem Extract, Avena Sativa (Oat) Kernel Extract, Tetra-Di-T-Butyl Hydroxyhydrocinnamate, Salvia Hispanica Seed Extract, Bifida Ferment Lysate, Okra Fruit Extract, Hydrolyzed Hyaluronic Acid, Sodium Hyaluronate, Chamomile Flower Extract, Hibiscus Flower Extract, Lavender Flower Extract, Melissa Leaf Extract, Peppermint Leaf Extract, Apple Mint Leaf Extract, Monarda Didyma Leaf Extract, Rosa Centifolia Flower Extract, Rosemary Leaf Extract, Sage Leaf Extract, Sodium Palmitoyl Proline, Bixa Orellana Seed Oil, Potassium Sorbate, Daisy Flower Extract, Chlorphenesin, Freesia Extract, Houttuynia Cordata Extract, Edelweiss Extract, Madonna Lily Flower Extract, Mulberry Bark Extract, Lotus Flower Extract, Ginseng Root Extract, Saussurea Involucrata Extract, Nymphaea Alba Flower Extract. Ingredients subject to change at manufacturer's discretion. Please check the product packaging for the most updated ingredient list.</p>","d'Alba","Serums","Imported, TSB, Teemdrop_Auto_Fulfill",TRUE,Title,Default Title,"8894328930540",0,,999,deny,manual,54.91,TRUE,TRUE,"https://cdn.shopify.com/s/files/1/0515/4589/9157/files/DALBA-White-Truffle-Double-Layer-Revitalizing-Serum-30ml-Korean-Serum-For-Firming-And-Wrinkles-For-Dullness-and-Anti-Aging-PURESEOUL-UK-KBeauty-Shop.png?v=1747778930"
"d-alba-white-truffle-prime-intensive-serum-100ml","d'Alba White Truffle Prime Intensive Serum (100ml)","<p>A double layered serum mist for hydrated and glowy skin. d'Alba White Truffle Prime Intensive Serum is a vegan-certified anti-aging serum mist engineered to restore elasticity and luminosity. This innovative serum merges dual-capsule technology—encapsulated oils and peptides—with a potent serum concentrate to target fine lines and loss of firmness. Harnessing Trufferol and Vitamin E, it delivers six times the antioxidant strength of propolis. The precision mist application distributes evenly across skin, delivering a dewy, hydrated glow without stickiness or buildup. Complemented by an elegant aromatic citrus floral fragrance created in partnership with Italian perfumer Giovanni Festa, this serum elevates your daily skincare ritual. Features Vegan Micro oil and serum capsules in a mist Long-lasting moisture and glow Aromatic Citrus Floral Fragrance Skin Concerns Dullness Dehydrated Skin Anti-aging Skin Types Suitable for all skin types Made In South Korea How to use After cleansing, shake the bottle up and down 3 to 5 times to ensure the contents are well mixed. Pump 2 to 3 times into your palm and gently apply over your entire face, allowing it to absorb. Key Ingredients Italian White Truffle Extract Vitamin E Collagen Ingredient Highlights Vegan and Cruelty-Free Sulfate-Free Silicone-Free Paraben-Free Alcohol-Free</p><h6>Ingredients</h6><p>Full list of ingredients Collagen Extract, Helianthus Annuus (Sunflower) Seed Oil, Dipropylene Glycol, 1,2-Hexanediol, Glyceryl-26, Niacinamide, Tuber Magnatum Extract (White Truffle Extract), Polypropyl Silsesquioxane, Tocopherol, Caprylic/Capric Triglyceride, Butylene Glycol, Macadamia Integrifolia Seed Oil, Aqua (Water), Hydroxyethyl Urea, Betaine, Camellia Japonica Seed Oil, Persea Gratissima (Avocado) Oil, Saccharide Isomerate, Glyceryl Glucoside, Ethylhexylglycerin, Simmondsia Chinensis (Jojoba) Seed Oil, Olea Europaea (Olive) Fruit Oil, Pentaerythrityl Tetra-Di-T-Butylhydroxyhydrocinnamate, Disodium EDTA, Carthamus Tinctorius (Safflower) Seed Oil, Dipotassium Glycyrrhizate, Adenosine, Phaseolus Radiatus (Mung Bean) Seed Extract, Oenothera Biennis (Evening Primrose) Oil, Glycerin, Hydrogenated Polydecene, Mannose, Glucose, Acrylates/C10-30 Alkyl Acrylate Crosspolymer, Arginine, Bixa Orellana (Annatto) Seed Oil, Hippophae Rhamnoides (Sea Buckthorn) Fruit Oil, Sodium Citrate, Citric Acid, Agar, Guar Gum, Xanthan Gum, Palmitoyl Pentapeptide-4, Hydrolyzed Barley Protein, Hydrolyzed Corn Protein, Copper Tripeptide-1, Acetyl Hexapeptide-8, Glycoprotein, Hydrolyzed Lupine Protein, Hydrolyzed Oat Protein, Hydrolyzed Pea Protein, Hydrolyzed Potato Protein, Hydrolyzed Rice Protein, Hydrolyzed Soy Protein, Hydrolyzed Vegetable Protein, Hydrolyzed Wheat Protein, Parfum (Fragrance), Linalool, Hexyl Cinnamal, Limonene, Citronellol. Ingredients subject to change at manufacturer's discretion. Please check the product packaging for the most updated ingredient list.</p>","d'Alba","Serums","Imported, TSB, Teemdrop_Auto_Fulfill",TRUE,Title,Default Title,"9050762838252",0,,999,deny,manual,32.93,TRUE,TRUE,"https://cdn.shopify.com/s/files/1/0515/4589/9157/files/kshopbeauty.vn-dAlba-White-Truffle-Prime-Intensive-Solution-Serum.png?v=1761840441"
"d-alba-white-truffle-royal-intensive-serum-100ml","d'Alba White Truffle Royal Intensive Serum (100ml)","<p>A biphase serum mist that offers a boost of instant hydration. d'Alba White Truffle Royal Intensive Serum transforms your skin with a luxurious mist that combines brightening power with anti-aging benefits. This innovative bi-phase formula harnesses Italian white truffle, glutathione, peptides, and plant-based collagen to deliver visible radiance and firmness in seconds. The fine mist absorbs effortlessly, creating 15 layers of hydration that cling to every skin contour without stickiness or heaviness. Whether your skin needs luminosity, elasticity, or deep moisture, this multitasking serum works for all skin types—especially those seeking a glassy, transparent glow. Spray it anytime, anywhere for skin that looks refreshed, youthful, and undeniably radiant. Features Vegan Biphase formula that brightens and anti-ages Long-lasting moisture and glow Fine mist that can be used anytime Skin Concerns Dullness Dehydrated Skin Anti-aging Skin Types Dry to combo skin Made In South Korea How to use After cleansing, shake the bottle up and down 3 to 5 times to ensure the contents are well mixed. Close eyes and spray 4-5 times from a distance of 20-25cm. Key Ingredients Italian White Truffle Glutathione Peptides Collagen Ingredient Highlights Vegan and Cruelty-Free Sulfate-Free Silicone-Free Paraben-Free Alcohol-Free</p><h6>Ingredients</h6><p>Full list of ingredients Collagen Extract, Helianthus Annuus (Sunflower) Seed Oil, Dipropylene Glycol, 1,2-Hexanediol, Niacinamide, Glyceryl-26, Tuber Magnatum Extract (White Truffle Extract), Polypropyl Silsesquioxane, Tocopherol, Butylene Glycol, Caprylic/Capric Triglyceride, Macadamia Integrifolia Seed Oil, Aqua (Water), Hydroxyethyl Urea, Betaine, Persea Gratissima (Avocado) Oil, Camellia Japonica Seed Oil, Saccharide Isomerate, Glycine Soja (Soybean) Oil, Ethylhexylglycerin, Glycerin, Lauryl Glucoside, Simmondsia Chinensis (Jojoba) Seed Oil, Pentaerythrityl Tetra-Di-T-Butylhydroxyhydrocinnamate, Carthamus Tinctorius (Safflower) Seed Oil, Olea Europaea (Olive) Fruit Oil, Argania Spinosa Kernel Oil, Rosa Canina (Rosehip) Fruit Oil, Dipotassium Glycyrrhizate, Disodium EDTA, Adenosine, Oenothera Biennis (Evening Primrose) Oil, Hydrogenated Polydecene, Mannose, Glucose, Acrylates/C10-30 Alkyl Acrylate Crosspolymer, Arginine, Bixa Orellana (Annatto) Seed Oil, Hippophae Rhamnoides (Sea Buckthorn) Fruit Oil, Citric Acid, Sodium Citrate, Agar, Guar Gum, Hydrolyzed Soy Protein, Hydrolyzed Pea Protein, Hydrolyzed Rice Protein, Hydrolyzed Lupine Protein, Hydrolyzed Potato Protein, Hydrolyzed Corn Protein, Hydrolyzed Oat Protein, Hydrolyzed Sweet Almond Protein, Hydrolyzed Barley Protein, Hydrolyzed Wheat Protein, Hydrolyzed Jojoba Protein, Hydrolyzed Silk Protein, Glycoprotein, Rosa Centifolia Flower Oil, Glutathione, Xanthan Gum, Palmitoyl Pentapeptide-4, Copper Tripeptide-1, Acetyl Hexapeptide-8, Parfum (Fragrance), Linalool, Hexyl Cinnamal, Limonene, Citronellol. Ingredients subject to change at manufacturer's discretion. Please check the product packaging for the most updated ingredient list.</p>","d'Alba","Serums","Imported, TSB, Teemdrop_Auto_Fulfill",TRUE,Title,Default Title,"9049820365036",0,,999,deny,manual,32.93,TRUE,TRUE,"https://cdn.shopify.com/s/files/1/0515/4589/9157/files/4rzkd3tzksa84h6hctphwdhddv3j.webp?v=1761583274"
"dr-g-mild-up-sunscreen-spf50-pa-50ml","Dr.G Mild Up Sunscreen SPF50+ PA++++ (50ml)","<p>Dr. G Mild Up Sunscreen SPF50+ PA++++ is a mild mineral sunscreen that provides broad-spectrum UV protection. It is a dewy formula with a weightless, soft finish that doesn't leave the skin feeling sticky. It is formulated with centella asiatica extract (soothing botanical ingredient) and pycnogenol (antioxidant). Dr. G Mild Up Sunscreen is fragrance-free and suitable for sensitive skin. Features Only physical UV filters with zinc oxide Lightweight feel SPF50 PA++++ Hypoallergenic tested Fragrance Free Skin Concern Irritation Redness UV Protection Skin types All skin types. Recommended for sensitive skin NPN 80124417 Made In KOREA 🇰🇷 How to use Apply an appropriate amount of product all over face and neck, avoiding eye and mouth areas. Use as last step of skincare approximately 30 minutes before sun exposure. Key Ingredients Zinc Oxide: Physical UV filter Pycnogenol: Extracted from French maritime pine bark for its antioxidant properties Centella Asiatica Extract: A skin-soothing botanical ingredient Tocopherol (Vitamin E) Ingredient Highlights Fragrance-Free Silicone-Free Alcohol-Free Paraben-Free</p><h6>Ingredients</h6><p>Full list of ingredients Purified Water, Cyclomethicone, Zinc Oxide, Caprylyl Methicone, Polyglyceryl-3 Polydimethylsiloxyethyldimethicone, Propanediol, Disteadimonium Hectorite, Pentylene Glycol, Caprylic/Capric/Succinic Triglyceride, Magnesium Sulfate, 1,2-Hexanediol, Sorbitan Caprylate, Polyglyceryl-2 Dipolyhydroxystearate, Lauryl Polyglyceryl-3 Polydimethylsiloxyethyl Dimethicone, C30-45 Alkylcetearyldimethicone Crosspolymer, Triethoxycaprylylsilane, Glyceryl Caprylate, Dimethicone/Vinyldimethicone Crosspolymer, Caprylyl Glycol, Ethylhexyl Glycerin, Tara Fruit Extract, Medicinal Wheat Extract, Butylene Glycol, Cotony Extract, Tocopherol, Wheatgrass Flower Extract, French Coastal Pine Bark Extract, Centella Asiatica Extract</p>","Dr. G","Sun Care","Imported, TSB, Teemdrop_Auto_Fulfill",TRUE,Title,Default Title,"7529164341484",0,,999,deny,manual,35.98,TRUE,TRUE,"https://cdn.shopify.com/s/files/1/0515/4589/9157/products/1300_Green_Mild_Up_Sun_Plus_50ml_01_light-800x800.jpg?v=1655334149"
"dr-reju-all-advanced-retino-mela-serum-30ml","Dr. Reju-All Advanced Retino-Mela Serum (30ml)","<p>Discover this amazing product at The Skin Boutique.</p><h6>Ingredients</h6><p>Refer to product packaging.</p>","Dr. Reju-All","Serums","Imported, TSB, Teemdrop_Auto_Fulfill",TRUE,Title,Default Title,"9144693260524",0,,999,deny,manual,45.92,TRUE,TRUE,"https://cdn.shopify.com/s/files/1/0515/4589/9157/files/Dr._Reju-All_Advanced_Retino-Mela_Serum.png?v=1771612886"
"dr-reju-all-advanced-lc-ceramide-barrier-cream-50ml","Dr. Reju-All Advanced LC-Ceramide Barrier Cream (50ml)","<p>Dr. Reju-All Advanced LC-Ceramide Barrier Cream is uniquely formulated with advanced long-chain ceramides that authentically replicate your skin's protective structure. Unlike conventional formulas using inferior short-chain alternatives, this potent blend provides superior stability and extended support. Combined with niacinamide, panthenol, and soothing botanical extracts, it fortifies compromised barriers while locking in essential moisture. The silky, quick-absorbing texture glides effortlessly, leaving your complexion visibly plumper, smoother, and radiantly balanced.</p><h6>Ingredients</h6><p>Refer to product packaging.</p>","Dr. Reju-All","Moisturizers","Imported, TSB, Teemdrop_Auto_Fulfill",TRUE,Title,Default Title,"9144693522668",0,,999,deny,manual,38.92,TRUE,TRUE,"https://cdn.shopify.com/s/files/1/0515/4589/9157/files/Dr.Reju-AllAdvancedLC-CeramideBarrierCream.png?v=1769547463"
"dr-reju-all-advanced-pdrn-rejuvenating-cream","Dr. Reju-All Advanced PDRN Rejuvenating Cream","<p>Discover this amazing product at The Skin Boutique.</p><h6>Ingredients</h6><p>Refer to product packaging.</p>","Dr. Reju-All","Moisturizers","Imported, TSB, Teemdrop_Auto_Fulfill",TRUE,Title,Default Title,"9120818299116",0,,999,deny,manual,41.92,TRUE,TRUE,"https://cdn.shopify.com/s/files/1/0515/4589/9157/files/Dr._Reju-All_PDRN_Cream.png?v=1769204901"
"eqqualberry-purple-rice-pack-cleanser-130g","Eqqualberry Purple Rice Pack Cleanser (130g)","<p>A mild foam cleanser and clay mask featuring botanicals for a deep cleanse Eqqualberry Purple Rice Pack Cleanser is a 2-in-1 product that works as both a water-based cleanser and a deep-cleansing clay mask. The innovative formula with Purple Rice Complex, six different clays, BHA, PHA and natural enzymes effectively removes impurities, excess sebum and dead skin cells. Enriched with rice extract, green tea, centella, tea tree, ceramides and hyaluronic acid to strengthen the skin's moisture barrier and provide nourishment. Use daily as a cleanser or leave on for 3-5 minutes as a mask for refined skin texture and clearer pores. Features Deeply cleanses pores and removes excess sebum Tightens the look of pores and smooths skin texture Hydrating, non-drying finish with soothing botanicals Natural enzymes and peeling agents refine the skin Balances oil production Skin Concerns Dullness Irritation Blackhead Clogged Pores Acne Skin Types Oily to Combination Skin Sensitive Skin Made In South Korea How to use As a cleanser: Take an appropriate amount, work into a lather and gently massage onto damp face. Then rinse off. As a wash-off mask: Apply a generous layer to dry skin, leave on for 3–5 minutes, then rinse off. Key Highlights Purple Rice Extract : B alances the skin’s sebum production, reducing oiliness, and also enhances the skin’s own collagen production. Kaolin &amp; Bentonite : Effectively draws out blackheads, sebum and impurities AHA, BHA, &amp; PHA : Gently exfoliates along with other enzymes. Tea Tree, Centella Asiatica, &amp; Houttuynia Cordata : Soothing and calming. Ingredient Highlights Mineral Oil-Free Paraben-Free Sulfate-Free Alcohol-Free Fragrance-Free</p><h6>Ingredients</h6><p>Full list of ingredients Aqua/Water/Eau, Stearic Acid, Kaolin, Lauric Acid, Myristic Acid, Potassium Hydroxide, Butylene Glycol, Glycerin, Coco-Betaine, 1,2-Hexanediol, Titanium Dioxide(CI 77891), Synthetic Beeswax, Allantoin, Glycol Distearate, Glyceryl Stearate, Salicylic Acid, Sodium Chloride, Panthenol, Diisostearyl Malate, Oryza Sativa (Rice) Powder, Oryza Sativa (Rice) Extract, Polyglyceryl-10 Isostearate, Disodium EDTA, Hydroxypropyl Starch Phosphate, Glyceryl Caprylate, Ammonium Glycyrrhizate, Caprylyl Glycol, Hydroxyacetophenone, Moringa Oleifera Seed Oil, Bentonite, Aluminum Hydroxide, Ethylhexylglycerin, Triethoxycaprylylsilane, Methyl Methacrylate Crosspolymer, Citric Acid, Gluconolactone, Sea Silt, Canadian Colloidal Clay, Manicouagan Clay, Oryza Sativa (Rice) Bran Water, Illite, Glucose, Simethicone, Bromelain, Cynanchum Atratum Extract, Diospyros Kaki Leaf Extract, Vitis Vinifera (Grape) Fruit Extract, Coffea Arabica (Coffee) Seed Extract, Carthamus Tinctorius (Safflower) Flower Extract, Polygonum Cuspidatum Root Extract, Castanea Crenata (Chestnut) Shell Extract, Camellia Sinensis Leaf Extract, Zanthoxylum Piperitum Fruit Extract, Hydrogenated Lecithin, Sodium Hyaluronate, Centella Asiatica Extract, Houttuynia Cordata Extract, Oenothera Biennis (Evening Primrose) Flower Extract, Pinus Palustris Leaf Extract, Pueraria Lobata Root Extract, Ulmus Davidiana Root Extract, Ceramide NP, Melaleuca Alternifolia (Tea Tree) Leaf Extract, Glycosphingolipids .</p>","Eqqualberry","Cleansers","Imported, TSB, Teemdrop_Auto_Fulfill",TRUE,Title,Default Title,"9073049665772",0,,999,deny,manual,21.99,TRUE,TRUE,"https://cdn.shopify.com/s/files/1/0515/4589/9157/files/8809875456019-1-png_d8a9832c-0888-46fb-8beb-5912041d63a2.png?v=1765988660"
"eqqualberry-purple-rice-cleansing-oil-200ml","Eqqualberry Purple Rice Cleansing Oil (200ml)","<p>A highly effective cleansing with a 24hr moisturizing effect Eqqualberry Purple Rice Cleansing Oil is a nourishing cleansing oil that effectively dissolves makeup and impurities without drying out the skin. It c ontains plant oils and rice extracts that cleanse pores, hydrate and support the skin's natural moisture and sebum balance. Upon contact with water, the oil transforms into a soft emulsion that leaves the skin clean, soft and fresh. With continued use, the skin will feel visibly smoother and look more even-toned, while the gentle exfoliating properties of purple rice work to improve skin clarity over time. Features Lightweight and non-comedogenic Melts makeup from the face and removes hardened sebum from pores Reduce the appearance of enlarged pores Rich in antioxidant, vitamins and rich ceramide Skin Concerns Uneven Skin Enlarged Pores Blackheads Irritation Clogged Pores Skin Types Oily to Combination Skin Sensitive Skin Made In South Korea How to use Apply an appropriate amount of oil on dry hands and gently massage the entire face, then rinse several times with lukewarm water Key Highlights Purple Rice Extract : B alances the skin’s sebum production, reducing oiliness, and also enhances the skin’s own collagen production. Anti Pore S Complex : H elps make enlarged pores less visible and improves skin elasticity, making it more resilient and even. Centella Asaitica : Soothing and anti-inflammatory effects for sensitive and irritated skin. Ingredient Highlights Mineral Oil-Free Paraben-Free Sulfate-Free Alcohol-Free Fragrance-Free Silicone-Free</p><h6>Ingredients</h6><p>Full list of ingredients Ethylhexyl Palmitate, Sorbeth-30 Tetraoleate, Triethylhexanoin, Cetyl Ethylhexanoate, Sorbitan Sesquioleate, Diisostearyl Malate, Caprylic/Capric Triglyceride, Cedrus Deodara Wood Oil, Ethylhexylglycerin, Caprylyl Glycol, Cinnamomum Camphora (Camphor) Bark Oil, Water (Aqua), Butylene Glycol, Helianthus Annuus (Sunflower) Seed Oil, Macadamia Ternifolia Seed Oil, Olea Europaea (Olive) Fruit Oil, Oryza Sativa (Rice) Bran Oil, Simmondsia Chinensis (Jojoba) Seed Oil, Vitis Vinifera (Grape) Seed Oil, Maltodextrin, Glycerin, Glycosphingolipids, Oryza Sativa (Rice) Lees Extract, 1,2-Hexanediol, Propanediol, Lactobacillus/Rice Ferment, Oryza Sativa (Rice) Extract, Leuconostoc/Radish Root Ferment Filtrate, Centella Asiatica Extract, Houttuynia Cordata Extract, Verbena Officinalis Extract, Kummerowia Striata Extract, Cinchona Pubescens Bark Extract, Leptospermum Scoparium Leaf Extract, Linalool .</p>","Eqqualberry","Cleansers","Imported, TSB, Teemdrop_Auto_Fulfill",TRUE,Title,Default Title,"9073049469164",0,,999,deny,manual,21.99,TRUE,TRUE,"https://cdn.shopify.com/s/files/1/0515/4589/9157/files/cze_pl_EQQUALBERRY-Purple-Rice-Pore-Smoothing-Cleansing-Oil-Odlicovaci-olej-200-ml-25205_1.webp?v=1762526002"
"eqqualberry-hyaltoin-flooding-serum-30ml","Eqqualberry Hyaltoin Flooding Serum (30ml)","<p>A toner with multi-layer hydration and cooling effect The Eqqualberry Hyaltoin Flooding Serum a premium Korean skincare treatment designed for sensitive, thirsty skin that needs more than just surface moisture. It uses an 11‑layer hyaluronic acid complex to deliver hydration deeply into the skin as well as glacier water (100,000 ppm) for an “instant cool‑down + deep hydration” effect. It also moisturizes using 5 ceramide types (NP, AP, AS, NS, EOP) to strengthen the skin barrier and lock in moisture. This unique formulation transforms dry, rough skin into skin that is refreshed, resilient and deeply nourished. Features Soothing actives used to support the skin’s natural barrier Provide a silky, non-greasy texture and lock in moisture Lightweight texture may work well under makeup or for layering Helps to protect cells under stress, supports hydration Skin Concerns Dryness &amp; Dullness Irritation Uneven Skin Rough Skin Pigmentation Skin Types All skin types Sensitive Skin Made In KOREA 🇰🇷 How to use Apply evenly to face and neck after cleansing and toning, then gently pat to absorb. Key Highlights Hyaluronic Acid Complex : Multi-layer hyaluronic acids and other humectants pull moisture into skin layers for deep hydration. Ceramides : Strengthen the skin's protective barrier, boost hyaluronic acid production and hydrates. Niacinamide : Brightens, evens skin tone, supports barrier. Ingredient Highlights Mineral Oil-Free Paraben-Free Sulfate-Free Alcohol-Free Silicone-Free</p><h6>Ingredients</h6><p>Full list of ingredients Water, Water, Butylene Glycol, Cetyl Ethylhexanoate, Xylitol, 1,2-Hexanediol, Glycerin, Niacinamide, Hydrogenated Lecithin, Pentaerythrityl Tetrabehenate, Betaine, Diethoxyethyl Succinate, Ectoin, Ceramide NP, Hydroxyethyl Urea, Panthenol, Cetearyl Alcohol, Squalane, Carbomer, Butyrospermum Parkii (Shea) Butter, Tromethamine, Pentylene Glycol, Allantoin, Melia Azadirachta Leaf Extract, Methyl Diisopropyl Propionamide, Melia Azadirachta Flower Extract, Xanthan Gum, Ethylhexylglycerin, Adenosine, Coccinia Indica Fruit Extract, Disodium Edta, Solanum Melongena (Eggplant) Fruit Extract, Aloe Barbadensis Flower Extract, Glyceryl Glucoside, Ocimum Sanctum Leaf Extract, 2,3-Butanediol, Curcuma Longa (Turmeric) Root Extract, Corallina Officinalis Extract, Sodium Hyaluronate, Rubus Fruticosus (Blackberry) Fruit Extract, Vaccinium Macrocarpon (Cranberry) Fruit Extract, Vaccinium Angustifolium (Blueberry) Fruit Extract, Rubus Idaeus (Raspberry) Fruit Extract, Sambucus Nigra Fruit Extract, Maltodextrin, Hydrolyzed Gardenia Florida Extract, Glyceryl Stearate, Hydroxypropyltrimonium Hyaluronate, Hydrolyzed Hyaluronic Acid, Hydrolyzed Sodium Hyaluronate, Hyaluronic Acid, Potassium Hyaluronate, Ceramide NS, Ceramide AS, Ceramide AP, Cholesterol, Sodium Hyaluronate Crosspolymer, Sodium Acetylated Hyaluronate, Sodium Hyaluronate Dimethylsilanol, Glycine, Glutamic Acid, Arginine, Ceramide Eop.</p>","Eqqualberry","Serums","Imported, TSB, Teemdrop_Auto_Fulfill",TRUE,Title,Default Title,"9073078337772",0,,999,deny,manual,25.93,TRUE,TRUE,"https://cdn.shopify.com/s/files/1/0515/4589/9157/files/EQQUALBERRY__HYALTOIN_FLOODING_SERUM_30ml_2_PNG.png?v=1770912041"
"eqqualberry-aloe-pdrn-calming-serum-30ml","Eqqualberry Aloe PDRN Calming Serum (30ml)","<p>A gentle calming serum formulated with 50,000ppm of naturally derived Aloe PDRN The Eqqualberry Aloe PDRN Calming Serum is a soothing, restorative formula that calms sensitive and irritated skin. Enriched with Aloe Vera extract and PDRN (Polydeoxyribonucleotide), it helps repair the skin barrier, reduce redness, and restore hydration for a balanced, healthy complexion. The lightweight texture absorbs quickly, leaving the skin soft, smooth, and refreshed. Perfect for sensitive, stressed, or post-treatment skin. Features Calms sensitivity, redness, and heat irritation. Restores balance, comfort, and a healthy glow without clogging pores Supports regeneration and recovery Hydrates with multiple hyaluronic acid forms Skin Concerns Dryness Dullness Redness &amp; Irritation Pigmentation Uneven Skin Skin Types All skin types Sensitive Skin Made In South Korea How to use Apply evenly to face after cleansing and toning, then gently pat to absorb. Key Highlights Aloe Vera Extract : D eeply moisturizes without clogging pores PDRN: H elps restore damaged skin for a smoother texture Ceramide : Strengthens, protects and reinforces your skin barrier. Hyaluronic Acid : Deeply hydrates and plumps. Ingredient Highlights Mineral Oil-Free Paraben-Free Sulfate-Free Alcohol-Free Fragrance-Free Silicone-Free</p><h6>Ingredients</h6><p>Full list of ingredients Water, Butylene Glycol, Cetyl Ethylhexanoate, 1,2-Hexanediol, Glycerin, Niacinamide, Hydrogenated Lecithin, Pentaerythrityl Tetrabehenate, Betaine, Diethoxyethyl Succinate, Hydroxyethyl Urea, Ceramide NP, Panthenol, Cetearyl Alcohol, Squalane, Carbomer, Melia Azadirachta Flower Extract, Melia Azadirachta Leaf Extract, Butyrospermum Parkii (Shea) Butter, Tromethamine, Ocimum Sanctum Leaf Extract, Allantoin, Ethylhexylglycerin, Xanthan Gum, Curcuma Longa (Turmeric) Root Extract, Adenosine, Corallina Officinalis Extract, Disodium Edta, Sodium Dna, Aloe Barbadensis Leaf Extract, Artemisia Capillaris Extract, Madecassoside, Asiaticoside, 2,3-Butanediol, Madecassic Acid, Asiatic Acid, Sodium Hyaluronate, Rubus Fruticosus (Blackberry) Fruit Extract, Vaccinium Macrocarpon (Cranberry) Fruit Extract, Vaccinium Angustifolium (Blueberry) Fruit Extract, Rubus Idaeus (Raspberry) Fruit Extract, Sambucus Nigra Fruit Extract, Centella Asiatica Extract, Glyceryl Stearate, Hydrolyzed Hyaluronic Acid, Hydrolyzed Sodium Hyaluronate, Hyaluronic Acid, Hydroxypropyltrimonium Hyaluronate, Potassium Hyaluronate, Ceramide NS, Ceramide AS, Ceramide AP, Cholesterol, Pentylene Glycol, Sodium Hyaluronate Crosspolymer, Sodium Acetylated Hyaluronate, Ceramide Eop.</p>","Eqqualberry","Serums","Imported, TSB, Teemdrop_Auto_Fulfill",TRUE,Title,Default Title,"9073048649964",0,,999,deny,manual,27.93,TRUE,TRUE,"https://cdn.shopify.com/s/files/1/0515/4589/9157/files/hxvo29dc9tfavkoemr56ewv7r5qg.webp?v=1763417490"
"eqqualberry-nad-peptide-boosting-serum-30ml","Eqqualberry NAD+ Peptide Boosting Serum (30ml)","<p>A high-performance treatment that supports skin energy, elasticity, and firmness The Eqqualberry NAD+ Peptide Boosting Serum is a powerhouse formula that restores youthfulness and elasticity from within. Formulated with NAD⁺, known to boost cellular renewal, and a potent multi-peptide complex, this serum helps reduce fine lines and promotes smoother, youthful-looking skin. It is also enriched with vegan collagen and ceramides, to help restore the skin barrier and deeply hydrate without stickiness. Features Combat dullness and loss of firmness with 14 peptides Strengthens the skin’s defense against pollution and dryness Revitalizes skin and supports natural cell regeneration Helps correct dark spots and pigmentation Skin Concerns Dryness Dullness Anti-Aging Pigmentation Uneven Skin Skin Types All skin types Sensitive Skin Made In South Korea How to use Apply evenly to face after cleansing and toning, then gently pat to absorb. Key Highlights NAD+ (Nicotinamide Adenine Dinucleotide) : Boosts skin energy, resilience, and repair. Peptide Complex (Acetyl Hexapeptide-8, Palmitoyl Pentapeptide-4) : Reduces fine lines and supports collagen. Niacinamide (Vitamin B3) : Brightens dull skin and refines texture. Hyaluronic Acid : Deeply hydrates and plumps. Panthenol : Calms and soothes for balanced, healthy skin. Ingredient Highlights Mineral Oil-Free Paraben-Free Sulfate-Free Alcohol-Free Fragrance-Free Silicone-Free</p><h6>Ingredients</h6><p>Full list of ingredients Aqua/Water/Eau, Butylene Glycol, Glycerin, Cetyl Ethylhexanoate, 1,2-Hexanediol, Niacinamide, Hydrogenated Lecithin, Pentaerythrityl Tetrabehenate, Betaine, Diethoxyethyl Succinate, Nicotinamide Adenine Dinucleotide, Nicotinamide Mononucleotide, Copper Tripeptide-1, Acetyl Hexapeptide-8, Palmitoyl Pentapeptide-4, Palmitoyl Tripeptide-1, Tripeptide-1, Hexapeptide-9, Nonapeptide-1, Oligopeptide-32, Oligopeptide-29, Acetyl Tetrapeptide-2, Acetyl Tetrapeptide-3, Acetyl Octapeptide-3, Palmitoyl Tetrapeptide-7, Oligopeptide-6, Soluble Collagen, Ceramide NP, Ceramide NS, Ceramide AS, Ceramide AP, Ceramide EOP, Sodium Hyaluronate, Hydrolyzed Hyaluronic Acid, Hydrolyzed Sodium Hyaluronate, Hyaluronic Acid, Hydroxypropyltrimonium Hyaluronate, Potassium Hyaluronate, Sodium Hyaluronate Crosspolymer, Sodium Acetylated Hyaluronate, Hydroxyethyl Urea, Panthenol, Cetearyl Alcohol, Squalane, Carbomer, Butyrospermum Parkii (Shea) Butter, Tromethamine, Xanthan Gum, Allantoin, Ethylhexylglycerin, Adenosine, Disodium EDTA, Cyanocobalamin, 2,3-Butanediol, Dipropylene Glycol, Caprylyl Glycol, Rubus Fruticosus (Blackberry) Fruit Extract, Vaccinium Macrocarpon (Cranberry) Fruit Extract, Vaccinium Angustifolium (Blueberry) Fruit Extract, Rubus Idaeus (Raspberry) Fruit Extract, Sambucus Nigra Fruit Extract, Punica Granatum Fruit Extract, Polyglyceryl-10 Laurate, Octyldodecanol, Polyglyceryl-4 Caprate, Glyceryl Stearate, Methylpropanediol, Cholesterol, Pentylene Glycol, Astaxanthin .</p>","Eqqualberry","Serums","Imported, TSB, Teemdrop_Auto_Fulfill",TRUE,Title,Default Title,"9073047077100",0,,999,deny,manual,30.93,TRUE,TRUE,"https://cdn.shopify.com/s/files/1/0515/4589/9157/files/Eqqualberry_NAD__Peptide_Boosting_Serum__30ml_-removebg-preview.png?v=1766176539"
"farmstay-essential-foot-mask-1-pair","FarmStay Essential Foot Mask (1 pair)","<p>Discover this amazing product at The Skin Boutique.</p><h6>Ingredients</h6><p>Refer to product packaging.</p>","FarmStay","Bath & Body","Imported, TSB, Teemdrop_Auto_Fulfill",TRUE,Title,Default Title,"9102731149548",0,,999,deny,manual,94.94,TRUE,TRUE,"https://cdn.shopify.com/s/files/1/0515/4589/9157/files/Adobe_Express_-_file.png?v=1765987557"
"farmstay-essential-foot-peeling-mask-1-pair","FarmStay Essential Foot Peeling Mask (1 pair)","<p>Discover this amazing product at The Skin Boutique.</p><h6>Ingredients</h6><p>Refer to product packaging.</p>","FarmStay","Bath & Body","Imported, TSB, Teemdrop_Auto_Fulfill",TRUE,Title,Default Title,"9102729806060",0,,999,deny,manual,6.00,TRUE,TRUE,"https://cdn.shopify.com/s/files/1/0515/4589/9157/files/farmstay-essential-foot-peeling-mask-1-pair-926518.png?v=1765988247"
"farmstay-essential-hand-mask-1-pair","FarmStay Essential Hand Mask (1 pair)","<p>Discover this amazing product at The Skin Boutique.</p><h6>Ingredients</h6><p>Refer to product packaging.</p>","FarmStay","Bath & Body","Imported, TSB, Teemdrop_Auto_Fulfill",TRUE,Title,Default Title,"9102729085164",0,,999,deny,manual,94.94,TRUE,TRUE,"https://cdn.shopify.com/s/files/1/0515/4589/9157/files/597740__farmstay_essential_maska_do_dloni_1_szt_profile_1317335_WB_j.png?v=1765988366"
"fwee-pocket-eye-palette-6-6g","fwee Pocket Eye Palette (6.6g)","<p>Pocket-size eye palette featuring 4 coordinated shades and 1 glitter. fwee Pocket Eye Palette is a curated collection of four luxurious mattes and one dazzling glitter shade designed to take you from everyday elegance to bold statement looks. Each silky formula applies with a soft touch, delivering sheer, buildable color that works beautifully whether you're a makeup novice or a seasoned pro. This petite powerhouse fits perfectly in your pocket or bag, complete with an adorable keychain attachment that doubles as a stylish accessory. Whether you're refreshing your look mid-day, creating a polished everyday aesthetic, or experimenting with something more daring, this all-in-one palette delivers professional results in seconds. Features Four matte shades, one glitter shade Versatile shades for any type of makeup look Smooth and blendable sheer pigment Crease proof and non-chalky Adorable compact design that can be clipped to bag Skin Types Suitable for all skin types, including sensitive skin Made In South Korea How to use Lightly apply to desired areas using fingers, a puff, or a brush. Ingredient Highlights Paraben-Free Alcohol-Free Mineral Oil Free Sulfate-Free Cruelty-Free</p><h6>Ingredients</h6><p>Full list of ingredients</p>","fwee","Makeup","Imported, TSB, Teemdrop_Auto_Fulfill",TRUE,Title,Default Title,"9106765644012",0,,999,deny,manual,28.93,TRUE,TRUE,"https://cdn.shopify.com/s/files/1/0515/4589/9157/files/fweepocketeye.png?v=1767223051"
"fwee-pocket-cheek-palette-9-6g","fwee Pocket Cheek Palette (9.6g)","<p>Pocket-size blush palette that can be customized to your perfect shade fwee Pocket Cheek Palette is a game-changing blush that combines the best of all textures. Its innovative jelly-dough formula delivers cream-like blendability with powder-staying power and a soft matte finish that actually lasts. Choose from four beautifully coordinated shades that work seamlessly together, or use the first shade as a tone-changer to customize your perfect flush. Whether you're creating a natural everyday glow or experimenting with different combinations, this palette adapts to your vision. Plus, its adorable pocket-sized design clips effortlessly to your bag, making touch-ups on-the-go a breeze. Transform your blush routine with a product that's as practical as it is pretty. Features Bouncy, jelly-dough texture Four coordinated color combos Blend and layer shades to find your perfect flush Adorable compact that can be clipped to bag Skin Types Suitable for all skin types, including sensitive skin Made In South Korea How to use Lightly apply to desired areas using fingers, a puff, or a brush. Ingredient Highlights Paraben-Free Alcohol-Free Mineral Oil Free Sulfate-Free Cruelty-Free</p><h6>Ingredients</h6><p>Full list of ingredients</p>","fwee","Makeup","Imported, TSB, Teemdrop_Auto_Fulfill",TRUE,Title,Default Title,"9106765250796",0,,999,deny,manual,28.93,TRUE,TRUE,"https://cdn.shopify.com/s/files/1/0515/4589/9157/files/fwee_pocket_cheek.png?v=1767221297"
"fwee-lip-cheek-blurry-pudding-pot-5g","fwee Lip & Cheek Blurry Pudding Pot (5g)  ","<p>Viral Korean lip and cheek balm with a soft, blurred finish! fwee Lip &amp; Cheek Blurry Pudding Pot allows you to achieve an effortlessly airbrushed glow on your cheeks and lips with its soft, blurring formula that creates a natural, seamless flush. Its rich pigmentation lets you build your desired intensity, perfect for everything from subtle daily looks to soft glam styles. Featuring a unique, bouncy pudding texture, it combines the best of cream and powder blushes. Choose from an extensive selection of shades organized by base tones like nude, coral, pink, red, mauve, and rose to find your perfect match. Features Pigmented and blendable color Blurred, air-brushed finish Bouncy, soft pudding formula Skin Types All skin types Made In KOREA 🇰🇷 How to use Use finger or brush to apply small amount to lips or cheek Add another layer if needed Ingredient Highlights Paraben-Free Alcohol-Free Mineral Oil Free Sulfate-Free Cruelty-Free</p><h6>Ingredients</h6><p>Full list of ingredients Dimethicone, Dimethicone Crosspolymer, Tribehenin, Diisostearyl Malate, Polyglyceryl-2 Triisostearate, Synthetic Fluorphlogopite, Titanium Dioxide (Ci 77891), Theobroma Cacao (Cocoa) Seed Butter, Agave Tequilana Leaf Extract, Cetyl Peg/Ppg-10/1 Dimethicone, Sorbitan Isostearate, Vinyl Dimethicone/Methicone Silsesquioxane Crosspolymer, Polyhydroxystearic Acid, Polyglyceryl-2 Diisostearate, Disteardimonium Hectorite, Ethylhexyl Palmitate, Isopropyl Myristate, Isostearic Acid, Lecithin, Polyglyceryl-3 Polyricinoleate, Triethyl Citrate, Caprylyl Glycol, Glyceryl Caprylate, Butylene Glycol, Water, Fragrance(Parfum), Iron Oxides (Ci 77491), Red 7 Lake (Ci 15850), Yellow 5 Lake (Ci 19140), Iron Oxides (Ci 77492), Iron Oxides (Ci 77499) Ingredients subject to change at manufacturer's discretion. For the most complete and up-to-date list of ingredients, please refer to product packaging.</p>","fwee","Lip Care","Imported, TSB, Teemdrop_Auto_Fulfill",TRUE,Title,Default Title,"9024574587116",0,,999,deny,manual,20.93,TRUE,TRUE,"https://cdn.shopify.com/s/files/1/0515/4589/9157/files/Fwee_Blurry_Pudding_Pot_1.png?v=1759950430"
"fwee-lip-cheek-glowy-pudding-pot-5g","fwee Lip & Cheek Glowy Pudding Pot (5g)","<p>Viral Korean lip and cheek balm with a glowy, dewy finish The fwee Lip &amp; Cheek Glowy Pudding Pot is a versatile balm that enhances lips and cheeks with a radiant, dewy shine. Its unique jelly-like texture glides on effortlessly, providing a fresh, bouncy glow without any stickiness. Designed for seamless lip and cheek coordination, this lightweight formula delivers a natural, plump-looking finish that feels soft and hydrating all day. Experience a vibrant, healthy flush that sets you apart with its luminous, high-shine effect. Features Buildable and blendable color Glowy, dewy finish without stickiness Bouncy, jelly texture Skin Types All skin types Made In KOREA 🇰🇷 How to use Use finger or brush to apply small amount to lips or cheek Add another layer if needed Ingredient Highlights Paraben-Free Mineral Oil Free Sulfate-Free Cruelty-Free</p><h6>Ingredients</h6><p>Full list of ingredients Octyldodecanol, Hydrogenated Polyisobutene, Ethylcellulose, Silica, Polyglyceryl-2 Triisostearate, Bis-Behenyl/Isostearyl/Phytosteryl Dimer Dilinoleyl Dimer Dilinoleate, Alumina, Calcium Titanium Borosilicate, Calcium Aluminum Borosilicate, Synthetic Fluorphlogopite, Phenoxyethanol, Tin Oxide, Tocopherol, Mica, Titanium Dioxide (CI 77891), Iron Oxides (CI 77491), Red 28 Lake Ingredients subject to change at manufacturer's discretion. For the most complete and up-to-date list of ingredients, please refer to product packaging.</p>","fwee","Lip Care","Imported, TSB, Teemdrop_Auto_Fulfill",TRUE,Title,Default Title,"9024578814188",0,,999,deny,manual,23.93,TRUE,TRUE,"https://cdn.shopify.com/s/files/1/0515/4589/9157/files/Fwee_Glowy_Pudding_Pot_1.png?v=1760471508"
"fwee-pink-obsession-stay-fit-lip-tint-3-8g","fwee Pink Obsession Stay-Fit Lip Tint (3.8g)","<p>Longwearing lip tint in a variety of pink shades for your perfect color. fwee Pink Obsession Stay-Fit Lip Tint is available in a variety of pink shades to help you find your perfect color. Choose between two finishes: a soft, semi-matte blur for a natural look or a semi-glow for a juicy, vibrant flush. This lightweight lip tint delivers long-lasting, smudge-proof color that stays vivid all day. Enriched with chamomile flower extract and hyaluronic acid, it keeps your lips hydrated, soothed, and comfortable from morning to night. Features Long-lasting, non-drying lip tint Hydrates, soothes lips all day Large variety of pink shades for all skin tones Available in semi-matte or semi-glowy finish Skin Types All skin types Made In KOREA 🇰🇷 How to use Prep your lips by smoothing out any flakes. Apply a thin layer of the tint. Gently blot with tissue to remove excess. Repeat steps 2 and 3. This method helps build up color while locking in stain—perfect for all-day color without touch-ups. Ingredient Highlights Paraben-Free Alcohol-Free Mineral Oil Free Sulfate-Free Cruelty-Free</p><h6>Ingredients</h6><p>Full list of ingredients DIMETHICONE, WATER, BUTYLENE GLYCOL, DIMETHICONE/VINYL DIMETHICONECROSSPOLYMER, POLYGLYCERYL-10 MYRISTATE, GLYCERIN, PENTYLENE GLYCOL, POLYACRYLATE CROSSPOLYMER-6, PHENOXYETHANOL, ETHYLHEXYLGLYCERIN, FRAGRANCE, ARGININE, CARBOMER, ALUMINUM HYDROXIDE, AMMONIUM POLYACRYLATE, ANTHEMIS NOBILIS FLOWER EXTRACT, 1,2-HEXANEDIOL, SODIUM HYALURONATE, TOCOPHEROL, TITANIUM DIOXIDE (CI 77891), RED 33, YELLOW 6, YELLOW 5, BLUE 1</p>","fwee","Lip Care","Imported, TSB, Teemdrop_Auto_Fulfill",TRUE,Title,Default Title,"9024583500012",0,,999,deny,manual,19.94,TRUE,TRUE,"https://cdn.shopify.com/s/files/1/0515/4589/9157/files/FweePinkObsessionStay-FitLipTint.png?v=1760555424"
"fwee-3d-voluming-gloss-5-3g","fwee 3D Voluming Gloss (5.3g)","<p>A lip-gloss that is infused with botanical oils and gives an instant volumizing glow fwee 3D Voluming Gloss comes in 30% ( for a subtle, pure charm on quieter days) and 70% ( for a bold, eye-catching effect) variants. They are high-shine, non-sticky glosses designed to deliver a natural, plump look. Ideal for those seeking a subtle yet radiant finish. This gloss combines innovative gel technology with nourishing for a comfortable, long-lasting wear. Shades: A01 Vanila natural pink nude with 30% intensity; A02 Sorbet apricot-coral with intensity 30%; A03 Pink Candy berry pink with an intensity of 30%; A04 Aengdu juicy red with 30% intensity; A05 Currant is a muted purple with an intensity of 30%; A06 Scotch soft brown-pink with intensity 30%; B01 Vanila natural pink nude with 70% intensity; B02 Sorbet apricot-coral with intensity 70%; B04 Aengdu is a juicy red with an intensity of 70%; B05 Currant is a muted purple with an intensity of 70%; B06 Scotch soft brown-pink with intensity of 70%; B07 Peach coral-peach with intensity of 70%; B08 Rozy soft pink with 70% intensity; B09 Lychee is a rich pink with 70% intensity; B10 Yogurt pale pink with 70% intensity; B11 Taro is a muted plum with an intensity of 70%. Features Provides a sheer, translucent color for a fresh, everyday look. Forms a moisture-locking film that enhances shine and longevity Ensures a smooth application without any tackiness Available in a range of colors to suit various skin tones and preferences Skin Types All skin types Made In South Korea How to use Prep Lips: Ensure lips are clean and dry before application. Apply Gloss: Use the applicator to evenly distribute the gloss across your lips. Layer as Desired: For a more intense look, apply additional layers. Touch Up: Reapply throughout the day to maintain shine and hydration Ingredients Key Ingredients Jojoba, Camellia, Argan, Apricot, Olive, Evening Primrose &amp; Almond Oil Ingredient Highlights Paraben-Free Alcohol-Free Silicone-Free Sulfate-Free Cruelty-Free Vegan</p><h6>Ingredients</h6><p>Full list of ingredients Hydrogenated Polyisobutene, Bis-Diglyceryl Polyacyladipate-2, Hydrogenated Castor Oil Isostearate, Diisostearyl Malate, Bis-Behenyl/Isostearyl/Phytosteryl Dimer Dilinoleyl Dimer Dilinoleate, Hydrogenated Coco-Glycerides, Octyldodecanol, Silica Dimethyl Silylate, 1,2-Hexanediol, Paraffin, Disteardimonium Hectorite, Microcrystalline Wax, Fragrance, Titanium Dioxide, Propylene Carbonate, Tocopheryl Acetate, Sunset Yellow FCF, Lithol Rubine BCA, Iron Oxide Black, Linalool, Geraniol, Limonene, Tartrazine, Oenothera Biennis (Evening Primrose) Oil, Olea Europaea (Olive) Fruit Oil, Simmondsia Chinensis (Jojoba) Seed Oil, Prunus Amygdalus Dulcis (Sweet Almond) Oil, Prunus Armeniaca (Apricot) Kernel Oil, Argania Spinosa Kernel Oil, Butyrospermum Parkii (Shea) Butter, Camellia Japonica Seed Oil, Caprylic/Capric Triglyceride, Rosa Canina Fruit Extract, Mangifera Indica (Mango) Fruit Extract, Anemarrhena Asphodeloides Root Extract, Tocopherol.</p>","fwee","Lip Care","Imported, TSB, Teemdrop_Auto_Fulfill",TRUE,Title,Default Title,"9024585269484",0,,999,deny,manual,17.94,TRUE,TRUE,"https://cdn.shopify.com/s/files/1/0515/4589/9157/files/FWEE-3d-voluming-gloss-30-vanillah-1000x1000.webp?v=1760625652"
"fwee-3d-changing-gloss-5-3g","fwee 3D Changing Gloss (5.3g)","<p>A unique color filtering lip gloss that provides a glazed lip effect fwee 3D Changing Gloss is rich in emollients and oils and helps change the tone of your tint and lipstick, making it cooler toned, or warm and vibrant. You can adjust the intensity of the color by applying multiple coats. It also helps create a luminous and voluminous lip, effectively covering up any lip wrinkles to create a flawless effect. Shades: 00 Clear 01 Scene Black 02 Scene Lavender 03 Scene Yellow Features Adds volume to your lips for maximum plumpness while smoothing out wrinkles Thick and dense polymer gel forms a clear coat for the last-longer colors Hydrating &amp; ultra-shine lip gloss that is not sticky or heavy on the lips Skin Types All skin types Made In South Korea How to use Apply an appropriate amount on lips using the including applicator. Key Ingredients Volufilin : An active ingredient derived from the root of the sagebrush. It stimulates collagen synthesis and lipid accumulation, thereby increasing skin volume and density. It smoothes fine wrinkles and creases, improving firmness and elasticity. Apricot Kernel Oil : Accelerates regeneration processes, moisturizes, softens and tones, and has a rejuvenating and anti-inflammatory effect. Tocopherol : Helps smooth out wrinkles, tones, accelerates healing, eliminates flaking, and normalizes lipid balance. Sweet Almond Oil : Nourishes, prevents premature aging, saturates with vitamins and fatty acids, conditions, and is perfectly absorbed. Jojoba Oil : Maintains skin elasticity and firmness. It's rich in vitamins A and E, preventing dryness, flaking, and irritation. Ingredient Highlights Paraben-Free Alcohol-Free Mineral Oil Free Sulfate-Free Silicone-Free Cruelty-Free</p><h6>Ingredients</h6><p>Full list of ingredients 01 Clear Polyisobutene, Diisostearyl Malate, Caprylic/Capric Triglyceride, Pentaerythrityl Tetraisostearate, Silica Dimethyl Silylate, 1,2-Hexanediol, Dextrin Palmitate, Fragrance, Linalool, Limonene, Geraniol, Hydrogenated Polyisobutene, Oenothera Biennis (Evening Primrose) Oil, Olea Europaea (Olive) Fruit Oil, Argania Spinosa Kernel Oil, Butyrospermum Parkii (Shea) Butter, Camellia Japonica Seed Oil, Simmondsia Chinensis (Jojoba) Seed Oil, Prunus Amygdalus Dulcis (Sweet Almond) Oil, Prunus Armeniaca (Apricot) Kernel Oil, Rosa Canina Fruit Extract, Mangifera Indica (Mango) Fruit Extract, Anemarrhena Asphodeloides Root Extract, Tocopherol. 01 Scene Black Diisostearyl Malate, Hydrogenated Polyisobutene, Tridecyl Trimellitate, Pentaerythrityl Tetraisostearate, Silica Dimethyl Silylate, Sorbitan Isostearate, Synthetic Wax, 1,2-Hexanediol, Disteardimonium Hectorite, Tocopheryl Acetate, Propylene Carbonate, Iron Oxide Black, Fragrance, Titanium Dioxide, Lithol Rubine BCA, Linalool, Limonene, Geraniol, Tartrazine, Sunset Yellow FCF, Oenothera Biennis (Evening Primrose) Oil, Olea Europaea (Olive) Fruit Oil, Prunus Amygdalus Dulcis (Sweet Almond) Oil, Prunus Armeniaca (Apricot) Kernel Oil, Simmondsia Chinensis (Jojoba) Seed Oil, Argania Spinosa Kernel Oil, Butyrospermum Parkii (Shea) Butter, Camellia Japonica Seed Oil, Caprylic/Capric Triglyceride, Mangifera Indica (Mango) Fruit Extract, Rosa Canina Fruit Extract, Anemarrhena Asphodeloides Root Extract, Tocopherol.</p>","fwee","Lip Care","Imported, TSB, Teemdrop_Auto_Fulfill",TRUE,Title,Default Title,"9024599392492",0,,999,deny,manual,17.94,TRUE,TRUE,"https://cdn.shopify.com/s/files/1/0515/4589/9157/files/FWEE-3d-changing-gloss-00-clear-1000x1000.webp?v=1760629387"
"fwee-glitz-stone-highlighter-4-6-6g","fwee Glitz Stone Highlighter (4.6-6g)","<p>Highlighter inspired by birthstones to c reate a gemstone-like effect on the skin fwee Glitz Stone Highlighter gives the skin an elegant, multi-dimensional shimmer that beautifully reflects light regardless of the angle. Thanks to micropearls and light-reflecting pigments, it visually smooths the skin and highlights cheekbones. Suitable for all skin types, without emphasizing imperfections or pores. You can build the glow intensity from subtle to dramatic. HL01 Fever Garnet: A cool red beam with a clear sheen that gives off sensual vitality, cool tone recommendation HL02 Heroine Purple: A delicate amethyst-colored lavender beam as if covered with a veil, cool tone recommendation HL03 Marine Baby: A blue beam with a clear, mysterious aquatic sheen, cool tone recommendation HL04 Queen Diamond: A wearable white beam with a transparent base made of finely ground diamonds and a hint of blue glitter, cool tone recommendation HL05 Lucky Clover: A charming greenish glitter beam with hidden clover glitters in a bright lemon base, warm tone recommendation HL06 Bliss Shell: An elegant skin tone nude beam with a pearly sheen that you can apply every day, neutral tone recommendation HL07 Ruby Reborn: A shimmery cool pink beam with a subtle ruby glow, cool tone recommendation HL08 Wish Moon: A mysterious peach jelly beam that switches between peach and pink depending on the angle, warm tone recommendation HL09 Love Quartz: A neutral rose beam that sparkles like a youthful rose and a gorgeous gold, neutral tone recommendation HL10 Opal Blooming: A soft pink beam with a soft pink glow of opal on a white base, cool tone recommendation HL11 Royal Topaz: A satin beige beam that stylishly captures the luxurious glow of topaz, warm tone recommendation HL12 Merry Aurora: A sparkle beam that sparkles like the aurora in the night sky with blue, purple, and pink, cool tone recommendation. Features Gives the skin a radiant glow and a \</p><h6>Ingredients</h6><p>Full list of ingredients Talc, Calcium Sodium Borosilicate, Titanium Dioxide (Ci 77891), Tin Oxide, Synthetic Fluorphlogopite, Titanium Dioxide (Ci 77891), Tin Oxide, Diisostearyl Malate, Caprylic/Capric Triglyceride, Calcium Aluminum Borosilicate, Titanium Dioxide (Ci 77891), Tin Oxide, Synthetic Fluorphlogopite, Titanium Dioxide (Ci 77891), Hydrogenated Castor Oil Isostearate, Magnesium Myristate, Nylon-12, Magnesium Stearate, Polymethyl Methacrylate, Caprylyl Glycol, Titanium Dioxide (Ci 77891), Synthetic Fluorphlogopite, Ferric Ferrocyanide (Ci 77510), Tin Oxide, Titanium Dioxide (Ci 77891), Synthetic Fluorphlogopite, Carmine (Ci 75470), Ferric Ferrocyanide (Ci 77510), Tin Oxide, Glyceryl Caprylate, Ethylhexylglycerin, Tocopherol.</p>","fwee","Makeup","Imported, TSB, Teemdrop_Auto_Fulfill",TRUE,Title,Default Title,"9024601653484",0,,999,deny,manual,22.93,TRUE,TRUE,"https://cdn.shopify.com/s/files/1/0515/4589/9157/files/194bb944-b96c-4761-8d8d-23826f603a10.webp?v=1760657971"
"fwee-3d-voluming-tint-3-8g","fwee 3D Voluming Tint (3.8g)","<p>Glossy lip oil with a lasting colour tint and dewy glow. fwee 3D Voluming Tint is the perfect fusion of vibrant lip stain and glossy shine. This lightweight, non-sticky formula delivers hydrating color that looks naturally plump and radiant all day. Enjoy fresh, true-to-tone color that won’t darken or fade, even after reapplying. Customize your look effortlessly—wear a sheer glow or layer for rich, juicy color without any heaviness. Enriched with plant-based oils and collagen, it boosts moisture and smoothness, helping your lips stay plump and healthy. Elevate your lip game with lasting hydration and brilliance. Features Hydrating non-sticky, lightweight finish Features 4 nourishing oils Long-lasting tint with fresh, dewy glow Can be used alone or layered with other lip products Skin Types All skin types Made In South Korea How to use Pump product up and down 3-4 times to mix content evenly and enhance vivid color payoff. Apply appropriate amount to lips Ingredient Highlights Paraben-Free Mineral Oil Free Sulfate-Free Cruelty-Free</p><h6>Ingredients</h6><p>Full list of ingredients Dipentaerythrityl Tri-Polyhydroxystearate, Diisostearyl Malate, Bis-Diglyceryl Polyacyladipate–2, Octyldodecanol, Water, Hydrogenated Polyisobutene, Pentylene Glycol, Sorbitan Olivate, VP/Hexadecene Copolymer, Glycerin, Microcrystalline Wax, Polyglyceryl-3 Polyricinoleate, Polyglyceryl-4 Isostearate, Polyglyceryl-2 Oleate, Polyhydroxystearic Acid, Phenoxyethanol, Ethylcellulose, 1,2-Hexanediol, Magnesium Sulfate, Disteardimonium Hectorite, Polyglyceryl-2 Stearate, Titanium Dioxide (CI 77891), Caprylic/Capric Triglyceride, Fragrance (Parfum), Propylene Carbonate, Ethylhexylglycerin, Yellow 6 (CI 15985), Hydrogenated Lecithin, Iron Oxides (CI 77499), Trisodium Ethylenediamine Disuccinate, Red 33 (CI 17200), Ceramide NP, Red 28 (CI 45410), Limonene, Linalool, Citral, Butylene Glycol, Sucrose Palmitate, Macadamia Integrifolia Seed Oil, Olea Europaea (Olive) Fruit Oil, Simmondsia Chinensis (Jojoba) Seed Oil, Vitis Vinifera (Grape) Seed Oil, Hydrolyzed Collagen</p>","fwee","Lip Care","Imported, TSB, Teemdrop_Auto_Fulfill",TRUE,Title,Default Title,"9024607158508",0,,999,deny,manual,17.94,TRUE,TRUE,"https://cdn.shopify.com/s/files/1/0515/4589/9157/files/Fwee3DTint.png?v=1760755971"
"haruharu-wonder-black-rice-5-ceramide-barrier-moisturizing-cream-50ml","Haruharu Wonder Black Rice 5 Ceramide Barrier Moisturizing Cream (50ml)","<p>5-ceramide capsule cream is bursting with barrier-boosting Haruharu Wonder Black Rice 5 Ceramide Barrier Moisturizing Cream is engineered with innovative capsule technology that releases ceramides precisely where your skin needs them most. Experience immediate hydration with a silky, bouncy finish that leaves your complexion luminous and supple. The potent blend of allantoin and vitamin E soothes irritation while strengthening your skin's natural defenses—ideal for sensitive, reactive skin types backed by clinical validation. Within just two weeks of consistent application, witness clinically proven transformations: a remarkable 23% increase in barrier resilience and 37% boost in moisture content. Housed in sustainable glass packaging that's both recyclable and reusable, this cream delivers luxury skincare that respects your skin and the planet. Features Features ceramide-filled capsules Deep moisture with bouncy finish Glowing and hydrated skin Sustainable packaging Skin Concerns Redness &amp; Irritation Dehydrated skin Skin Types All skin types Sensitive Skin Made In KOREA 🇰🇷 How to use After toner and essence/serum, apply an appropriate amount to face and neck Gently massage the cream into the skin to burst the capsules and help the cream fully absorb Ingredients Key Highlights 5 Ceramide Complex Capsules (NP, NS, AP, EOS, EOP): Skin barrier care / Nourishes / Moisturizes/ Soothes Fermented Black Rice Extract (Patent: 10-2239470): Antioxidant / Moisturizes / Nourishes Upcycled Black Rice Jigemi (Lees) Extract: Antioxidant / Soothes / Evens skin tone Tocopherol (Vitamin E): Antioxidant / Moisturizes / Skin barrier protection Allantoin: Soothes/ Protects / Moisturizes Ingredient Highlights Vegan Mineral Oil-Free Paraben-Free Sulfate-Free Alcohol-Free Silicone-Free Fragrance-Free</p><h6>Ingredients</h6><p>Full list of ingredients Water, Glycerin, Butylene Glycol, Caprylic/Capric Triglyceride, Dicaprylyl Carbonate, 1,2-Hexanediol, Ceramide NP(10,105ppm), Sodium Acrylate/Sodium Acryloyldimethyl Taurate Copolymer, Cetearyl Olivate, Polyisobutene, Hydrogenated Lecithin, Polyglyceryl-3 Distearate, Sorbitan Olivate, Cetearyl Alcohol, Carbomer, Arginine, Mannitol, Stearic Acid, Arachidyl Alcohol, Allantoin, Xanthan Gum, Behenyl Alcohol, Ethylhexylglycerin, Sorbitan Oleate, Caprylyl/Capryl Glucoside, Arachidyl Glucoside, Glyceryl Stearate Citrate, Hydrogenated Olive Oil Decyl Esters, Oryza Sativa (Rice) Extract(200ppm), Phyllostachys Pubescens Shoot Bark Extract, Disodium EDTA, Aspergillus Ferment, Hydrogenated Olive Oil Stearyl Esters, Ceramide NS(15ppm), Phytosphingosine, Cholesterol, Oryza Sativa (Rice) Lees Extract(10ppm), Panax Ginseng Root Extract, Tocopherol, Ceramide AS(5ppm), Ceramide AP(5ppm), Cyclodextrin, Ceramide EOP(0.01ppm) Ingredients subject to change at manufacturer's discretion. For the most complete and up-to-date list of ingredients, please refer to product packaging.</p>","Haruharu Wonder","Moisturizers","Imported, TSB, Teemdrop_Auto_Fulfill",TRUE,Title,Default Title,"9075169460460",0,,999,deny,manual,33.98,TRUE,TRUE,"https://cdn.shopify.com/s/files/1/0515/4589/9157/files/haruharu-wonder-black-rice-5-ceramide-barrier-moisturizing-cream-1000x1000.webp?v=1764717022"
"haruharu-wonder-black-rice-night-knight-retinol-serum-20ml","Haruharu Wonder Black Rice Night Knight Retinol Serum (20ml)","<p>A beginner friendly retinol serum to target pores and fine lines. Haruharu Wonder Black Rice Night Knight Retinol Serum features a dual-action formula that pairs microencapsulated retinol with bakuchiol—a plant-derived alternative—this serum delivers visible anti-aging benefits without harsh irritation or the typical adjustment period. Ceramides and sunflower seed extract work synergistically to lock in moisture while the serum targets fine lines and refines pores for a smoother, more refined complexion. The innovative airless pump technology preserves ingredient potency from first use to last, ensuring consistent, transformative results with every application. Features Gentle, beginner-friendly retinol serum Milky, lightweight texture Refines pores and fine lines Packaged with airless pump to preserve potency Skin Concerns Anti-aging Dehydrated skin Enlarged pores Skin Types All skin types Sensitive Skin Made In KOREA 🇰🇷 How to use At night, massage a pea-sized amount onto cleansed and toned skin, avoiding the eyes and mouth areas. (For extra sensitive skin, apply after a moisturizing serum and follow with a moisturizing cream **Usage frequency should be gradually increased from 1-2 times per week to daily** Key Highlights Retinol (0.08%) - Promotes collagen creation, Improves wrinkles and skin texture, firms Bakuchiol (Patent: US8859021B2) - Slows aging, Improves wrinkles and skin elasticity Adenosine - Improves wrinkles Ceramide NP - Skin barrier care, Nourishes, Moisturizes, Soothes Sunflower Seed Oil - Soothes, Nourishes, Moisturizes Fermented Oryza Sativa (Rice) Extract - Antioxidant, Moisturizes, Nourishes Ingredient Highlights Vegan Mineral Oil-Free Paraben-Free Sulfate-Free Alcohol-Free Silicone-Free Fragrance-Free</p><h6>Ingredients</h6><p>Full list of ingredients Water, Caprylic/Capric Triglyceride, Hydrogenated Polyisobutene, Glycerin, Helianthus Annuus (Sunflower) Seed Oil, 1,2-Hexanediol, Bakuchiol, C14-22 Alcohols, Potassium Cetyl Phosphate, C12-20 Alkyl Glucoside, Oryza Sativa (Rice) Extract(2,000ppm), Arginine, Acrylates/C10-30 Alkyl Acrylate Crosspolymer, Phyllostachys Pubescens Shoot Bark Extract(1,000ppm), Disodium EDTA, Retinol(0.08%), Aspergillus Ferment, Ethylhexylglycerin, Polyglyceryl-10 Stearate, Xanthan Gum, Adenosine, Hydrogenated Lecithin, Glyceryl Stearate, Polyglyceryl-2 Stearate, Ceramide NP, Dipropylene Glycol, Stearyl Alcohol, Panax Ginseng Root Extract, Glucose, Hydroxyacetophenone, Butylene Glycol, Caprylyl Glycol, Cyclodextrin Ingredients subject to change at manufacturer's discretion. For the most complete and up-to-date list of ingredients, please refer to product packaging.</p>","Haruharu Wonder","Serums","Imported, TSB, Teemdrop_Auto_Fulfill",TRUE,Title,Default Title,"9075167822060",0,,999,deny,manual,33.98,TRUE,TRUE,"https://cdn.shopify.com/s/files/1/0515/4589/9157/files/HaruharuBackRiceNightKnightRetinolSerum.png?v=1763650089"
"heimish-bulgarian-rose-water-hydrogel-eye-patch-30-pairs","HEIMISH Bulgarian Rose Water Hydrogel Eye Patch (30 Pairs)","<p>A moisturizing rose-scented eye patch to nourish and revitalize tired under eyes. Heimish Bulgarian Rose Water Hydrogel Eye Patch is a hypoallergenic gel patch enriched in Bulgarian Rose Water to hydrate, brighten and reduce signs of aging! It is the perfect way to finish off your skincare routine for those who have stressed and tired eyes or other targeted areas (forehead, smile lines, chin, etc.) The hydrogel eco-friendly patches can also easily dissolve in hot water to be used as an essence on the face! Features Improves fine lines and wrinkles Brightens dull areas and dark circles Enhances skin elasticity and moisture barrier Skin Concerns Dehydrated skin Fine lines and wrinkles Dullness Skin Types All skin types Suitable for sensitive skin Made In South Korea How to use After cleansing, place the eye patch on the desired facial area using the enclosed spatula. Remove after 20-30 mins. Key Highlights Damask Rose Water Niacinamide Adenoside Ingredient Highlights Paraben-Free Alcohol-Free Sulfate-Free Silicone-Free Mineral oil free</p><h6>Ingredients</h6><p>Full list of ingredients Water, Glycerin, Niacinamide, Chondrus Crispus (Carrageenan), Butylene Glycol, Cocos Nucifera (Coconut) Fruit Extract , Pinus Sylvestris Leaf Extract, Propanediol, Pentylene Glycol, Rosa Damascena Flower Water(1000ppm), Nelumbo Nucifera Flower Extract, Portulaca Oleracea Extract, Hamamelis Virginiana (Witch Hazel) Extract , Centella Asiatica Extract, Ethylhexylglycerin, Sodium Hyaluronate, Dipotassium Glycyrrhizate, PEG-60 Hydrogenated Castor Oil, Ceratonia Siliqua Gum, Sucrose, Potassium Chloride, Cyamopsis Tetragonoloba (Guar) Gum, Calcium Chloride, Allantoin, Tripropylene Glycol, Dipropylene Glycol, Cellulose Gum, Chondrus Crispus Powder, Ricinus Communis (Castor) Seed Oil, Calcium Aluminum Borosilicate, Tin Oxide, Carmine, Calcium Lactate, Adenosine, Synthetic Fluorphlogopite, Titanium Dioxide, Disodium EDTA, Ethyl Hexanediol, 1,2-Hexanediol, Chlorphenesin, Arginine, Fragrance</p>","Heimish","Eye Care","Imported, TSB, Teemdrop_Auto_Fulfill",TRUE,Title,Default Title,"7942474203372",0,,999,deny,manual,18.99,TRUE,TRUE,"https://cdn.shopify.com/s/files/1/0515/4589/9157/files/HEIMISH_Bulgarian_Rose_Water_Hydrogel_Eye_Patch__30_Pairs_-removebg-preview.png?v=1766244317"
"honey-pure-moist-foaming-body-wash-500ml-440ml","&honey Pure Moist Foaming Body Wash (500ml + 440ml)","<p>Discover this amazing product at The Skin Boutique.</p><h6>Ingredients</h6><p>Refer to product packaging.</p>","&honey","Bath & Body","Imported, TSB, Teemdrop_Auto_Fulfill",TRUE,Title,Default Title,"9134336508140",0,,999,deny,manual,37.98,TRUE,TRUE,"https://cdn.shopify.com/s/files/1/0515/4589/9157/files/vicrea-honey-body-wash-bubble-pure.png?v=1769113456"
"honey-herb-smooth-treatment-440ml","&honey Herb Smooth Treatment (440ml)","<p>A treatment enriched with organic honey , botanical herbs , and other natural extracts The &amp;honey Herb Smooth Treatment delivers deep hydration and moisture, transforming flat and oily hair with a luxurious blend of natural . This sulfate-free and paraben-free formula features organic Moroccan oil and aloe leaf powder to nourish and revitalize each strand. It also effectively removes impurities, excess oil, and buildup without stripping your hair’s natural moisture. Features Contains deep hydrating &amp; replenishing ingredients Smooths hair while giving an airy voluminous finish Controls sebum, improves scalp health &amp; prevents hair thinning Balances moisture and strengthens hair for reduced breakage and damage Hair Concern Oily Hair Oily Scalp Hair Loss Flat Hair Made In Japan 🇯🇵 How to use After shampooing, lightly drain off. Please take moderate amount of the hair treatment in the palm of your hand and stretch it. Apply the hair treatment all over your hair. Rinse the hair treatment afterwards. Ingredients Key Ingredients Aloe Vera, Chia Seed Oil, Squalene &amp; Collagen : Hydrating &amp; replenishing ingredients Lavender, Rosemary, &amp; Chamomile Extracts : E nhances hair strength and provides natural antibacterial and anti-inflammatory benefits. Ingredient Highlights Sulfate-Free Paraben-Free Mineral Oil-Free</p><h6>Ingredients</h6><p>Full list of ingredients Water, Cetearyl Alcohol, Behentrimonium Chloride , Glycerin, Dimethiconol, Ethylhexyl Palmitate, Rosmarinus O cinalis (Rosemary) Leaf Oil , Rosmarinus O cinalis (Rosemary) Leaf Extract, Chamomilla Recutita (Matricaria) Flower Extract, Lavandula Angustifolia (Lavender) Flower Extract , Panthenol, Acacia Senegal Gum, Soluble Collagen, Squalane, Aloe Barbadensis Leaf Juice Powder, Salvia Hispanica Seed Oil, Lilium Candidum Flower Extract, Citrus Junos Fruit Extract, Keratin, Coptis Japonica Root Extract, Hydroxypropyltrimonium Hyaluronate, Sodium Citrate, Citric Acid, Maltodextrin, Aminopropyl Dimethicone, Hydroxyethylcellulose, PEG-11 Methyl Ether Dimethicone, Dimethicone, Phenoxyethanol, Alcohol, Ceteth-20, PPG-2-Buteth-2, Pentasodium Pentetate, Fragrance, Butylene Glycol, Sodium Benzoate, PPG-8-Ceteth-20, PPG-8-Ceteth-10..</p>","&honey","Hair Care","Imported, TSB, Teemdrop_Auto_Fulfill",TRUE,Title,Default Title,"9083751334124",0,,999,deny,manual,25.93,TRUE,TRUE,"https://cdn.shopify.com/s/files/1/0515/4589/9157/files/honey_Herb_Smooth_Treatment_440ml.png?v=1772982084"
"honey-herb-smooth-shampoo-440ml","&honey Herb Smooth Shampoo (440ml)","<p>A balancing organic herbal shampoo for oily or flat hair The &amp;honey Herb Smooth Shampoo is made from 90% natural herb formula, including rosemary, lavender, chamomile and other botanical extracts to help treat greasy hair and scalp while delivering an airy, With unique lock-in-moisture technology, this shampoo increases your hair’s moisture content by 14%, leaving strands softer, smoother, and more hydrated. Scented with fragrance of lily of the valley and ideal for those wanting moisture, replenishment and well-conditioned hair. Features Highly concentrated rosemary oil Contains deep hydrating &amp; replenishing Smooths hair while giving an airy voluminous finish Controls sebum, improves scalp health &amp; prevents hair thinning Hair Concern Oily Hair Oily Scalp Hair Loss Flat Hair Made In Japan 🇯🇵 How to use After thoroughly wetting your hair and scalp, please take moderate amount of the shampoo and apply it to your hair. Gently massage your hair and scalp with the foam, then please rinse the shampoo thoroughly. Ingredients Key Ingredients Aloe Vera, Chia Seed Oil, Squalene &amp; Collagen : Hydrating &amp; replenishing ingredients Lavender, Rosemary, &amp; Chamomile Extracts : E nhances hair strength and provides natural antibacterial and anti-inflammatory benefits. Ingredient Highlights Sulfate-Free Paraben-Free Mineral Oil-Free Alcohol-Free Silicon-Free</p><h6>Ingredients</h6><p>Full list of ingredients Aqua, Lauramidopropyl Betaine, Sodium C14-16 Olefin Sulfonate, Sodium Lauroyl Methylaminopropionate, Cocamide MEA, Glycerol, Cocamide Methyl MEA, Parfum, PPG-7, Butylene Glycol, Polyquaternium-10, Citric Acid, Sodium Benzoate, Phenoxyethanol, Polyquaternium-47, L-Arginine (Arginine), Edetate Disodium, Menthol, Glycyrrhiza Glabra Root Extract, Salvia Hispanica Seed Oil, Rosmarinus Officinalis Leaf Oil, Squalane, Dexpanthenol, Aloe Barbadensis Leaf Juice Powder, Coptis Japonica Root Extract, Maltodextrin, Acacia Senegal, Rosmarinus Officinalis Leaf Extract, Matricaria Chrysanthemum Extract, Sorbitan Olivate, Keratin, Lavandula Angustifolia Flower Extract, Sorbitan Olivate, Hydroxypropyltrimonium Hyaluronate, Citrus Junos Fruit Extract, Soluble Collagen.</p>","&honey","Hair Care","Imported, TSB, Teemdrop_Auto_Fulfill",TRUE,Title,Default Title,"9083751137516",0,,999,deny,manual,25.93,TRUE,TRUE,"https://cdn.shopify.com/s/files/1/0515/4589/9157/files/honey_Herb_Smooth_Shampoo_440ml.png?v=1772981873"
"i-m-from-honey-mask-120g","I'M FROM Honey Mask (120g)","<p>A premium honey wash-off mask that is intensely moisturizing and nourishing. I'M FROM Honey Mask is a creamy, wash-off mask featuring 38.7% high quality honey from Mountain Jiri, South Korea. Honey is known to be anti-inflammatory, moisturizing, exfoliating, soothing and can improve elasticity. Enriched with propolis, bee venom, macadamia nut oils, jojoba seed, hazelnut and sunflower seed oil, this premium mask works to deeply hydrate and nourish skin, minimize pores, and reduce the appearance of fine lines and wrinkles. Leave the mask on for 10 mins or up to one hour to absorb all the goodness and reveal smooth skin with a glowing complexion! Features 38.7% Jirisan honey Soothes irritated skin Deeply moisturizes and nourishes skin Revitalize dull skin Gentle exfoliation Minimizes the appearance of pores, fine lines, and wrinkles Skin Concerns Dullness Large pores Redness and irritation Fine lines and wrinkles Skin Types All skin types Suitable for sensitive skin and acne prone skin Made In South Korea How to use After cleansing, apply an appropriate amount over the face. Let mask sit for 10mins or up to an hour. Remove with spatula and rinse with water. Ingredient Highlights Sulfate-F ree Mineral Oi l Free Cruelty-Free Silicone-Free Alcohol-Free Paraben-Free Fragrance-Free</p><h6>Ingredients</h6><p>Full list of ingredients Honey, Caprylic/Capric Triglyceride, PEG-7 Glyceryl Cocoate, Disteardimonium Hectorite, Macadamia Integrifolia Seed Oil, Helianthus Annuus (Sunflower) Seed Oil, Pentylene Glycol, Microcrystalline Wax, Polysorbate 20, Butyrospermum Parkii (Shea) Butter, Beeswax, Tocopheryl Acetate, Argania Spinosa Kernel Extract, Corylus Avellana (Hazel) Seed Oil, Simmondsia Chinensis (Jojoba) Seed Oil, Snail Secretion Filtrate, Water, Bambusa Vulgaris Water, Nelumbo Nucifera Flower Water, Aloe Barbadensis Leaf Water, Propolis Extract, Beta-Glucan, Bee Venom, Citrus Paradisi (Grapefruit) Fruit Extract, Sophora Angustifolia Root Extract, Eugenia Caryophyllus (Clove) Flower Extract, Eucalyptus Globulus Leaf Extract, Punica Granatum Fruit Extract, Bambusa Vulgaris Extract, Butylene Glycol, Glycerin</p>","I'M FROM","Masks","Imported, TSB, Teemdrop_Auto_Fulfill",TRUE,Title,Default Title,"7933143810284",0,,999,deny,manual,34.93,TRUE,TRUE,"https://cdn.shopify.com/s/files/1/0515/4589/9157/files/I_m_From_Honey_Mask.png?v=1764949677"
"i-m-from-mugwort-essence-150ml","I'M FROM Mugwort Essence (150ml)","<p>A detoxifying, purifying, and soothing essence for irritated skin. I'M FROM Mugwort Essence is meticulously crafted from hand-picked mugworts cultivated in the pristine fields of Ganghwa County, South Korea. Bursting with a potent blend of vitamins, minerals, antioxidants, and tannins, mugwort is a powerhouse ingredient renowned for its detoxifying, calming, refining, and purifying properties. This essence is a savior for irritated or acne-prone skin, offering soothing relief while promoting healing. Features Mugwort extract from Ganghwa County Soothes and relieves troubled skin Calming and detoxifying Skin Concerns Acne Redness and irritation Skin Types Normal to oily skin Suitable for sensitive skin and acne prone skin Made In South Korea How to use After applying toner, take a moderate amount and apply to the entire face in a tapping motion. For better soothing and moisturizing effects, soak cotton pads with the product and place onto your face. Leave for 5 minutes and remove the cotton pads. Ingredient Highlights Vegan Sulfate-F ree Mineral Oi l Free Cruelty-Free Silicone-Free Alcohol-Free Paraben-Free Fragrance-Free</p><h6>Ingredients</h6><p>Full list of ingredients Purified Water, Mugwort Extract (40%), 1,2-Hexanediol</p>","I'M FROM","Serums","Imported, TSB, Teemdrop_Auto_Fulfill",TRUE,Title,Default Title,"9094673432812",0,,999,deny,manual,34.93,TRUE,TRUE,"https://cdn.shopify.com/s/files/1/0515/4589/9157/files/I_E2_80_99m_from__MUGWORT_ESSENCE_150ml_2.png?v=1764717646"
"illiyoon-ultra-repair-intensive-care-cream-200ml","ILLIYOON Ultra Repair Intensive Care Cream (200ml)","<p>Discover this amazing product at The Skin Boutique.</p><h6>Ingredients</h6><p>Refer to product packaging.</p>","ILLIYOON","Bath & Body","Imported, TSB, Teemdrop_Auto_Fulfill",TRUE,Title,Default Title,"9098311794924",0,,999,deny,manual,28.98,TRUE,TRUE,"https://cdn.shopify.com/s/files/1/0515/4589/9157/files/ILLIYOONUltraRepairIntensiveCareCream200ml.png?v=1766438786"
"illiyoon-ultra-repair-lotion-350ml","ILLIYOON Ultra Repair Lotion (350ml)","<p>Discover this amazing product at The Skin Boutique.</p><h6>Ingredients</h6><p>Refer to product packaging.</p>","ILLIYOON","Bath & Body","Imported, TSB, Teemdrop_Auto_Fulfill",TRUE,Title,Default Title,"9098311172332",0,,999,deny,manual,28.98,TRUE,TRUE,"https://cdn.shopify.com/s/files/1/0515/4589/9157/files/1_f3426ca9-c406-4f57-bde6-22794989f292.png?v=1766438002"
"ilso-natural-mild-clear-nose-patch-5-pcs","ILSO Natural Mild Clear Nose Patch (5 PCs)","<p>A two-step nose pack that makes your blackheads disappear. ILSO Natural Mild Clear Nose Pack is a 2-step blackhead removal pack that gently melts and removes skin impurities from the skin with no pain or skin stripping. B oth fabrics of Step 1 and 2 are made from natural materials. Step 1 sheet (bio-cellulose) absorbs flaky skin and eliminates blackheads, while Step 2 sheet (pure cotton) focuses on moisturizing, soothing, and re-balancing the skin after the pores have been cleared. Exfoliating and moisturizing include D-Panthenol (deep moisture) and Fruit Complex (dissolves and removes dead skin cells). Features 2-step exfoliating and moisturizing nose pack Eliminates blackheads and impurities from pores Hypoallergenic Soothing pore care Capacity Step1: 3g x 5 Step2: 4g x 5 Cotton Swabs (for free): 10 pieces Skin Concerns Oil Control &amp; Clogged Pores Skin Types Suitable for all skin types, including sensitive skin Made In South Korea How to use After washing your face, apply STEP 1 to blackheads and sebum-heavy areas. After 10-15 minutes, remove the mask paper and gently pat the blackheads and sebum off with a cotton pad. TIP: Use the Q-tip or the ILSO Deep Clean Master to gently rub and remove impurities. Apply the STEP 2 patch, peel it off after 15-20 minutes, and pat the remaining essence on the skin until absorbed. Ingredients Ingredient Highlights Alcohol-Free Mineral Oil Free Paraben-Free Sulfate-Free Silicone-Free</p><h6>Ingredients</h6><p>Full list of ingredients [Step 01] Water, Glycerin, Ethyl Hexanediol, Butylene Glycol, Arctium Lappa Root Extract, Chrysanthemum Sinense Flower Extract, Codonopsis Lanceolata Root Extract, Hamamelis Virginiana (Witch Hazel) Leaf Extract, Hovenia Dulcis Fruit Extract, Magnolia Kobus Branch/Flower/Leaf Extract, Salix Alba (Willow) Bark Extract, Schisandra Chinensis Fruit Extract, 1,2-Hexanediol, Ascophyllum Nodosum Extract, Hydrogenated Lecithin, PEG-40 Hydrogenated Castor Oil, Potassium Hydroxide, Epilobium Angustifolium Flower/Leaf/Stem Extract, Mentha Piperita (Peppermint) Extract, Phytosterols, Portulaca Oleracea Extract, Vaccinium Myrtillus Fruit/Leaf Extract, Mentha Piperita (Peppermint) Oil, Panthenol, Saccharum Officinarum (Sugarcane) Extract, Dipotassium Glycyrrhizate, Citrus Aurantium Dulcis (Orange) Flower Extract, Citrus Limon (Lemon) Fruit Extract, Acer Saccharum (Sugar Maple) Extract, Phenoxyethanol [Step 02] Water, Betaine, Glycerin, Butylene Glycol, Hamamelis Virginiana (Witch Hazel) Extract, Panthenol, 1,2-Hexanediol, Ascophyllum Nodosum Extract, Xanthan Gum, Epilobium Angustifolium Flower/Leaf/Stem Extract, Portulaca Oleracea Extract, Illicium Verum (Anise) Fruit Extract, Dipotassium Glycyrrhizate, Scutellaria Baicalensis Root Extract, Aesculus Hippocastanum (Horse Chestnut) Seed Extract, Camellia Sinensis Leaf Extract, Castanea Crenata (Chestnut) Shell Extract, Cinnamomum Cassia Bark Extract, Eugenia Caryophyllus (Clove) Flower Extract, Hedera Helix (Ivy) Extract, Thuja Orientalis Extract, Phenoxyethanol</p>","ILSO","Exfoliants","Imported, TSB, Teemdrop_Auto_Fulfill",TRUE,Title,Default Title,"9144532730092",0,,999,deny,manual,21.99,TRUE,TRUE,"https://cdn.shopify.com/s/files/1/0515/4589/9157/files/614bRYiheYL.png?v=1769810349"
"ilso-super-melting-sebum-cleansing-oil-200ml","ILSO Super Melting Sebum Cleansing Oil (200ml)","<p>A gentle yet effective and moisturizing cleansing oil. ILSO Natural Mild Cleansing Oil is an effective cleansing oil formulated with key like Anti Sebum P (patented sebum ingredient), sesame oil, and jojoba oil. It helps to remove makeup, impurities, sebum, and dead skin in just one application. It emulsifies easily and washes off for a refreshing finish without oily residue. Features Removes makeup, impurities, sebum, and dead skin cells Emulsifies in 1 second Washes off without oily residue Controls excess sebum and soothes the skin Skin Concerns Oil Control &amp; Clogged Pores Rough Skin Skin Types Suitable for all skin types, including sensitive skin Made In South Korea How to use Apply an appropriate amount of oil and spread over face. Massage product on your face to melt your makeup. Emulsify with lukewarm water for 30 seconds. Rinse thoroughly with lukewarm water. TIP: Massage the cleansing oil with the Dual Clean Brush for extra pore care! TIP: For blackhead removal, apply oil to problem areas of the face, massage on for 1 minute or use the Dual Clean Brush to massage the problem area 5-10 times. Rinse thoroughly. Ingredients Key Ingredients Anti Sebum P: Patented sebum ingredient Sesame Oil: Rich in unsaturated fatty acids, which helps to make skin softer LHA : Gentle exfoliating ingredient that manages pores and blackheads Jojoba Oil and Tamanu Oil: Sebum control and soothing Ingredient Highlights Alcohol-Free Paraben-Free Sulfate-Free Silicone-Free</p><h6>Ingredients</h6><p>Full list of ingredients Ethylhexyl Palmitate, Cetyl Ethyl Hexanoate, Solves-30 Tetraoleate, Isododecane, Stone Soybean Oil, Sorbitan Sesquioleate, Caprylic/ Capric Triglyceride, Sesame Oil, Jojoba Seed Oil, Capryloyl salicylic acid, evening primrose root extract, king pine leaf extract, kudzu root extract, sugar elm root extract, hawthorn seed oil, fragrance Ingredients subject to change at manufacturer's discretion. Please refer to product packaging for the most updated ingredient list.</p>","ILSO","Cleansers","Imported, TSB, Teemdrop_Auto_Fulfill",TRUE,Title,Default Title,"9155976298732",0,,999,deny,manual,29.98,TRUE,TRUE,"https://cdn.shopify.com/s/files/1/0515/4589/9157/files/d14bc3e4-e1a1-4629-8596-c2c91935fd1a.png?v=1771012683"
"ilso-no-problem-spot-patch-72-pcs","ILSO No Problem Spot Patch (72 PCs)","<p>Discover this amazing product at The Skin Boutique.</p><h6>Ingredients</h6><p>Refer to product packaging.</p>","ILSO","Moisturizers","Imported, TSB, Teemdrop_Auto_Fulfill",TRUE,Title,Default Title,"9155976528108",0,,999,deny,manual,14.99,TRUE,TRUE,"https://cdn.shopify.com/s/files/1/0515/4589/9157/files/ilso_No_problem_Spot_Patch.png?v=1771615286"
"ilso-no-problem-spot-softener-1-3-saving-cotton-pad-150g-40pcs","ILSO No Problem Spot Softener + 1/3 Saving Cotton Pad (150g + 40pcs)","<p>Discover this amazing product at The Skin Boutique.</p><h6>Ingredients</h6><p>Refer to product packaging.</p>","ILSO","Moisturizers","Imported, TSB, Teemdrop_Auto_Fulfill",TRUE,Title,Default Title,"9155977740524",0,,999,deny,manual,31.98,TRUE,TRUE,"https://cdn.shopify.com/s/files/1/0515/4589/9157/files/283ed3cf8827b6cb17a258c6236b5e5a_750x750_6bed5fc0-f9ab-4ce5-ab8d-b3a099862439.png?v=1771014133"
"ilso-clean-up-wash-off-mud-cream-100g","ILSO Clean Up Wash Off Mud Cream (100g)","<p>A purifying mud mask that soothes and moisturizes for smooth skin. ILSO Clean Mud Cream is a wash-off mud cream mask with a soft whipped cream-like texture that does not dry out even after 15 minutes, leaving the skin feeling moisturized and smooth. It contains 250,000ppm of kaolin and Amazon White Clay to absorb sebum and impurities from the pores.Key earth-derived that soothe the skin, such as Opuntia Ficus-Indica stem extract, Opuntia Coccinellifera fruit extract, Adansonia Digitata seed extract, Crithmum Maritimum Callus Culture Filtrate Extract, and centella asiatica extract, provide an excellent soothing effect. Features Mud mask formulated with Amazonian white clay &amp; 250,000ppm of kaolin Whipped cream-like texture Does not dry out the skin Soothing &amp; Moisturizing Skin Concerns Oil Control &amp; Clogged Pores Rough Skin Skin Types Suitable for all skin types, including sensitive skin Made In South Korea How to use Step 1: Prepare your skin Wash your face with a gentle cleanser and pat it dry. For optimal results, steam your face for 30 seconds with a warm towel or shower steam. This opens your pores and allows the mud to penetrate deeper. Step 2: Apply the magic Apply a thin, even layer of ILSO Clean Mud Cream to your entire face, avoiding the delicate eye and mouth areas. Adjust the application time based on your skin type: 7-10 minutes: Recommended for sensitive or dry skin. 12-15 minutes: Ideal for combination or oily skin. Step 3: Rinse and reveal Thoroughly rinse the mud off your face with warm water, gently rolling it in circular motions. For an extra boost, mix ILSO Clean Mud Cream with your regular cleanser in a 1:1 ratio. This provides a deeper clean and helps refine your skin texture. Frequency: Use 2-3 times per week for optimal results For sensitive or dry skin, use 1 time per week Ingredients Key Ingredients Amazon White Clay: This powerful ingredient, revered by the Amazon natives for its purifying properties, effectively absorbs impurities and dead skin cells, leaving your skin smooth and balanced. Kaolin: This natural mineral clay further enhances the cleansing process, absorbing excess oil and tightening pores for a refined appearance. Soothing &amp; Moisturizing Trio (Opuntia Ficus-Indica, Crithmum Maritimum, and Centella Asiatica) : These three botanical extracts work together to calm and soothe the skin, providing a cooling sensation and reducing irritation. Sodium Hyaluronate and Ceramide NP : These powerhouses of hydration lock in moisture, leaving your skin feeling soft, supple, and comfortable even after cleansing. Phoenix Dactylifera fruit extra, Ficus Carica, and Portulaca Oleracea: These botanical extracts provide additional hydration and nourishment, leaving your skin plump and radiant. Ingredient Highlights Alcohol-Free Fragrance-Free Oil-Free Paraben-Free Sulfate-Free Silicone-Free</p><h6>Ingredients</h6><p>Full list of ingredients Water, Kaolin (250,000 Ppm), Glycerin, Caprylic/Capric Triglyceride, Hectorite, 1,2-Hexanediol, Glyceryl Stearate Se, Sorbitan Olivate, Cetearyl Olivate, CetylAlcohol, Phoenix Dactylifera (Date) Fruit Extract, Ficus Carica (Fig) Fruit Extract, Portulaca Oleracea Extract, Sodium Hyaluronate, Ceramide NP, Ethylhexylglycerin, Pyrus Communis (Pear) Fruit Extract, Sodium Acrylate/Sodium Acryloyldimethyl Taurate Copolymer, Hedera Helix (Ivy) Leaf/Stem Extract, Polyisobutene, Butylene Glycol, Opuntia Ficus-Indica Stem Extract, Opuntia Coccinellifera Fruit Extract, Fragaria Chiloensis (Strawberry) Fruit Extract, Pyrus Malus (Apple) Leaf Extract, Adansonia Digitata Seed Extract, Sorbitan Oleate, Caprylyl/Capryl Glucoside, Crithmum Maritimum Callus Culture Filtrate, Centella Asiatica Extract</p>","ILSO","Masks","Imported, TSB, Teemdrop_Auto_Fulfill",TRUE,Title,Default Title,"9155975938284",0,,999,deny,manual,24.93,TRUE,TRUE,"https://cdn.shopify.com/s/files/1/0515/4589/9157/files/XXL_p0202421425.png?v=1770992951"
"ipsa-the-time-reset-aqua-200ml","IPSA The Time Reset Aqua (200ml)","<p>Cosme Award winning toner in 2019 and 2020 The Time Reset Aqua is a long time IPSA best seller and contains their original ingredient: Aqua Presenter III . Aqua presenter III uses three moisturizing effects to ensure long-lasting hydration and aids the absorption of other skincare products. First, its 1,000 trillion fine moisturizing molecules penetrate deep into the skin. Second, it triggers the skin's natural hydration production. Third, it creates a barrier to seal in moisture. This lotion forms a moisture veil on the skin to condition it with a refreshing sensation. With a formula combining hydrating like acetylate hyaluronic acid, which improves moisture delivery to the skin's outer layer, this lotion keeps your skin hydrated all day. It conditions the moisture balance of both dry and oily skin, leaving you with fresh, smooth skin. Features Deeply hydrates and improves skin's barrier Enhances absorption of other skincare products Long-lasting and refreshing hydration Skin Types All skin types. Suitable for sensitive skin. Made In Japan How To Use After cleaning and toning, apply a small amount to the face. Can also be applied using a cotton pad to decrease the potential chilly feeling of the lotion. Apply evenly to the face, then gently pat into the skin until it is fully absorbed. Use greater amounts around visible pores and areas of higher sebum production, such as a T-zone. Ingredients Superstar ingredient Aqua Presenter III: Creates a dense, artificial barrier that locks in water and moisture Peony &amp; Marjoram Extracts: Effective at fighting acne and inflammation, and controlling oil production EPC-K: Antioxidant that enhances the skin's natural barrier Pyrola Calliantha herb extract &amp; other herbal extracts: Improves rough, uneven skin, leaving it silky soft</p><h6>Ingredients</h6><p>Full list of ingredients Tranexamic acid, dipotassium glycyrrhizinate, sodium acetylated hyaluronate, dl-.alpha.-tocopherol 2-L-ascorbic acid phosphoric acid diester potassium salt, peony extract, purified water, dipropylene glycol, concentrated glycerin, polyoxyethylene (14) poly oxypropylene (7) dimethyl ether, polyoxyethylene (17) polyoxypropylene (4) dimethyl ether, sorbitol solution, sodium edetate, citric acid, polyoxyethylene polyoxypropylene decyl tetradecyl ether, 2-methacryloyloxyethyl phosphorylcholine, butyl copolymer fluid methacrylic acid, 1,3-butylene glycol, sodium citrate, sodium metabisulfite, Nobaraekisu, Mayoranaekisu, boiling tea extract, phenoxyethanol</p>","IPSA","Moisturizers","Imported, TSB, Teemdrop_Auto_Fulfill",TRUE,Title,Default Title,"6363062108309",0,,999,deny,manual,94.94,TRUE,TRUE,"https://cdn.shopify.com/s/files/1/0515/4589/9157/files/IPSA_The_Time_Reset_Aqua__200ml_-removebg-preview.png?v=1766247604"
"ishizawa-keana-nadeshiko-baking-soda-cleansing-gel-100g","ISHIZAWA KEANA Nadeshiko Baking Soda Cleansing Gel (100g)","<p>An easy-to-use baking soda cleanser that rids the pores of makeup, sebum, and dirt! ISHIZAWA KEANA Nadeshiko Baking Soda Cleansing Gel is the cleansing gel that not only removes makeup but also cleanses off the dirt of pores. Baking soda power softens dead skin cells and cleans blackheads. Get the soft fluffy-touch skin after washing. Features Cleansing gel Removes makeup effectively Pore Care Leaves skin soft Skin Concerns Oil Control &amp; Clogged Pores Rough Skin Dullness Skin Types Combination Oily Sensitive Made In JAPAN 🇯🇵 How to use Take a moderate amount (a grape size), and apply by massaging gently on makeup and areas where you are concerned about dead skin cells and blackheads. After blending with makeup, wash carefully without rubbing. Can be used on wet hands or at the shower room. Key Ingredients Sodium Bicarbonate (Baking Soda) Ingredient Highlights Cruelty-Free Paraben-Free Alcohol-Free Silicone-Free Mineral Oil Free Sulfate-Free</p><h6>Ingredients</h6><p>Full list of ingredients Water, DPG, palm oil fatty acid PEG-7 glyceryl, PEG-20 glyceryl isostearate, PEG-20 glyceryl triisostearate, sodium hydrogen carbonate, glycyrrhizic acid 2K, hot spring water, cucumber fruit extract, tocopherol, BG, glycosyl trehalose, water Hydrolyzed hydrogenated starch, (Acrylate / alkyl acrylate (C10-30)) crosspolymer, glycol distearate, carbomer, K hydroxide, phenoxyethanol, fragrance</p>","Ishizawa","Cleansers","Imported, TSB, Teemdrop_Auto_Fulfill",TRUE,Title,Default Title,"7733814788332",0,,999,deny,manual,19.99,TRUE,TRUE,"https://cdn.shopify.com/s/files/1/0515/4589/9157/files/ISHIZAWA_KEANA_Nadeshiko_Baking_Soda_Cleansing_Gel__100g_-removebg-preview.png?v=1766247607"
"isntree-hyaluronic-acid-low-ph-cleansing-foam-150ml","ISNTREE Hyaluronic Acid Low PH Cleansing Foam (150ml)","<p>A low-pH, creamy soft foam cleanser that maintains the skin's natural moisture balance IISNTREE Hyaluronic Acid Low pH Cleansing Foam effectively removes makeup, dirt, oil and other impurities without stripping the skin of its natural moisture balance. The different types of hyaluronic acid will prevent moisture evaporation post cleanse, while simother leading brandsneously balancing pH of the skin. This product is suitable for daily uses and all skin types as it provides a healthy and hydrated glow! Features 8 types of hyaluronic acid and 17 types of amino acids Rich and soft foam Deep pore cleanse Skin Concerns Dehydrated Skin Skin Types All Skin Types Made In South Korea How to use Lather a generous amount of foaming cleanser to wet face, massaging in circular motions throughout. Rinse off with lukewarm water. Key Highlights 8 Types of Hyaluronic Acid : Strengths Moisture Barrier 17 Types of Amino Acids : Smooths and Softens Skin Low pH : Balances Natural pH of Skin Ingredient Highlights Pregnancy Freindly Cruelty-Free Alcohol-Free Paraben-free Sulfate-Free Silicone-Free Free from mineral oil, essential oils, artificial fragrances and colourants</p><h6>Ingredients</h6><p>Full list of ingredients Water, Sodium Cocoyl Isethionate, Glycerin, Sodium Methyl Cocoyl Taurate, Glycol Distearate, Potassium Cocoate, Potassium Cocoyl Glycinate, Caprylyl/Capryl Glucoside, Sodium Hyaluronate, Hydrolyzed Hyaluronic Acid, Hydroxypropyltrimonium Hyaluronate, Sodium Hyaluronate Crosspolymer, Hyaluronic Acid, Sodium Acetylated Hyaluronate, Hydrolyzed Sodium Hyaluronate, Potassium Hyaluronate, Butylene Glycol, Eclipta Prostrata Leaf Extract, Laminaria Japonica Extract, Amaranthus Caudatus Seed Extract, Centella Asiatica Extract, Ficus Carica (Fig) Fruit Extract, Ulmus Davidiana Root Extract, 1,2-Hexanediol, Glycine, Serine, Glutamic Acid, Aspartic Acid, Leucine, Alanine, Arginine, Lysine, Isoleucine, Phenylalanine, Proline, Threonine, Tyrosine, Valine, Histidine, Cysteine, Methionine, Dipotassium Glycyrrhizate, Beta-Glucan, Panthenol, Ceramide Np, Hydrogenated Lecithin, Fructooligosaccharides, Allantoin, Oryza Sativa (Rice) Bran Extract, Pentylene Glycol, Sodium Chloride, Hydroxyacetophenone, Citric Acid, Disodium Edta, Polyquaternium-39, Decylene Glycol, Ethylhexylglycerin This ingredient list applies to all variants of this product. Actual ingredients of a specific product option might vary from this list as the</p>","ISNTREE","Cleansers","Imported, TSB, Teemdrop_Auto_Fulfill",TRUE,Title,Default Title,"8002367226092",0,,999,deny,manual,24.98,TRUE,TRUE,"https://cdn.shopify.com/s/files/1/0515/4589/9157/files/ISNTREE_Hyaluronic_Acid_Low_PH_Cleansing_Foam__150ml_-removebg-preview.png?v=1766247603"
"its-skin-hyaluronic-acid-moisture-cream-duo-set","ITS SKIN Hyaluronic Acid Moisture Cream Duo Set","<p>A moisturizing duo that stimulates the production of collagen and improves hydration levels ITS SKIN Hyaluronic Acid Moisture Cream Duo Set is enriched with a high concentration of hyaluronic acid to help maintain the skin's youthfulness and freshness. It is fortified with a complex of natural , whose vitamins penetrate deep into the epidermis, supplying cells with essential microelements. This accelerates skin renewal processes, and restores optimal hydro-balance. As a result, the face and eye area will feels soft and supple with a slight plumping effect, giving a healthier and younger-looking complexion Features Smooths and restores youthful vitality and radiance Lasting hydration and optimizes collagen levels Restores skin's pH balance Visibly improves appearance of wrinkles and aging Skin Concerns Dehydrated Skin Fine Lines &amp; Wrinkles Anti-Aging Dullness Skin Types Suitable for all skin types Made In South Korea How to use Apply the cream to your face and spread it evenly with gentle, massaging motions. Also apply a small amount of the eye cream around the eye area and spread it evenly with gentle in circular motions. Ingredients Key Ingredients Hyaluronic Acid : P enetrate the deep layers of the skin, providing hydration and firmness Black Currant : Binds free radicals responsible for premature skin aging. Rich in vitamins and omega-3 and -6 fatty acids, providing hydration and enhancing skin elasticity. Acerola : Rich in vitamin C and therefore have excellent antioxidant properties. Ingredient Highlights Sulfate-Free Paraben-Free Alcohol-Free Mineral Oil Free</p><h6>Ingredients</h6><p>Full list of ingredients Aqua, Glycerin, Glycereth-26, Dimethicone, Bis-Peg-18 Methyl Ether Dimethyl Silane, Hydroxyethyl Acrylate/Sodium Acryloyldimethyl Taurate Copolymer, Malpighia Emarginata (Acerola) Fruit Extract, Peg-11 Methyl Ether Dimethicone, Ethylhexyl Isononanoate, Portulaca Oleracea Extract, Vaccinium Angustifolium (Blueberry) Fruit Extract, Peg-40 Hydrogenated Castor Oil, Ppg-26-Buteth-26, Caprylyl Glycol, Carbomer, Triethanolamine, Ethylhexylglycerin, Parfum, Tocopheryl Acetate, Sodium Hyaluronate, Disodium Edta, Hibiscus Sabdariffa Flower Extract. Aqua, Glycerin, Butylene Glycol, Coptis Japonica Root Extract, Cyclopentasiloxane, Dimethicone, PEG/PPG-18/4 Copolymer, PEG-32, Portulaca Oleracea Extract, Triethanolamine, Carbomer, Malpighia Emarginata (Acerola) Fruit Extract, PEG-11 Methyl Ether Dimethicone, PEG-40 Hydrogenated Castor Oil, PPG-26-Buteth-26, Vaccinium Angustifolium (Blueberry) Fruit Extract, Ethyl Hexanediol, Polyacrylate-13, Polyisobutene, Glyceryl Caprylate, Acrylates/C10-30 Alkyl Acrylate Crosspolymer, Porphyra Yezoensis Extract, Xanthan Gum, Parfum, Polysorbate 20, Sodium Hyaluronate, Disodium EDTA, Hibiscus Sabdariffa Flower Extract.</p>","ITS Skin","Eye Care","Imported, TSB, Teemdrop_Auto_Fulfill",TRUE,Title,Default Title,"9083752317164",0,,999,deny,manual,24.98,TRUE,TRUE,"https://cdn.shopify.com/s/files/1/0515/4589/9157/files/55AP0GCEZI_65344495_front.png?v=1764192120"
"its-skin-prestige-snail-mask-1-pc","ITS SKIN Prestige Snail Mask (1 PC)","<p></p><h6>Ingredients</h6><p></p>","ITS Skin","Masks","Imported, TSB, Teemdrop_Auto_Fulfill",TRUE,Title,Default Title,"9083751596268",0,,999,deny,manual,37.98,TRUE,TRUE,"https://cdn.shopify.com/s/files/1/0515/4589/9157/files/niacin_PNG.png?v=1770998047"
"its-skin-hyaluronic-acid-moisture-cream-50ml","ITS SKIN Hyaluronic Acid Moisture Cream (50ml)","<p>A moisturizer powered by hyaluronic acid to deliver fresh hydration to the skin ITS SKIN Hyaluronic Acid Moisture Cream is designed to keep your skin luxuriously moisturized for an extended period of time, formulated with Hyaluronic Acid and infused with Malpighia Glaba (Acerola) Fruit Extract -a rich source of vitamin C. A small portion goes a long way as it's capable of reviving dull as well as dehydrated areas by introducing much-needed suppleness. Thanks to the quick-absorbing formula, this cream penetrates the skin easily and is suitable for daily use. Features Ultra-hydrating cream that revitalizes skin Improves your complexion Combats premature aging Skin Concerns Dullness Rough Skin Dryness Skin Types All Skin Types Made In South Korea How to use 1. After cleansing and toning, massage an appropriate amount into the skin and neck. Key Ingredients Malpighia Glaba (Acerola) Fruit Extract : Rich source of vitamin C to brighten the skin. Hyaluronic Acid : Re-plumps and deeply hydrates the skin. Purslane Extract : Has anti-inflammatory, antioxidant, anti-aging, and hydrating benefits. It not only stimulates collagen and cell repair but also results in a wrinkle/scar-free appearance. Blueberry Extract : F ights skin dullness and dryness, softening the epidermis while also contributing to moisture retention/brightening effects. Ingredient Highlights Sulfate-Free Paraben-Free Mineral Oil-Free Alcohol-Free</p><h6>Ingredients</h6><p>Full list of ingredients Water, Sodium Hyaluronate, Glycerin, Glycereth-26, Dimethicone, Bis-PEG-18 Methyl Ether Dimethyl Silane, Malpighia Glabra (Acerola) Fruit Extract, Portulaca Oleracea (Green Purslane) Extract, Vaccinium Angustifolium (Blueberry) Fruit Extract, Tocopheryl Acetate, Hibiscus Sabdariffa (Roselle) Flower Extract, PEG-11 Methyl Ether Dimethicone, Hydroxyethyl Acrylate/Sodium Acryloyldimethyl Taurate Copolymer, Ethylhexyl Isononanoate, PEG-40 Hydrogenated Castor Oil, PPG-26-Buteth-26, Caprylyl Glycol, Carbomer, Triethanolamine, Ethylhexylglycerin, Disodium EDTA, Fragrance.</p>","ITS Skin","Moisturizers","Imported, TSB, Teemdrop_Auto_Fulfill",TRUE,Title,Default Title,"8166606110956",0,,999,deny,manual,21.99,TRUE,TRUE,"https://cdn.shopify.com/s/files/1/0515/4589/9157/files/ITS_SKIN_Hyaluronic_Acid_Moisture_Cream__50ml_-removebg-preview.png?v=1766248725"
"izeze-black-cumin-nsa-enrich-cream-50ml","IZEZE Black Cumin NSA Enrich Cream (50ml)","<p>A rich barrier-repair, brightening cream for dry compromised skin. IZEZE Black Cumin NSA Enrich Cream contains Black Cumin Seed Oil and Shea Butter, which provide a rich texture to nourish and hydrate the skin, leaving it soft and refreshed all day. It is a solid choice if you’re seeking a nourishing, barrier-focused, best suited to skin that needs a little extra “lock-in” protection or repair. Features Multi-weight hyaluronic acid system Provides gentle recovery for a weakened skin barrier Deeply nourishes Improves skin elasticity Skin types Dry to combination skin, Sensitive Skin Skin Concerns Pigmentation Dehydrated Skin Dullness Irritation Made In SOUTH KOREA 🇰🇷 How to use After applying serum, use an appropriate amount directly over the face and neck. Massage into the skin until fully absorbed. Key Highlights Black Cumin Seed Oil : A superfood that effectively soothes acne-prone and sensitive skin. Niacinamide : Brightens and strengthens the barrier. Panthenol : Soothing and repairing. Ingredient Highlights Sulfate-Free Paraben-Free Mineral Oil-Free Alcohol-Free Silicone-Free</p><h6>Ingredients</h6><p>Full list of ingredients Water, Glycerin, Ethylhexyl Stearate, Cocos Nucifera (Coconut) Oil, Niacinamide, Pentylene Glycol, Cetearyl Alcohol, Vinyl Dimethicone, Polyglyceryl-3 Methylglucose Distearate, Arachidyl Alcohol, Palmitic Acid, 1,2-Hexanediol, Butylene Glycol, Glyceryl Stearate, Butyrospermum Parkii (Shea) Butter, Stearic Acid, Behenyl Alcohol, Hydroxyethyl Acrylate/Sodium Acryloyldimethyl Taurate Copolymer, Arginine, Carbomer, Caprylyl Glycol, Nigella Sativa Seed Oil (1.990ppm), Arachidyl Glucoside, Polyacrylate-13, Panthenol, Polymethylsilsesquioxane, Aureobasidium Pullulans Ferment, Ethylhexylglycerin, Xanthan Gum, Fragrance, Hydrogenated Polyisobutene, Adenosine, Maltodextrin, Sorbitan Isostearate, Caramel, Polyglyceryl-10 Laurate, Disodium EDTA, Ethylhexyl Palmitate, Candida Bombicola/Glucose/Methyl Rapeseedate Ferment, Propanediol, Cetyl Ethylhexanoate, Hydrogenated Lecithin, Caprylic/Capric Triglyceride, Squalane, Lecithin, Macadamia Ternifolia Seed Oil, Benzyl Glycol, Hydrolyzed Glycosaminoglycans, Sodium Hyaluronate, Citric Acid, Sodium Hyaluronate Crosspolymer, Hydrolyzed Hyaluronic Acid, Sodium Ascorbyl Phosphate, Olea Europaea (Olive) Oil Unsaponifiables, Ceramide NP, Glycine Soja (Soybean) Oil Unsaponifiables, Triticum Vulgare (Wheat) Germ Oil Unsaponifiables, Hydroxypropyltrimonium Hyaluronate, Cholesterol, Pollen Extract, Hyaluronic Acid, Sodium Acetylated Hyaluronate. This ingredient list applies to all variants of this product. Actual ingredients of a specific product option might vary from this list as the</p>","IZEZE","Moisturizers","Imported, TSB, Teemdrop_Auto_Fulfill",TRUE,Title,Default Title,"9035315413228",0,,999,deny,manual,19.94,TRUE,TRUE,"https://cdn.shopify.com/s/files/1/0515/4589/9157/files/BLACKCUMIN_a95dee9f-54c8-48be-acfe-902c1b22dbf1.png?v=1762185876"
"izeze-black-cumin-nda-pudding-gel-cream-50ml","IZEZE Black Cumin NDA Pudding Gel Cream (50ml)","<p>An ultra-cooling and hydrating gel for balance and nourishment IZEZE Black Cumin NDA Pudding Gel Cream uses naturally derived Black Cumin Seed Oil, Damascus Rose Extract, and Aloe Leaf Water, to deeply hydrate and revitalize the skin for a natural glow. It gives intense hydrating for oily-dehydrated skin. The bouncy pudding-like texture makes it easy to apply and quick to absorb. Great for those that produce excess oils and breakout easily. Features Potent antioxidants to strengthen skin barrier Calms the skin using a powerful NDA blend Lightweight yet deeply nourishing Great gel for guasha routines Plant-based formula great for oily-reactively skin Skin types All Skin Types, Sensitive Skin Skin Concerns Pigmentation Dehydrated Skin Dullness Clogged Pores Acne Irritation Made In SOUTH KOREA 🇰🇷 How to use After applying serum, use an appropriate amount directly over the face and neck. Massage into the skin until fully absorbed. TIP: Apply a thick layer as a sleeping mask before bed. Key Highlights Black Cumin Seed Oil : A superfood that effectively soothes acne-prone and sensitive skin. Aloe Leaf Water : Soothes, hydrates and helps balance the skin. Nigella Sativa Seed Oil : Calms irritation and intensely soothes sensitive skin. Damascus Rose Extract : Deeply hydrates, regenerates skin while providing a cooling effect. Ingredient Highlights Sulfate-Free Paraben-Free Mineral Oil-Free Alcohol-Free Silicone-Free</p><h6>Ingredients</h6><p>Full list of ingredients Water, Butylene Glycol, Glycereth-26, Glycerin, Methylpropanediol, 1,2-Hexanediol, Polyglyceryl-3 Acrylates/C10-30 Alkyl Acrylate Crosspolymer, Ammonium Acryloyldimethyltaurate/VP Copolymer, Arginine, Panthenol, Hydroxyacetophenone, Rosa Damascena Extract, Aloe Barbadensis Leaf Water, Ethylhexylglycerin, Sodium Hyaluronate, Propanediol, Polyglyceryl-10 Laurate, Maltodextrin, Disodium EDTA, Caramel, Glyceryl Acrylate/Acrylic Acid Copolymer, Fragrance, Nigella Sativa Seed Oil (9.5ppm), Glyceryl Glucoside, Benzyl Glycol, Tremella Fuciformis Polysaccharide, Hydrolyzed Glycosaminoglycans, Cetyl Ethylhexanoate, Hydrogenated Lecithin, Caprylic/Capric Triglyceride, Squalane, Sodium Hyaluronate Crosspolymer, Lecithin, Macadamia Ternifolia Seed Oil, Hydrolyzed Hyaluronic Acid, Candida Bombicola/Glucose/Methyl Rapeseedate Ferment, Hydroxypropyltrimonium Hyaluronate, Sodium Ascorbyl Phosphate, Olea Europaea (Olive) Oil Unsaponifiables, Ceramide NP, Glycine Soja (Soybean) Oil Unsaponifiables, Triticum Vulgare (Wheat) Germ Oil Unsaponifiables, Cholesterol, Hyaluronic Acid, Stearic Acid, Pollen Extract, Sodium Acetylated Hyaluronate. This ingredient list applies to all variants of this product. Actual ingredients of a specific product option might vary from this list as the</p>","IZEZE","Moisturizers","Imported, TSB, Teemdrop_Auto_Fulfill",TRUE,Title,Default Title,"9035313283308",0,,999,deny,manual,24.93,TRUE,TRUE,"https://cdn.shopify.com/s/files/1/0515/4589/9157/files/BLACKCUMIN.png?v=1762186430"
"jmsolution-honey-luminous-royal-propolis-hand-cream-set-100ml-50ml","JMsolution Honey Luminous Royal Propolis Hand Cream Set (100ml+50ml)","<p>Discover this amazing product at The Skin Boutique.</p><h6>Ingredients</h6><p>Refer to product packaging.</p>","JM Solution","Bath & Body","Imported, TSB, Teemdrop_Auto_Fulfill",TRUE,Title,Default Title,"9102736752876",0,,999,deny,manual,8.99,TRUE,TRUE,"https://cdn.shopify.com/s/files/1/0515/4589/9157/files/JM_Solution_Honey_Propolis_Hand_Cream_1.png?v=1769479287"
"jmsolution-water-luminous-avocado-nourishing-hand-cream-set-100ml-50ml","JMsolution Water Luminous Avocado Nourishing Hand Cream Set (100ml+50ml)","<p>Discover this amazing product at The Skin Boutique.</p><h6>Ingredients</h6><p>Refer to product packaging.</p>","JM Solution","Bath & Body","Imported, TSB, Teemdrop_Auto_Fulfill",TRUE,Title,Default Title,"9102735802604",0,,999,deny,manual,8.99,TRUE,TRUE,"https://cdn.shopify.com/s/files/1/0515/4589/9157/files/JMSolutionAvocadoHandCream.png?v=1769208144"
"jmella-in-france-favorite-perfume-hand-cream-50ml","JMELLA In France Favorite Perfume Hand Cream (50ml)","<p>A fragrant yet hydrating hand cream to deeply hydrate and prevent aging. JMELLA In France Signature Perfume Hand Cream is a non-sticky hand cream that penetrates deeply into the skin to moisture. With desert rose leaf extract and shea butter, it locks in moisture making your skin smooth, soft and wrinkle free. Favorite Perfume Variations: Blooming Peony: It provides a warm oriental floral fragrance that is sensual and modern. Lime &amp; Basil: It provides a refreshing citrus scent that harmoniously blends fresh lime scent with basil and thyme. Sparkling Rose: It presents a floral floral fragrance that expresses the initial sparkling sensation of sipping rosé champagne and the fragrant sweetness that follows Features Plant-derived in patented composition Hypoallergenic formulation Non-sticky formulation Locks in moisture, brightens and smooths out fine lines and wrinkles Skin Concern Dehydration Rough skin Fine lines &amp; wrinkles Skin Type Suitable for all skin types, including sensitive skin Made In South Korea How to use After washing your hands properly. Take an appropriate amount on the back of your hand, rub gently and spread evenly. Apply one more thin layer to the tips and under nails that tend to dry out. Ingredients Ingredient highlights Sulfate-Free Paraben-Free Alcohol-Free</p><h6>Ingredients</h6><p>Full list of ingredients Helianthus Annuus (Sunflower) Seed Oil, Olea Europaea (Olive) Fruit Oil, Isopropyl Palmitate, Persea Gratissima (Avocado) Oil, Argania Spinosa Kernel Oil, Camellia Japonica Seed Oil, Dimethicone/Vinyl Dimethicone Crosspolymer, Arachidyl Alcohol, Arachidic Acid, 1, 2-Hexanediol, Adenium Obesum Leaf Cell Extract, Butylene Glycol, Sodium Hyaluronate, Lauric Acid, Polygonum Cuspidatum Extract, Juglans Regia (Walnut) Seed Extract, Eclipta Prostrata Extract, Cnidium Officinale Root Extract, Acorus Calamus Root Extract, Anemarrhena Asphodeloides Root Extract, Jasminum Officinale (Jasmine) Extract, Citrus Paradisi (Grapefruit) Fruit Extract, Lonicera Japonica (Honeysuckle) Flower Extract, Hamamelis Virginiana (Witch Hazel) Leaf Extract, Coix Lacryma-Jobi Ma-yuen Seed Extract, Eucalyptus Globulus Leaf Extract, Angelica Acutiloba Root Extract, Pisum Sativum (Pea) Seed Extract, Houttuynia Cordata Extract, Ficus Carica (Fig) Fruit Extract, Artemisia Princeps Leaf Extract, Butyrospermum Parkii (Shea) Butter, Glycyrrhiza Glabra (Licorice) Root Extract, Luffa Cylindrica Fruit Extract, Portulaca Oleracea Extract, Perilla Frutescens Leaf Extract, Cornus Officinalis Fruit Extract, Morus Alba Root Extract Ingredients subject to change at manufacturer's discretion. Please consult product label for most up to date ingredients list.</p>","JMELLA","Bath & Body","Imported, TSB, Teemdrop_Auto_Fulfill",TRUE,Title,Default Title,"8112044703980",0,,999,deny,manual,93.94,TRUE,TRUE,"https://cdn.shopify.com/s/files/1/0515/4589/9157/files/7c3d4c6285965bf43de0708e5d182e76.png?v=1766176436"
"jmella-in-france-favorite-perfume-hair-treatment-500ml","JMELLA In France Favorite Perfume Hair Treatment (500ml)","<p>A mild hair treatment with long-lasting aroma, suitable for sensitive scalps and skin. JMELLA In France Hair Treatment is a hypoallergenic hair treatment (conditioner) with a mild yet effective cleansing formula, suitable for sensitive skin. It features a long-lasting aroma that lasts up to 24 hours. Favorite Perfume Variations: No. 1 Blooming Peony: Reminds of a vibrant freshness, as if you're wearing a dress made out of thousands of fresh petals. No. 3 Lime &amp; Basil: The fresh lime with a peppery basil and thyme, brings a unique refreshing citrus scent. Features Aroma lasts up to 24h Mild but cleansing formula Free from 12 chemical Hair Concern Damaged Hair Tangled Hair Hair Type Suitable for all hair types. Great for damaged and/or tangled ends. Made In South Korea How to use Gently wash away dirt and oil from the scalp with shampoo. Squirt a small amount of conditioner into your hand. Massage it into the length of your hair, avoiding the scalp. Leave the conditioner in for about 3 minutes. Rinse your hair completely. Ingredients Ingredient highlights Sulfate-Free Paraben-Free</p><h6>Ingredients</h6><p>Full list of ingredients No. 1 Blooming Peony: Water, Stearyl Alcohol, Cetyl Alcohol, Fragrance, Stearamidopropyl Dimethylamine, Cyclopentasiloxane, Behentrimonium Chloride, Dimethicone, Glycerin, Steartrimonium Chloride, Phenoxyethanol, Isopropyl Alcohol, Chlorphenesin, Dipropylene Glycol, Amodimethicone, Cetrimonium Chloride, Disodium EDTA, Trideceth-12, Arachidyl Alcohol, Butylene Glycol, Myritstyl Alcohol, Cyclotetrasiloxane, Trehalose, Panthenol, Lauryl Alcohol, Dipropylene Glycol, 1,2-Hexanediol, Citric Acid, Fragaria Vesca (Strawberry) Leaf Extract, Hydrolyzed Collagen, Glycine, Serine, Glutamic Acid, Aspartic Acid, Leucine, Alanine, Lysine, Arginine, Tyrosine, Phenylalanine, Proline, Threonine, Valine, Isoleucine, Histidine, Cysteine, Methionine No. 3 Lime &amp; Basil: Water, Stearyl Alcohol, Cetyl Alcohol, Fragrance, Stearamidopropyl Dimethylamine, Cyclopentasiloxane, Behentrimonium Chloride, Dimethicone, Glycerin, Steartrimonium Chloride, Phenoxyethanol, Isopropyl Alcohol, Chlorphenesin, Dipropylene Glycol, Amodimethicone, Cetrimonium Chloride, Disodium EDTA, Trideceth-12, Arachidyl Alcohol, Butylene Glycol, Myritstyl Alcohol, Cyclotetrasiloxane, Trehalose, Panthenol, Lauryl Alcohol, Dipropylene Glycol, 1,2-Hexanediol, Citric Acid, Fragaria Vesca (Strawberry) Leaf Extract, Hydrolyzed Collagen, Glycine, Serine, Glutamic Acid, Aspartic Acid, Leucine, Alanine, Lysine, Arginine, Tyrosine, Phenylalanine, Proline, Threonine, Valine, Isoleucine, Histidine, Cysteine, Methionine Ingredients subject to change at manufacturer's discretion. Please consult product label for most up to date ingredients list.</p>","JMELLA","Hair Care","Imported, TSB, Teemdrop_Auto_Fulfill",TRUE,Title,Default Title,"8014719582444",0,,999,deny,manual,8.94,TRUE,TRUE,"https://cdn.shopify.com/s/files/1/0515/4589/9157/files/JME71649_1000x_9ee2345a-baa0-42ae-af3a-68c96cc69b64.jpg?v=1695664829"
"jmella-in-france-signature-perfume-hair-shampoo-500ml","JMELLA In France Signature Perfume Hair Shampoo (500ml)","<p>A mild shampoo with long-lasting aroma, suitable for sensitive scalps and skin. JMELLA In France Hair Shampoo is a hypoallergenic shampoo with a mild formula to gently cleanse and soothe sensitive scalps. With wild strawberry leaf extract, 17 amino acid complex and other plant-derived ingredient, it nourishes and strengthens the scalp and hair follicles, promoting growth and normalizes oil production. Thanks to the premium French fragrance used, your hair will also carry an indulgent scent that lasts an impressive 24hrs. Signature Perfume Variations: No. 1 Blooming Peony No. 6 La Tulipe: F resh tulip, soft floral scent No. 7 Do Tyque: White musk and iris. Features Aroma lasts up to 24h 17 amino acid complex to strengthen Plant derived form moisture shield Hair Concern Damaged Hair Tangled Hair Hair Type Suitable for all hair types. Great for damaged and/or tangled ends. Made In South Korea How to use Take an appropriate amount, rub hair and scalp to clean, rinse off with lukewarm water. Ingredients Ingredient highlights Sulfate-Free Paraben-Free Silicone-Free Alcohol-Free</p><h6>Ingredients</h6><p>Full list of ingredients No. 6 La Tulipe: Purified Water, Soyamidopropylalaninate, Lauryl Hydroxysother leading brandsine, Lauryl Glucoside, Sodium Cocoyl Isethionate, Erythritol, Erythriol, Flavoring, Sodium Methylcocoyl Taurate, Glycerin, Sodium Chloride, Dipropylene Glycol, Coconut Hydroxylacetophenone, Citric Acid, Guar Hydroxypropyltrimonium Chloride, Caprylyl Glycol, Sodium Isethionate, Allantoin, Sodium Gluconate, Ethylhexylglycerin, Butylene Glycol, Panthenol, Betaine, Wild Strawberry Leaf Extract, 1,2-Hexanediol, Dipotassium Glycyrrhizate, Birch Sap, Edelweiss Extract, Buckwheat Extract, Aloe Vera Leaf Extract, Centella Extract, Kelp Extract, Proline, Phenylalanine, Threonine, Tyrosine, Arginine, Alanine, Isoleucine, Aspartic Acid, Cysteine, Serine, Valine, Methionine, Theucine, Lysine, Glutamic Acid, Glycine, Linalool, Citronellol, Hexyl Cinnamal, Limonene. No. 7 Do Tyque: Purified Water, Sodium Cocoamphoacetate, Lauryl Hydroxysother leading brandsine, Lauryl Glucoside, Sodium Cocoyl Isethionate, Erythritol, Flavoring, Sodium Methylcocoyl Taurate, Glycerin, Sodium Chloride, Dipropylene Glycol, Coconut Acid, Polyquaternium-10, Hydroxyacetophenone, Citric Acid, Guar Hydroxypropyltrimonium Chloride, Caprylyl Glycol, Sodium Isethionate, Allantoin, Sodium Gluconate, Ethylhexylglycerine, Butylene Glycol, Panthenol, Betaine, Wild Strawberry Leaf Extract, 1,2-Hexanediol, Dipotassium Glycyrrhizate, Birch Sap, Edelweiss Extract, Wheat Extract, Aloe Vera Leaf Extract, Bamboo Grass Extract, Kelp Extract, Histidine, Proline, Phenylalanine, Threonine, Tyrosine, Arginine, Alanine, Isoleucine, Aspartic Acid, Cysteine, Serine, Valine, Methionine, Leucine, Lysine, Glutamic Acid, Glycine, Benzyl Salicylate, Benzyl Benzoate. Ingredients subject to change at manufacturer's discretion. Please consult product label for most up to date ingredients list.</p>","JMELLA","Hair Care","Imported, TSB, Teemdrop_Auto_Fulfill",TRUE,Title,Default Title,"8014860484844",0,,999,deny,manual,8.94,TRUE,TRUE,"https://cdn.shopify.com/s/files/1/0515/4589/9157/files/s_c07d9bf0-8dd7-4919-ba9a-3663f96e60aa.png?v=1766436973"
"jmella-in-france-favorite-perfume-body-wash-500ml","JMELLA IN FRANCE Favorite Perfume Body Wash (500ml)","<p>A fragrant and hypoallergenic body wash in scents from the Favourite line. JMELLA In France Body Wash is a hypoallergenic low pH body wash made with desert rose leaf extracts and botanical oils to hydrate, nourish and soften the skin while cleansing. Your skin is left clean, soft and indulgently fragrant thanks to the premium French fragrance. Favorite Perfume Variations: 05 Sparkling Rose Features Long-lasting fragrant aroma Free of 12 types of chemicals Mildly acidic pH and hypoallergenic Plant extracts and botanical oils to hydrate and nourish the skin Skin Concern Dryness Rough skin Skin Type Suitable for all skin types, including sensitive skin. Made In South Korea How to use Apply an appropriate amount on a sponge or towel, lather, and wash off. Ingredient highlights Sulfate-Free Paraben-Free</p><h6>Ingredients</h6><p>Full list of ingredients Water, Glycerin, Mineral Oil, Slearyl Alcohol, Cetyl Alcohol, Fragrance, Glyceryl Slearate, PEG-100 Slearate, Palmitic Acid, Sorbitan Stearate, Dimethicone, Isopropyl Myristate, Stearic Acid, Phenoxyethanol, Carbomer, Triethanolamine, Triolein, Allantoin, Cyclohexasiloxane, Trehalose, Ethylhexylglycerin, Myristyl Allcohol, Xanthan Gum, Disodium EDTA, Myristic Acid, Lauryl Alcohol, Tocopherol, Helianthus Annuus (Sunilower) Seed Oil, Olea Europaea (Olive) Fruit Oii, Isopropyl Palmitate, Persea Gratissima (Avocado) Oil, Argania Spinosa Kernel Oil, Camellia Japonica Seed Oil, Dimethicone/Vinyl Dimethicone Crosspolymer, Arachidyl Alcohol, Arachidic Acid, 1, 2 Hexanediol, Adenium Obesum Leaf Cell Extract, Butylene Glycol, Sodium Hyaluronate, Lauric Acid, Polygonum Cuspidatum Extract, Juglans Regia (Walnut) Seed Extract, Eclipta Prostrata Extract, Cnidium Officinale Root Extract, Acorus Calamus Root Extract, Anemarrhena Asphodeloides Root Extract, Jasminum Officinale (Jasmine) Extract, Citrus Paradisi (Grapefruit) Fruit Extract, Lonicera Japonica (Honeysuckle) Flower Extract, Hamamelis Virginiana (Witch Hazel) Leaf Extract, Coix Lacryma Jobi Ma yuen Seed Extract, Eucalyptus Globulus Leaf Extract, Angelica Acutiloba Root Extract, Pisum Sativum (Pea) Seed Extract, Houttuynia Cordata Extract, Ficus Carica (Fig) Fruit Extract, Artemisia Princeps Leaf Extract, Butyrospermum Parkii (Shea) Butter, Glycyrrhiza Glabra (Licorice) Root Extract, Luffa Cylindrica Fruit Extract, Portulaca Oleracea Extract, Perilla Frutescens Leaf Extract, Cornus Officinalis Fruit Extract, Morus Alba Root Extract, Hippophae Rhamnoides Fruit Extract, Centella Asiatica Extract, Paeonia Suffruticosa Root Extract, Lavandula Angustifolia (Lavender) Flower Extract, Oenothera Biennis (Evening Primrose) Extract, Camellia Sinensis Leaf Extract, Chrysanthemum Morilolium Flower Extract, Benzyl Salicylate, Coumarin, Linalool, Limonene. Ingredients subject to change at manufacturer's discretion. Please consult product label for most up to date ingredients list.</p>","JMELLA","Bath & Body","Imported, TSB, Teemdrop_Auto_Fulfill",TRUE,Title,Default Title,"8015175155948",0,,999,deny,manual,8.94,TRUE,TRUE,"https://cdn.shopify.com/s/files/1/0515/4589/9157/files/8809711716895-photoroom_f131d142560c42139ee56e14df9e5cf5_master.png?v=1766176682"
"joocyee-glazed-rouge-2-0-ultra-shine-lipstick-3-5g","JOOCYEE Glazed Rouge 2.0 Ultra Shine Lipstick (3.5g)","<p>Discover this amazing product at The Skin Boutique.</p><h6>Ingredients</h6><p>Refer to product packaging.</p>","JOOCYEE","Lip Care","Imported, TSB, Teemdrop_Auto_Fulfill",TRUE,Title,Default Title,"9168755491052",0,,999,deny,manual,20.93,TRUE,TRUE,"https://cdn.shopify.com/s/files/1/0515/4589/9157/files/JOOCYEEGlazedRougeLipstick2.0.png?v=1772336771"
"joocyee-glazed-rouge-lipstick-3-5g","JOOCYEE Glazed Rouge Lipstick (3.5g)","<p>Discover this amazing product at The Skin Boutique.</p><h6>Ingredients</h6><p>Refer to product packaging.</p>","JOOCYEE","Lip Care","Imported, TSB, Teemdrop_Auto_Fulfill",TRUE,Title,Default Title,"9151930663148",0,,999,deny,manual,20.93,TRUE,TRUE,"https://cdn.shopify.com/s/files/1/0515/4589/9157/files/JOOCYEE_Glazed_Rouge_Lipstick.png?v=1772254673"
"joocyee-happy-me-day-crystal-gloss-8ml","JOOCYEE Happy Me Day Crystal Gloss (8ml)","<p>Discover this amazing product at The Skin Boutique.</p><h6>Ingredients</h6><p>Refer to product packaging.</p>","JOOCYEE","Lip Care","Imported, TSB, Teemdrop_Auto_Fulfill",TRUE,Title,Default Title,"9168759783660",0,,999,deny,manual,18.94,TRUE,TRUE,"https://cdn.shopify.com/s/files/1/0515/4589/9157/files/JOOCYEE_Crystal_Gloss.png?v=1772255028"
"joocyee-12-shades-eyeshadow-palette-14g","JOOCYEE 12 Shades Eyeshadow Palette (14g)","<p>Discover this amazing product at The Skin Boutique.</p><h6>Ingredients</h6><p>Refer to product packaging.</p>","JOOCYEE","Makeup","Imported, TSB, Teemdrop_Auto_Fulfill",TRUE,Title,Default Title,"9151928172780",0,,999,deny,manual,39.92,TRUE,TRUE,"https://cdn.shopify.com/s/files/1/0515/4589/9157/files/JOOCYEE12ShadesEyeshadowPalette.png?v=1771962965"
"judydoll-liquid-contour-under-eye-brightening-duo-4-8g","JUDYDOLL Liquid Contour & Under Eye Brightening Duo (4.8g)","<p>JUDYDOLL Liquid Contour &amp; Under Eye Brightening Duo is designed to provide a flawless, powder-free finish with moderate film-forming speed, ensuring a flawless, well-blended look without harsh lines. It stays in place throughout the day, providing a professional finish that’s easy to achieve. Highlight and contour in one product for easy and natural dimension!</p><h6>Ingredients</h6><p>Refer to product packaging.</p>","JUDYDOLL","Makeup","Imported, TSB, Teemdrop_Auto_Fulfill",TRUE,Title,Default Title,"9158846939372",0,,999,deny,manual,14.94,TRUE,TRUE,"https://cdn.shopify.com/s/files/1/0515/4589/9157/files/tao-khoi-dang-kem-judydoll-liquid-highlighter-contour-duo-0.png?v=1772551022"
"judydoll-dual-flash-watery-lip-gloss-2-4g","JUDYDOLL Dual Flash Watery Lip Gloss (2.4g)","<p>JUDYDOLL Dual Flash Watery Lip Gloss feature is a watery, non-sticky texture that glides smoothly on lips without feeling heavy. The formula contains panthenol and vitamin E to moisturize lips, reducing dryness even with long wear. It has a subtle fruity or floral fragrance (not overpowering) and offers a natural, plumping effect. The slim, precise applicator helps coat lips evenly, making it easy for beginners to use.</p><h6>Ingredients</h6><p>Refer to product packaging.</p>","JUDYDOLL","Lip Care","Imported, TSB, Teemdrop_Auto_Fulfill",TRUE,Title,Default Title,"9158846120172",0,,999,deny,manual,14.94,TRUE,TRUE,"https://cdn.shopify.com/s/files/1/0515/4589/9157/files/JudydollDualFinishWateryLipGloss2_18.png?v=1772230320"
"judydoll-little-pearl-highlighting-concealer-cushion-8g","JUDYDOLL Little Pearl Highlighting Concealer Cushion (8g)","<p>JUDYDOLL Little Pearl Highlighting Concealer Cushion is designed to deliver a luminous, lifting effect that mimics the natural glow of pearls. Infused with Tahitian pearl extract and light-reflecting particles, this innovative cushion concealer brightens, conceals, and contours for a plump, radiant complexion. Its user-friendly cushion applicator makes it perfect for quick touch-ups and seamless application, even for beginners.</p><h6>Ingredients</h6><p>Refer to product packaging.</p>","JUDYDOLL","Makeup","Imported, TSB, Teemdrop_Auto_Fulfill",TRUE,Title,Default Title,"9158835863788",0,,999,deny,manual,18.94,TRUE,TRUE,"https://cdn.shopify.com/s/files/1/0515/4589/9157/files/42e78b1dc0e8d98b74897a7dd81df23e_6f1d5cde-d44c-4a2a-99de-1118518e66c6.png?v=1772125815"
"judydoll-2-in-1-blush-highlight-palette-9g","JUDYDOLL 2-in-1 Blush Highlight Palette (9g)","<p>Experience the excellence of JUDYDOLL with the JUDYDOLL 2-in-1 Blush Highlight Palette (9g). This premium makeup is formulated with high-quality Korean skincare ingredients to deeply nourish and revitalize your complexion. Designed for those seeking a luxurious and effective makeup addition to their daily ritual.</p><h6>Ingredients</h6><p>Refer to product packaging.</p>","JUDYDOLL","Makeup","Imported, TSB, Teemdrop_Auto_Fulfill",TRUE,Title,Default Title,"9158820135148",0,,999,deny,manual,18.94,TRUE,TRUE,"https://cdn.shopify.com/s/files/1/0515/4589/9157/files/6976436772535-3.png?v=1772051960"
"judydoll-3d-dual-ended-brow-pencil","JUDYDOLL 3D Dual-Ended Brow Pencil","<p>JUDYDOLL 3D Dual Eyebrow Pencil is an eyebrow pencil with a gel pencil and a mascara-like tip, helping to create perfectly brow shape. This innovative tool features a non-skin-staining tinted gel that colors and sets your brows in a single stroke, ensuring your brows are enhanced but your skin stays clear. The ultra-fine blade pencil smoothly outlines and fills brows with precision, giving you distinct, natural-looking 'wild brows'.</p><h6>Ingredients</h6><p>Refer to product packaging.</p>","JUDYDOLL","Makeup","Imported, TSB, Teemdrop_Auto_Fulfill",TRUE,Title,Default Title,"9158819283180",0,,999,deny,manual,8.94,TRUE,TRUE,"https://cdn.shopify.com/s/files/1/0515/4589/9157/files/screenshot-2024-10-21-154427-1.png?v=1771969027"
"judydoll-liquid-eyeshadow-3g","JUDYDOLL Liquid Eyeshadow (3g)","<p>JUDYDOLL Liquid Eyeshadows are designed to keep your eyes looking fresh and radiant even in motion. It has high-impact pigments with all-day durability that stays put through workouts, heat, and long days. Lightweight on the lids with little to no creasing, great for those with a active lifestyle. Share G02 is a light shimmery pink shade with a silver undertone.</p><h6>Ingredients</h6><p>Refer to product packaging.</p>","JUDYDOLL","Makeup","Imported, TSB, Teemdrop_Auto_Fulfill",TRUE,Title,Default Title,"9158817218796",0,,999,deny,manual,12.94,TRUE,TRUE,"https://cdn.shopify.com/s/files/1/0515/4589/9157/files/17285547015501.png?v=1771616428"
"judydoll-sport-chic-liquid-blush-4-5g","JUDYDOLL Sport Chic Liquid Blush (4.5g)","<p>JUDYDOLL Sport Chic Liquid Blush provides a naturally subtle redness and has a liquid consistency when applied. It is designed with an unique mushroom head applicator for clean and easy application. Its smooth, silky texture melts into the skin for a fresh, dewy finish that brightens the complexion.</p><h6>Ingredients</h6><p>Refer to product packaging.</p>","JUDYDOLL","Makeup","Imported, TSB, Teemdrop_Auto_Fulfill",TRUE,Title,Default Title,"9157068062956",0,,999,deny,manual,12.94,TRUE,TRUE,"https://cdn.shopify.com/s/files/1/0515/4589/9157/files/6976436773044-2.png?v=1771615234"
"judydoll-lip-oil-6-5g","JUDYDOLL Lip Oil (6.5g)","<p>JUDYDOLL Lip Oils features a clear, non-sticky formulation that imparts a dewy and luscious appearance to the lips. Its a great lightweight overlay that adds shine and a protective hydrating screen for lips.</p><h6>Ingredients</h6><p>Refer to product packaging.</p>","JUDYDOLL","Lip Care","Imported, TSB, Teemdrop_Auto_Fulfill",TRUE,Title,Default Title,"9158850380012",0,,999,deny,manual,8.94,TRUE,TRUE,"https://cdn.shopify.com/s/files/1/0515/4589/9157/files/JUDYDOLLLipOil5.png?v=1772574109"
"judydoll-liquid-highlighter-4-8g","JUDYDOLL Liquid Highlighter (4.8g)","<p>JUDYDOLL Liquid Highlighter are used for meticulous color blending to create a soft and radiant look that naturally illuminates and enhances facial contours, for a beautiful appearance. The lightweight texture is easy to blend, enriched with hyaluronic acid essence for a moisturizing effect that prevents creasing and ensures a long-lasting finish.</p><h6>Ingredients</h6><p>Refer to product packaging.</p>","JUDYDOLL","Makeup","Imported, TSB, Teemdrop_Auto_Fulfill",TRUE,Title,Default Title,"9158858211564",0,,999,deny,manual,12.94,TRUE,TRUE,"https://cdn.shopify.com/s/files/1/0515/4589/9157/files/76ABB5A80EEE8D74_362df8ba-7052-4c82-aa29-070d3235102c.png?v=1772575885"
"judydoll-pretty-blush-powder-2g","JUDYDOLL Pretty Blush Powder (2g)","<p>Discover this amazing product at The Skin Boutique.</p><h6>Ingredients</h6><p>Refer to product packaging.</p>","JUDYDOLL","Makeup","Imported, TSB, Teemdrop_Auto_Fulfill",TRUE,Title,Default Title,"9158826426604",0,,999,deny,manual,7.94,TRUE,TRUE,"https://cdn.shopify.com/s/files/1/0515/4589/9157/files/6975242800425_900x900_ef3e23f4-4254-4d6e-bd68-89602ee8de66.png?v=1772053593"
"judydoll-eyeliner-gel-7-5g","JUDYDOLL Eyeliner Gel (7.5g)","<p>Innovative, smudge-proof eyeliner gel with cushion mesh. \nJUDYDOLL Eyeliner Gel is an innovative clay-like eyeliner cream that applies smoothly and with intense pigment. With an convenient integrated eyeliner brush that extends, you can bring this on-the-go. Unlike other cream eyeline...</p><h6>Ingredients</h6><p>Refer to product packaging.</p>","JUDYDOLL","Makeup","Imported, TSB, Teemdrop_Auto_Fulfill",TRUE,Title,Default Title,"8778505781484",0,,999,deny,manual,16.94,TRUE,TRUE,"https://cdn.shopify.com/s/files/1/0515/4589/9157/files/JUDYDOLL_Eyeliner_Gel__7.5g_-removebg-preview.png?v=1766249843"
"kao-megrhythm-steam-eye-mask-12pcs","KAO MegRhythm Steam Eye Mask (12pcs)","<p>An eye mask that gently releases tension from strained or sleep deprived eyes KAO MegRhythm Steam Eye Mask is designed to melt away tension from tired eyes with a soothing warmth. This innovative mask features advanced steam-circulation technology that delivers consistent, gentle heat at approximately 40°C for about 20 minutes. The ultra-thick, soft nonwoven fabric traps steam effectively—offering 1.5 times better heat retention than previous versions—while expanding to fit snugly against your eyes. Simply open and let it activate. Infused with natural osmanthus essential oils for a calming aromatherapy experience, this unisex mask becomes your go-to ritual for daily relaxation, whether at home, at work, or on the go. Treat your hardworking eyes to the comfort they deserve. Features Heats up to 40°C for about 20 minutes Single-use, convenient packaging for on-the-go use Fits comfortably around the eyes and helps relieve tension Immediately releases comfortable steam Skin Types Suitable for all skin types Made In Japan How to use Remove the eye mask from the bag. Tear off the perforation and put hooks on your ear. Close your eyes and enjoy for the next 20 minutes. Ingredient Highlights Cruelty-Free Alcohol-Free Paraben-Free Mineral Oil Free</p><h6>Ingredients</h6><p>Full list of ingredients Surface material: polypropylene, polyethylene Heating element: iron powder</p>","KAO","Masks","Imported, TSB, Teemdrop_Auto_Fulfill",TRUE,Title,Default Title,"9060430348524",0,,999,deny,manual,20.99,TRUE,TRUE,"https://cdn.shopify.com/s/files/1/0515/4589/9157/files/Unscented.png?v=1762462865"
"kissme-speedy-mascara-remover","KISSME Speedy Mascara Remover","<p>KISSME Speedy Mascara Remover is a Japanese remover that easily melts away waterproof mascara and eyeliner. It instantly removes waterproof mascara without rubbing as it dissolves instantly and smoothly remove waterproof mascara upon application. This remover removes makeup while also nourishing the skin and lashes with ginseng root and royal jelly extracts, camellia oil, almond oil, argan oil, and wild rose oil. Features Instant removal of stubborn mascara Gentle on the lashes and skin Moisturizes and treats lashes to strengthen them Non-irritating Skin Types All skin types Made In Japan How to u se Please use this product to remove Super Waterproof Mascara Apply the remover evenly with a comb brush from the roots to the tips of the eyelashes. Wipe off with a cotton pad, or blend with any makeup remover. Rinse it off thoroughly with clean water. Note: If it leaves an oily feeling on the skin, please use face wash to double cleanse. Ingredient Highlights Alcohol-Free Sulfate-Free Fragrance-Free</p><h6>Ingredients</h6><p>Full list of ingredients Isohexadecane, Triethylhexanoin, Isododecane, Mineral Oil, PEG-15/Lauryl Dimethicone Crosspolymer, Butylene Glycol, C30-45 Alkyl Methicone, C30-45 Olefin, Tocopherol, Propylparaben, Camellia Japonica Seed Oil, Prunus Amygdalus Dulcis (Sweet Almond) Oil, Squalane, Argania Spinosa Kernel Oil, Rosa Canina Fruit Oil, Panax Ginseng Root Extract, Royal Jelly Extract</p>","KISSME","Makeup","Imported, TSB, Teemdrop_Auto_Fulfill",TRUE,Title,Default Title,"7617990754540",0,,999,deny,manual,17.99,TRUE,TRUE,"https://cdn.shopify.com/s/files/1/0515/4589/9157/files/KISSME_Speedy_Mascara_Remover-removebg-preview.png?v=1766251678"
"kracie-ichikami-shampoo-conditioner-set-limited-spring-edition-480ml-480g","KRACIE Ichikami Shampoo & Conditioner Set - Limited Spring Edition (480ml + 480g)","<p>Discover this amazing product at The Skin Boutique.</p><h6>Ingredients</h6><p>Refer to product packaging.</p>","KRACIE Ichikami","Hair Care","Imported, TSB, Teemdrop_Auto_Fulfill",TRUE,Title,Default Title,"9170205475052",0,,999,deny,manual,26.98,TRUE,TRUE,"https://cdn.shopify.com/s/files/1/0515/4589/9157/files/Kracie_Ichikami_Spring_Limited_Edition_Set.png?v=1772551498"
"kundal-airy-volume-hyaluron-hair-care-set-2x300ml","KUNDAL Airy Volume Hyaluron Hair Care Set (2x300ml)","<p>A hyaluronic acid infused hair set for bouncy, full-bodied hair that lasts all day. KUNDAL Airy Volume Hyaluron Shampoo + Treatment helps to maintain the scalp's oil-water balance and promote healthy, voluminous hair that is light as air and lasts all day. Hyaluronic plumping technology delivers moisture deep into the scalp and hair. It is enriched with AHA and PHA to remove dead skin cells, dirt and impurities from the scalp. Featuring a floral Blossom Breeze fragrance. Features Lightweight, volumizing formula Floral fragrance Skin irritation test completed Cleanses and gently exfoliates scalp Hair Concerns Damaged Hair Flat Hair Dry Hair Hair Types Suitable for all hair types Made In KOREA 🇰🇷 How to use Massage KUNDAL Airy Volume Hyaluron Treatment into the scalp and hair to create lather. Rinse thoroughly with lukewarm water. Follow with KUNDAL Airy Volume Hyaluron Treatment. Key Highlights Hyaluronic Acid Ingredient Highlights Paraben-Free Silicone-Free Alcohol-Free</p><h6>Ingredients</h6><p>Full list of ingredients Shampoo: Water, Disodium Laureth Sulfosuccinate, Glycerin, Lauryl Betaine, Cocamide MIPA, Sodium Chloride, Citric Acid, Polyquaternium-10, Hydroxyacetophenone, Caprylyl Glycol, Disodium EDTA, Sea Water, Butylene Glycol, Dipropylene Glycol, 1,2-Hexanediol, Panthenol, Undaria Pinnatifida Extract, Laminaria Japonica Extract, Hydrogenated Lecithin, Sorbitan Olivate, Cetearyl Olivate, Hizikia Fusiforme Extract, Sodium Hyaluronate(110ppb), Gluconolactone, Capryloyl Salicylic Acid, Biotin, Ecklonia Cava Extract, Codium Fragile Extract, Sargassum Fulvellum Extract, Gelidium Cartilagineum Extract, Hydrolyzed Soy Protein, Hydrolyzed Rice Protein, Hydrolyzed Pea Protein, Hydrolyzed Hazelnut Protein, Hydrolyzed Barley Protein, Hydroxypropyltrimonium Hyaluronate, Sodium Acetylated Hyaluronate, Hydrolyzed Hyaluronic Acid, Hyaluronic Acid, Glycine, Sodium Hyaluronate Crosspolymer, Hydrolyzed Sodium Hyaluronate, Glutamic Acid, Arginine, Potassium Hyaluronate, Fragrance, Limonene, Linalool Treatment: Water, Glycerin, Behentrimonium Chloride, Stearyl Alcohol, Cetyl Alcohol, Helianthus Annuus (Sunflower) Seed Oil, Isopropyl Alcohol, Hydroxyacetophenone, Caprylyl Glycol, Guar Hydroxypropyltrimonium Chloride, Disodium EDTA, Sea Water, Butylene Glycol, Dipropylene Glycol, 1,2-Hexanediol, Panthenol, Undaria Pinnatifida Extract, Laminaria Japonica Extract, Hydrogenated Lecithin, Sorbitan Olivate, Cetearyl Olivate, Hizikia Fusiforme Extract, Sodium Hyaluronate(110ppb), Gluconolactone, Capryloyl Salicylic Acid, Biotin, Ecklonia Cava Extract, Codium Fragile Extract, Sargassum Fulvellum Extract, Gelidium Cartilagineum Extract, Hydrolyzed Soy Protein, Hydrolyzed Rice Protein, Hydrolyzed Pea Protein, Hydrolyzed Hazelnut Protein, Hydrolyzed Barley Protein, Hydroxypropyltrimonium Hyaluronate, Sodium Acetylated Hyaluronate, Hydrolyzed Hyaluronic Acid, Hyaluronic Acid, Glycine, Sodium Hyaluronate Crosspolymer, Hydrolyzed Sodium Hyaluronate, Glutamic Acid, Arginine, Potassium Hyaluronate, Fragrance, Limonene, Linalool Ingredients subject to change at manufacturer's discretion. For the most complete and up-to-date list of ingredients, please refer to product packaging.</p>","KUNDAL","Hair Care","Imported, TSB, Teemdrop_Auto_Fulfill",TRUE,Title,Default Title,"9041425367276",0,,999,deny,manual,44.92,TRUE,TRUE,"https://cdn.shopify.com/s/files/1/0515/4589/9157/files/Kundal_Airy_Volume_Hyaluron_Set.png?v=1760988786"
"kundal-10x-caffeine-strengthening-scalp-serum-10ml","KUNDAL 10X Caffeine Strengthening Scalp Serum (10ml)","<p>Advanced scalp nutrition with peptides to strengthen and prevent hair thinning. KUNDAL 10X Caffeine Strengthening Scalp Serum is a potent anti-hair loss scalp serum, featuring vegetable caffeine green bean extract rooted in the ancient Italian TESTA tradition. With a powerful caffeine concentration of 10,000 ppm, it revitalizes hair roots and helps curb hair loss symptoms. This dermatologically tested formula strengthens thinning hair while improving scalp health. Enriched with black soybean extract, six natural herbs, biotin, and niacinamide, it deeply nourishes your scalp. Its lightweight, non-greasy texture absorbs quickly, making it perfect for daily use. Suitable for both men and women seeking effective scalp and hair thinning care. Features Improves hair elasiticity Relieves hair thinning and shedding Strengthens hair to prevent thinning and breakage Improves appearance of hairline and parting line Hair Concerns Hair Loss Dry Scalp Hair Types All hair types Made In South Korea How to use Part your hair in sections and apply the serum directly onto your scalp, focusing on areas of concern (i.e., parting line, hairline) Gently massage the serum into the scalp using your fingertips. Leave the serum in and style as desired, or let it air dry. Key Highlights High Caffeine Concentration (10,000 ppm): Energizes hair roots and helps reduce hair loss symptoms. 6 Peptides: nourishes scalp, boosts elasticity Menthol: instantly cools and refreshes scalp Turmeric Cell Exosomes: improves overall scalp health Ingredient Highlights Silicone-Free Paraben-Free Mineral Oil-Free</p><h6>Ingredients</h6><p>Full list of ingredients Pinus Densiflora Leaf Extract, Alcohol Denat., Aqua (Water), 1,2-Hexanediol, Caffeine, Methylpropanediol, Dipropylene Glycol, Niacinamide, Glycereth-26, Menthol, Salicylic Acid, Panthenol, Allantoin, Trehalose, C12-14 Pareth-12, Polyglyceryl-10 Diisostearate, Sodium Naphthalenesulfonate, C12-13 Pareth-9, Melaleuca Alternifolia (Tea Tree) Leaf Oil, Butylene Glycol, Camellia Sinensis Leaf Extract, Mentha Piperita (Peppermint) Leaf Extract, Mentha Viridis (Spearmint) Extract, Mentha Rotundifolia Leaf Extract, Cornus Officinalis Fruit Extract, Rehmannia Glutinosa Root Extract, Dioscorea Japonica Root Extract, Alisma Orientale Tuber Extract, Paeonia Suffruticosa Root Extract, Poria Cocos Sclerotium Extract, Glycerin, Propylene Glycol, Sodium Benzoate, Rosa Davurica Bud Extract, Bambusa Vulgaris Extract, Chenopodium Quinoa Seed Extract, Diospyros Kaki Leaf Extract, Porphyridium Cruentum Extract, Ethylhexylglycerin, Fragrance This list applies to all variants of this product. Ingredients subject to change at manufacturer's discretion. For the most complete and updated list of ingredients, refer to product packaging.</p>","KUNDAL","Hair Care","Imported, TSB, Teemdrop_Auto_Fulfill",TRUE,Title,Default Title,"9041425989868",0,,999,deny,manual,35.98,TRUE,TRUE,"https://cdn.shopify.com/s/files/1/0515/4589/9157/files/10XCaffeineStrengtheningScalpSerum1.png?v=1761238604"
"kundal-airy-volume-hyaluron-serum-50ml","KUNDAL Airy Volume Hyaluron Serum (50ml)","<p></p><h6>Ingredients</h6><p></p>","KUNDAL","Hair Care","Imported, TSB, Teemdrop_Auto_Fulfill",TRUE,Title,Default Title,"9041426743532",0,,999,deny,manual,26.93,TRUE,TRUE,"https://cdn.shopify.com/s/files/1/0515/4589/9157/files/Kundal_Airy_Hydra_Hyaluron.png?v=1762036026"
"kundal-protein-bonding-treatment-250ml","KUNDAL Protein Bonding Treatment (250ml)","<p>Spa-like hair care to strengthen and smooth damaged hair KUNDAL Protein Bonding Treatment helps you achieve salon-like hair care at home. It revitalizes fragile and damaged hair with the patented Bonding Technology™ which penetrates proteins and moisture deep into the hair cuticle, making the hair stronger and healthier. Unlock a beautiful, luminous shine with the Pink Glam Complex of Provence Rose, Tulip, and Hibiscus extracts. Violet Muguet: Experience the delicate and floral fragrance of Violet Muguet. This perfume evokes a fresh, spring-like feeling that brightens up any day Features Double care bonding technology Increases hair strength and repairs damaged hair Infuses hair with moisture Pink-Glam Complex leaves hair soft and silky Hair Concerns Damaged Hair Dry Hair Split Ends Frizzy Hair Hair Types All hair types Made In South Korea How to use After shampoo, apply a generous amount of treatment evenly to scalp and hair. Rinse off with warm water after 2~3 minutes. Key Ingredients Protein Bonding System: strengthens hair Hydro Booster: 6 types of hyaluronic acid to moisturize Ingredient Highlights Mineral-Oil Free Paraben-Free Sulfate-Free</p><h6>Ingredients</h6><p>Full list of ingredients Water, Glycerin, Cetyl Alcohol, Dimethicone , Behentrimonium Chloride, Stearyl Alcohol, Fragrance, Alcohol Denat. Behenyl Alcohol , Behentrimonium Methosulfate, Stearamidopropyl Dimethylamine, Steartrimonium Chloride, Amodimethicone, Propylene Glycol , Caprylyl Glycol, Lactic Acid, Butylene Glycol, Ethylhexylglycerin, Disodium EDTA, Trideceth-12, Myristyl Alcohol, Cetrimonium Chloride, Arachidyl Alcohol, Rose Extract , Arginine, Argania Spinosa Kernel Oil , Camellia Japonica Seed Oil , Calophyllum Inophyllum Seed Oil ,Olea Europaea (Olive) Fruit Oil, Persea Gratissima (Avocado) Oil, Ricinus Communis (Castor) Seed Oil, Rosa Canina Fruit Oil, Simmondsia Chinensis (Jojoba) Seed Oil, 1,2-Hexanediol, Tulipa Gesneriana Flower Extract, Glycine, Maltodextrin, Serine, Glutamic Acid, Sodium Hyaluronate, Chlorella Ferment, Hibiscus Sabdariffa Flower Extract, Hydrolyzed Rice Protein, Aspartic Acid, Leucine, Alanine, Lysine, Tyrosine, Phenylalanine, Proline, Threonine, Valine, Isoleucine , Histidine, Cysteine, Methionine, Hydrolyzed Soy Protein, Hydroxypropyltrimonium Hyaluronate, Hydrolyzed Oat Protein, Hydrolyzed Hyaluronic Acid, Sodium Acetylated Hyaluronate, Hyaluronic Acid, Hydrolyzed Sodium Hyaluronate, Sodium Hyaluronate Crosspolymer , Potassium Hyaluronate</p>","KUNDAL","Hair Care","Imported, TSB, Teemdrop_Auto_Fulfill",TRUE,Title,Default Title,"8757736931564",0,,999,deny,manual,28.93,TRUE,TRUE,"https://cdn.shopify.com/s/files/1/0515/4589/9157/files/KUNDAL_Protein_Bonding_Treatment_250ml.png?v=1766255227"
"kundal-honey-macadamia-hair-care-set-2x500ml","KUNDAL Honey & Macadamia Hair Care Set (2x500ml)","<p>Plant based fragrant hair set for smooth, healthy hair. KUNDAL Honey &amp; Macadamia Shampoo + Treatment Set uses clean, natural hair extracts for hair revitalization. Featuring honey and macadamia, these are well known to be highly nourishing and moisturizing for the hair. The formula is free of unnecessary chemicals and is weakly acidic to provide the ideal pH balance for healthy hair and scalp. Available Scents: White Musk: Indulge in the sensual and sophisticated aroma of White Musk. This fragrance offers a rich, warm scent that adds a touch of luxury to cold winter days. Cherry Blossom: Experience the delicate beauty of spring with Cherry Blossom. This light, floral scent is reminiscent of blooming cherry trees, filling the air with a sense of renewal. Features 44 types of plant-derived ingredients pH balanced formula Moisturizes and adds shine to tame frizzy hair Fragrant, long-lasting scent Hair Concerns Damaged hair Dry Hair Frizzy Hair Hair Types All hair types Made In South Korea How to use Take an adequate amount of shampoo, apply all over the scalp and hair and rinse off with water. Ingredients Key Highlights Honey Macadamia Ingredient Highlights Sulfate-Free Mineral Oil Free Paraben-Free</p><h6>Ingredients</h6><p>Full list of ingredients Shampoo: Water, Sodium Cocoyl Alaninate, Lauryl Hydroxysother leading brandsine, Lauryl Glucoside, Sodium Cocoyl Isethionate, Glycerin, Erythritol, Sodium Methyl Cocoyl Taurate, Honey Extract, Macadamia Ternifolia Seed Extract, Sesamum Indicum (Sesame) Seed Extract, Oenothera Biennis (Evening Primrose) Flower Extract, Glycine Soja (Soybean) Seed Extract, Vaccinium Angustifolium (Blueberry) Fruit Extract, Undaria Pinnatifida Extract, Fragaria Chiloensis (Strawberry) Fruit Extract, Morus Alba Root Extract, Cornus Officinalis Fruit Extract, Taraxacum Officinale (Dandelion) Leaf Extract, Rubus Fruticosus (Blackberry) Fruit Extract, Oryza Sativa (Rice) Extract, Nelumbo Nucifera Flower Extract, Angelica Gigas Root Extract, Rosa Centifolia Flower Extract, Hibiscus Sabdariffa Flower Extract, Camellia Sinensis Leaf Extract, Ulmus Davidiana Root Extract, Lavandula Angustifolia (Lavender) Flower Extract, Melissa Officinalis Leaf Extract, Chamomilla Recutita (Matricaria) Flower Extract, Centella Asiatica Extract, Pelargonium Graveolens Extract, Origanum Vulgare Leaf Extract, Eucalyptus Globulus Leaf Extract, Panax Ginseng Root Extract, Rehmannia Chinensis Root Extract, Pueraria Lobata Root Extract, Thymus Vulgaris (Thyme) Extract, Melaleuca Alternifolia (Tea Tree) Extract, Mentha Piperita (Peppermint) Leaf Extract, Glycyrrhiza Uralensis (Licorice) Root Extract, Rosmarinus Officinalis (Rosemary) Leaf Extract, Scutellaria Baicalensis Root Extract, Saccharomyces Cerevisiae Extract, Laminaria Japonica Extract, Salicornia Herbacea Extract, Brassica Napus Extract, Narcissus Pseudo-Narcissus (Daffodil) Flower Extract, Pinus Palustris Leaf Extract, Polygonum Cuspidatum Root Extract, Diospyros Kaki Fruit Extract, Camellia Japonica Leaf Extract, Ceratonia Siliqua (Carob) Fruit Extract, Argania Spinosa Kernel Oil, Simmondsia Chinensis (Jojoba) Seed Oil, Cocos Nucifera (Coconut) Oil, Persea Gratissima (Avocado) Oil, Macadamia Ternifolia Seed Oil, Butyrospermum Parkii (Shea) Butter, Guar Hydroxypropyltrimonium Chloride, Polyquaternium-10, Sodium Chloride, Betaine, Allantoin, Panthenol, Arginine, Sodium Gluconate, Citric Acid, Coconut Acid, Sodium Isethionate, Butylene Glycol, Dipropylene Glycol, Dipotassium Glycyrrhizate, 1,2-Hexanediol, Ethylhexylglycerin, Hydroxyacetophenone, Caprylyl Glycol, Fragrance Treatment: Water, Cetearyl Alcohol, Stearyl Alcohol, Dimethicone, Behentrimonium Chloride, Cyclopentasiloxane, Propylene Glycol, Amodimethicone, Alcohol, Tocopheryl Acetate, Dimer Dilinoleyl Dimer Dilinoleate, Hydroxyacetophenone, Dipropylene Glycol, Caprylic/Capric Triglyceride, Trehalose, Steartrimonium Chloride, Caprylyl Glycol, C12-14 sec-Pareth-7, Macadamia Ternifolia Seed Extract, Honey Extract, Betaine, Disodium EDTA, Cyclomethicone, Trideceth-10, Butylene Glycol, Arachidyl Alcohol, Panthenol, 1,2-Hexanediol, Cetyl Alcohol, Citric Acid, Brassicamidopropyl Dimethylamine, Dipotassium Glycyrrhizate, Calendula Officinalis Flower Oil, Cocos Nucifera (Coconut) Oil, Persea Gratissima (Avocado) Oil, Argania Spinosa Kernel Oil, Butyrospermum Parkii (Shea) Butter, Prunus Armeniaca (Apricot) Kernel Oil, Sclerocarya Birrea Seed Oil, Silk Amino Acids, Cyclohexasiloxane, Hydrolyzed Soy Protein, Hydrolyzed Collagen, Hydrolyzed Keratin, Hydrolyzed Silk, Glycerin, Polygonum Multiflorum Root Extract, Angelica Gigas Root Extract, Asarum Sieboldi Root Extract, Portulaca Oleracea Extract, Thuja Orientalis Leaf Extract, Lycium Chinense Fruit Extract, Sophora Angustifolia Root Extract, Nelumbo Nucifera Flower Extract, Prunus Serrulata Flower Extract, Salvia Officinalis (Sage) Extract, Camellia Japonica Flower Extract, Propolis Extract, Acorus Calamus Root Extract, Malpighia Emarginata (Acerola) Fruit Extract, Euterpe Oleracea Fruit Extract, Pyrus Malus (Apple) Fruit Extract, Prunus Serotina (Wild Cherry) Fruit Extract, Prunus Persica (Peach) Fruit Extract, Adansonia Digitata Seed Extract, Moringa Oleifera Seed Extract, Laminaria Japonica Extract, Carthamus Tinctorius (Safflower) Flower Extract, Ginkgo Biloba Leaf Extract, Sodium Hyaluronate, Ceratonia Siliqua (Carob) Fruit Extract, Camellia Japonica Leaf Extract, Diospyros Kaki Fruit Extract, Fragrance</p>","KUNDAL","Hair Care","Imported, TSB, Teemdrop_Auto_Fulfill",TRUE,Title,Default Title,"9041422811372",0,,999,deny,manual,47.92,TRUE,TRUE,"https://cdn.shopify.com/s/files/1/0515/4589/9157/files/Kundal_White_Musk.png?v=1762037119"
"kundal-honey-macadamia-pure-body-wash-body-lotion-set-2x500ml","KUNDAL Honey & Macadamia Pure Body Wash + Body Lotion Set (2x500ml)","<p>An aloe vera infused, moisturizing body wash. KUNDAL Honey &amp; Macadamia Pure Body Wash is packed with 33 different natural extracts, including moisturizing Honey Extract and upgraded Macadamia Ternifolia Seed Extract, plus other plant-derived natural oils that pamper the skin and leave it revitalized. It is pH-balanced and gentle, so it will not strip the skin's moisture barrier. This clean beauty product tested negative for 10 harmful . KUNDAL's Signature Fragrances: Pink Grapefruit: Energize your senses with the zesty aroma of Pink Grapefruit. This invigorating scent is a burst of citrusy freshness, perfect for hot summer days. Features Moisturizing body wash infused with aloe vera and natural extracts Gel type that lathers easily pH-balanced Free from 10 harmful ingredients Skin Concerns Dehydrated Skin Skin Types Suitable for all skin types Made In South Korea How to use Take an adequate amount of product and apply to body in the shower, creating a strong lather. Rinse thoroughly. Ingredients Key Highlights Aloe Barbadensis Leaf Juice Honey Extract Macadamia Ternifolia Seed Extract Ingredient Highlights Mineral Oil Free Paraben-Free Silicone-Free Alcohol-Free</p><h6>Ingredients</h6><p>Full list of ingredients Aloe Barbadensis Leaf Juice, Water, Sodium C14-16 Olefin Sulfonate, Disodium Laureth Sulfosuccinate, Glycerin, Sodium Chloride , Propylene Glycol Laurate ,Sodium Cocoyl Glutamate,TEA-Cocoyl Glutamate, Butylene Glycol , Betaine, Trehalose, Hydrogenated Lecithin, Sodium Hyaluronate, Dextrin, Hydroxypropyl Methylcellulose, Arginine, Calcium Carbonate ,1,2-Hexanediol , Caprylyl Glycol, Polyquaternium-10, Xanthan Gum, Citric Acid, Disodium EDTA , Honey Extract, Macadamia Ternifolia Seed Extract , Leontopodium Alpinum Extract , Illicium Verum (Anise) Fruit Extract , Camellia Sinensis Leaf Extract, Citrus Limon (Lemon) Fruit Extract, Hamamelis Virginiana (Witch Hazel) Extract, Portulaca Oleracea Extract , Centella Asiatica Extract, Rosmarinus Officinalis (Rosemary) Extract, Avena Sativa (Oat) Kernel Extract , Glycyrrhiza Glabra (Licorice) Root Extract, Adansonia Digitata Seed Extract, Salvia Officinalis (Sage) Leaf Extract, Euterpe Oleracea Fruit Extract , Rubus Idaeus (Raspberry) Fruit Extract, Camellia Japonica Flower Extract, Rose Extract, Arnica Montana Flower Extract , Anthemis Nobilis Flower Extract, Callicarpa Japonica Fruit Extract, Cornus Controversa Extract , Cocos Nucifera (Coconut) Oil, Camellia Japonica Seed Oil , Simmondsia Chinensis (Jojoba) Seed Oil, Fragrance, Benzyl Salicylate,Citronellol, Hexyl Cinnamal, Linalool This list represents all variants of this product. Ingredients subject to change at manufacturer's discretion. For the most up to date list of ingredients, refer to product packaging.</p>","KUNDAL","Bath & Body","Imported, TSB, Teemdrop_Auto_Fulfill",TRUE,Title,Default Title,"9061960253676",0,,999,deny,manual,47.92,TRUE,TRUE,"https://cdn.shopify.com/s/files/1/0515/4589/9157/files/Kundal_Pink_Grapefruit.png?v=1762036505"
"kundal-caffeine-shampoo-500ml","KUNDAL Caffeine Shampoo (500ml)","<p>A hydrating formula that promotes shine and stimulates hair growth. KUNDAL Caffeine Shampoo is a one-stop shop for hair and scalp health. The star ingredient is caffeine, extracted from raw coffee beans according to Italian tradition, which stimulates blood circulation; offers antioxidant protection; and promotes hair growth. Other key include hydrating Panthenol, Niacinamide for shine, and Salicylic Acid to exfoliate the scalp and prevent dandruff and dryness. It contains 24 plant extracts and coconut-derived surfactants to gently yet thoroughly cleanse the scalp and hair. Available Scents Baby Powder: Relive the comforting aroma of Baby Powder. This scent offers a soft, gentle fragrance that evokes a sense of warmth and coziness. White Musk: Indulge in the sensual and sophisticated aroma of White Musk. This fragrance offers a rich, warm scent that adds a touch of luxury to cold winter days. Cherry Blossom: Experience the delicate beauty of spring with Cherry Blossom. This light, floral scent is reminiscent of blooming cherry trees, filling the air with a sense of renewal. Features Addresses dry dandruff and scalp Promotes hair growth Enhances shine Gentle cleansing without irritating the scalp Hair Concerns Dry Scalp Hair Growth Hair Types Suitable for all hair types Made In South Korea How to use Wet hair and scalp with water. Massage product into the scalp and create lather. Massage hair and scalp. Rinse thoroughly with lukewarm water. Ingredients Key Highlights Caffeine Panthenol Niacinamide Salicylic Acid Ingredient Highlights Paraben-Free Silicone-Free Oil-Free</p><h6>Ingredients</h6><p>Full list of ingredients Water / Aqua, Sodium Coco-Sulfate, Coco-Glucoside, Decyl Glucoside, Coco-Betaine, Glycerin, Caffeine, Sodium Chloride, Ziziphus Jujuba Fruit Extract, Angelica Gigas Extract, Morus Alba Bark Extract, Glycine Max (Soybean) Seed Extract, Portulaca Oleracea Extract, Polygonum Multiflorum Root Extract, Asarum Sieboldii Root Extract, Sophora Flavescens Root Extract, Thuja Occidentalis Leaf Extract, Lycium Chinese Fruit Extract, Ginkgo Biloba Leaf Extract, Carthamus Tinctorius (Safflower) Flower Extract, Hydrolyzed Collagen, Diospyros Kaki Fruit Extract, Camellia Japonica Leaf Extract, Ceratonia Siliqua (Carob) Fruit Extract, Rheum Palmatum Root Extract, Dioscorea Japonica Root Extract, Ulmus Davidiana Root Extract, Lithospermum Erythrorhizon Root Extract, Camellia Sinensis Leaf Extract, Glycyrrhiza Glabra (Licorice) Root Extract, Panax Ginseng Root Extract, Cordyceps Sinensis Extract, Paeonia Lactiflora Root Extract, Menthol, Panthenol, Salicylic Acid, Niacinamide, Allantoin, Betaine, Propylene Glycol Laurate, Hydroxyacetophenone, Guar Hydroxypropyltrimonium Chloride, Dipropylene Glycol, Caprylyl Glycol, Citric Acid, Sodium Gluconate, Dipotassium Glycyrrhizate, Butylene Glycol, 1,2-Hexanediol, Fragrance, Alpha-Isomethyl lonone, Coumarin, Hexl Cinnamal, Hydroxycitronellal, Linalool Ingredients subject to change at manufacturer's discretion. For the most complete and up-to-date list of ingredients, please refer to product packaging.</p>","KUNDAL","Hair Care","Imported, TSB, Teemdrop_Auto_Fulfill",TRUE,Title,Default Title,"8757764227308",0,,999,deny,manual,31.93,TRUE,TRUE,"https://cdn.shopify.com/s/files/1/0515/4589/9157/files/Caffeine_Shampoo.png?v=1754431722"
"kundal-tea-tree-macadamia-deep-cleansing-shampoo-500ml","KUNDAL Tea Tree & Macadamia Deep Cleansing Shampoo (500ml)","<p>An invigorating deep cleansing shampoo enriched with tea tree extract and peat water. KUNDAL Tea Tree &amp; Macadamia Deep Cleansing Shampoo is infused with 43 different natural extracts to nurture and rejuvenate the hair. It contains gentle plant-derived surfactants to gently yet deeply cleanse the scalp without irritation. It is pH-balanced to promote healthier scalp and hair. With 10,000 ppm Tea Tree Leaf Extract &amp; 5,000 ppm Peat Water, the scalp is left moisturized and free from impurities. White Musk: Indulge in the sensual and sophisticated aroma of White Musk. This fragrance offers a rich, warm scent that adds a touch of luxury to cold winter days. Baby Powder: Relive the comforting aroma of Baby Powder. This scent offers a soft, gentle fragrance that evokes a sense of warmth and coziness. Cherry Blossom: Experience the delicate beauty of spring with Cherry Blossom. This light, floral scent is reminiscent of blooming cherry trees, filling the air with a sense of renewal. Features Plant-derived sulfate cleanses gently and effectively Moisturizing for scalp and hair pH-balanced Over 40 different plant-derived extract Hair Concerns Dry Scalp Hair Types Suitable for all hair types Made In South Korea How to use Wet hair and scalp with water. Massage product into the scalp and create lather. Massage hair and scalp. Rinse thoroughly with lukewarm water. Ingredients Key Highlights 10,000 ppm Tea Tree Leaf Extract 5,000 ppm Peat Water 4,000 ppm Macadamia Seed Extract Ingredient Highlights Paraben-Free Silicone-Free Sulfate-Free</p><h6>Ingredients</h6><p>Full list of ingredients Water, Sodium Cocoyl Alaninate, Lauryl Hydroxysother leading brandsine, Lauryl Glucoside, Sodium Cocoyl Isethionate, Erythritol, Glycerin, Peat Water, Melaleuca Alternifolia (Tea Tree) Leaf Extract, Macadamia Ternifolia Seed Extract, Honey Extract, Sesamum Indicum (Sesame) Seed Extract, Glycine Soja (Soybean) Seed Extract, Sophora Flavescens Root Extract, Avena Sativa (Oat) Kernel Extract, Panicum Miliaceum (Millet) Seed Extract, Vigna Radiata Seed Extract, Camellia Sinensis Seed Extract, Codonopsis Lanceolata Root Extract, Perilla Ocymoides Seed Extract, Peucedanum Graveolens (Dill) Extract, Lavandula Angustifolia (Lavender) Flower Extract, Melissa Officinalis Leaf Extract, Rosmarinus Officinalis (Rosemary) Leaf Extract, Aspalathus Linearis Leaf Extract, Salvia Hispanica Seed Extract, Centella Asiatica Extract, Hordeum Vulgare Seed Extract, Saponaria Officinalis Extract, Salvia Officinalis (Sage) Leaf Extract, Olea Europaea (Olive) Leaf Extract, Arctium Lappa Root Extract, Laurus Nobilis Leaf Extract, Eucalyptus Globulus Leaf Extract, Coix Lacryma-Jobi Ma-yuen Seed Extract, Leonurus Sibiricus Extract, Panax Ginseng Root Extract, Carthamus Tinctorius (Safflower) Flower Extract, Rosa Hybrid Flower Extract, Anemarrhena Asphodeloides Root Extract, Lithospermum Erythrorhizon Root Extract, Rehmannia Chinensis Root Extract, Angelica Gigas Root Extract, Acorus Calamus Root Extract, Cnidium Officinale Root Extract, Pueraria Lobata Root Extract, Chenopodium Quinoa Seed Extract, Polygonum Multiflorum Root Extract, Secale Cereale (Rye) Seed Extract, Scutellaria Baicalensis Root Extract, Foeniculum Vulgare (Fennel) Seed Extract, Hibiscus Sabdariffa Flower Extract, Argania Spinosa Kernel Oil, Macadamia Integrifolia Seed Oil, Butyrospermum Parkii (Shea) Butter, Persea Gratissima (Avocado) Oil, Cocos Nucifera (Coconut) Oil, Simmondsia Chinensis (Jojoba) Seed Oil, Hydroxyacetophenone, Sodium Isethionate, Polyquaternium-10, Menthol, Sodium Gluconate, Arginine, Sodium Chloride, Coconut Acid, Citric Acid, Dipropylene Glycol, Caprylyl Glycol, Ethylhexylglycerin, 1,2-Hexanediol, Dipotassium Glycyrrhizate, Fragrance Ingredients subject to change at manufacturer's discretion. For the most complete and up-to-date list of ingredients, please refer to product packaging.</p>","KUNDAL","Hair Care","Imported, TSB, Teemdrop_Auto_Fulfill",TRUE,Title,Default Title,"8757776548076",0,,999,deny,manual,24.93,TRUE,TRUE,"https://cdn.shopify.com/s/files/1/0515/4589/9157/files/500.png?v=1735333660"
"kundal-protein-bonding-shampoo-500ml","KUNDAL Protein Bonding Shampoo (500ml)","<p>Spa-like hair care to strengthen and smooth damaged hair KUNDAL Protein Bonding Shampoo helps you achieve salon-like hair care at home. It revitalizes fragile and damaged hair with the patented Bonding Technology™ which penetrates proteins and moisture deep into the hair cuticle, making the hair stronger and healthier. Unlock a beautiful, luminous shine with the Pink Glam Complex of Provence Rose, Tulip, and Hibiscus extracts. Violet Muguet: Experience the delicate and floral fragrance of Violet Muguet. This perfume evokes a fresh, spring-like feeling that brightens up any day Features Double care bonding technology Increases hair strength and repairs damaged hair Infuses hair with moisture Effectively cleans while balancing pH Pink-Glam Complex leaves hair soft and silky Hair Concerns Damaged Hair Dry Hair Split Ends Frizzy Hair Hair Types All hair types. Made In South Korea How to use Take an adequate amount of shampoo, apply all over the scalp and hair and rinse off with water. Key Ingredients Protein Bonding System: strengthens hair Hydro Booster: 6 types of hyaluronic acid to moisturize Ingredient Highlights Mineral-Oil Free Silicone-Free Paraben-Free Sulfate-Free</p><h6>Ingredients</h6><p>Full list of ingredients Water, Sodium C14-16 Olefin Sulfonate, Cocamidopropyl Betaine, Cocamide MEA, Glycol Distearate, Sodium chloride, Glycerin, Tetradecene, Hydroxyacetophenone, Citric Acid, Hexadecene, Polyquaternium-10, Rosa Centifolia Flower Extract, Butylene glycol, Ethylhexylglycerin, Polyquaternium-7, Guar Hydroxypropyltrimonium Chloride, Disodium EDTA, 1,2-Hexanediol, Sodium Benzoate, Maltodextrin, Tulipa Gesneriana Flower Extract, Hibiscus Sabdariffa Flower Extract, Chlorella Ferment, Propanediol, Hydrolyzed Soy Protein, Hydrolyzed Wheat Protein, Hydrolyzed Corn Protein, Glycine, Serine, Glutamic Acid, Benzyl Glycol, Aspartic Acid, Leucine, Hydrolyzed Glycosaminoglycans, Sodium Hyaluronate, Alanine, Lysine, Arginine, Tyrosine, Phenylalanine, Threonine, Proline, Valine, Isoleucine, Histidine, Methionine, Cysteine, Sodium Hyaluronate Crosspolymer, Hydrolyzed Hyaluronic Acid, Hydroxypropyltrimonium Hyaluronate, Hyaluronic Acid, Sodium Acetylated Hyaluronate, Fragrance</p>","KUNDAL","Hair Care","Imported, TSB, Teemdrop_Auto_Fulfill",TRUE,Title,Default Title,"8757730377964",0,,999,deny,manual,35.93,TRUE,TRUE,"https://cdn.shopify.com/s/files/1/0515/4589/9157/files/Protein_Shampoo.png?v=1754431922"
"kundal-airy-volume-hyaluron-treatment-500ml","KUNDAL Airy Volume Hyaluron Treatment (500ml)","<p>A hyaluronic acid infused treatment that delivers moisture deep into the scalp and hair. KUNDAL Airy Volume Hyaluron Treatment helps to maintain the scalp's oil-water balance and promotes healthy, voluminous hair that is light as air. Hyaluronic plumping technology delivers moisture deep into the scalp and hair. It also contains Blue Marine Complex to nourish and strengthen damaged hair. Featuring a floral Blossom Breeze fragrance. Features Lightweight, volumizing formula Floral fragrance Skin irritation test completed Moisturizing and repairs damaged hair Hair Concerns Damaged Hair Flat Hair Dry Hair Hair Types Suitable for all hair types Made In South Korea How to use Massage product into the scalp and hair. Rinse thoroughly. Key Highlights Hyaluronic Acid Ingredient Highlights Sulfate-Free Mineral Oil Free Paraben-Free Silicone-Free</p><h6>Ingredients</h6><p>Full list of ingredients Water, Glycerin, Behentrimonium Chloride, Stearyl Alcohol, Cetyl Alcohol, Helianthus Annuus (Sunflower) Seed Oil, Isopropyl Alcohol, Hydroxyacetophenone, Caprylyl Glycol, Guar Hydroxypropyltrimonium Chloride, Disodium EDTA, Sea Water, Butylene Glycol, Dipropylene Glycol, 1,2-Hexanediol, Panthenol, Undaria Pinnatifida Extract, Laminaria Japonica Extract, Hydrogenated Lecithin, Sorbitan Olivate, Cetearyl Olivate, Hizikia Fusiforme Extract, Sodium Hyaluronate(110ppb), Gluconolactone, Capryloyl Salicylic Acid, Biotin, Ecklonia Cava Extract, Codium Fragile Extract, Sargassum Fulvellum Extract, Gelidium Cartilagineum Extract, Hydrolyzed Soy Protein, Hydrolyzed Rice Protein, Hydrolyzed Pea Protein, Hydrolyzed Hazelnut Protein, Hydrolyzed Barley Protein, Hydroxypropyltrimonium Hyaluronate, Sodium Acetylated Hyaluronate, Hydrolyzed Hyaluronic Acid, Hyaluronic Acid, Glycine, Sodium Hyaluronate Crosspolymer, Hydrolyzed Sodium Hyaluronate, Glutamic Acid, Arginine, Potassium Hyaluronate, Fragrance, Limonene, Linalool Ingredients subject to change at manufacturer's discretion. For the most complete and up-to-date list of ingredients, please refer to product packaging.</p>","KUNDAL","Hair Care","Imported, TSB, Teemdrop_Auto_Fulfill",TRUE,Title,Default Title,"8757747745004",0,,999,deny,manual,26.93,TRUE,TRUE,"https://cdn.shopify.com/s/files/1/0515/4589/9157/files/Remove_background_project.png?v=1735326654"
"kundal-protein-bonding-no-wash-treatment-130ml","KUNDAL Protein Bonding No Wash Treatment (130ml)","<p>Spa-like hair care to strengthen and smooth damaged hair KUNDAL Protein Bonding No Wash Treatment helps you achieve salon-like hair care at home. It revitalizes fragile and damaged hair with the patented Bonding Technology™ which penetrates proteins and moisture deep into the hair cuticle, making the hair stronger and healthier. Unlock a beautiful, luminous shine with the Pink Glam Complex of Provence Rose, Tulip, and Hibiscus extracts. Violet Muguet: Experience the delicate and floral fragrance of Violet Muguet. This perfume evokes a fresh, spring-like feeling that brightens up any day Features Double care bonding technology Increases hair strength and repairs damaged hair Infuses hair with moisture Pink-Glam Complex leaves hair soft and silky Leave on treatment that also prevents heat damage Hair Concerns Damaged Hair Dry Hair Split Ends Frizzy Hair Hair Types All hair types Made In South Korea How to use Wet hair: After shampooing, evenly apply entire hair and tip of damaged hair except for scalp and absorb. Dry hair: Apply extremely small amount of the product on damaged area and absorb to prevent hair lumps. Tip: When applied on hair before using heat devices, it minimizes hair damage. Key Ingredients Protein Bonding System: strengthens hair Hydro Booster: 6 types of hyaluronic acid to moisturize Ingredient Highlights Mineral-Oil Free Paraben-Free Sulfate-Free</p><h6>Ingredients</h6><p>Full list of ingredients Cyclopentasiloxane, Water, Butylene Glycol, Dimethiconol, Cetyl Alcohol, Glycerin, Behentrimonium Chloride, Stearyl Alcohol, Cetrimonium Chloride, Isopropyl alcohol, Myristyl Alcohol, Rosa Centifolia Flower Extract, Caprylyl Glycol, Lauryl Alcohol, 1,2-Hexanediol, Maltodextrin, Hibiscus Sabdariffa Flower Extract, Tulipa Gesneriana Flower Extract, Chlorella Ferment, Prunus Amygdalus Dulcis (Sweet Almond) Oil, Pistacia Vera Seed Oil, Gardenia Taitensis Flower Extract, Aleurites Moluccanus Seed Oil, Macadamia Ternifolia Seed Oil, Sclerocarya Birrea Seed Oil, Propanediol, Polysorbate 20, Citric Acid, Sodium Citrate, Hydrolyzed Soy Protein, Hydrolyzed Corn Protein, Hydrolyzed Wheat Protein, Glycine, Serine, Glutamic Acid, Benzyl Glycol, Aspartic Acid, Leucine, Hydrolyzed Glycosaminoglycans, Sodium Hyaluronate, Alanine, Lysine, Arginine, Tyrosine, Phenylalanine, Proline, Threonine, Valine, Isoleucine, Ethylhexylglycerin, Histidine, Cysteine, Methionine, Sodium Hyaluronate Crosspolymer, Hydrolyzed Hyaluronic Acid, Hydroxypropyltrimonium Hyaluronate, Hyaluronic Acid, Sodium Acetylated Hyaluronate, Disodium EDTA, Hydroxyacetophenone, Chlorphenesin, Fragrance</p>","KUNDAL","Hair Care","Imported, TSB, Teemdrop_Auto_Fulfill",TRUE,Title,Default Title,"8757738406124",0,,999,deny,manual,29.93,TRUE,TRUE,"https://cdn.shopify.com/s/files/1/0515/4589/9157/files/KUNDAL_Protein_Bonding_No_Wash_Treatment_130ml.png?v=1766255227"
"kundal-head-spa-scalp-care-scalp-tonic-100ml","KUNDAL Head Spa & Scalp Care+ Scalp Tonic (100ml)","<p>Spa-like hair care tonic to prevent hair loss KUNDAL Head Spa &amp; Scalp Care+ Scalp Tonic is an anti-hair loss tonic, crafted with the essence of vegetable caffeine green bean extract from a centuries-old Italian TESTA tradition. Green coffee bean caffeine helps prevent hair loss and stimulate the hair follicle, leading to more growth. Kundal Scalp Tonic improves blood circulation to the scalp which in turn delivers oxygen and other nutrients to the scalp and promotes healthy hair follicles. It also soothes the scalp thanks to like pine tree leaf extract, tea tree oil and peppermint extracts. It is free of harmful ingredients and uses only the best, natural ingredients to promote a healthier scalp and hair. Features Rejuvenating scalp relief Promotes healthier scalp for healthier hair Stimulates blood circulation and hair follicles Free of harmful ingredients Hair Concerns Hair Loss Hair Types All hair types. Made In South Korea How to use Shake before use Towel dry hair and apply appropriate amount onto scalp. Massage gently for 1-2 minutes. Ingredients Key Ingredients Caffeine: moisturizes and restore oil-water balance Pinus Densiflora Leaf Extract: anti-oxidant, anti-inflammatory and soothing Ingredient Highlights Mineral-Oil Free Silicone-Free Paraben-Free Sulfate-Free</p><h6>Ingredients</h6><p>Full list of ingredients Pinus Densiflora Leaf Extract, Alcohol Denat., Aqua (Water), 1,2-Hexanediol, Caffeine, Methylpropanediol, Dipropylene Glycol, Niacinamide, Glycereth-26, Menthol, Salicylic Acid, Panthenol, Allantoin, Trehalose, C12-14 Pareth-12, Polyglyceryl-10 Diisostearate, Sodium Naphthalenesulfonate, C12-13 Pareth-9, Melaleuca Alternifolia (Tea Tree) Leaf Oil, Butylene Glycol, Camellia Sinensis Leaf Extract, Mentha Piperita (Peppermint) Leaf Extract, Mentha Viridis (Spearmint) Extract, Mentha Rotundifolia Leaf Extract, Cornus Officinalis Fruit Extract, Rehmannia Glutinosa Root Extract, Dioscorea Japonica Root Extract, Alisma Orientale Tuber Extract, Paeonia Suffruticosa Root Extract, Poria Cocos Sclerotium Extract, Glycerin, Propylene Glycol, Sodium Benzoate, Rosa Davurica Bud Extract, Bambusa Vulgaris Extract, Chenopodium Quinoa Seed Extract, Diospyros Kaki Leaf Extract, Porphyridium Cruentum Extract, Ethylhexylglycerin, Fragrance</p>","KUNDAL","Hair Care","Imported, TSB, Teemdrop_Auto_Fulfill",TRUE,Title,Default Title,"8757727166700",0,,999,deny,manual,31.93,TRUE,TRUE,"https://cdn.shopify.com/s/files/1/0515/4589/9157/files/KUNDAL_Head_Spa_Scalp_Care_Scalp_Tonic_100ml.png?v=1771864599"
"kundal-dandruff-relief-shampoo-500ml","KUNDAL Dandruff Relief Shampoo (500ml)","<p>A deep cleansing shampoo for dry scalp and dandruff concerns. KUNDAL Dandruff Relief Shampoo is specifically formulated to address the symptoms of dry dandruff and scalp. It is formulated with natural like Camellia extract, a blend of 20 peptides, and persimmon extract, providing moisture and gentle exfoliation for the scalp. Anti-inflammatory Piroctone Olamine tackles the root cause of dandruff and soothes the irritation and itching associated with it. Features Addresses dry dandruff and scalp Soothes irritation and redness Moisturizing Hair Concerns Dry Scalp Dandruff &amp; Itchy Scalp Hair Types Suitable for all hair types Made In South Korea How to use Wet hair and scalp with water. Massage product into the scalp and create lather. Massage hair and scalp. Rinse thoroughly with lukewarm water. Ingredients Key Highlights Camellia extract Peptides Piroctone Olamine Ingredient Highlights Sulfate-Free Paraben-Free Silicone-Free Oil-Free</p><h6>Ingredients</h6><p>Full list of ingredients Purified Water / Aqua, Disodium Laureth Sulfosuccinate, Cocamide Methyl MEA, Cocamidopropyl Betaine, Glycerin, Sodium Chloride, Polyquaternium-22, Propanediol, Alcohol, Caprylyl Glycol, Butylene Glycol, Citric Acid, Piroctone Olamine, Tetrasodium EDTA, Sodium Citrate, 1, 2-Hexanediol, Laminaria Japonica Extract, Ulmus Davidiana Root Extract, Aloe Barbadensis Leaf Extract, Viola Mandshurica Flower Extract, Dioscorea Japonica Root Extract, Hexylene Glycol, Camellia Japonica Flower Extract, Rosa Centifolia Flower Extract, Diospyros Kaki Fruit Extract, Camellia Japonica Leaf Extract, Ceratonia Siliqua (Carob) Fruit Extract, Acetyl Hexapeptide-8, Nonapeptide-1, Dipeptide-2, Dipeptide-4, Dipeptide Diaminobutyroyl Benzylamide Diacetate, Acetyl Octapeptide-3, Acetyl Tetrapeptide-2, Acetyl Tetrapeptide-3, Acetyl Tetrapeptide-5, Acetyl Tripeptide-1, Oligopeptide-6, Copper Tripeptide-1, Tripeptide-2, Tripeptide-3, Palmitoyl Pentapeptide-4, Pentapeptide-3, Hexapeptide-2, Hexapeptide-9, Palmitoyl Tripeptide-1, Palmitoyl Tripeptide-5, Fragrance. Ingredients subject to change at manufacturer's discretion. For the most complete and up-to-date list of ingredients, please refer to product packaging.</p>","KUNDAL","Hair Care","Imported, TSB, Teemdrop_Auto_Fulfill",TRUE,Title,Default Title,"8757753970924",0,,999,deny,manual,31.93,TRUE,TRUE,"https://cdn.shopify.com/s/files/1/0515/4589/9157/files/KUNDAL_Dandruff_Relief_Shampoo_500ml.png?v=1766255225"
"kundal-airy-volume-hyaluron-shampoo-500ml","KUNDAL Airy Volume Hyaluron Shampoo (500ml)","<p>A hyaluronic acid infused shampoo for bouncy, full-bodied hair that lasts all day. KUNDAL Airy Volume Hyaluron Shampoo helps to maintain the scalp's oil-water balance and promotes healthy, voluminous hair that is light as air and lasts all day. Hyaluronic plumping technology delivers moisture deep into the scalp and hair. It is enriched with AHA and PHA to remove dead skin cells, dirt and impurities from the scalp. Featuring a floral Blossom Breeze fragrance. Features Lightweight, volumizing formula Floral fragrance Skin irritation test completed Cleanses and gently exfoliates scalp Hair Concerns Damaged Hair Flat Hair Dry Hair Hair Types Suitable for all hair types Made In South Korea How to use Massage product into the scalp and hair to create lather. Rinse thoroughly with lukewarm water. Follow with KUNDAL Airy Volume Hyaluron Treatment. Key Highlights Hyaluronic Acid Ingredient Highlights Paraben-Free Silicone-Free Alcohol-Free</p><h6>Ingredients</h6><p>Full list of ingredients Water, Disodium Laureth Sulfosuccinate, Glycerin, Lauryl Betaine, Cocamide MIPA, Sodium Chloride, Citric Acid, Polyquaternium-10, Hydroxyacetophenone, Caprylyl Glycol, Disodium EDTA, Sea Water, Butylene Glycol, Dipropylene Glycol, 1,2-Hexanediol, Panthenol, Undaria Pinnatifida Extract, Laminaria Japonica Extract, Hydrogenated Lecithin, Sorbitan Olivate, Cetearyl Olivate, Hizikia Fusiforme Extract, Sodium Hyaluronate(110ppb), Gluconolactone, Capryloyl Salicylic Acid, Biotin, Ecklonia Cava Extract, Codium Fragile Extract, Sargassum Fulvellum Extract, Gelidium Cartilagineum Extract, Hydrolyzed Soy Protein, Hydrolyzed Rice Protein, Hydrolyzed Pea Protein, Hydrolyzed Hazelnut Protein, Hydrolyzed Barley Protein, Hydroxypropyltrimonium Hyaluronate, Sodium Acetylated Hyaluronate, Hydrolyzed Hyaluronic Acid, Hyaluronic Acid, Glycine, Sodium Hyaluronate Crosspolymer, Hydrolyzed Sodium Hyaluronate, Glutamic Acid, Arginine, Potassium Hyaluronate, Fragrance, Limonene, Linalool Ingredients subject to change at manufacturer's discretion. For the most complete and up-to-date list of ingredients, please refer to product packaging.</p>","KUNDAL","Hair Care","Imported, TSB, Teemdrop_Auto_Fulfill",TRUE,Title,Default Title,"8757750726892",0,,999,deny,manual,26.93,TRUE,TRUE,"https://cdn.shopify.com/s/files/1/0515/4589/9157/files/file_4.png?v=1735326619"
"kundal-macadamia-hair-serum-100ml","KUNDAL Macadamia Hair Serum (100ml)","<p>A concentrated premium essential oil hair serum infused with natural extracts. KUNDAL Macadamia Hair Serum provides concentrated care for your hair, free from water and alcohol. It is infused with 16 different natural extracts, plant-derived squalane, and macadamia seed oil to deeply nourish, protect, and add shine to the hair. It is lightweight and absorbs quickly, so there is no sticky feeling left behind. KUNDAL's Signature Fragrances: White Musk: Indulge in the sensual and sophisticated aroma of White Musk. This fragrance offers a rich, warm scent that adds a touch of luxury to cold winter days. Cherry Blossom: Experience the delicate beauty of spring with Cherry Blossom. This light, floral scent is reminiscent of blooming cherry trees, filling the air with a sense of renewal. Baby Powder: Relive the comforting aroma of Baby Powder. This scent offers a soft, gentle fragrance that evokes a sense of warmth and coziness. Amber Vanilla: Warm up with the inviting blend of Amber Vanilla. This fragrance combines the sweetness of vanilla with the depth of amber, creating a scent that's as comforting as a warm blanket. Features Lightweight, non-sticky formula absorbs quickly Highly concentrated Moisturizing and repairing for damaged hair Hair Concerns Damaged Hair Dry Hair Hair Types All hair types Made In South Korea How to use Take an appropriate amount of product and apply evenly to wet hair. It can be used all over or specifically on damaged areas. TIP: Depending on the damage of the hair, it's more effective to reapply more frequently. Key Highlights Macadamia Ternifolia Seed Oil Plant-Derived Squalane Ingredient Highlights Alcohol-Free Paraben-Free</p><h6>Ingredients</h6><p>Full list of ingredients Cyclopentasiloxane, Dimethicone, Cyclohexasiloxane, Isododecane, Isopropyl Myristate, Macadamia Ternifolia Seed Oil, Amodimethicone, Squalane, Vegetable oil, Isopropyl Palmitate, Tocopheryl Acetate, Argania Spinosa Kernel Oil, Carthamus Tinctorius (Safflower) Seed Oil, Helianthus Annuus (Sunflower) Seed Oil, Persea Gratissima (Avocado) Oil, Vitis Vinifera (Grape) Seed Oil, Camellia Japonica Seed Oil, Oryza Sativa (Rice) Bran Oil, Prunus Amygdalus Dulcis (Sweet Almond) Oil, Prunus Armeniaca (Apricot) Kernel Oil, Simmondsia Chinensis (Jojoba) Seed Oil, Ricinus Communis (Castor) Seed Oil, Limnanthes Alba (Meadowfoam) Seed Oil, Sesamum Indicum (Sesame) Seed Oil, Plukenetia Volubilis Seed Oil, Tocopherol, Fragrance This list applies to all variants of this product. Ingredients subject to change at manufacturer's discretion. For the most complete and updated list of ingredients, refer to product packaging.</p>","KUNDAL","Hair Care","Imported, TSB, Teemdrop_Auto_Fulfill",TRUE,Title,Default Title,"8757388804332",0,,999,deny,manual,24.93,TRUE,TRUE,"https://cdn.shopify.com/s/files/1/0515/4589/9157/files/KUNDAL_Macadamia_Hair_Serum_100ml_1.png?v=1766255227"
"kundal-honey-macadamia-pure-body-wash-500ml","KUNDAL Honey & Macadamia Pure Body Wash (500ml)","<p>An aloe vera infused, moisturizing body wash. KUNDAL Honey &amp; Macadamia Pure Body Wash is packed with 33 different natural extracts, including moisturizing Honey Extract and upgraded Macadamia Ternifolia Seed Extract, plus other plant-derived natural oils that pamper the skin and leave it revitalized. It is pH-balanced and gentle, so it will not strip the skin's moisture barrier. This clean beauty product tested negative for 10 harmful . KUNDAL's Signature Fragrances: Baby Powder: Relive the comforting aroma of Baby Powder. This scent offers a soft, gentle fragrance that evokes a sense of warmth and coziness. White Musk: Indulge in the sensual and sophisticated aroma of White Musk. This fragrance offers a rich, warm scent that adds a touch of luxury to cold winter days. Cherry Blossom: Experience the delicate beauty of spring with Cherry Blossom. This light, floral scent is reminiscent of blooming cherry trees, filling the air with a sense of renewal. Pink Grapefruit: Energize your senses with the zesty aroma of Pink Grapefruit. This invigorating scent is a burst of citrusy freshness, perfect for hot summer days. Amber Vanilla: Warm up with the inviting blend of Amber Vanilla. This fragrance combines the sweetness of vanilla with the depth of amber, creating a scent that's as comforting as a warm blanket. Basil &amp; Citrus: An aroma that makes you think of juicy fruits like oranges and lemons. The aromatic and sweet fragrance mingles with rose petals and the finish ends with notes of vetiver. Features Moisturizing body wash infused with aloe vera and natural extracts Gel type that lathers easily pH-balanced Free from 10 harmful ingredients Skin Concerns Dehydrated Skin Skin Types Suitable for all skin types Made In South Korea How to use Take an adequate amount of product and apply to body in the shower, creating a strong lather. Rinse thoroughly. Ingredients Key Highlights Aloe Barbadensis Leaf Juice Honey Extract Macadamia Ternifolia Seed Extract Ingredient Highlights Mineral Oil Free Paraben-Free Silicone-Free Alcohol-Free</p><h6>Ingredients</h6><p>Full list of ingredients Aloe Barbadensis Leaf Juice, Water, Sodium C14-16 Olefin Sulfonate, Disodium Laureth Sulfosuccinate, Glycerin, Sodium Chloride , Propylene Glycol Laurate ,Sodium Cocoyl Glutamate,TEA-Cocoyl Glutamate, Butylene Glycol , Betaine, Trehalose, Hydrogenated Lecithin, Sodium Hyaluronate, Dextrin, Hydroxypropyl Methylcellulose, Arginine, Calcium Carbonate ,1,2-Hexanediol , Caprylyl Glycol, Polyquaternium-10, Xanthan Gum, Citric Acid, Disodium EDTA , Honey Extract, Macadamia Ternifolia Seed Extract , Leontopodium Alpinum Extract , Illicium Verum (Anise) Fruit Extract , Camellia Sinensis Leaf Extract, Citrus Limon (Lemon) Fruit Extract, Hamamelis Virginiana (Witch Hazel) Extract, Portulaca Oleracea Extract , Centella Asiatica Extract, Rosmarinus Officinalis (Rosemary) Extract, Avena Sativa (Oat) Kernel Extract , Glycyrrhiza Glabra (Licorice) Root Extract, Adansonia Digitata Seed Extract, Salvia Officinalis (Sage) Leaf Extract, Euterpe Oleracea Fruit Extract , Rubus Idaeus (Raspberry) Fruit Extract, Camellia Japonica Flower Extract, Rose Extract, Arnica Montana Flower Extract , Anthemis Nobilis Flower Extract, Callicarpa Japonica Fruit Extract, Cornus Controversa Extract , Cocos Nucifera (Coconut) Oil, Camellia Japonica Seed Oil , Simmondsia Chinensis (Jojoba) Seed Oil, Fragrance, Benzyl Salicylate,Citronellol, Hexyl Cinnamal, Linalool This list represents all variants of this product. Ingredients subject to change at manufacturer's discretion. For the most up to date list of ingredients, refer to product packaging.</p>","KUNDAL","Bath & Body","Imported, TSB, Teemdrop_Auto_Fulfill",TRUE,Title,Default Title,"8757373796588",0,,999,deny,manual,24.93,TRUE,TRUE,"https://cdn.shopify.com/s/files/1/0515/4589/9157/files/KUNDAL_Honey_Macadamia_Pure_Body_Wash_500ml.png?v=1766255226"
"kundal-honey-macadamia-shampoo","KUNDAL Honey & Macadamia Shampoo","<p>Plant based fragrant shampoo for smooth, healthy hair. KUNDAL Honey &amp; Macadamia Shampoo uses clean, natural hair extracts for hair revitalization. Featuring honey and macadamia, these are well known to be highly nourishing and moisturizing for the hair. The formula is free of unnecessary chemicals and is weakly acidic to provide the ideal pH balance for healthy hair and scalp. Available Scents: Baby Powder: Relive the comforting aroma of Baby Powder. This scent offers a soft, gentle fragrance that evokes a sense of warmth and coziness. White Musk: Indulge in the sensual and sophisticated aroma of White Musk. This fragrance offers a rich, warm scent that adds a touch of luxury to cold winter days. Cherry Blossom: Experience the delicate beauty of spring with Cherry Blossom. This light, floral scent is reminiscent of blooming cherry trees, filling the air with a sense of renewal. Pink Grapefruit: Energize your senses with the zesty aroma of Pink Grapefruit. This invigorating scent is a burst of citrusy freshness, perfect for hot summer days. Amber Vanilla: Warm up with the inviting blend of Amber Vanilla. This fragrance combines the sweetness of vanilla with the depth of amber, creating a scent that's as comforting as a warm blanket. Features 44 types of plant-derived ingredients pH balanced formula Moisturizes and adds shine to tame frizzy hair Fragrant, long-lasting scent Hair Concerns Damaged hair Dry Hair Frizzy Hair Hair Types All hair types Made In South Korea How to use Take an adequate amount of shampoo, apply all over the scalp and hair and rinse off with water. Ingredients Key Highlights Honey Macadamia Ingredient Highlights Sulfate-Free Alcohol-Free Mineral Oil Free Paraben-Free Silicone-Free</p><h6>Ingredients</h6><p>Full list of ingredients Water, Sodium Cocoyl Alaninate, Lauryl Hydroxysother leading brandsine, Lauryl Glucoside, Sodium Cocoyl Isethionate, Glycerin, Erythritol, Sodium Methyl Cocoyl Taurate, Honey Extract, Macadamia Ternifolia Seed Extract, Sesamum Indicum (Sesame) Seed Extract, Oenothera Biennis (Evening Primrose) Flower Extract, Glycine Soja (Soybean) Seed Extract, Vaccinium Angustifolium (Blueberry) Fruit Extract, Undaria Pinnatifida Extract, Fragaria Chiloensis (Strawberry) Fruit Extract, Morus Alba Root Extract, Cornus Officinalis Fruit Extract, Taraxacum Officinale (Dandelion) Leaf Extract, Rubus Fruticosus (Blackberry) Fruit Extract, Oryza Sativa (Rice) Extract, Nelumbo Nucifera Flower Extract, Angelica Gigas Root Extract, Rosa Centifolia Flower Extract, Hibiscus Sabdariffa Flower Extract, Camellia Sinensis Leaf Extract, Ulmus Davidiana Root Extract, Lavandula Angustifolia (Lavender) Flower Extract, Melissa Officinalis Leaf Extract, Chamomilla Recutita (Matricaria) Flower Extract, Centella Asiatica Extract, Pelargonium Graveolens Extract, Origanum Vulgare Leaf Extract, Eucalyptus Globulus Leaf Extract, Panax Ginseng Root Extract, Rehmannia Chinensis Root Extract, Pueraria Lobata Root Extract, Thymus Vulgaris (Thyme) Extract, Melaleuca Alternifolia (Tea Tree) Extract, Mentha Piperita (Peppermint) Leaf Extract, Glycyrrhiza Uralensis (Licorice) Root Extract, Rosmarinus Officinalis (Rosemary) Leaf Extract, Scutellaria Baicalensis Root Extract, Saccharomyces Cerevisiae Extract, Laminaria Japonica Extract, Salicornia Herbacea Extract, Brassica Napus Extract, Narcissus Pseudo-Narcissus (Daffodil) Flower Extract, Pinus Palustris Leaf Extract, Polygonum Cuspidatum Root Extract, Diospyros Kaki Fruit Extract, Camellia Japonica Leaf Extract, Ceratonia Siliqua (Carob) Fruit Extract, Argania Spinosa Kernel Oil, Simmondsia Chinensis (Jojoba) Seed Oil, Cocos Nucifera (Coconut) Oil, Persea Gratissima (Avocado) Oil, Macadamia Ternifolia Seed Oil, Butyrospermum Parkii (Shea) Butter, Guar Hydroxypropyltrimonium Chloride, Polyquaternium-10, Sodium Chloride, Betaine, Allantoin, Panthenol, Arginine, Sodium Gluconate, Citric Acid, Coconut Acid, Sodium Isethionate, Butylene Glycol, Dipropylene Glycol, Dipotassium Glycyrrhizate, 1,2-Hexanediol, Ethylhexylglycerin, Hydroxyacetophenone, Caprylyl Glycol, Fragrance</p>","KUNDAL","Hair Care","Imported, TSB, Teemdrop_Auto_Fulfill",TRUE,Title,Default Title,"8756097548524",0,,999,deny,manual,6.94,TRUE,TRUE,"https://cdn.shopify.com/s/files/1/0515/4589/9157/files/KUNDAL_Honey_Macadamia_Shampoo.png?v=1766255226"
"kundal-honey-macadamia-protein-treatment","KUNDAL Honey & Macadamia Protein Treatment","<p>Plant based fragrant protein treatment for smooth, healthy hair. KUNDAL Honey &amp; Macadamia Protein Treatment uses clean, natural hair extracts for hair revitalization. Featuring low-molecular weight polypeptides and hydrolyzed protein along with honey and macadamia, these work in synergy to repair and deeply nourish damage hair. The formula is free of unnecessary chemicals and is weakly acidic to provide the ideal pH balance for healthy hair and scalp. Available Scents: Baby Powder (500ml/100ml): Relive the comforting aroma of Baby Powder. This scent offers a soft, gentle fragrance that evokes a sense of warmth and coziness. White Musk (500ml/100ml): Indulge in the sensual and sophisticated aroma of White Musk. This fragrance offers a rich, warm scent that adds a touch of luxury to cold winter days. Cherry Blossom (500ml): Experience the delicate beauty of spring with Cherry Blossom. This light, floral scent is reminiscent of blooming cherry trees, filling the air with a sense of renewal. Pink Grapefruit (500ml): Energize your senses with the zesty aroma of Pink Grapefruit. This invigorating scent is a burst of citrusy freshness, perfect for hot summer days. Amber Vanilla (500ml): Warm up with the inviting blend of Amber Vanilla. This fragrance combines the sweetness of vanilla with the depth of amber, creating a scent that's as comforting as a warm blanket. Features 29 types of plant-derived ingredients pH balanced formula Moisturizes and adds shine to tame frizzy hair Features low molecular weight polypeptides and hydrolyzed protein to repair hair Fragrant, long-lasting scent Hair Concerns Damaged hair Dry Hair Frizzy Hair Hair Types All hair types Made In South Korea How to use After shampoo, apply a generous amount of treatment evenly to scalp and hair. Rinse off with warm water after 2~3 minutes. Ingredients Key Highlights Honey Macadamia Low Molecular Weight Polypeptides Hydrolyzed Protein Ingredient Highlights Sulfate-Free Mineral Oil Free Paraben-Free</p><h6>Ingredients</h6><p>Full list of ingredients Water, Cetearyl Alcohol, Stearyl Alcohol, Dimethicone, Behentrimonium Chloride, Cyclopentasiloxane, Propylene Glycol, Amodimethicone, Alcohol, Tocopheryl Acetate, Dimer Dilinoleyl Dimer Dilinoleate, Hydroxyacetophenone, Dipropylene Glycol, Caprylic/Capric Triglyceride, Trehalose, Steartrimonium Chloride, Caprylyl Glycol, C12-14 sec-Pareth-7, Macadamia Ternifolia Seed Extract, Honey Extract, Betaine, Disodium EDTA, Cyclomethicone, Trideceth-10, Butylene Glycol, Arachidyl Alcohol, Panthenol, 1,2-Hexanediol, Cetyl Alcohol, Citric Acid, Brassicamidopropyl Dimethylamine, Dipotassium Glycyrrhizate, Calendula Officinalis Flower Oil, Cocos Nucifera (Coconut) Oil, Persea Gratissima (Avocado) Oil, Argania Spinosa Kernel Oil, Butyrospermum Parkii (Shea) Butter, Prunus Armeniaca (Apricot) Kernel Oil, Sclerocarya Birrea Seed Oil, Silk Amino Acids, Cyclohexasiloxane, Hydrolyzed Soy Protein, Hydrolyzed Collagen, Hydrolyzed Keratin, Hydrolyzed Silk, Glycerin, Polygonum Multiflorum Root Extract, Angelica Gigas Root Extract, Asarum Sieboldi Root Extract, Portulaca Oleracea Extract, Thuja Orientalis Leaf Extract, Lycium Chinense Fruit Extract, Sophora Angustifolia Root Extract, Nelumbo Nucifera Flower Extract, Prunus Serrulata Flower Extract, Salvia Officinalis (Sage) Extract, Camellia Japonica Flower Extract, Propolis Extract, Acorus Calamus Root Extract, Malpighia Emarginata (Acerola) Fruit Extract, Euterpe Oleracea Fruit Extract, Pyrus Malus (Apple) Fruit Extract, Prunus Serotina (Wild Cherry) Fruit Extract, Prunus Persica (Peach) Fruit Extract, Adansonia Digitata Seed Extract, Moringa Oleifera Seed Extract, Laminaria Japonica Extract, Carthamus Tinctorius (Safflower) Flower Extract, Ginkgo Biloba Leaf Extract, Sodium Hyaluronate, Ceratonia Siliqua (Carob) Fruit Extract, Camellia Japonica Leaf Extract, Diospyros Kaki Fruit Extract, Fragrance</p>","KUNDAL","Hair Care","Imported, TSB, Teemdrop_Auto_Fulfill",TRUE,Title,Default Title,"8757552218348",0,,999,deny,manual,24.93,TRUE,TRUE,"https://cdn.shopify.com/s/files/1/0515/4589/9157/files/ORIG_KUNDAL_Honey___Macadamia_Protein_Treatment-removebg-preview.png?v=1766255226"
"bouncy-firm-sleeping-mask-60ml","Bouncy & Firm Sleeping Mask (60ml)","<p>Experience the ultimate in overnight restoration with this high-fidelity firming mask. Engineered with LANEIGE's proprietary Peony & Collagen Complex™, it delivers a comprehensive 'slow aging' treatment that visibly plumps and firms the skin while you sleep. The innovative melting glow capsules mimic skin-identical lipids to reinforce the moisture barrier, while micro-sized Peptides help preserve natural collagen. Wake up to a visibly smoother, more radiant, and resilient complexion that glows with youthful vitality.</p><h6>Ingredients</h6><p>Water, Butylene Glycol, Peony & Collagen Complex, Peptides, Hyaluronic Acid, Green Tea Probiotic Lysate, Squalane, Ceramide NP.</p>","LANEIGE","Masks","Imported, TSB, Teemdrop_Auto_Fulfill",TRUE,Title,Default Title,"9120818102508",0,,999,deny,manual,41.82,TRUE,TRUE,"https://cdn.shopify.com/s/files/1/0515/4589/9157/files/LANEIGE_Bouncy_Firm_Sleeping_Mask_60ml.png?v=1771866375"
"water-bank-blue-hyaluronic-intensive-moisture-cream-50ml","Water Bank Blue Hyaluronic Intensive Moisture Cream (50ml)","<p>A clinical-strength moisture barrier treatment powered by next-generation Blue Hyaluronic Acid. This high-fidelity cream delivers up to 100 hours of intense hydration using micro-sized molecules that penetrate deeper and faster than traditional HA. Fortified with Pepta-Panthenol Complex™ and Squalane, it provides immediate relief for dry, compromised skin while unveiling a healthy, hydrated glow. The silk-soft formula reinforces the skin's natural defenses, ensuring a resilient and luminous finish.</p><h6>Ingredients</h6><p>Water, Blue Hyaluronic Acid, Squalane, Pepta-Panthenol Complex, Ceramide NP, Glycerin, Butylene Glycol.</p>","LANEIGE","Moisturizers","Imported, TSB, Teemdrop_Auto_Fulfill",TRUE,Title,Default Title,"9050763919596",0,,999,deny,manual,49.97,TRUE,TRUE,"https://cdn.shopify.com/s/files/1/0515/4589/9157/files/LANEIGE_Water_Bank_Hyaluronic_Intensive_Moisture_Cream_50ml.png?v=1771866293"
"water-bank-blue-hyaluronic-intensive-gel-cream-50ml","Water Bank Blue Hyaluronic Intensive Gel Cream (50ml)","<p>An innovative, ultra-lightweight gel cream engineered with Blue Hyaluronic Acid micro-particles for precision hydration. This high-fidelity formula features unique cream beads that burst upon contact to deliver intense moisture without heaviness. Infused with cooling Mint Leaf Extract to regulate oil balance and minimize shine, it is the perfect solution for oily to combination skin seeking a perfectly matte yet hydrated finish. Experience 48 hours of weightless, cooling comfort and visible skin repair.</p><h6>Ingredients</h6><p>Water, Blue Hyaluronic Acid (1/2000th size), Mint Leaf Extract, Glycerin, Propanediol, Betaine, Malachite Extract.</p>","LANEIGE","Moisturizers","Imported, TSB, Teemdrop_Auto_Fulfill",TRUE,Title,Default Title,"9050763264236",0,,999,deny,manual,49.97,TRUE,TRUE,"https://cdn.shopify.com/s/files/1/0515/4589/9157/files/LANEIGE_Water_Bank_Hyaluronic_Intensive_Gel_Cream_50ml.png?v=1771866707"
"water-sleeping-mask-70ml","Water Sleeping Mask (70ml)","<p>The global bestseller that revolutionized overnight skincare, now in its most advanced formulation. This high-fidelity sleeping mask is engineered with a proprietary Probiotic-Derived Complex to strengthen the skin's defense while micro-sized Squalane delivers intense, breathable hydration. Designed to work in harmony with your skin's circadian rhythm, it purifies and revitalizes tired skin overnight. Wake up to a visibly brighter, smoother, and deeply hydrated complexion that radiates with a healthy 'glass skin' glow.</p><h6>Ingredients</h6><p>Water, Butylene Glycol, Glycerin, Trehalose, Methyl Trimethicone, 1,2-Hexanediol, Squalane, Probiotic-Derived Complex, Hyaluronic Acid, Beta-Glucan.</p>","LANEIGE","Masks","Imported, TSB, Teemdrop_Auto_Fulfill",TRUE,Title,Default Title,"5707",0,,999,deny,manual,34.19,TRUE,TRUE,"https://cdn.shopify.com/s/files/1/0515/4589/9157/files/LANEIGE_Water_Sleeping_Mask_70ml.png?v=1766256201"
"lip-sleeping-mask-berry-20g","Lip Sleeping Mask [Berry] (20g)","<p>The iconic, award-winning lip treatment that delivers high-fidelity overnight repair for a perfectly soft pout. Formulated with LANEIGE's exclusive Moisture Wrap™ technology and a potent Berry Mix Complex™, it creates a protective film over the lips to lock in moisture and active ingredients. Rich in Vitamin C and antioxidants, this luxurious mask gently dissolves dead skin cells while you sleep, revealing smooth, supple, and deeply nourished lips by morning. An essential step for a flawless, hydrated smile.</p><h6>Ingredients</h6><p>Diisostearyl Malate, Hydrogenated Polyisobutene, Phytosteryl/Isostearyl/Cetyl/Stearyl/Behenyl Dimer Dilinoleate, Berry Mix Complex, Vitamin C, Shea Butter, Lycium Chinense Fruit Extract.</p>","LANEIGE","Lip Care","Imported, TSB, Teemdrop_Auto_Fulfill",TRUE,Title,Default Title,"5708",0,,999,deny,manual,23.67,TRUE,TRUE,"https://cdn.shopify.com/s/files/1/0515/4589/9157/files/Laneige_Berry.png?v=1757301542"
"cica-sleeping-mask-60ml","Cica Sleeping Mask (60ml)","<p>A high-fidelity therapeutic overnight mask specifically engineered for sensitive and stressed skin. Powered by LANEIGE's proprietary 'Forest Yeast'—a potent Cica ingredient derived from naturally fermented forest vines—it provides 111.9% more effective skin repair than traditional madecassoside. This hypoallergenic formula works during the skin's golden repair hours to strengthen the moisture barrier and soothe deep-seated irritation. Experience intensive recovery that leaves your skin feeling calm, resilient, and profoundly hydrated.</p><h6>Ingredients</h6><p>Water, Propanediol, Cetyl Ethylhexanoate, Squalane, Panthenol, Cetearyl Alcohol, Forest Yeast Extract (Aureobasidium Pullulans Ferment), Asiaticoside, Madecassic Acid, Asiatic Acid, Tea Tree Leaf Oil.</p>","LANEIGE","Masks","Imported, TSB, Teemdrop_Auto_Fulfill",TRUE,Title,Default Title,"5714",0,,999,deny,manual,34.19,TRUE,TRUE,"https://cdn.shopify.com/s/files/1/0515/4589/9157/files/LANEIGE_Cica_Sleeping_Mask_60ml.png?v=1766256200"
"lululun-premium-kyoto-green-tea-sheet-mask-kyoto-limited-release","LULULUN Premium Kyoto Green Tea Sheet Mask - Kyoto Limited Release","<p>Limited edition Kyoto Tea Flower Fragrance from the Traveling Lululun series. LULULUN Premium Kyoto Green Tea Sheet Mask c ontains Uji tea leaf extract from Kyoto that smooths the skin. Each sheet is infused with naturally-derived green tea grown in the region, providing gentle and elegant fragrance while nourishing your skin. This mask targets fine lines and wrinkles, smoothing the skin and adds a radiating glow. Relax with the rich scent of tea and i ndulge in the beauty secrets of Kyoto. Features Thick and fluffy sheet mask Tighten skin and prevent wrinkles Smooths skin and adds glow Skin Concern Dullness Anti-aging Dehydrated skin Skin Types All Skin Types, Suitable for sensitive skin Made In Japan How to use Apply the mask to clean skin. Place the mask over eye area first, then spread over entire face. Leave it for 10-15 minutes. Apply the remaining essence on your body such as décolleté and neck, spreading to arms and legs. Then follow with a moisturizer. Key Ingredients Uji tea extracts Loquat leaf extracts Silkworm cocoon extracts Ingredient Highlights Silicone-Free Sulfate-Free Mineral Oil-Free</p><h6>Ingredients</h6><p>Full list of ingredients Water, glycerin, BG, panthenol, hydroxypropyltrimonium hyaluronate, tea leaf extract, tea flower extract, tea seed oil, silkworm cocoon extract, loquat leaf extract, PEG-40 hydrogenated castor oil, xanthan gum, citric acid, sodium citrate, phenoxyethanol, methylparaben, fragrance Note this is not an exhaustive list of ingredients. Refer to product packaging for most up to date list.</p>","Lululun","Masks","Imported, TSB, Teemdrop_Auto_Fulfill",TRUE,Title,Default Title,"8630537191660",0,,999,deny,manual,7.00,TRUE,TRUE,"https://cdn.shopify.com/s/files/1/0515/4589/9157/files/tea-product1_2_1680x_a2f3d333-00e4-4057-97d6-dca6cc2c1e96.jpg?v=1724336281"
"lululun-aura-bright-face-mask","LULULUN Aura Bright Face Mask","<p>A romantic blend of heritage, nature, and beauty, for skin that blossoms LULULUN Aura Bright Face Mask tackles the cause of dull skin rom multiple angles. It contains a balanced blend of skin-conditioning beauty , including pure vitamin C, salmon-derived DNA-Na, glutathione, as well as and ultra-fine gold particles for firming and radiance! The milky-white toner texture is skin-friendly and can be easily absorbed, penetrating smoothly into the stratum corneum while preventing moisture evaporation, resulting in a hydrated glow. Features Thick sheets that hydrates and is a ntioxidant rich Supports firmness, bounce, and skin elasticity Enhances glow and improves luminosity while reducing signs of fatigue Skin Concern Dullness Dryness Rough Skin Uneven Skin Skin Types All Skin Types, Suitable for sensitive skin Made In Japan How to use Apply the mask to clean skin. Place the mask over eye area first, then spread over entire face. Leave it for 10-15 minutes. Apply the remaining essence on your body such as décolleté and neck, spreading to arms and legs. Then follow with a moisturizer. Ingredients Key Ingredients Salmon DNA : P rovides skin with softness and elasticity, creating a plump and firm texture. Glutathione : A ntioxidant that helps clarify and even out skin tone Ceramides : Strengthens, protects and reinforces your skin barrier. Ingredient Highlights Silicone-Free Sulfate-Free Alcohol-Free Paraben-Free Mineral Oil-Free</p><h6>Ingredients</h6><p>Full list of ingredients Water, BG, Pentylene Glycol, Glycerin, Caprylic/Capric/Succinic Triglyceride, DNA-Na, Ascorbic Acid, Gold, Glutathione, Ceramide NP, Ceramide AP, Ceramide EOP, Tremella Fuciformis Polysaccharide, Soybean (Glycine Soja) Sprout Extract, Nelumbo Nucifera (Lotus) Leaf Extract, Citric Acid, Sodium Citrate, PEG-60 Hydrogenated Castor Oil, Tocopherol, Serine, Alanine, Glycine, Phytosphingosine, Cholesterol, Glutamic Acid, Lysine HCl, Threonine, Arginine, Proline, Triethylhexanoin, Allantoin, Polyglyceryl-10 Myristate, Carbomer, Ethylhexylglycerin, Sodium Hydroxide, Bis-Ethoxydiglycol Cyclohexane-1,4-Dicarboxylate, Betaine, Sorbitol, Sodium Lauroyl Lactylate Sodium PCA, Propanediol, Sodium Lactate, PCA, 1,2-Hexanediol, Caprylyl Glycol, Xanthan Gum, Phenoxyethanol. Note this is not an exhaustive list of ingredients. Refer to product packaging for most up to date list.</p>","Lululun","Masks","Imported, TSB, Teemdrop_Auto_Fulfill",TRUE,Title,Default Title,"9073609343212",0,,999,deny,manual,9.99,TRUE,TRUE,"https://cdn.shopify.com/s/files/1/0515/4589/9157/files/LULULUN_Aura_Bright_Face_Mask.png?v=1771866121"
"lululun-strawberry-face-mask-tochigi-limited-release","LULULUN Strawberry Face Mask - Tochigi Limited Release","<p>A mask that fully contains the magic of sweet strawberries from Tochigi Prefecture LULULUN Strawberry Face Mask is infused with the essence of premium strawberries, rich in polyphenols that firm, lift, and give your skin a radiant glow. The inclusion of Tochigi strawberry extract will gently exfoliate dead skin cells, reducing clogged pores, leaving skin looking bright and radiant. Combined with ECTOINE, a natural protein extract, it also balances the skin, reduces wrinkles and is great for targeting signs of aging! Enjoy the strawberry polyphenols on your skin and a summer scent! Features Ultra-thick fluffy sheet with 3-layers Supports the skin's natural ability to retain moisture Rich in antioxidants and vitamin C Skin Concern Anti-Aging Dullness Redness &amp; Irritation Dryness Skin Types All Skin Types, Suitable for sensitive skin Made In Japan How to use Apply the mask to clean skin. Place the mask over eye area first, then spread over entire face. Leave it for 10-15 minutes. Apply the remaining essence on your body such as décolleté and neck, spreading to arms and legs. Then follow with a moisturizer. Key Ingredients Tochiotome Strawberry Extract/Strawberry Seed Extract : An antioxidant and ellagic acid that can help brighten the skin so that the skin looks bright, radiant, healthy Hyaluronic Acid : Stays on the surface of the skin like a well-formed veil to retain moisture. Ingredient Highlights Silicone-Free Sulfate-Free Alcohol-Free Mineral Oil-Free</p><h6>Ingredients</h6><p>Full list of ingredients Aqua, Glycerin, Butylene Glycol, Fragaria Ananassa Fruit Water, Fragaria Ananassa Seed Extract, Dextrin, Hydrolyzed Collagen, Hydroxypropyltrimonium Hyaluronate, Sodium PCA, PEG-40 Hydrogenated Castor Oil, Xanthan Gum, Citric Acid, Sodium Citrate, Phenoxyethanol, Methylparaben, Fragrance. Note this is not an exhaustive list of ingredients. Refer to product packaging for most up to date list.</p>","Lululun","Masks","Imported, TSB, Teemdrop_Auto_Fulfill",TRUE,Title,Default Title,"8635028799724",0,,999,deny,manual,7.00,TRUE,TRUE,"https://cdn.shopify.com/s/files/1/0515/4589/9157/files/15_88a8219c-af97-411f-8341-dbbb37bbad7c.png?v=1724691758"
"medi-flower-bonita-garden-hand-cream-set-75gx6","MEDI FLOWER Bonita Garden Hand Cream Set (75gx6)","<p>A premium hand cream set in a variety of captivating fragrances. MEDI FLOWER Bonita Garden Hand Cream Set presents moisturizing hand cream with 6 scents from naturally-derived , all of which deliver intense hydration and nourishment to the hands. It f eatures 3 types of fermented ingredients and 4 types of oriental fruits extracts that help to soothe sensitive skin and keep the skin smooth. Scents: Torreya Top: Hesperidic, Green Middle: Rose Jasmine, Tuberose, Lily Base: Woody, Musk, Hyacinth King Cherry Blossom Top: Green Floriental Middle: Floral bouquet, Rose, Orchid Base: Amber Fruity woody Hallabong Top: Lime, Water Mint, Grapefruit Middle: Ozone, Chypre floral Base: Musk, Amber, Sandalwood Canola Top: Lime, Green, Citrus Middle: Lily, Muguet, Rose, Jasmine Base: Cedarwood, Amber, Musk, Woody Chamomile Top: Hyacinth, Green glass Middle: Floral bouquet, rose, orchid Base: Musk, Woody, Amber, Cedarwood Joritdae Top: Hesperidic, Fresh Citrus Middle: Acqua, Fruity, Woody Base: Marine, Floral, Musk Features Delicate and silky moisturizers for the hands Contains Shea Butter, Hyaluronic Acid, Sunflower Seed Extract Great for gifting Skin Types All skin types Made In South Korea How to use Apply a moderate amount on the hands and massage gently for better absorption. Ingredients Key Ingredients Hyaluronic &amp; Polyglutamic Acid : Absorb Moisture from the air and keep preventing the moisture from leaving. Sheabutter &amp; Avocado Oil : Has rich in mineral which helps to keep moisturized and gives nutrition. Natural HG(fermented complex) + Oriental Beauty Fruits Newplex : It promotes your skin healthy and glowing by calming and hydrating. Ingredient Highlights Paraben-Free Sulfate-Free</p><h6>Ingredients</h6><p>Full list of ingredients Water, Glycerin, Mineral Oil, Cetearyl Alcohol, Glyceryl Stearate, PEG-100Stearate, Sorbitan Stearate, Polysorbate 60, Caprylic/Capric Triglyceride, Beeswax, Microcrystalline Wax, Macadamia Ternifolia Seed Oil, Butyrospermum Parkii (Shea) Butter, Persea Gratissima (Avocado) Oil, Dimethicone, Polyglutamic Acid, Sodium Hyaluronate, Torreya Nucifera Extract, Saccharomyces/Viscum Album (Mistletoe) Ferment Extract, Saccharomyces/Imperata Cylindrica Root Ferment Extract, Lactobacillus/Soybean Ferment Extract, Punica Granatum Fruit Extract, Ficus Carica (Fig) Fruit Extract, Morus Alba Fruit Extract, Ginkgo Biloba Nut Extract, Carbomer, Triethanolamine, Phenoxyethanol, Chlorphenesin, Allantoin, Disodium EDTA, Fragrance, Limonene, Linalool, Butylphenyl Methylpropional [Canola]Water, Glycerin, Mineral Oil, Cetearyl Alcohol, Glyceryl Stearate, PEG-100Stearate, Sorbitan Stearate, Polysorbate 60, Caprylic/Capric Triglyceride, Beeswax, Microcrystalline Wax, Macadamia Ternifolia Seed Oil, Butyrospermum Parkii (Shea) Butter, Persea Gratissima (Avocado) Oil, Dimethicone, Polyglutamic Acid, Sodium Hyaluronate, Brassica Campestris (Rapeseed) Extract, Saccharomyces/Viscum Album (Mistletoe) Ferment Extract, Saccharomyces/Imperata Cylindrica Root Ferment Extract, Lactobacillus/Soybean Ferment Extract, Punica Granatum Fruit Extract, Ficus Carica (Fig) Fruit Extract, Morus Alba Fruit Extract, Ginkgo Biloba Nut Extract, Carbomer, Triethanolamine, Phenoxyethanol, Chlorphenesin, Allantoin, Disodium EDTA, Fragrance, Alpha-Isomethyl Ionone, Citronellol, Hexyl Cinnamal, Butylphenyl Methylpropional [Chamomile]Water, Glycerin, Mineral Oil, Cetearyl Alcohol, Glyceryl Stearate, PEG-100Stearate, Sorbitan Stearate, Polysorbate 60, Caprylic/Capric Triglyceride, Beeswax, Microcrystalline Wax, Macadamia Ternifolia Seed Oil, Butyrospermum Parkii (Shea) Butter, Persea Gratissima (Avocado) Oil, Dimethicone, Polyglutamic Acid, Sodium Hyaluronate, Anthemis Nobilis Flower Extract, Saccharomyces/Viscum Album (Mistletoe) Ferment Extract, Saccharomyces/Imperata Cylindrica Root Ferment Extract, Lactobacillus/Soybean Ferment Extract, Punica Granatum Fruit Extract, Ficus Carica (Fig) Fruit Extract, Morus Alba Fruit Extract, Ginkgo Biloba Nut Extract, Carbomer, Triethanolamine, Phenoxyethanol, Chlorphenesin, Allantoin, Disodium EDTA, Fragrance, Alpha-Isomethyl Ionone, Benzyl Alcohol, Linalool [King Cherry Blossom]Water, Glycerin, Mineral Oil, Cetearyl Alcohol, Glyceryl Stearate, PEG-100Stearate, Sorbitan Stearate, Polysorbate 60, Caprylic/Capric Triglyceride, Beeswax, Microcrystalline Wax, Macadamia Ternifolia Seed Oil, Butyrospermum Parkii (Shea) Butter, Persea Gratissima (Avocado) Oil, Dimethicone, Polyglutamic Acid, Sodium Hyaluronate, Prunus Yedoensis Flower Extract, Saccharomyces/Viscum Album (Mistletoe) Ferment Extract, Saccharomyces/Imperata Cylindrica Root Ferment Extract, Lactobacillus/Soybean Ferment Extract, Punica Granatum Fruit Extract, Ficus Carica (Fig) Fruit Extract, Morus Alba Fruit Extract, Ginkgo Biloba Nut Extract, Carbomer, Triethanolamine, Phenoxyethanol, Chlorphenesin, Allantoin, Disodium EDTA, Fragrance, Citronellol, Hexyl Cinnamal, Hydroxycitronellal [Torreya]Water, Glycerin, Mineral Oil, Cetearyl Alcohol, Glyceryl Stearate, PEG-100Stearate, Sorbitan Stearate, Polysorbate 60, Caprylic/Capric Triglyceride, Beeswax, Microcrystalline Wax, Macadamia Ternifolia Seed Oil, Butyrospermum Parkii (Shea) Butter, Persea Gratissima (Avocado) Oil, Dimethicone, Polyglutamic Acid, Sodium Hyaluronate, Torreya Nucifera Extract, Saccharomyces/Viscum Album (Mistletoe) Ferment Extract, Saccharomyces/Imperata Cylindrica Root Ferment Extract, Lactobacillus/Soybean Ferment Extract, Punica Granatum Fruit Extract, Ficus Carica (Fig) Fruit Extract, Morus Alba Fruit Extract, Ginkgo Biloba Nut Extract, Carbomer, Triethanolamine, Phenoxyethanol, Chlorphenesin, Allantoin, Disodium EDTA, Fragrance, Butylphenyl Methylpropional, Hexyl Cinnamal, Limonene, Linalool [Hallabong]Water, Glycerin, Mineral Oil, Cetearyl Alcohol, Glyceryl Stearate, PEG-100Stearate, Sorbitan Stearate, Polysorbate 60, Caprylic/Capric Triglyceride, Beeswax, Microcrystalline Wax, Macadamia Ternifolia Seed Oil, Butyrospermum Parkii (Shea) Butter, Persea Gratissima (Avocado) Oil, Dimethicone, Polyglutamic Acid, Sodium Hyaluronate, Torreya Nucifera Extract, Saccharomyces/Viscum Album (Mistletoe) Ferment Extract, Saccharomyces/Imperata Cylindrica Root Ferment Extract, Lactobacillus/Soybean Ferment Extract, Punica Granatum Fruit Extract, Ficus Carica (Fig) Fruit Extract, Morus Alba Fruit Extract, Ginkgo Biloba Nut Extract, Carbomer, Triethanolamine, Phenoxyethanol, Chlorphenesin, Allantoin, Disodium EDTA, Fragrance, Butylphenyl Methylpropional, Hexyl Cinnamal, Limonene, Linalool . Ingredients subject to change at manufacturer's discretion. For the most complete and up-to-date list of ingredients, please refer to product packaging.</p>","MEDI FLOWER","Bath & Body","Imported, TSB, Teemdrop_Auto_Fulfill",TRUE,Title,Default Title,"9110764486892",0,,999,deny,manual,24.98,TRUE,TRUE,"https://cdn.shopify.com/s/files/1/0515/4589/9157/files/medi-flower-bonita-garden-hand-cream-set-8809116503465-7284582.png?v=1766178398"
"collagen-lifting-mask-1-pc","Collagen Lifting Mask (1 PC)","<p>Re-densify and lift your complexion with this clinical-grade Collagen Lifting Mask. Engineered with a Triple Collagen Complex and 8 types of Hyaluronic Acid, it provides an immediate plumping effect for sagging, tired skin. The vegan-certified fabric adheres with professional precision to deliver its elastic jelly essence deep into the dermal layers, resulting in a visibly firmer, more radiant, and youthful appearance after just 10 minutes.</p><h6>Ingredients</h6><p>Water, Glycerin, Triple Collagen Complex, 1,2-Hexanediol, Arginine, 8 types of Hyaluronic Acid, Adenosine, Allantoin, Panthenol.</p>","Medicube","Masks","Imported, TSB, Teemdrop_Auto_Fulfill",TRUE,Title,Default Title,"8814728839404",0,,999,deny,manual,84.95,TRUE,TRUE,"https://cdn.shopify.com/s/files/1/0515/4589/9157/files/Medicube_Collagen_Lifting_Mask.png?v=1760116580"
"azelaic-acid-16-bb-soothing-serum-30ml","Azelaic Acid 16 BB Soothing Serum (30ml)","<p>A high-fidelity treatment that targets chronic redness, blemishes, and uneven texture. This Medicube masterpiece features a clinical-grade concentration of Azelaic Acid to rapidly soothe inflammation and neutralize breakout-causing bacteria. Formulated for the sophisticated skincare ritual, it reinforces the natural moisture barrier while unveiling a refined, luminous complexion that glows with health. Trust in Seoul's dermatological excellence to transform reactive skin into a vision of glass-like clarity.</p><h6>Ingredients</h6><p>Water, Azelaic Acid (16%), Butylene Glycol, Glycerin, Niacinamide, Centella Asiatica Extract, Panthenol, Hyaluronic Acid.</p>","Medicube","Serums","Imported, TSB, Teemdrop_Auto_Fulfill",TRUE,Title,Default Title,"9139608813804",0,,999,deny,manual,26.25,TRUE,TRUE,"https://cdn.shopify.com/s/files/1/0515/4589/9157/files/medicube_azelaic_acid_serum.png?v=1769483860"
"pdrn-pink-cica-soothing-toner-250ml","PDRN Pink Cica Soothing Toner (250ml)","<p>Reinvigorate your skin with this high-fidelity DNA-infused toner. Featuring 10,000ppm of clinical-grade Salmon PDRN, it works at a cellular level to repair the skin barrier and stimulate collagen synthesis. The 'Pink Cica' complex rapidly neutralizes irritation and redness, while the lightweight formula deeply hydrates to unveil a natural, radiant glow. Perfect for those seeking advanced dermatological restoration and a visible transformation in skin vitality.</p><h6>Ingredients</h6><p>Water, Salmon DNA (PDRN), Niacinamide, Glycerin, 1,2-Hexanediol, Centella Asiatica Extract, Allantoin, Adenosine, Hyaluronic Acid.</p>","Medicube","Toners","Imported, TSB, Teemdrop_Auto_Fulfill",TRUE,Title,Default Title,"8743771341036",0,,999,deny,manual,23.67,TRUE,TRUE,"https://cdn.shopify.com/s/files/1/0515/4589/9157/files/Medicube_PDRN_Pink_Cica_Soothing_Toner_250ml_a2f43e9e-c827-42f8-b6e5-cccb710d6f6d.png?v=1771867788"
"pdrn-pink-vita-coating-mask-1-pc","PDRN Pink Vita Coating Mask (1 PC)","<p>The first dual-action sheet mask infused with high-purity Salmon PDRN and Vitamin B12. This elite treatment provides a 'coating' effect that immediately brightens dull complexions while delivering a powerful plumping and whitening result. Designed for maximum fidelity in skin repair, it target blemishes and uneven tone, leaving the skin with a vibrant, clinical-grade radiance and a visibly youthful vitality.</p><h6>Ingredients</h6><p>Water, Glycerin, Salmon PDRN, Vitamin B12 (Cyanocobalamin), Niacinamide, Hyaluronic Acid, Collagen Extract, Adenosine.</p>","Medicube","Masks","Imported, TSB, Teemdrop_Auto_Fulfill",TRUE,Title,Default Title,"8814727758060",0,,999,deny,manual,94.94,TRUE,TRUE,"https://cdn.shopify.com/s/files/1/0515/4589/9157/files/Product_Images_3_1eba1f1b-7c70-4d84-b84a-1b68c432fa53.png?v=1754428695"
"pdrn-pink-peptide-cream-50ml","PDRN Pink Peptide Cream (50ml)","<p>An intensive moisture-sculpting cream that provides clinical-grade hydration and barrier protection. Formulated with high-fidelity Vegan Rose PDRN and a sophisticated 5-Peptide complex, it targets uneven skin tone and improves elasticity. The mild, watery texture ensures rapid absorption without stickiness, locking in moisture for 168 hours of continuous radiance. It is the gold standard for achieving a contoured, luminous, and resilient complexion.</p><h6>Ingredients</h6><p>Water, Niacinamide, Glycerin, Vegan Rose PDRN, 5 type Peptide Complex, 10 types of Hyaluronic Acid, Ceramide NP, Squalane.</p>","Medicube","Moisturizers","Imported, TSB, Teemdrop_Auto_Fulfill",TRUE,Title,Default Title,"8743041007852",0,,999,deny,manual,27.35,TRUE,TRUE,"https://cdn.shopify.com/s/files/1/0515/4589/9157/files/PDRNRose_00_PNG.png?v=1769696661"
"retinol-nmn-boosting-serum-30ml","Retinol NMN Boosting Serum (30ml)","<p>A professional-strength anti-aging masterpiece that combines 1.9% High-Purity Retinol-some with clinical NMN. Designed to deliver visible transformation without the typical irritation of traditional retinoids, this serum targets deep wrinkles, sagging pores, and rough texture. The sophisticated 5-Complex technology provides comprehensive firming action, building long-term skin resilience and a smoother, more youthful appearance. Trust in this dermatological breakthrough for gold-standard aging management.</p><h6>Ingredients</h6><p>Water, Retinol-some (1.9%), 99% Purity NMN, Niacinamide, Squalane, 5-Peptide Complex, Allantoin, Adenosine.</p>","Medicube","Serums","Imported, TSB, Teemdrop_Auto_Fulfill",TRUE,Title,Default Title,"9100339708140",0,,999,deny,manual,31.30,TRUE,TRUE,"https://cdn.shopify.com/s/files/1/0515/4589/9157/files/Medicube_Retinol_Boosting_Serum.png?v=1767022275"
"pdrn-pink-collagen-bubble-serum-95ml","PDRN Pink Collagen Bubble Serum (95ml)","<p>Experience the viral 'Bubble-to-Serum' sensation that transforms skin in seconds. This high-fidelity dual-layer serum features clinical-grade PDRN and High-Purity Collagen (200Da) encapsulated in ultra-fine microbubbles. Upon contact, the bubbles burst to deliver potent active ingredients deep into the skin, providing a surge of hydration and a visible plumping effect without any stickiness. Fortified with Vitamin E and Hyaluronic Acid, it leaves a smooth, hydrated, and radiant finish that glows from within.</p><h6>Ingredients</h6><p>Water, Salmon DNA (PDRN), High-Purity Collagen (200Da), Niacinamide, Hyaluronic Acid, Vitamin E, Ceramide NP, Panthenol.</p>","Medicube","Serums","Imported, TSB, Teemdrop_Auto_Fulfill",TRUE,Title,Default Title,"9100178489580",0,,999,deny,manual,34.19,TRUE,TRUE,"https://cdn.shopify.com/s/files/1/0515/4589/9157/files/20250731_ME_nukki111698copy.png?v=1767028262"
"pdrn-pink-collagen-glow-jelly-mist-serum-100ml","PDRN Pink Collagen Glow Jelly Mist Serum (100ml)","<p>The gold standard of skincare on-the-go. This innovative dual-layered mist serum combines high-fidelity PDRN and concentrated Collagen Jelly to provide a visible plumping effect anywhere, anytime. Designed for maximum versatility, it can be used as a lightweight hydrating mist or a concentrated serum treatment, even over makeup. Clinically proven to improve skin radiance by 35% after a single use, it delivers deep hydration and instant firmness for a refreshed, youthful, and luminous complexion.</p><h6>Ingredients</h6><p>Collagen Water (80.9%), Salmon DNA (PDRN), Niacinamide, Glutathione, Hyaluronic Acid, Ceramide NP, Squalane.</p>","Medicube","Toners","Imported, TSB, Teemdrop_Auto_Fulfill",TRUE,Title,Default Title,"9100176949484",0,,999,deny,manual,30.51,TRUE,TRUE,"https://cdn.shopify.com/s/files/1/0515/4589/9157/files/Medicube_PDRN_Pink_Collagen_Glow_Jelly_Mist_Serum.png?v=1767028694"
"pdrn-pink-caffeine-night-wrapping-mask-75ml","PDRN Pink Caffeine Night Wrapping Mask (75ml)","<p>Transform your sleep into a clinical-grade aesthetic treatment with the Night Wrapping Mask. This high-fidelity peel-off mask creates a shimmering, skin-hugging film that locks in potent PDRN and Caffeine overnight. Designed to depuff, contour, and deeply nourish tired skin, it reveals a firmer and more refined appearance by morning. Experience the ultimate in overnight restoration as it strengthens the moisture barrier and revives skin vitality for a rested, radiant glow.</p><h6>Ingredients</h6><p>Water, Glycerin, Salmon DNA (PDRN), Caffeine, Collagen Extract, Niacinamide, Hyaluronic Acid, Peptides.</p>","Medicube","Masks","Imported, TSB, Teemdrop_Auto_Fulfill",TRUE,Title,Default Title,"9100175573228",0,,999,deny,manual,32.61,TRUE,TRUE,"https://cdn.shopify.com/s/files/1/0515/4589/9157/files/MedicubePinkCaffeineWrappingMask.png?v=1767035662"
"triple-collagen-serum-4-0-55ml","Triple Collagen Serum 4.0 (55ml)","<p>Achieve the ultimate 'Glass Skin' glow with the 1000x fortified Triple Collagen Serum 4.0. This elite serum features a clinical-grade complex of Hydrolyzed, Atelo, and Soluble Collagen that penetrates deeper and faster into the skin barrier. Designed for those seeking maximum skin-plumping nutrients, it intensely nourishes and hydrates to reveal an exceptionally radiant and healthy complexion. It is the gold standard for maintaining professional-grade skin suppleness and a luminous finish.</p><h6>Ingredients</h6><p>Water, Glycerin, Triple Collagen Complex, Niacinamide, Niacinamide, 8 types of Hyaluronic Acid, Adenosine.</p>","Medicube","Serums","Imported, TSB, Teemdrop_Auto_Fulfill",TRUE,Title,Default Title,"8622443692268",0,,999,deny,manual,28.93,TRUE,TRUE,"https://cdn.shopify.com/s/files/1/0515/4589/9157/files/20240830_ME_nukki75249_copy.png?v=1754368166"
"medicube-rosemary-pdrn-scalp-serum-20ml","Medicube Rosemary PDRN Scalp Serum (20ml)","<p>Experience a clinical-grade breakthrough with Medicube\'s Medicube Rosemary PDRN Scalp Serum (20ml). Designed for the sophisticated skincare ritual, it leverages advanced science to restore skin vitality and resilience.  Formulated with Rosemary, PDRN, and EGF to help soothe and condition stressed scalps, promote a healthy-looking scalp, and maintain a balanced environment for thicker-, fuller-looking hair from the roots.  Ultra-fine spicules help ingredients apply more evenly, enhancing the scalp care experience while supporting a healthy-looking scalp.</p><h6>Ingredients</h6><p>Refer to product packaging for full ingredient list.</p>","Medicube","Haircare","Imported, TSB, Teemdrop_Auto_Fulfill",TRUE,Title,Default Title,"9120000000000",0,,999,deny,manual,20.20,TRUE,TRUE,"https://cdn.shopify.com/s/files/1/0515/4589/9157/files/Medicube_Rosemary_PDRN_serum.png?v=1774875188"
"medicube-red-succinic-acid-clarifying-serum-30ml","Medicube Red Succinic Acid Clarifying Serum (30ml)","<p>The Medicube Red Succinic Acid Clarifying Serum (30ml) is a professional-strength masterpiece that targets your skin\'s unique needs with clinical precision. Formulated for maximum efficacy, it unveils a radiant, glass-like complexion. Powered by succinic acid and niacinamide, this clarifying serum works to eliminate acne, pimples, and stubborn breakouts while addressing post-acne discoloration. It penetrates deep to remove pore-clogging debris and exfoliate blackheads and whiteheads.</p><h6>Ingredients</h6><p>Refer to product packaging for full ingredient list.</p>","Medicube","Skincare","Imported, TSB, Teemdrop_Auto_Fulfill",TRUE,Title,Default Title,"9120000000001",0,,999,deny,manual,23.35,TRUE,TRUE,"https://cdn.shopify.com/s/files/1/0515/4589/9157/files/Medicube_Red_Succinic_Acid_Serum.png?v=1774800124"
"medicube-red-acne-succinic-acid-peel-40g","Medicube Red Acne Succinic Acid Peel (40g)","<p>The Medicube Red Acne Succinic Acid Peel (40g) is a professional-strength masterpiece that targets your skin\'s unique needs with clinical precision. Formulated for maximum efficacy, it unveils a radiant, glass-like complexion. A quick 1-minute treatment that fits seamlessly into your morning and evening routine. This peel harnesses succinic acid—a natural amber-derived ingredient—to dissolve dead skin, excess sebum, and acne-causing bacteria deep within pores.</p><h6>Ingredients</h6><p>Refer to product packaging for full ingredient list.</p>","Medicube","Skincare","Imported, TSB, Teemdrop_Auto_Fulfill",TRUE,Title,Default Title,"9120000000002",0,,999,deny,manual,24.93,TRUE,TRUE,"https://cdn.shopify.com/s/files/1/0515/4589/9157/files/Medicube_Red_Acne_Succinic_Acid_Peel.png?v=1774800373"
"medicube-hyaluronic-ceramide-jelly-cream-50ml","Medicube Hyaluronic Ceramide Jelly Cream (50ml)","<p>Re-densify and lift your complexion with the clinical-grade Medicube Hyaluronic Ceramide Jelly Cream (50ml). Engineered for maximum fidelity in skin repair, it provides immediate restoration for sagging, tired skin. Medicube Hyaluronic Ceramide Jelly Cream delivers deep hydration using 10 types of multi-molecular hyaluronic acid and a ceramide complex that strengthens your barrier. Lightweight and fast-absorbing, it also combines ceramides and peptides to leave skin soft, smooth, and resilient without heaviness.</p><h6>Ingredients</h6><p>Refer to product packaging for full ingredient list.</p>","Medicube","Skincare","Imported, TSB, Teemdrop_Auto_Fulfill",TRUE,Title,Default Title,"9120000000003",0,,999,deny,manual,23.35,TRUE,TRUE,"https://cdn.shopify.com/s/files/1/0515/4589/9157/files/Medicube_Hyaluronic_Ceramide_Jelly_Cream.png?v=1773869194"
"medicube-azelaic-acid-16-bb-calming-serum-mask-1-pc","Medicube Azelaic Acid 16 BB Calming Serum Mask (1 PC)","<p>Experience a clinical-grade breakthrough with Medicube\'s Medicube Azelaic Acid 16 BB Calming Serum Mask (1 PC). Designed for the sophisticated skincare ritual, it leverages advanced science to restore skin vitality and resilience. Medicube Azelaic Acid 16 BB Calming Sheet Mask features all the benefits of the beloved serum into one sheet mask for an effective skin pampering treatment! It regulates sebum secretion and minimizes pore size while also soothing redness and inflammation. Enriched with niacinamide and pantothenic acid, it also supports skin regeneration, fades dark spots and evens the skin tone.</p><h6>Ingredients</h6><p>Refer to product packaging for full ingredient list.</p>","Medicube","Skincare","Imported, TSB, Teemdrop_Auto_Fulfill",TRUE,Title,Default Title,"9120000000004",0,,999,deny,manual,18.41,TRUE,TRUE,"https://cdn.shopify.com/s/files/1/0515/4589/9157/files/MedicubeAzelaicAcid16BBSerumMask.png?v=1773869748"
"medicube-hypochlorous-acid-daily-facial-spray","Medicube Hypochlorous Acid Daily Facial Spray","<p>Experience a clinical-grade breakthrough with Medicube\'s Medicube Hypochlorous Acid Daily Facial Spray. Designed for the sophisticated skincare ritual, it leverages advanced science to restore skin vitality and resilience. Medicube Hypochlorous Acid Daily Facial Spray – Premium K-Beauty product imported from South Korea..</p><h6>Ingredients</h6><p>Refer to product packaging for full ingredient list.</p>","Medicube","Skincare","Imported, TSB, Teemdrop_Auto_Fulfill",TRUE,Title,Default Title,"9120000000005",0,,999,deny,manual,18.41,TRUE,TRUE,"https://cdn.shopify.com/s/files/1/0515/4589/9157/files/26c366ee-65dc-441f-98b3-96eb594415dc.jpg?v=1773072950"
"medicube-hyaluronic-moisturizing-capsule-cream-55g","Medicube Hyaluronic Moisturizing Capsule Cream (55g)","<p>Achieve the ultimate in dermatological excellence with the Medicube Hyaluronic Moisturizing Capsule Cream (55g). This high-fidelity formula is precision-engineered to deliver visible transformation in skin texture and clarity.</p><h6>Ingredients</h6><p>Refer to product packaging for full ingredient list.</p>","Medicube","Skincare","Imported, TSB, Teemdrop_Auto_Fulfill",TRUE,Title,Default Title,"9120000000006",0,,999,deny,manual,30.56,TRUE,TRUE,"https://cdn.shopify.com/s/files/1/0515/4589/9157/files/Medicube_Hyaluronic_Moisturizing_Capsule_Cream.png?v=1773687602"
"medicube-pdrn-collagen-glow-jelly-serum-30ml","Medicube PDRN Collagen Glow Jelly Serum (30ml)","<p>The Medicube PDRN Collagen Glow Jelly Serum (30ml) is a professional-strength masterpiece that targets your skin\'s unique needs with clinical precision. Formulated for maximum efficacy, it unveils a radiant, glass-like complexion.</p><h6>Ingredients</h6><p>Refer to product packaging for full ingredient list.</p>","Medicube","Skincare","Imported, TSB, Teemdrop_Auto_Fulfill",TRUE,Title,Default Title,"9120000000007",0,,999,deny,manual,25.83,TRUE,TRUE,"https://cdn.shopify.com/s/files/1/0515/4589/9157/files/MedicubePDRNCollagenGlowJellySerum.png?v=1773779397"
"medicube-pdrn-pink-glutathione-capsule-cleansing-foam-120g","Medicube PDRN Pink Glutathione Capsule Cleansing Foam (120g)","<p>Achieve the ultimate in dermatological excellence with the Medicube PDRN Pink Glutathione Capsule Cleansing Foam (120g). This high-fidelity formula is precision-engineered to deliver visible transformation in skin texture and clarity. Medicube PDRN Pink Glutathione Capsule Cleansing Foam deeply cleanses pores while maintaining comfort and hydration, effectively removing impurities and excess sebum. Formulated with Salmon PDRN, glutathione, and niacinamide, it works to promote a more radiant and even complexion.</p><h6>Ingredients</h6><p>Refer to product packaging for full ingredient list.</p>","Medicube","Skincare","Imported, TSB, Teemdrop_Auto_Fulfill",TRUE,Title,Default Title,"9120000000008",0,,999,deny,manual,25.83,TRUE,TRUE,"https://cdn.shopify.com/s/files/1/0515/4589/9157/files/MedicubePDRNPinkGlutathioneCapsuleCleansingFoam.png?v=1773771945"
"medicube-collagen-milk-toning-wrapping-mask-75ml","Medicube Collagen Milk Toning Wrapping Mask (75ml)","<p>The Medicube Collagen Milk Toning Wrapping Mask (75ml) is a professional-strength masterpiece that targets your skin\'s unique needs with clinical precision. Formulated for maximum efficacy, it unveils a radiant, glass-like complexion. The Medicube Collagen Milk Toning Wrapping Mask transforms into a breathable collagen film to deliver hydration and radiance in just 20 minutes. Infused with ultra-low molecular collagen, milk proteins, and a triple glow complex of collagen, glutathione, and niacinamide, this versatile mask helps refine skin texture, boost elasticity, and enhance overall tone.</p><h6>Ingredients</h6><p>Refer to product packaging for full ingredient list.</p>","Medicube","Skincare","Imported, TSB, Teemdrop_Auto_Fulfill",TRUE,Title,Default Title,"9120000000009",0,,999,deny,manual,30.56,TRUE,TRUE,"https://cdn.shopify.com/s/files/1/0515/4589/9157/files/MedicubeCollagenMilktoningWrappingMask.png?v=1773769344"
"medicube-kojic-acid-turmeric-vita-eye-gel-serum-30ml","Medicube Kojic Acid Turmeric Vita Eye Gel Serum (30ml)","<p>The Medicube Kojic Acid Turmeric Vita Eye Gel Serum (30ml) is a professional-strength masterpiece that targets your skin\'s unique needs with clinical precision. Formulated for maximum efficacy, it unveils a radiant, glass-like complexion. Medicube Kojic Acid Turmeric Vita Eye Gel Serum is a lightweight eye treatment that hydrates the delicate eye area while brightening dullness and uneven tone. Formulated with kojic acid, turmeric extract, and vitamin-derived ingredients, this fast-absorbing gel reduces the appearance of puffiness and promotes a refreshed, revitalized look.</p><h6>Ingredients</h6><p>Refer to product packaging for full ingredient list.</p>","Medicube","Skincare","Imported, TSB, Teemdrop_Auto_Fulfill",TRUE,Title,Default Title,"9120000000010",0,,999,deny,manual,27.40,TRUE,TRUE,"https://cdn.shopify.com/s/files/1/0515/4589/9157/files/Medicube_Kojic_Acid_Turmeric_Vita_Eye_Gel_Serum_1a4c8699-4ad2-4ca4-8601-4a326e7b4440.png?v=1773769098"
"medicube-kojic-acid-turmeric-vita-capsule-cream-53g","Medicube Kojic Acid Turmeric Vita Capsule Cream (53g)","<p>Experience a clinical-grade breakthrough with Medicube\'s Medicube Kojic Acid Turmeric Vita Capsule Cream (53g). Designed for the sophisticated skincare ritual, it leverages advanced science to restore skin vitality and resilience. MEDICUBE Kojic Acid Turmeric Vita Capsule Cream combines brightening and hydration in one luxurious formula. Kojic acid and turmeric work together to fade dark spots and even skin tone, while niacinamide and vitamin C revitalize dull, tired complexion.</p><h6>Ingredients</h6><p>Refer to product packaging for full ingredient list.</p>","Medicube","Skincare","Imported, TSB, Teemdrop_Auto_Fulfill",TRUE,Title,Default Title,"9120000000011",0,,999,deny,manual,31.24,TRUE,TRUE,"https://cdn.shopify.com/s/files/1/0515/4589/9157/files/MedicubeKojicAcidTurmericVitaCapsuleCream.png?v=1773680920"
"medicube-kojic-acid-turmeric-vita-jelly-mist-serum-100ml","Medicube Kojic Acid Turmeric Vita Jelly Mist Serum (100ml)","<p>The Medicube Kojic Acid Turmeric Vita Jelly Mist Serum (100ml) is a professional-strength masterpiece that targets your skin\'s unique needs with clinical precision. Formulated for maximum efficacy, it unveils a radiant, glass-like complexion. Medicube Kojic Acid Turmeric Vita Jelly Mist Serum (100ml) – Premium K-Beauty product imported from South Korea..</p><h6>Ingredients</h6><p>Refer to product packaging for full ingredient list.</p>","Medicube","Skincare","Imported, TSB, Teemdrop_Auto_Fulfill",TRUE,Title,Default Title,"9120000000012",0,,999,deny,manual,24.93,TRUE,TRUE,"https://cdn.shopify.com/s/files/1/0515/4589/9157/files/Medicube_Kojic_Acid_Turmeric_Vita_Jelly_Mist_Serum.png?v=1773075131"
"medicube-deep-vita-c-capsule-serum-30ml","Medicube Deep Vita C Capsule Serum (30ml)","<p>Experience a clinical-grade breakthrough with Medicube\'s Medicube Deep Vita C Capsule Serum (30ml). Designed for the sophisticated skincare ritual, it leverages advanced science to restore skin vitality and resilience. Medicube Deep Vita C Capsule Serum is encapsulated with 99% pure Vitamin C that bursts upon application, instantly energizing dull and tired complexions while targeting uneven tone and blemishes. The vitamin-rich formula works to brighten and clarify for refined, revitalized skin.</p><h6>Ingredients</h6><p>Refer to product packaging for full ingredient list.</p>","Medicube","Skincare","Imported, TSB, Teemdrop_Auto_Fulfill",TRUE,Title,Default Title,"9120000000013",0,,999,deny,manual,21.78,TRUE,TRUE,"https://cdn.shopify.com/s/files/1/0515/4589/9157/files/medicubedeepvitaccapsuleserum.png?v=1773499388"
"medicube-exosome-cica-toner-210ml","Medicube Exosome Cica Toner (210ml)","<p>Re-densify and lift your complexion with the clinical-grade Medicube Exosome Cica Toner (210ml). Engineered for maximum fidelity in skin repair, it provides immediate restoration for sagging, tired skin. Daily soothing toner for balanced hydration and skin texture Medicube Exosome Cica Toner gently calms stressed skin while refining texture for a radiant, glass-like finish. This lightweight toner controls sebum and soothes without stickiness, promoting flawless skin.</p><h6>Ingredients</h6><p>Water(Aqua), Methylpropanediol, 1,2-Hexanediol, Saccharide Hydrolysate, Glycereth-25 PCA Isostearate, Gluconolactone, Ethylhexylglycerin, Centella Asiatica Leaf Water, Hydroxyethylcellulose, Dipotassium Glycyrrhizate, Allantoin, Disodium EDTA, Panthenol, Centella Asiatica Extract, Centella Asiatica Leaf Extract, Centella Asiatica Root Extract, Butylene Glycol, Hydrogenated Lecithin, Melaleuca Alternifolia (Tea Tree) Leaf Water, Madecassoside, Glycyrrhiza Uralensis (Licorice) Extract, Ectoin, Dipropylene Glycol, Caprylic/Capric Triglyceride, Melaleuca Alternifolia (Tea Tree) Extract, Centella Asiatica Leaf Vesicles, Myosotis Sylvatica Flower/Leaf/Stem Extract, Hemerocallis Fulva Flower Extract, Vegetable Amino Acids, Saccharide Isomerate, Lactobacillus Ferment Filtrate, Hydrolyzed Vegetable Protein, Houttuynia Cordata Extract, Asiaticoside, Madecassic Acid, Asiatic Acid</p>","Medicube","Skincare","Imported, TSB, Teemdrop_Auto_Fulfill",TRUE,Title,Default Title,"9120000000014",0,,999,deny,manual,25.62,TRUE,TRUE,"https://cdn.shopify.com/s/files/1/0515/4589/9157/files/Untitled_design_-_2024-09-15T165809.795.png?v=1754159778"
"medicube-azelaic-acid-16-bb-soothing-serum","Medicube Azelaic Acid 16 BB Soothing Serum","<p>The Medicube Azelaic Acid 16 BB Soothing Serum is a professional-strength masterpiece that targets your skin\'s unique needs with clinical precision. Formulated for maximum efficacy, it unveils a radiant, glass-like complexion. Medicube Azelaic Acid 16 BB Soothing Serum – Premium K-Beauty product imported from South Korea..</p><h6>Ingredients</h6><p>Refer to product packaging for full ingredient list.</p>","Medicube","Skincare","Imported, TSB, Teemdrop_Auto_Fulfill",TRUE,Title,Default Title,"9120000000015",0,,999,deny,manual,27.40,TRUE,TRUE,"https://cdn.shopify.com/s/files/1/0515/4589/9157/files/medicube_azelaic_acid_serum.png?v=1769483860"
"medicube-booster-pro-mini-velvet-pouch","Medicube Booster Pro Mini Velvet Pouch","<p>The Medicube Booster Pro Mini Velvet Pouch is a professional-strength masterpiece that targets your skin\'s unique needs with clinical precision. Formulated for maximum efficacy, it unveils a radiant, glass-like complexion. Soft velvet pouch for Medicube Booster Pro Mini. Medicube Booster Pro mini velvet pouch is the perfect addition to care for your Booster Pro Mini.</p><h6>Ingredients</h6><p>Refer to product packaging for full ingredient list.</p>","Medicube","Skincare","Imported, TSB, Teemdrop_Auto_Fulfill",TRUE,Title,Default Title,"9120000000016",0,,999,deny,manual,18.41,TRUE,TRUE,"https://cdn.shopify.com/s/files/1/0515/4589/9157/files/20241106_ME_mini80674copy_1080x_e1b8ddea-eac2-442c-a5eb-62d03e6c850f.png?v=1759267744"
"medicube-kojic-acid-turmeric-resurfacing-toner-250ml","Medicube Kojic Acid Turmeric Resurfacing Toner (250ml)","<p>The Medicube Kojic Acid Turmeric Resurfacing Toner (250ml) is a professional-strength masterpiece that targets your skin\'s unique needs with clinical precision. Formulated for maximum efficacy, it unveils a radiant, glass-like complexion. Daily, lightweight exfoliating toner for smooth glow. Medicube Kojic Acid Turmeric Resurfacing Toner combines Kojic Acid, Turmeric, and Glycolic Acid to deliver smoother, more even, and radiant skin.</p><h6>Ingredients</h6><p>Water, Niacinamide, Glycolic Acid, 1,2-Hexanediol, Curcuma Longa (Turmeric) Root Extract, Sodium Hydroxide, C12-14 Alketh-12, Ethylhexylglycerin, Gardenia Florida Fruit Extract, Dextrin, Adenosine, Monascus Extract, Dextrin, Kojic Acid, Lavandula Angustifolia (Lavender) Oil, Citrus Aurantium Bergamia (Bergamot) Fruit Oil, Allantoin, Panthenol, Sodium Hyaluronate, Hydrolyzed Hyaluronic Acid, Sodium Acetylated Hyaluronate, Hydroxypropyltrimonium Hyaluronate, Hyaluronic Acid, Sodium Hyaluronate Crosspolymer, Potassium Hyaluronate, Hydrolyzed Sodium Hyaluronate, Ceramide NP, Hydrogenated Lecithin, Glycerin, Caprylic/Capric Triglyceride, Butylene Glycol, Magnolia Officinalis Bark Extract</p>","Medicube","Skincare","Imported, TSB, Teemdrop_Auto_Fulfill",TRUE,Title,Default Title,"9120000000017",0,,999,deny,manual,23.35,TRUE,TRUE,"https://cdn.shopify.com/s/files/1/0515/4589/9157/files/MedicubeKojicAcidTurmericToner.png?v=1758414843"
"medicube-pdrn-pink-collagen-toning-gel-toner-pad","Medicube PDRN Pink Collagen Toning Gel Toner Pad","<p>Achieve the ultimate in dermatological excellence with the Medicube PDRN Pink Collagen Toning Gel Toner Pad. This high-fidelity formula is precision-engineered to deliver visible transformation in skin texture and clarity. Collagen bouncy pink gel pads for smooth and plumped skin Medicube Bouncy Collagen Gel Pads boost the delivery of ultra-low molecular collagen (200Da), which penetrates deep into the skin to help restore elasticity. Gentle yet effective formula that delivers lasting hydration and natural glow, targeting uneven skin tone & dark spot.</p><h6>Ingredients</h6><p>Water, Glycerin, Methylpropanediol, Niacinamide, Xylitol, Hydroxyacetophenone, Octyldodeceth-16, Diglycerin, Allantoin, Cellulose Gum, Ethylhexylglycerin, Hydroxyethylcellulose, Sodium Citrate, Sodium Gluconate, Dipropylene Glycol, Adenosine, Butylene Glycol, 1,2-Hexanediol, Citric Acid, Cyanocobalamin, Chamomile Flower Oil, Cabbage Extract, Rosa Damascena Flower Water, Prunus Persica (Peach) Fruit Extract, Thuja Orientalis Extract, Jasminum Officinale (Jasmine) Flower Water, Citrus Aurantium Amara (Bitter Orange) Flower Extract, Centella Asiatica Extract, Onion Extract, Chamomilla Recutita (Matricaria) Extract, Salvia Officinalis (Sage) Extract, Rosmarinus Officinalis (Rosemary) Leaf Oil, Hedera Helix (Ivy) Leaf/Stem Extract, Cucumis Melo (Melon) Fruit Extract, Abelmoschus Esculentus (Okra) Fruit Extract, Petroselinum Crispum (Parsley) Extract, Corchorus Olitorius Leaf Extract, Polygonum Cuspidatum Root Extract, Collagen, Artemisia Capillaris Extract, Nelumbo Nucifera Flower Extract, Oryza Sativa (Rice) Extract, Yeast Ferment Extract, Sodium DNA, Capryloyl Salicylic Acid, Caprylic/Capric Triglyceride, Hydrogenated Phosphatidylcholine, Sucrose Stearate, Vigna Radiata (Mung Bean) Seed Extract, Hydrogenated Lecithin, Cetearyl Alcohol, Retinol, Polyglyceryl-10 Myristate, Tocopheryl Acetate, Asiaticoside, Madecassic Acid, Madecassoside, Asiatic Acid.</p>","Medicube","Skincare","Imported, TSB, Teemdrop_Auto_Fulfill",TRUE,Title,Default Title,"9120000000018",0,,999,deny,manual,20.67,TRUE,TRUE,"https://cdn.shopify.com/s/files/1/0515/4589/9157/files/Medicube_PDRN_Pink_Collagen_Toner_Pad.png?v=1758916430"
"medicube-azelaic-acid-exosome-shot-pore-ampoule-7500-30ml","Medicube Azelaic Acid Exosome Shot Pore Ampoule 7500 (30ml)","<p>Re-densify and lift your complexion with the clinical-grade Medicube Azelaic Acid Exosome Shot Pore Ampoule 7500 (30ml). Engineered for maximum fidelity in skin repair, it provides immediate restoration for sagging, tired skin. A powerful serum designed to deeply cleanse pores, firm the skin, and boost hydration levels Medicube Azelaic Acid Exosome Shot Pore Ampoule 7500 is an advanced concentrated serum designed to care for pores and improve overall skin texture. With a powerful formula based on exosomes and active ingredients, this product helps minimize enlarged pores, control excess sebum and revitalize tired skin.</p><h6>Ingredients</h6><p>Water, Dipropylene Glycol, Niacinamide, Glycerin, Hydrogenated Starch Hydrolysate, Sodium Polyacrylate, Hydroxyacetophenone, 1,2-Hexanediol, Cetearyl Alcohol, Hydrogenated Polydecene, Melia Azadirachta Leaf Extract, Sorbitan Olivate, Melia Azadirachta Flower Extract, Ethylhexylglycerin, Coccinia Indica Fruit Extract, Adenosine, Calcium Aluminum Borosilicate, Caprylyl/Capryl Glucoside, Disodium EDTA, Aloe Barbadensis Flower Extract, Solanum Melongena (Eggplant) Fruit Extract, Azelaic Acid, Curcuma Longa (Turmeric) Root Extract, Ocimum Sanctum Leaf Extract, Gardenia Florida Fruit Extract, Lactobacillus/Eruca Sativa Leaf Ferment Extract, Corallina Officinalis Extract, Citrus Limon (Lemon) Fruit Extract, Dextrin, Hydrogenated Lecithin, Betaine Salicylate, Citric Acid, Potassium Glycyrrhizate, Milk Exosomes(1ppm), Caprylic/Capric Triglyceride, Macadamia Seed Oil, Ceramide NP, Centella Asiatica Leaf Extract, Centella Asiatica Extract, Centella Asiatica Root Extract, Saccharide Isomerate, Sodium Hyaluronate, Hydrolyzed Hyaluronic Acid, Hydrolyzed Sodium Hyaluronate, Sodium Acetylated Hyaluronate, Sodium Hyaluronate Crosspolymer, Sodium Hyaluronate Dimethylsilanol Hyaluronate, Sodium Hyaluronate Acrylates Crosspolymer, Hyaluronic Acid, Asiaticoside, Madecassoside, Madecassic Acid, Asiatic Acid.</p>","Medicube","Skincare","Imported, TSB, Teemdrop_Auto_Fulfill",TRUE,Title,Default Title,"9120000000019",0,,999,deny,manual,26.51,TRUE,TRUE,"https://cdn.shopify.com/s/files/1/0515/4589/9157/files/MedicubeAzelaicAcid7500.png?v=1757300533"
"medicube-zero-pore-serum-2-0-37ml","Medicube Zero Pore Serum 2.0 (37ml)","<p>Re-densify and lift your complexion with the clinical-grade Medicube Zero Pore Serum 2.0 (37ml). Engineered for maximum fidelity in skin repair, it provides immediate restoration for sagging, tired skin. A serum that refines and balances the complexion Medicube Zero Pore Serum 2.0 is designed to tighten pores and reduce blackheads and whiteheads while providing essential moisture.</p><h6>Ingredients</h6><p>Aqua, Butylene Glycol, Dimethicone/Vinyl Dimethicone Crosspolymer, Cyclopentasiloxane, Cetyl Ethylhexanoate, Cyclohexasiloxane, Polysorbate 60, Bis-PEG-18 Methyl Ether Dimethyl Silane, Dimethicone, Phenoxyethanol, Glyceryl Stearate, PEG-100 Stearate, Chlorphenesin, Tromethamine, Acrylates/C10-30 Alkyl Acrylate Crosspolymer, Polyacrylate-13, Ethylhexylglycerin, Caprylyl Glycol, Isoceteth-10, Isoceteth-25, Parfum, Polyisobutene, Carbomer, Disodium EDTA, Mentha Rotundifolia Leaf Extract, Citrus Aurantifolia (Lime) Peel Extract, Cymbopogon Schoenanthus Extract, polysorbates 20, Sorbitan Isostearate, Camellia Japonica Flower Extract, Fomes Officinalis (Mushroom) Extract, 1,2-Hexanediol, Cinnamomum Zeylanicum Bark Extract, Uncaria Gambir Extract, Nelumbo Nucifera Flower Extract, Pelargonium Graveolens Extract, Sanguisorba Officinalis Root Extract, BHT, Sodium Polyacrylate, Pinus Palustris Leaf Extract, Pueraria Lobata Root Extract, Ulmus Davidiana Root Extract, Oenothera Biennis (Evening Primrose) Flower Extract, Linalool, Limonene.</p>","Medicube","Skincare","Imported, TSB, Teemdrop_Auto_Fulfill",TRUE,Title,Default Title,"9120000000020",0,,999,deny,manual,28.98,TRUE,TRUE,"https://cdn.shopify.com/s/files/1/0515/4589/9157/files/Medicube_Zero_Pore_Serum_2.0_37ml.png?v=1766405395"
"medicube-zero-pore-cream-2-0-50ml","Medicube Zero Pore Cream 2.0 (50ml)","<p>Re-densify and lift your complexion with the clinical-grade Medicube Zero Pore Cream 2.0 (50ml). Engineered for maximum fidelity in skin repair, it provides immediate restoration for sagging, tired skin. Smooth, tighten, and balance your skin effortlessly Medicube Zero Pore Cream 2.0 is a lightweight, fast-absorbing moisturizer designed for oily and combination skin.</p><h6>Ingredients</h6><p>Water, Propanediol, Butylene Glycol, Cetearyl Alcohol, Caprylic/Capric Triglyceride, Camellia Japonica Flower Extract, Dimethicone, 1,2-Hexanediol, Cyclopentasiloxane, Cyclohexasiloxane, Glycolic Acid, Beeswax, Arachidyl Alcohol, Glycerin, Panthenol, Cetearyl Glucoside, Behenyl Alcohol, Cetearyl Olivate, Arachidyl Glucoside, Potassium Hydroxide, Sorbitan Olivate, Helianthus Annuus (Sunflower) Seed Oil, Fragrance, Allantoin, Xanthan Gum, Tricholoma Matsutake Extract, Rhododendron Chrysanthum Leaf Extract, Hydrolyzed Cicer Seed Extract, Disodium EDTA, Glycine Soja (Soybean) Oil, Glucose, Sodium Hyaluronate, Hyaluronic Acid, Hydrolyzed Hyaluronic Acid, Pueraria Lobata Root Extract, Ulmus Davidiana Root Extract, Oenothera Biennis (Evening Primrose) Flower Extract, Pinus Palustris Leaf Extract, Bixa Orellana Seed Oil, Fomes Officinalis (Mushroom) Extract, Cinnamomum Zeylanicum Bark Extract, Uncaria Gambir Extract, Sanguisorba Officinalis Root Extract, Pelargonium Graveolens Extract, Nelumbo Nucifera Flower Extract, Tocopherol, Mentha Rotundifolia Leaf Extract, Citrus Aurantifolia (Lime) Peel Extract, Cymbopogon Schoenanthus Extract.</p>","Medicube","Skincare","Imported, TSB, Teemdrop_Auto_Fulfill",TRUE,Title,Default Title,"9120000000021",0,,999,deny,manual,28.09,TRUE,TRUE,"https://cdn.shopify.com/s/files/1/0515/4589/9157/files/medicube-zero-pore-cream-front.png?v=1756843717"
"medicube-booster-pro-panda-head-case","Medicube Booster Pro Panda Head Case","<p>Achieve the ultimate in dermatological excellence with the Medicube Booster Pro Panda Head Case. This high-fidelity formula is precision-engineered to deliver visible transformation in skin texture and clarity. Limited edition case for Medicube Age-R Booster Pro. Medicube Age-R Booster Pro case in a limited-edition pink bear shape! Protect your Age-R Booster Pro when not in use or travelling.</p><h6>Ingredients</h6><p>Refer to product packaging for full ingredient list.</p>","Medicube","Skincare","Imported, TSB, Teemdrop_Auto_Fulfill",TRUE,Title,Default Title,"9120000000022",0,,999,deny,manual,20.88,TRUE,TRUE,"https://cdn.shopify.com/s/files/1/0515/4589/9157/files/Medicube_Booster_Pro_Panda_Head_Case.png?v=1766407458"
"medicube-one-day-exosome-shot-pore-ampoule-25000-13ml","Medicube One Day Exosome Shot Pore Ampoule 25000 (13ml)","<p>Re-densify and lift your complexion with the clinical-grade Medicube One Day Exosome Shot Pore Ampoule 25000 (13ml). Engineered for maximum fidelity in skin repair, it provides immediate restoration for sagging, tired skin. A powerful serum containing 25000PPM exosomes offering high-end pore care Medicube One Day Exosome Shot Pore Ampoule is a revolutionary serum inspired by microneedling technology to strengthen skin and protect it against external aggressors. Formulated with AHA, BHA, PHA, Niacinamide, Peptides and Panthenol, this lightweight serum brightens skins, tightens enlarged pores and soothes irritation.</p><h6>Ingredients</h6><p>Water, Glycereth-26, Dipropylene Glycol, Butylene Glycol, Caprylic/Capric Triglyceride, Niacinamide, Calcium aluminum borosilicate, Hydrolyzed Sponge, Sodium Acrylate/Sodium Acryloyldimethyl Taurate Copolymer, Hydroxyethyl Acrylate/Sodium Acryloyldimethyl Taurate Copolymer, 1,2-Hexanediol, Caprylyl Glycol, Isohexadecane, Glycerin, Polysorbate 80, Carbomer, Tromethamine, Panthenol, Ethylhexylglycerin, Adenosine, Sorbitan Oleate, Sorbitan Isostearate, Polysorbate 60, Disodium EDTA, Lactobacillus Extracellular Vesicles(154 ppm), Kummerowia Striata Extract, Oenothera Biennis (Evening Primrose) Flower Extract, Ulmus Davidiana Root Extract, Pinus Palustris Leaf Extract, Pueraria Lobata Root Extract, Cinchona Pubescens Bark Extract, Gluconolactone, Betaine Salicylate, Citric Acid, Milk Exosomes(10 ppm), Leptospermum Scoparium Leaf Extract, Hydrogenated Lecithin, Polyglyceryl-10 Laurate, Ceramide NP, Acetyl Tetrapeptide-5, Palmitoyl Pentapeptide-4, Palmitoyl Tripeptide-5</p>","Medicube","Skincare","Imported, TSB, Teemdrop_Auto_Fulfill",TRUE,Title,Default Title,"9120000000023",0,,999,deny,manual,20.88,TRUE,TRUE,"https://cdn.shopify.com/s/files/1/0515/4589/9157/files/Medicube_One_Day_Exosome_Shot_Pore_Ampoule_25000_13ml.png?v=1766405388"
"medicube-azelaic-acid-exosome-shot-pore-ampoule-2000-30ml","Medicube Azelaic Acid Exosome Shot Pore Ampoule 2000 (30ml)","<p>Re-densify and lift your complexion with the clinical-grade Medicube Azelaic Acid Exosome Shot Pore Ampoule 2000 (30ml). Engineered for maximum fidelity in skin repair, it provides immediate restoration for sagging, tired skin. A potent ampoule that targets blemishes and troubled skin. Medicube Azelaic Acid Exosome Shot Pore Ampoule 2000 draws upon the principles of micro-needling by featuring micro-sized, needle-shaped booster to target a range of skin issues .</p><h6>Ingredients</h6><p>Water, Butylene Glycol, Dipropylene Glycol, Niacinamide, Glycerin, Sodium Polyacrylate, 1,2-Hexanediol, Caprylyl Glycol, Cetearyl Olivate, Phenyl Trimethicone, Sorbitan Olivate, Hydrolyzed Sponge, Melia Azadirachta Leaf Extract, Melia Azadirachta Flower Extract, Glyceryl Acrylate/Acrylic Acid Copolymer, Ethylhexylglycerin, Calcium Aluminum Borosilicate, Disodium EDTA, PVM/MA Copolymer, Coccinia Indica Fruit Extract, Ocimum Sanctum Leaf Extract, Solanum Melongena (Eggplant) Fruit Extract, Aloe Barbadensis Flower Extract, Dipotassium Glycyrrhizate, Azelaic Acid, Corallina Officinalis Extract, Curcuma Longa (Turmeric) Root Extract, Lactobacillus/Eruca Sativa Leaf Ferment Extract, Citrus Limon (Lemon) Fruit Extract, Betaine Salicylate, Citric Acid, Panthenol, Polyglyceryl-3, Hydrolyzed Collagen, Sodium Hyaluronate, Milk Exosomes(10 ppm), Madecassoside, Madecassic Acid, Ceramide NP, Asiaticoside, Asiatic Acid, Behenate Stearate, Palmitic Acid, Salicylic Acid.</p>","Medicube","Skincare","Imported, TSB, Teemdrop_Auto_Fulfill",TRUE,Title,Default Title,"9120000000024",0,,999,deny,manual,26.51,TRUE,TRUE,"https://cdn.shopify.com/s/files/1/0515/4589/9157/files/Product_Images_4.png?v=1753799487"
"medicube-azelaic-acid-niacinamide-clear-toner","Medicube Azelaic Acid Niacinamide Clear Toner","<p>Experience a clinical-grade breakthrough with Medicube\'s Medicube Azelaic Acid Niacinamide Clear Toner. Designed for the sophisticated skincare ritual, it leverages advanced science to restore skin vitality and resilience. A clarifying toner containing 4% azelaic acid for brightening and balancing Medicube Azelaic Acid Niacinamide Clear Toner offers gentle exfoliation and barrier repair, great for those that have combination or acne-prone skin, looking to clear the complexion, while reducing redness and pigmentation. This hydrating toner will also reinforce the skin’s protective layer, reducing transepidermal water loss.</p><h6>Ingredients</h6><p>Water, Propylene Glycol, Azelaic Acid (40,000ppm), Niacinamide (20,000ppm), Sodium Hydroxide, 1,2-Hexanediol, Diethoxyethyl Succinate, Trehalose, C12-14 Alketh-12, Ethylhexylglycerin, Melia Azadirachta Leaf Extract, Melia Azadirachta Flower Extract, Coccinia Indica Fruit Extract, Solanum Melongena (Eggplant) Fruit Extract, Aloe Barbadensis Flower Extract, Curcuma Longa (Turmeric) Root Extract, Ocimum Sanctum Leaf Extract, Coriandrum Sativum (Coriander) Leaf Extract, Citrullus Lanatus (Watermelon) Fruit Extract, Cucumis Sativus (Cucumber) Fruit Extract, Camellia Sinensis Leaf Extract, Lavandula Angustifolia (Lavender) Extract, Rosmarinus Officinalis (Rosemary) Leaf Extract, Chamomilla Recutita (Matricaria) Flower Extract, Chrysanthemum Morifolium Flower Extract, Dipotassium Glycyrrhizate, Panthenol, Glyceryl Caprylate, Caprylyl Glycol, Glycerin, Butylene Glycol, Hydrogenated Lecithin, Glycine, Caprylic/Capric Triglyceride, Hydrogenated Phosphatidylcholine, Serine, Glutamic Acid, Centella Asiatica Extract, Sodium Hyaluronate, Sucrose Stearate, Aloe Barbadensis Leaf Extract, Aspartic Acid, Leucine, Cetearyl Alcohol, Polyglyceryl-10 Stearate, Alanine, Lysine, Ceramide NP, Arginine, Tyrosine, Phenylalanine, Valine, Threonine, Proline, Isoleucine, Histidine, Methionine, Pyrus Malus (Apple) Seed Extract, Ziziphus Jujuba Fruit Extract, Prunus Armeniaca (Apricot) Fruit Extract, Citrus Limon (Lemon) Fruit Extract, Hamamelis Virginiana (Witch Hazel) Bark/Leaf Extract, Hippophae Rhamnoides Extract, Ceramide AP, Citrus Aurantium Dulcis (Orange) Fruit Extract, Citrus Paradisi (Grapefruit) Seed Extract, Madecassoside, Madecassic Acid, Asiaticoside, Asiatic Acid.</p>","Medicube","Skincare","Imported, TSB, Teemdrop_Auto_Fulfill",TRUE,Title,Default Title,"9120000000025",0,,999,deny,manual,18.41,TRUE,TRUE,"https://cdn.shopify.com/s/files/1/0515/4589/9157/files/medicube_azelaic_acid_toner.png?v=1753808043"
"medicube-exosome-cica-calming-pad","Medicube Exosome Cica Calming Pad","<p>Experience a clinical-grade breakthrough with Medicube\'s Medicube Exosome Cica Calming Pad. Designed for the sophisticated skincare ritual, it leverages advanced science to restore skin vitality and resilience. Daily toner pad for troubled skin Medicube Exosome Cica Calming Pad hydrate, balance, and gently soothe your skin with minimal irritation. Infused with exosome cica, a nano-sized ingredient that delivers 5.</p><h6>Ingredients</h6><p>Water, Dipropylene glycol, Glycerin, Niacinamide, Glycereth-26, Diphenyl dimethicone, Triethylhexanoin, Chlorphenesin, Hydrogenated lecithin, Polyclyceryl-10 oleate, Propanediol, Polyglycerly-10 laurate, Ethylhexylglycerin, Rosmarinus officinalis (Rosemary) leaf oil, Disodium EDTA, Melia azadifachta leaf extract, Centella asiatica leaf water(96.3695PPM), Melia azadiarachata flower extract, Glyceryl acrylate/acrylic acid copolymer, 1,2-Hexanediol, Butylene glycol, Houttuynia cordata water, Melaleuca alternifolia (Tea tree) leaf water, Saccharide isomerate(0.6101PPM), Centella Asiatica root extract(0.5PPM), Ectoin, Citrus unshiu peel extract, Madecassoside(0.01PPM), Centella asiatica leaf vesicles(0.01PPM), Caprylic/capric triglyceride, Sodium citrate, Citric acid, Artemisia princeps leaf extract, Lactobasillus ferment filtrate(0.0001PPM), Hydrolyzed vegetable protein(0.0001PPM), Vegetable amino acids(0.0001PPM), Asiaticoside(0.00004PPM), Madecassic acid(0.00003PPM), Asiatic acid(0.00003PPM)</p>","Medicube","Skincare","Imported, TSB, Teemdrop_Auto_Fulfill",TRUE,Title,Default Title,"9120000000026",0,,999,deny,manual,18.41,TRUE,TRUE,"https://cdn.shopify.com/s/files/1/0515/4589/9157/files/MEDICUBEExosomeCicaCalmingPad100pads_1.png?v=1754157696"
"medicube-pdrn-pink-one-day-serum-10-x-1-5ml","Medicube PDRN Pink One Day Serum (10 x 1.5ml)","<p>Experience a clinical-grade breakthrough with Medicube\'s Medicube PDRN Pink One Day Serum (10 x 1.5ml). Designed for the sophisticated skincare ritual, it leverages advanced science to restore skin vitality and resilience. One-Day Pink Drop Ampoule with High Purity Salmon PDRN 99% Medicube PDRN Pink One Day Serum offers superior absorption with minimal residue thanks to a consistent and stable formula that enhances skincare effectiveness. This serum blends salmon roe extract to address uneven skin tone, ultra-small 285Da collagen—1/1000th the size of regular collagen—for boosted elasticity, and glutathione with elastin to promote radiant, healthy skin.</p><h6>Ingredients</h6><p>Water (Aqua), Glycerin, Butylene Glycol, Polyglycerin-3, Methylpropanediol, Niacinamide, Glycereth-26, 1,2-Hexanediol, Betaine, PEG-8, Methyl Gluceth-20, Methyl Gluceth-10, Carbomer, Tromethamine, Panthenol, Ethylhexylglycerin, C12-14 Alketh-12, Glyceryl Acrylate/Acrylic Acid Copolymer, Xanthan Gum, Adenosine, Disodium EDTA, Saccharide Hydrolysate, Cyanocobalamin, Salmon Egg Extract, Polyglyceryl-10 Laurate, Hydrogenated Lecithin, Soluble Elastin, Sodium DNA (1ppm), Microcrystalline Cellulose, Sodium Hyaluronate, Cellulose Gum, Hyaluronic Acid, Soluble Collagen, Sodium Hyaluronate Crosspolymer, Hydrolyzed Sodium Hyaluronate, Hydrolyzed Hyaluronic Acid, Glutathione, Sorbitan Laurate, Sodium Acetylated Hyaluronate, Hydroxypropyltrimonium Hyaluronate, Hydroxyethylcellulose, Acetyl Dipeptide-1 Cetyl Ester</p>","Medicube","Skincare","Imported, TSB, Teemdrop_Auto_Fulfill",TRUE,Title,Default Title,"9120000000027",0,,999,deny,manual,20.20,TRUE,TRUE,"https://cdn.shopify.com/s/files/1/0515/4589/9157/files/PDRN_One-Day_Serum.png?v=1754366656"
"medicube-zero-pore-toner-250ml","Medicube Zero Pore Toner (250ml)","<p>Achieve the ultimate in dermatological excellence with the Medicube Zero Pore Toner (250ml). This high-fidelity formula is precision-engineered to deliver visible transformation in skin texture and clarity. Hydrating toner that targets pores for a smooth, glass skin finish Medicube Zero Pore Toner is a 2-in-1 formula that combines hydration and pore care with Pore Laser Water Formula to control excess sebum and promote flawless skin. After 2 weeks, it was clinically proven to improve skin hydration by 21.</p><h6>Ingredients</h6><p>Water, Xylitol, Niacinamide, Methylpropanediol, Butylene Glycol, Diethoxyethyl Succinate, C12-14 Alketh-12, Chlorphenesin, Sodium Citrate, Citric Acid, Ethylhexylglycerin, Menthyl Lactate, Adenosine, Disodium EDTA, Rosmarinus Officinalis (Rosemary) Leaf Oil, 1,2-Hexanediol, Gluconolactone, Panthenol, Allantoin, Betaine Salicylate, Hydrolyzed Hyaluronic Acid, Jasminum Officinale (Jasmine) Extract, Salix Alba (Willow) Bark Extract, Solanum Melongena (Eggplant) Fruit Extract, Citrus Limon (Lemon) Peel Oil, Hamamelis Virginiana (Witch Hazel) Leaf Extract</p>","Medicube","Skincare","Imported, TSB, Teemdrop_Auto_Fulfill",TRUE,Title,Default Title,"9120000000028",0,,999,deny,manual,20.88,TRUE,TRUE,"https://cdn.shopify.com/s/files/1/0515/4589/9157/files/manyo_1.png?v=1753815271"
"medicube-zero-pore-blackhead-deep-cleansing-oil","Medicube Zero Pore Blackhead Deep Cleansing Oil","<p>Re-densify and lift your complexion with the clinical-grade Medicube Zero Pore Blackhead Deep Cleansing Oil. Engineered for maximum fidelity in skin repair, it provides immediate restoration for sagging, tired skin. A ll-in-One Deep Cleansing Oil Care for Deep Sebum and Blackheads Medicube Zero Pore Blackhead Deep Cleansing Oil offers a gentle yet thorough cleanse, effortlessly breaking down sebum, blackheads, and makeup in one step. Enriched with 90.</p><h6>Ingredients</h6><p>Water, Butylene Glycol, Capryloyl Salicylic Acid, Allantoin, Niacinamide, Guaiazulene, Asiaticoside, Asiatic Acid, Madecassic Acid, Tocopherol, 1,2-Hexanediol, Pentylene Glycol, Salix Alba (Willow) Bark Extract, Chamaecyparis Obtusa Leaf Extract, Origanum Vulgare Leaf Extract, Sodium Hyaluronate, Pinus Densiflora Leaf Extract, Madecassoside, Scutellaria Baicalensis Root Extract, Cinnamomum Cassia Bark Extract, Portulaca Oleracea Extract, Lactobacillus/Soybean Ferment Extract, Decyl Glucoside, Pueraria Lobata Root Extract, Pinus Palustris Leaf Extract, Ulmus Davidiana Root Extract, Oenothera Biennis (Evening Primrose) Flower Extract, Caprylyl Glycol, Ethylhexylglycerin.</p>","Medicube","Skincare","Imported, TSB, Teemdrop_Auto_Fulfill",TRUE,Title,Default Title,"9120000000029",0,,999,deny,manual,18.41,TRUE,TRUE,"https://cdn.shopify.com/s/files/1/0515/4589/9157/files/ProductImages_6.png?v=1753817802"
"medicube-multi-blackhead-pore-brush-20g","Medicube Multi Blackhead Pore Brush (20g)","<p>Experience a clinical-grade breakthrough with Medicube\'s Medicube Multi Blackhead Pore Brush (20g). Designed for the sophisticated skincare ritual, it leverages advanced science to restore skin vitality and resilience. A facial cleansing brush that effectively removes dirt and debris Medicube Multi Blackhead Pore Brush is a dual pore brush that help to remove impurities and buildup and in areas like your nose, chin, and forehead . It consists of a microfine bristle brush and a jelly brush gently removes excess sebum from the skin.</p><h6>Ingredients</h6><p>Refer to product packaging for full ingredient list.</p>","Medicube","Skincare","Imported, TSB, Teemdrop_Auto_Fulfill",TRUE,Title,Default Title,"9120000000030",0,,999,deny,manual,18.41,TRUE,TRUE,"https://cdn.shopify.com/s/files/1/0515/4589/9157/files/159.png?v=1753808479"
"medicube-pdrn-pink-collagen-capsule-cream-55g","Medicube PDRN Pink Collagen Capsule Cream (55g)","<p>Re-densify and lift your complexion with the clinical-grade Medicube PDRN Pink Collagen Capsule Cream (55g). Engineered for maximum fidelity in skin repair, it provides immediate restoration for sagging, tired skin. A dual-texture moisturizing cream designed to target uneven skin tone, dark spots, and visible pores Medicube PDRN Pink Collagen Capsule Cream uses encapsulation technology to deliver Salmon DNA PDRN deep into the skin, helping to improve texture and support a radiant, glass-like glow. Lightweight yet deeply hydrating, it’s ideal for those looking to even out their complexion while boosting skin resilience and glow.</p><h6>Ingredients</h6><p>Water, Glycerin, Niacinamide, Methylpropanediol, Propanediol, 1,2-Hexanediol, Dipropylene Glycol, Caprylic/Capric Triglyceride, Glycereth-26, Arginine, Butylene Glycol, Ethylhexyl Palmitate, Cetearyl Alcohol, Carbomer, Cetearyl Olivate, Sorbitan Olivate, Ammonium Acryloyldimethyl Taurate/VP Copolymer, Simethicone, Scutellaria Baicalensis Extract, Ethylhexylglycerin, Adenosine, Polyacrylate-13, Sodium DNA, Disodium EDTA, Indica Sulphate Leaf Extract, Polyisobutene, Hydrolyzed Sclerotium Gum, Glyceryl Stearate, Sclerotium Spp. Seed Oil, Polysorbate 20, Sorbitan Isostearate, Sodium Hyaluronate, Glutathione, Octyldodecanol, Hydroxypropyl Trimonium Hyaluronate, Salmon Roe Extract, Hydrogenated Lecithin, Ceramide NP, Cyanocobalamin, Thioctic Acid, Hydrolyzed Hyaluronic Acid, Hydrolyzed Collagen Extract, Sodium Acetylated Hyaluronate, Acetyl Hexapeptide-8, Copper Tripeptide-1, Hyaluronic Acid, Caprylyl Glycol, Palmitoyl Pentapeptide-4, Hydrolyzed Sodium Hyaluronate, Palmitoyl Hexapeptide-12, Sodium Hyaluronate Crosspolymer, Potassium Hyaluronate.</p>","Medicube","Skincare","Imported, TSB, Teemdrop_Auto_Fulfill",TRUE,Title,Default Title,"9120000000031",0,,999,deny,manual,28.98,TRUE,TRUE,"https://cdn.shopify.com/s/files/1/0515/4589/9157/files/PDRNPinkCollagenCapsuleCream1.png?v=1751989403"
"medicube-azelaic-acid-niacinamide-deep-clean-foam-cleanser-120g","Medicube Azelaic Acid Niacinamide Deep Clean Foam Cleanser (120g)","<p>Experience a clinical-grade breakthrough with Medicube\'s Medicube Azelaic Acid Niacinamide Deep Clean Foam Cleanser (120g). Designed for the sophisticated skincare ritual, it leverages advanced science to restore skin vitality and resilience. Your first step to clear, refined, glass-like skin. Medicube Azelaic Acid Niacinamide Deep Cleanser is powered by 99% pure Azelaic Acid and 2% Niacinamide, this gentle yet effective cleanser smooths texture, refines pores, and balances hydration after spot care.</p><h6>Ingredients</h6><p>Water, Glycerin, Myristic Acid, Stearic Acid, Potassium Hydroxide, Lauric Acid, Glyceryl Stearate SE, Niacinamide (20,000ppm), Palmitic Acid, Cocamidopropyl Betaine, Potassium Cocoyl Glycinate, Sorbitan Olivate, Sodium Polyacrylate, Potassium Cocoyl Glutamate, Salicylic Acid, Polyquaternium-10, Sodium Chloride, Polyquaternium-7, Melia Azadirachta Leaf Extract, Acrylates/C10-30 Alkyl Acrylate Crosspolymer, Caprylyl Glycol, Disodium EDTA, Melia Azadirachta Flower Extract, Rosmarinus Officinalis (Rosemary) Leaf Oil, Theobroma Cacao (Cocoa) Extract, Pyrus Malus (Apple) Fruit Extract, Vitis Vinifera (Grape) Fruit Extract, Coccinia Indica Fruit Extract, Fragaria Chiloensis (Strawberry) Fruit Extract, Ficus Carica (Fig) Fruit Extract, Prunus Persica (Peach) Fruit Extract, Musa Sapientum (Banana) Fruit Extract, Solanum Melongena (Eggplant) Fruit Extract, Aloe Barbadensis Flower Extract, Ocimum Sanctum Leaf Extract, Prunus Domestica Fruit Extract, Sodium Benzoate, Cocos Nucifera (Coconut) Oil, Corallina Officinalis Extract, Curcuma Longa (Turmeric) Root Extract, Azelaic Acid (100ppm), Dipeptide-15, Glutathione, Dipotassium Glycyrrhizate, Caprylic/Capric Triglyceride, Butylene Glycol, Adansonia Digitata Seed Oil, 1,2-Hexanediol, Hydrogenated Lecithin, Ceramide NP, Hydrogenated Phosphatidylcholine, Centella Asiatica Extract, Sucrose Stearate, Cetearyl Alcohol, Hydrolyzed Hyaluronic Acid, Hydrolyzed Sodium Hyaluronate, Dimethylsilanol Hyaluronate, Sodium Hyaluronate, Potassium Hyaluronate, Ceramide EOP, Sodium Hyaluronate Crosspolymer, Hydroxypropyltrimonium Hyaluronate, Sodium Acetylated Hyaluronate, Sodium Hyaluronate Dimethylsilanol, Ceramide AP, Ceramide NS, Sodium Acetylated Hyaluronate, Asiaticoside, Madecassic Acid, Madecassoside, Asiatic Acid/</p>","Medicube","Skincare","Imported, TSB, Teemdrop_Auto_Fulfill",TRUE,Title,Default Title,"9120000000032",0,,999,deny,manual,21.78,TRUE,TRUE,"https://cdn.shopify.com/s/files/1/0515/4589/9157/files/Product_Images_7.png?v=1753805551"
"medicube-age-r-vita-k-refining-cream","Medicube Age-R Vita K Refining Cream","<p>Achieve the ultimate in dermatological excellence with the Medicube Age-R Vita K Refining Cream. This high-fidelity formula is precision-engineered to deliver visible transformation in skin texture and clarity. Face and body cream to target redness, elasticity and texture. Medicube Age-R Vita K Refining Cream is designed to soothe and fade red marks that appear after a skin treatment and improve skin texture.</p><h6>Ingredients</h6><p>Water, Glycerin, Methylpropanediol, Niacinamide, Betaine, Isopropyl Palmitate, Cucurbita Pepo (Pumpkin) Fruit Extract, Hydrogenated Poly(C6-14 Olefin), Hydrogenated Polydecene, Arnica Montana Flower Extract, Centella Asiatica Extract, Ficus Carica (Fig) Fruit Extract, Garcinia Cambogia Fruit Extract, Hydrogenated Lecithin Vinyl Dimethicone, Hydroxyethyl Acrylate/Sodium Acryloyldimethyl Taurate Copolymer, Caprylyl Methicone, Polymethylsilsesquioxane, Sodium Acrylates/C10-30 Alkyl Acrylate Crosspolymer, Tromethamine, Dimethiconol, Glyceryl Acrylate/Acrylic Acid Copolymer, Xanthan Gum, Sorbitan Isostearate, Adenosine Caprylic/Capric Triglyceride, Disodium EDTA, Polyglyceryl-10 Laurate, Menadione, Caffeine, Panthenol, Salicylic Acid, Escin, 3-O-Ethyl Ascorbic Acid, Ceramide NP, 1,2-Hexanediol, Flavor, Hydroxyacetophenone, Ethylhexylglycerin, Linalool, Benzyl Salicylate, Limonene, Hydroxycitronellal, Geraniol</p>","Medicube","Skincare","Imported, TSB, Teemdrop_Auto_Fulfill",TRUE,Title,Default Title,"9120000000033",0,,999,deny,manual,24.04,TRUE,TRUE,"https://cdn.shopify.com/s/files/1/0515/4589/9157/files/Medicube_Age-R_Vita_K_Refining_Cream.png?v=1766405392"
"medicube-txa-niacinamide-capsule-cream-55g","Medicube TXA Niacinamide Capsule Cream (55g)","<p>Achieve the ultimate in dermatological excellence with the Medicube TXA Niacinamide Capsule Cream (55g). This high-fidelity formula is precision-engineered to deliver visible transformation in skin texture and clarity. Pop and Fade! Dark spot eliminating cream. Medicube TXA Niacinamide Capsule Cream refines uneven tone and texture for visibly clearer, radiant skin.</p><h6>Ingredients</h6><p>Water, Glycerin, Niacinamide, Methylpropanediol, Propanediol, 1,2-hex- Anediol, Dipropylene Glycol, Caprylic/capric Triglyceride, Glyceryl Glucoside, Butylene Glycol, Arginine, Ethylhexyl Palmitate, Carbomer, Cetearyl Alcohol, Cetearyl Olivate, Sor- Bitan Olivate, C12-14 Alketh-12, Ammonium Acryloyldimethyltaurate/vp Copolymer, Simethicone, Ethylhexylglycerin, Melia Azadirachta Flower Extract, Melia Azadirachta Leaf Extract, Adenosine, Polyacrylate-13, Disodium Edta, Cyanocobalamin, Triethyl Ci- Trate, Betaine, Polyisobutene, Glyceryl Stearate, Hydrolyzed Sclerotium Gum, Tranexamic Acid, Abelmoschus Esculentus (Okra) Fruit Extract, Panthenol, Coccinia Indica Fruit Extract, Corallina Officinalis Extract, Polysorbate 20, Sorbitan Isostearate, Glutathione, Fragaria Vesca (Strawberry) Fruit Extract, Castanea Crenata (Chestnut) Shell Extract, Citrus Junos Peel Extract, Betula Platyphylla Japonica Bark/leaf Extract, Ricinus Communis (Castor) Seed Oil, Bisabolol, Ferulic Acid, Cymbopogon Citratus Leaf Oil, Illici- Um Verum (Anise) Fruit/seed Oil, Octyldodecanol, Hydrolyzed Hyaluronic Acid, 3-0-ethyl Ascorbic Acid, Sodium Hyaluronate, Alpha-arbutin, Hydrogenated Lecithin, Ceramide Np, Hydroxypropyltrimonium Hyaluronate, Caprylyl Glycol, Sodium Acetylated Hyaluronate, Hyaluronic Acid, Sodium Hyaluronate Crosspolymer, Hydrolyzed Sodium Hyaluronate, Potassium Hyaluronate</p>","Medicube","Skincare","Imported, TSB, Teemdrop_Auto_Fulfill",TRUE,Title,Default Title,"9120000000034",0,,999,deny,manual,28.98,TRUE,TRUE,"https://cdn.shopify.com/s/files/1/0515/4589/9157/files/TXANIACINAMAIDECAPSULECREAM.png?v=1750787982"
"medicube-age-r-vita-c-pro-ampoule-20ml","Medicube Age-R Vita C Pro Ampoule (20ml)","<p>Achieve the ultimate in dermatological excellence with the Medicube Age-R Vita C Pro Ampoule (20ml). This high-fidelity formula is precision-engineered to deliver visible transformation in skin texture and clarity. Powerful brightening care in 3 days Medicube Age-R Vita C Pro Ampoule is formulated with a premium blend of ingredients for brightening care with optimal pH to enhance absorption while minimizing irritation. It is designed to address pigmentation issues and promote an even complexion.</p><h6>Ingredients</h6><p>Water, Ascorbic Acid, Propanediol, Glycerin, Alcohol Denat., Tromethamine, 1,2-Hexanediol, Ethyl Ascorbyl Ether, Dimethicone, Panthenol, Hydrogenated Ethylhexyl Olivate, Methylpropanediol, Hydrolyzed Jojoba Esters, Hydrogenated Olive Oil Unsaponifiables, Brassica Oleracea Italica (Broccoli) Extract, Sphingomonas Ferment Extract, Curcuma Longa (Turmeric) Root Extract, Ananas Sativus (Pineapple) Fruit Extract, Ferulic Acid, Butylene Glycol Cocoate, Hydrogenated Lecithin, Palmitic Acid, Tocopherol, Glucosylrutin, Polyglyceryl-10 Oleate, Microcrystalline Cellulose, Allantoin, Ethylhexylglycerin, Adenosine, Dipotassium Glycyrrhizate, Ethylcellulose, Cellulose Gum, Sodium Phytate, Beta-Glucan, Glucosyl Hesperidin, Ubiquinone, Polyglyceryl-3 Distearate, Cetearyl Olivate, Sorbitan Olivate, Sodium Dilauramidoglutamide Lysine, Glyceryl Stearate Citrate, Isostearyl Alcohol, C12-16 Alcohols, Caffeine, Flavor, Limonene, Linalool, Citronellol</p>","Medicube","Skincare","Imported, TSB, Teemdrop_Auto_Fulfill",TRUE,Title,Default Title,"9120000000035",0,,999,deny,manual,24.93,TRUE,TRUE,"https://cdn.shopify.com/s/files/1/0515/4589/9157/files/medicube-age-r-vita-c-pro-ampoule-20ml-korean-k-beauty-864.png?v=1753396383"
"medicube-age-r-glutathione-glow-toner-140ml","Medicube Age-R Glutathione Glow Toner (140ml)","<p>Experience a clinical-grade breakthrough with Medicube\'s Medicube Age-R Glutathione Glow Toner (140ml). Designed for the sophisticated skincare ritual, it leverages advanced science to restore skin vitality and resilience. Get radiant complexion and even out skin tone. Medicube Age-R Glutathione Glow Toner gives you 24hrs of lasting radiance and long-lasting hydrated glass glow skin.</p><h6>Ingredients</h6><p>WATER, TRIETHYLHEXANOIN, HYDROGENATED POLY(C6-14 OLEFIN), BUTYLENE GLYCOL, 1,2-HEXANEDIOL, METHYLPROPANEDIOL, NIACINAMIDE, PHENYL TRIMETHICONE, DIETHOXYETHYL SUCCINATE, POLYGLYCERYL-10 MYRISTATE, FRAGRANCE, HIPPOPHAE RHAMNOIDES OIL, ETHYLHEXYLGLYCERIN, ALLANTOIN, HYDROGENATED LECITHIN, HIBISCUS ESCULENTUS FRUIT EXTRACT, CORCHORUS OLITORIUS LEAF EXTRACT, CARUM PETROSELINUM (PARSLEY) EXTRACT, GLUTATHIONE, SODIUM GLUCONATE, ADENOSINE, CELLULOSE GUM, HEXYL CINNAMAL, GLUCONOLACTONE, MELIA AZADIRACHTA LEAF EXTRACT, LINALOOL, MELIA AZADIRACHTA FLOWER EXTRACT, LAVANDULA ANGUSTIFOLIA (LAVENDER) FLOWER WATER, HYACINTHUS ORIENTALIS (HYACINTH) EXTRACT, CENTAUREA CYANUS FLOWER EXTRACT, CHAMOMILLA RECUTITA (MATRICARIA) FLOWER/LEAF EXTRACT, CURCUMA LONGA (TURMERIC) ROOT EXTRACT, BORAGO OFFICINALIS EXTRACT, SALVIA SCLAREA (CLARY) EXTRACT, LIMONENE, ALPHA-ARBUTIN, OCIMUM SANCTUM LEAF EXTRACT, CORALLINA OFFICINALIS EXTRACT, THIOCTIC ACID, BIOTIN, BIOTINOYL TRIPEPTIDE-1, ACETYL HEXAPEPTIDE-8, TRIPEPTIDE-1, TRIPEPTIDE-3, MYRISTOYL PENTAPEPTIDE-17, HEXAPEPTIDE-9</p>","Medicube","Skincare","Imported, TSB, Teemdrop_Auto_Fulfill",TRUE,Title,Default Title,"9120000000036",0,,999,deny,manual,25.62,TRUE,TRUE,"https://cdn.shopify.com/s/files/1/0515/4589/9157/files/Medicube_Age-R_Glutathione_Glow_Toner_140ml_a7d4e3f8-2700-438b-a75e-0b955e140658.png?v=1771867908"
"medicube-age-r-glutathione-glow-cream-50ml","Medicube Age-R Glutathione Glow Cream (50ml)","<p>Achieve the ultimate in dermatological excellence with the Medicube Age-R Glutathione Glow Cream (50ml). This high-fidelity formula is precision-engineered to deliver visible transformation in skin texture and clarity. Gentle but effective brightening cream. Medicube Age-R Glutathione Glow Cream introducing our special gently brightening glow capsule cream.</p><h6>Ingredients</h6><p>Water, Glycerin, PEG-8, Niacinamide, Butylene Glycol, Methylpropanediol, 1,2-Hexanediol, Betaine, Glycereth-26,m Bis-PEG-18 Methyl Ether Dimethyl Silane, Polyglyceryl-10 Laurate, Bifida Ferment Lysate, Methyl Gluceth-20, Panthenol, Squalane, Glucosylrutin, Hydrogenated Lecithin, Carbomer, Caprylic/Capric Triglyceride, Tromethamine, Xanthan Gum, Propanediol, Flavor, Ethylhexylglycerin, Glutathione(500ppm), Adenosine, Ceramide NP, Sodium Phytate, Benzyl Glycol, Hydrolyzed Glycosaminoglycans, Sodium Hyaluronate, Dextrin, Theobroma Cacao (Cocoa) Extract, Beta-Glucan, Cyanocobalamin, Sodium Hyaluronate Crosspolymer, Tocopherol, Hydrolyzed Hyaluronic Acid, Hydroxypropyltrimonium Hyaluronate, Soluble Collagen, Hyaluronic Acid, Sodium Acetylated Hyaluronate, Sodium Stearoyl Glutamate</p>","Medicube","Skincare","Imported, TSB, Teemdrop_Auto_Fulfill",TRUE,Title,Default Title,"9120000000037",0,,999,deny,manual,31.24,TRUE,TRUE,"https://cdn.shopify.com/s/files/1/0515/4589/9157/files/medicube_3_fbed3f53-ea50-46f4-805a-79bcfec5113a.png?v=1768840137"
"medicube-age-r-glutathione-glow-serum-30g","Medicube Age-R Glutathione Glow Serum (30g)","<p>Re-densify and lift your complexion with the clinical-grade Medicube Age-R Glutathione Glow Serum (30g). Engineered for maximum fidelity in skin repair, it provides immediate restoration for sagging, tired skin. Glutathione skin booster in a bottle! Medicube Age-R Glutathione Glow Serum is a high-end skin booster formulated with high content of glutathione. It is an pigmentation and elasticity serum designed with optimum elasticity to be used with the Booster H or Booster Pro for 3x the efficacy.</p><h6>Ingredients</h6><p>Water, Glycerin, PEG-8, Niacinamide, Butylene Glycol, Methylpropanediol, 1,2-Hexanediol, Betaine, Glycereth-26,m Bis-PEG-18 Methyl Ether Dimethyl Silane, Polyglyceryl-10 Laurate, Bifida Ferment Lysate, Methyl Gluceth-20, Panthenol, Squalane, Glucosylrutin, Hydrogenated Lecithin, Carbomer, Caprylic/Capric Triglyceride, Tromethamine, Xanthan Gum, Propanediol, Flavor, Ethylhexylglycerin, Glutathione(500ppm), Adenosine, Ceramide NP, Sodium Phytate, Benzyl Glycol, Hydrolyzed Glycosaminoglycans, Sodium Hyaluronate, Dextrin, Theobroma Cacao (Cocoa) Extract, Beta-Glucan, Cyanocobalamin, Sodium Hyaluronate Crosspolymer, Tocopherol, Hydrolyzed Hyaluronic Acid, Hydroxypropyltrimonium Hyaluronate, Soluble Collagen, Hyaluronic Acid, Sodium Acetylated Hyaluronate, Sodium Stearoyl Glutamate</p>","Medicube","Skincare","Imported, TSB, Teemdrop_Auto_Fulfill",TRUE,Title,Default Title,"9120000000038",0,,999,deny,manual,27.40,TRUE,TRUE,"https://cdn.shopify.com/s/files/1/0515/4589/9157/files/Medicube_Age-R_Glutathione_Glow_Serum_30g.png?v=1766405391"
"medicube-age-r-booster-pro-mini","Medicube Age-R Booster Pro Mini","<p>Re-densify and lift your complexion with the clinical-grade Medicube Age-R Booster Pro Mini. Engineered for maximum fidelity in skin repair, it provides immediate restoration for sagging, tired skin. Simplified, portable viral beauty tool to achieve firm and lifted glass skin! Medicube Age-R Booster Pro Mini uses takes the best of the Booster Pro to help achieve skin goals in a lightweight, budget-friendly mini version! The Booster mode (level 1-5) improves product absorption by 562% and can be paired with red or blue LED to address troubled, dull skin. Booster Pro is a high-tech beauty device that provides you professional-level skincare in the comfort of your own home.</p><h6>Ingredients</h6><p>Refer to product packaging for full ingredient list.</p>","Medicube","Skincare","Imported, TSB, Teemdrop_Auto_Fulfill",TRUE,Title,Default Title,"9120000000039",0,,999,deny,manual,49.97,TRUE,TRUE,"https://cdn.shopify.com/s/files/1/0515/4589/9157/files/Medicube_Age-R_Booster_Pro_Mini.png?v=1766405396"
"medicube-pdrn-pink-niacinamide-whip-cleanser","Medicube PDRN Pink Niacinamide Whip Cleanser","<p>Achieve the ultimate in dermatological excellence with the Medicube PDRN Pink Niacinamide Whip Cleanser. This high-fidelity formula is precision-engineered to deliver visible transformation in skin texture and clarity. A gentle, whipped cleanser infused with PDRN and niacinamide Medicube PDRN Pink Niacinamide Whip Cleanser is infused with PDRN, known for its regenerative properties, and niacinamide to effectively remove impurities and excess oil without stripping the skin. It helps to brighten and even out skin tone, while hydrating and reinforcing the skin barrier.</p><h6>Ingredients</h6><p>Water, Glycerin, Myristic Acid, Stearic Acid, Potassium Hydroxide, Lauric Acid, Niacinamide, Glyceryl Stearate SE, Glycol Distearate, Palmitic Acid, Cocamidopropyl Betaine, Potassium Cocoyl Glycinate, Sodium Polyacrylate, Sorbitan Olivate, Sorbitol, Allantoin, Potassium Cocoyl Glycinate, Polyquaternium-10, Sodium Chloride, Polyquaternium-7, Butylene Glycol, Caprylyl Glycol, Acrylates/C10-30 Alkyl Acrylate Crosspolymer, Tetrasodium EDTA, Anthemis Nobilis Flower Oil, Pyrus Communis (Pear) Fruit Extract, Rosa Damascena Flower Water, Prunus Persica (Peach) Fruit Extract, Thuja Orientalis Extract, Cynodon Dactylon Extract, Jasminum Officinale (Jasmine) Flower Water, Citrus Aurantium Amara (Bitter Orange) Flower Extract, Rosmarinus Officinalis (Rosemary) Leaf Oil, Cucumis Melo (Melon) Fruit Extract, Hedera Helix (Ivy) Leaf/Stem Extract, 1,2-Hexanediol, Panthenol, Sodium DNA, Sodium Benzoate, Camellia Sinensis (Green Tea) Extract, Ethylhexylglycerin, Gluconolactone, Glutathione, Capryloyl Salicylic Acid, Salicylic Acid, Caprylic/Capric Triglyceride, Adansonia Digitata Seed Oil, Hydrogenated Lecithin, Pentylene Glycol, Ceramide NP, Madecassoside, Coptis Chinensis Root Extract, Carum Petroselinum (Parsley) Extract, Hibiscus Esculentus Fruit Extract, Decyl Glucoside, Dimethylsilanol Hyaluronate, Hydrolyzed Hyaluronic Acid, Hydrolyzed Sodium Hyaluronate, Sodium Hyaluronate, Potassium Hyaluronate, Hyaluronic Acid, Ceramide AS, Ceramide NS, Hydroxypropyltrimonium Hyaluronate, Sodium Hyaluronate Crosspolymer, Sodium Hyaluronate Dimethylsilanol, Ceramide AP, Ceramide EOP, Sodium Acetylated Hyaluronate.</p>","Medicube","Skincare","Imported, TSB, Teemdrop_Auto_Fulfill",TRUE,Title,Default Title,"9120000000040",0,,999,deny,manual,21.78,TRUE,TRUE,"https://cdn.shopify.com/s/files/1/0515/4589/9157/files/medicube_2_989068d1-ff34-4745-89b6-03af9f3bb734.png?v=1768830518"
"medicube-pdrn-lip-sleeping-mask-10g","Medicube PDRN Lip Sleeping Mask (10g)","<p>Experience a clinical-grade breakthrough with Medicube\'s Medicube PDRN Lip Sleeping Mask (10g). Designed for the sophisticated skincare ritual, it leverages advanced science to restore skin vitality and resilience. A deeply moisturizing sleep mask infused with PDRN and collagen Medicube PDRN Lip Sleeping Mask is a plumping hydration and overnight repair mask the lips. Designed to soften and smooth dry or chapped lips, it supports lip elasticity while restoring moisture.</p><h6>Ingredients</h6><p>Water, Hydrogenated Lecithin, Polyglyceryl-10 Oleate, Adenosine, Ceresin, Titanium Dioxide, Caprylic/Capric Triglyceride, Polyhydroxystearic Acid, Alumina, Stearic Acid, Bisabolol, Silica Dimethyl Silylate, Lauryl Polyglyceryl-3 Polydimethylsiloxyethyl Dimethicone, Lauryl Polyglyceryl-3 Polydimethylsiloxyethyl Dimethicone, Aluminum Hydroxide, D&C Red No. 30, Manganese Violet, FD&C Blue No. 1, Camellia Japonica Seed Oil, Sodium DNA, Tocopherol, Water, Butylene Glycol, Glycerin, 1,2-Hexanediol, Hydrolyzed Collagen, Water, 1,2-Hexanediol, Glycerin, Akebia Quinata Extract, Butylene Glycol, Caprylyl/Capryl Glucoside, Camellia Japonica Flower Extract, Polyglyceryl-10 Laurate, Polyglyceryl-10 Oleate, Propanediol, Acetyl Hexapeptide-8, Acetyl Tetrapeptide-5, Adenosine, Carnosine, Palmitoyl Tetrapeptide-7, Palmitoyl Tripeptide-5, Yeast Beta-Glucan.</p>","Medicube","Makeup","Imported, TSB, Teemdrop_Auto_Fulfill",TRUE,Title,Default Title,"9120000000041",0,,999,deny,manual,20.88,TRUE,TRUE,"https://cdn.shopify.com/s/files/1/0515/4589/9157/files/Medicube_PDRN_Lip_Sleeping_Mask_10g.png?v=1766405389"
"medicube-txa-niacinamide-15-serum-30ml","Medicube TXA Niacinamide 15% Serum (30ml)","<p>Experience a clinical-grade breakthrough with Medicube\'s Medicube TXA Niacinamide 15% Serum (30ml). Designed for the sophisticated skincare ritual, it leverages advanced science to restore skin vitality and resilience. An all-in-one serum for dark spots, acne scars, uneven skin tone, and texture care Medicube TXA Niacinamide 15% Serum provides powerful dark spot, acne scar, and uneven skin tone care. Enhanced with 10-layer hyaluronic acid, panthenol, and coral moss extract, it calms and soothes skin while strengthening the skin barrier for a visibly clearer, healthier complexion.</p><h6>Ingredients</h6><p>Water, Niacinamide, Glycerin, Butylene Glycol, Tranexamic Acid, Arbutin, Diethoxyethyl Succinate, Chlorphenesin, C12-14 Alketh-12, Ethylhexylglycerin, Xanthan Gum, Carbomer, Adenosine, Disodium EDTA, Melia Azadirachta Leaf Extract, Melia Azadirachta Flower Extract, 1,2-Hexanediol, Panthenol, Cyanocobalamin, Betaine, Coccinia Indica Fruit Extract, Rosa Centifolia Flower Oil, Ferulic Acid, Corallina Officinalis Extract, Pentylene Glycol, Glutathione, Hydrolyzed Hyaluronic Acid, Hydrolyzed Sodium Hyaluronate, Dimethylsilanol Hyaluronate, Hyaluronic Acid, Potassium Hyaluronate, Sodium Hyaluronate, Hydroxypropyltrimonium Hyaluronate, Sodium Hyaluronate Crosspolymer, Sodium Hyaluronate Dimethylsilanol, Sodium Acetylated Hyaluronate, Acetyl Tetrapeptide-5, Hexapeptide-9, Palmitoyl Tripeptide-5.</p>","Medicube","Skincare","Imported, TSB, Teemdrop_Auto_Fulfill",TRUE,Title,Default Title,"9120000000042",0,,999,deny,manual,25.62,TRUE,TRUE,"https://cdn.shopify.com/s/files/1/0515/4589/9157/files/Medicube_TXA_Niacinamide_15_Serum_30ml.png?v=1766405391"
"medicube-hyaluronic-multi-peptide-serum-30ml","Medicube Hyaluronic Multi Peptide Serum (30ml)","<p>The Medicube Hyaluronic Multi Peptide Serum (30ml) is a professional-strength masterpiece that targets your skin\'s unique needs with clinical precision. Formulated for maximum efficacy, it unveils a radiant, glass-like complexion. An intensely moisturizing serum, created to improve skin firmness and elasticity Medicube Hyaluronic Multi Peptide Serum is a revolutionary formula designed to transform your skin. This premium serum combines 99% high-purity hyaluronic acid with powerful peptides to deliver intense hydration and anti-aging benefits.</p><h6>Ingredients</h6><p>Water, Neopentyl Glycol Dicaprate, Propanediol, Glycerin, 1,2-Hexanediol, Niacinamide, Trehalose, Glyceryl Glucoside, Sorbitol, Sodium Hyaluronate (5,032.8 Ppm), Sodium Chloride, Panthenol, Ethylhexylglycerin, Allantoin, Adenosine, Disodium Edta, Glucose, Guava Leaf Extract, Guava Flower Extract, Butylene Glycol, Alpha-Arbutin, Squalane, Ivy Gourd Fruit Extract, Eggplant Fruit Extract, Sodium Dna, Aloe Barbadensis Flower Extract, Bergamot Oil, Sodium Hyaluronate Crosspolymer (8.03 Ppm), Holy Basil Leaf Extract, Jojoba Seed Oil, Coral Extract, Turmeric Root Extract, Acetyl Hexapeptide-8 (0.1 Ppm), Acetyl Tetrapeptide-3 (0.1 Ppm), Arginine/Lysine Polypeptide (0.1 Ppm), Collagen Extract, Copper Tripeptide-1 (0.1 Ppm), Dipeptide-2 (0.1 Ppm), Hexapeptide-11 (0.1 Ppm), Nonapeptide-1 (0.1 Ppm), Oligopeptide-1 (0.1 Ppm), Palmitoyl Hexapeptide-12 (0.1 Ppm), Palmitoyl Pentapeptide-4 (0.1 Ppm), Palmitoyl Tetrapeptide-7 (0.1 Ppm), Palmitoyl Tripeptide-1 (0.1 Ppm), Tripeptide-1 (0.1 Ppm), Hyaluronic Acid (30 Ppb), Hydrolyzed Hyaluronic Acid (30 Ppb), Hydrolyzed Sodium Hyaluronate (30 Ppb), Hydroxypropyltrimonium Hyaluronate (30 Ppb), Potassium Hyaluronate (30 Ppb), Pentylene Glycol, Sodium Acetylated Hyaluronate (1 Ppb).</p>","Medicube","Skincare","Imported, TSB, Teemdrop_Auto_Fulfill",TRUE,Title,Default Title,"9120000000043",0,,999,deny,manual,27.40,TRUE,TRUE,"https://cdn.shopify.com/s/files/1/0515/4589/9157/files/Product_Images_1_7fd9686c-2714-4a20-910b-dd621fb0fce3.png?v=1754427135"
"medicube-zero-pore-clearing-capsule-cleansing-foam-120g","Medicube Zero Pore Clearing Capsule Cleansing Foam (120g)","<p>Experience a clinical-grade breakthrough with Medicube\'s Medicube Zero Pore Clearing Capsule Cleansing Foam (120g). Designed for the sophisticated skincare ritual, it leverages advanced science to restore skin vitality and resilience. A foam cleanser that gently exfoliates dead skin cells with natural BHA Medicube Zero Pore Clearing Capsule Cleansing Foam delivers deep pore cleansing with exosome capsules that are 500 times smaller than pores, allowing them to intensively remove sebum and exfoliate from within. Formulated with natural BHA from white willow bark extract (salicylic acid) and cica exosomes, it provides a powerful yet soothing effect on sensitive and acne-prone skin.</p><h6>Ingredients</h6><p>Water, Glycerin, Sodium Cocoyl Glycinate, Sodium Lauroyl Glutamate, Lauryl Hydroxysultaine, Coco-Glucoside, Decyl Glucoside, 1,2-Hexanediol, Salicylic Acid, Sodium Chloride, Caprylyl Glycol, Hydroxypropyl Starch Phosphate, Silica, Fragrance, Acrylates/C10-30 Alkyl Acrylate Crosspolymer, Citric Acid, Polyquaternium-67, Dextrin, Zea Mays Corn Starch, Microcrystalline Cellulose, Mannitol, Disodium EDTA, Sucrose, Gardenia Florida Fruit Extract, Sodium Acetate, Ultramarines (CI 77007), Tocopheryl Acetate, Isopropyl Alcohol, Butylene Glycol, Gluconolactone, Mandelic Acid, White Willow Bark Extract, Centella Asiatica Leaf Vesicles, Camellia Sinensis Extract, Centella Asiatica Leaf, Cladosiphon Okamuranus Extract, Camellia Sinensis Leaf Extract, Houttuynia Cordata Extract, Coffea Arabica (Coffee) Seed Extract, Pueraria Lobata Root Extract, Pinus Palustris Leaf Extract, Oenothera Biennis (Evening Primrose) Flower Extract, Ulmus Davidiana Root Extract, Citrus Aurantium Bergamia (Bergamot) Leaf Extract, Pinus Densiflora Leaf Extract..</p>","Medicube","Skincare","Imported, TSB, Teemdrop_Auto_Fulfill",TRUE,Title,Default Title,"9120000000044",0,,999,deny,manual,26.51,TRUE,TRUE,"https://cdn.shopify.com/s/files/1/0515/4589/9157/files/Zero_Pore_SA_Capsle.png?v=1754369293"
"medicube-pdrn-pink-niacinamide-milky-toner","Medicube PDRN Pink Niacinamide Milky Toner","<p>The Medicube PDRN Pink Niacinamide Milky Toner is a professional-strength masterpiece that targets your skin\'s unique needs with clinical precision. Formulated for maximum efficacy, it unveils a radiant, glass-like complexion. A soothing toner for instant hydration and texture improvement Medicube PDRN Pink Niacinamide Milky Toner is powered by PDRN, a collagen complex, and five types of peptides to visibly improve skin elasticity, reduce the appearance of blemishes and dark spots, and restore radiance. Infused with glycerin and sodium hyaluronate, it deeply hydrates while reinforcing the skin barrier to prevent moisture loss.</p><h6>Ingredients</h6><p>Water (Aqua), Glycerin, Niacinamide, Cetyl Ethylhexanoate, Caprylic/Capric Triglyceride, 1,2-Hexanediol, Pentaerythrityl Tetraisostearate, Ethylhexyl Palmitate, Polyglyceryl-3 Distearate, Octyldodecanol, Disostearyl Malate, C12-14 Pareth-12, Acrylates/C10-30 Alkyl Acrylate Crosspolymer, Tromethamine, Glyceryl Stearate, Ethylhexylglycerin, Trehalose, Glyceryl Stearate Citrate, Adenosine, Disodium EDTA, Cyanocobalamin, Saccharide Hydrolysate, Oryza Sativa (Rice) Bran Oil, Oryza Sativa (Rice) Bran Water, Butylene Glycol, Prunus Amygdalus Amara (Bitter Almond) Kernel Oil, Camellia Sinensis Leaf Extract, Prunus Mume (Japanese Apricot) Leaf Extract, Sorbitol, Panthenol, Propanediol, Vanilla Planifolia Fruit Extract, Jasminum Officinale (Jasmine) Flower Water, Xylitylglucoside, Anhydroxylitol, Helianthus Annuus (Sunflower) Seed Oil, Dipropylene Glycol, Sucrose Stearate, Xylitol, Beta-Carotene, Sodium DNA, Polyquaternium-10, Vaccinium Myrtillus (Bilberry) Fruit Extract, Acer Saccharum (Sugar Maple) Extract, Centella Asiatica Leaf Extract, Centella Asiatica Extract, Tocopherol, Pueraria Lobata Root Extract, Retinyl Palmitate, Madecassoside, Milk Protein Extract, Lycopodium Clavatum Extract, Equisetum Arvense Extract, Phragmites Communis Extract, Prunus Amygdalus Dulcis (Sweet Almond) Fruit Extract, Lecithin, Tremella Fuciformis (Mushroom) Extract, Tabebuia Impetiginosa Bark Extract, Trifolium Pratense (Clover) Extract, Acetyl Glutamine, Asiatic Acid, Bacillus/Soybean Ferment Extract, Madecassic Acid, Asiaticoside, Hydrolyzed Wheat Protein, Hydrolyzed Soy Protein, Hydrolyzed Rice Protein, Hydrolyzed Rice Bran Protein, Hydrolyzed Corn Protein, Caprylyl Glycol, Sodium Hyaluronate, Citric Acid, Palmitoyl Pentapeptide-4, Ceramide NS, Ceramide NP, Ceramide EOP, Ceramide AP, Ceramide AS, Oligopeptide-2, Oligopeptide-1, Oligopeptide-3, Oligopeptide-2, Oligopeptide-11, Hexapeptide-11.</p>","Medicube","Skincare","Imported, TSB, Teemdrop_Auto_Fulfill",TRUE,Title,Default Title,"9120000000045",0,,999,deny,manual,24.04,TRUE,TRUE,"https://cdn.shopify.com/s/files/1/0515/4589/9157/files/Medicube_PDRN_Pink_Niacinamide_Milky_Toner.png?v=1760116843"
"medicube-zero-pore-cooling-mask-1-pc","Medicube Zero Pore Cooling Mask (1 PC)","<p>The Medicube Zero Pore Cooling Mask (1 PC) is a professional-strength masterpiece that targets your skin\'s unique needs with clinical precision. Formulated for maximum efficacy, it unveils a radiant, glass-like complexion. Tighten your pores & cool down face temperature! Medicube Zero Pore Cooling Mask is an effective and powerful pore care mask that targets pores with cooling and tightening effects. When body temperature increases, there is increased pore size and sebum production which is why it is important to cool the skin.</p><h6>Ingredients</h6><p>Refer to product packaging for full ingredient list.</p>","Medicube","Skincare","Imported, TSB, Teemdrop_Auto_Fulfill",TRUE,Title,Default Title,"9120000000046",0,,999,deny,manual,18.41,TRUE,TRUE,"https://cdn.shopify.com/s/files/1/0515/4589/9157/files/Zero_Pore_Cooling_Mask.png?v=1754431255"
"medicube-deep-peptide-radiance-mask-1-pc","Medicube Deep Peptide Radiance Mask (1 PC)","<p>The Medicube Deep Peptide Radiance Mask (1 PC) is a professional-strength masterpiece that targets your skin\'s unique needs with clinical precision. Formulated for maximum efficacy, it unveils a radiant, glass-like complexion. Strengthening elasticity with just one sheet Medicube Deep Peptide Radiance Mask features h igh-functioning peptide cream essence packed in one effective sheet mask. It is f ormulated with Quadruple Peptide & Hyaluronic acid to help boost hydration and elasticity for gleaming skin.</p><h6>Ingredients</h6><p>Refer to product packaging for full ingredient list.</p>","Medicube","Skincare","Imported, TSB, Teemdrop_Auto_Fulfill",TRUE,Title,Default Title,"9120000000047",0,,999,deny,manual,18.41,TRUE,TRUE,"https://cdn.shopify.com/s/files/1/0515/4589/9157/files/Medicube_Deep_Peptide_Radiance_Mask_1_PC.png?v=1766405388"
"medicube-deep-lifting-age-repair-cream-30ml","Medicube Deep Lifting Age-Repair Cream (30ml)","<p>Experience a clinical-grade breakthrough with Medicube\'s Medicube Deep Lifting Age-Repair Cream (30ml). Designed for the sophisticated skincare ritual, it leverages advanced science to restore skin vitality and resilience. Next generation peptide anti-aging lifting cream. Medicube Deep Lifting Age-Repair Cream is a hypoallergenic lifting and wrinkle improvement cream featuring proprietary peptide complexes.</p><h6>Ingredients</h6><p>Water, Methylpropanediol, *Glycerin, Cyclopentasiloxane, *Butylene Glycol, Hydrogenated Poly(C6-14 Olefin), Dipropylene Glycol, Caprylic/Capric Triglyceride, Panthenol, Niacinamide, *Acetyl Hexapeptide-1, *Palmitoyl Pentapeptide-5, *Acetyl Dipeptide-1 Cetyl Ester, *Acetyl Octapeptide-3, Copper Tripeptide-1, Squalane, Glyceryl Stearate, Shea Butter, Polyglyceryl-3 Distearate, Cetearyl Olivate, C14-22 Alcohols, Stearyl Alcohol, Cetyl Alcohol, Sorbitan Olivate, Hydrogenated Lecithin, Polysorbate 60, Meadowfoam Seed Oil, Palmitic Acid, Stearic Acid, 1,2-Hexanediol, C12-20 Alkyl Glucoside, Ammonium Acryloyldimethyltaurate/VP Copolymer, Dimethiconol, Ethylhexylglycerin, Sodium Stearoyl Glutamate, Saccharide Hydrolysate, Glyceryl Stearate Citrate, Fructooligosaccharides, Allantoin, Acrylates/C10-30 Alkyl Acrylate Crosspolymer, Tromethamine, *Caprylyl Glycol, Pullulan, Dipotassium Glycyrrhizate, Saccharum Officinarum (Sugarcane) Extract, Adenosine, *Sorbitan Laurate, Disodium EDTA, Sodium Hyaluronate, *Hydroxyethylcellulose, Myristyl Alcohol, Myristic Acid, Hyaluronic Acid, Glucose, Arachidic Acid, Lauryl Alcohol, Sodium Hyaluronate Crosspolymer, Hydrolyzed Sodium Hyaluronate, Hydrolyzed Hyaluronic Acid, Ceramide NP, Atelocollagen, Desamidocollagen, Oleic Acid, Hydrolyzed Elastin, Hydrolyzed Collagen, Soluble Collagen, Sodium Acetylated Hyaluronate, Hydroxypropyltrimonium Hyaluronate, Collagen, Collagen Amino Acids, Procollagen, Magnesium PCA, Serine, Sucrose, Glycine, Calcium Chloride, Sea Salt, Alanine, Magnesium Chloride, Threonine, Histidine, Aspartic Acid, Valine, Proline, Dipotassium Phosphate, Lysine, Arginine, Tyrosine, Isoleucine, Magnesium Citrate, Glucosamine HCl, Phenylalanine, Glutamic Acid, Arginine, 1-Methylhydantoin-2-Imide, Asparagine, Citrulline, Methionine, Taurine, Tryptophan, Phytic Acid, Glutamine, Cysteine, Fragrance, Alpha-Isomethyl Ionone.</p>","Medicube","Skincare","Imported, TSB, Teemdrop_Auto_Fulfill",TRUE,Title,Default Title,"9120000000048",0,,999,deny,manual,18.41,TRUE,TRUE,"https://cdn.shopify.com/s/files/1/0515/4589/9157/files/Medicube_Deep_Lifting_Age-Repair_Cream_30ml.png?v=1766405389"
"medicube-pdrn-pink-peptide-serum","Medicube PDRN Pink Peptide Serum","<p>Achieve the ultimate in dermatological excellence with the Medicube PDRN Pink Peptide Serum. This high-fidelity formula is precision-engineered to deliver visible transformation in skin texture and clarity. Completely change your dull, uneven complexion to clear, glowy skin. Achieve clear, radiant, and resilient skin with Medicube PDRN Pink Peptide Serum.</p><h6>Ingredients</h6><p>Refer to product packaging for full ingredient list.</p>","Medicube","Skincare","Imported, TSB, Teemdrop_Auto_Fulfill",TRUE,Title,Default Title,"9120000000049",0,,999,deny,manual,24.93,TRUE,TRUE,"https://cdn.shopify.com/s/files/1/0515/4589/9157/files/Medicube_PDRN_Pink_Peptide_Serum.png?v=1771607283"
"medicube-pdrn-pink-exosome-shot-serum-7500-30ml","Medicube PDRN Pink Exosome Shot Serum 7500 (30ml)","<p>Experience a clinical-grade breakthrough with Medicube\'s Medicube PDRN Pink Exosome Shot Serum 7500 (30ml). Designed for the sophisticated skincare ritual, it leverages advanced science to restore skin vitality and resilience. Microneedling in a bottle with to enhance skin vitality and glow Medicube PDRN Pink Exosome Shot Serum is a tingling serum for at-home aesthetic care, designed to address elasticity, brightening and resurfacing. There are two customized options for beginners and high-end users - this 7500ppm serum is suitable for experienced users and to be used every 3 days.</p><h6>Ingredients</h6><p>Water, Butylene Glycol, Dipropylene Glycol, Glycerin, Niacinamide, Sodium Polyacrylate, 1,2-Hexanediol, Calcium aluminum borosilicate, Hydrolyzed Sponge, Caprylyl Glycol, Cetearyl Olivate, Phenyl Trimethicone, Sorbitan Olivate, Glyceryl Acrylate/Acrylic Acid Copolymer, Ethylhexylglycerin, Adenosine, Disodium EDTA, PVM/MA Copolymer, Panthenol, Lactobacillus Extracellular Vesicles(50 ppm), Cyanocobalamin, Sodium DNA(10 ppm), Milk Exosomes(10 ppm), Collagen Extract, Macadamia Ternifolia Seed Oil, Caprylic/Capric Triglyceride, Alcohol, Hydrogenated Lecithin, Polysorbate 20, Retinol, Chondrus Crispus Extract, Cholesterol, Sodium Hyaluronate, Brassica Campestris (Rapeseed) Sterols, Polyglyceryl-10 Laurate, Ceteth-3, Ceteth-5, Tocopheryl Acetate, Hydrolyzed Elastin, Potassium Cetyl Phosphate, Hydroxypropyltrimonium Hyaluronate, Acetyl Tetrapeptide-5, Palmitoyl Pentapeptide-4, Sodium Acetylated Hyaluronate, Hydrolyzed Hyaluronic Acid, Palmitoyl Tripeptide-5, Hyaluronic Acid, Sodium Hyaluronate Crosspolymer, Hydrolyzed Sodium Hyaluronate, Potassium Hyaluronate</p>","Medicube","Skincare","Imported, TSB, Teemdrop_Auto_Fulfill",TRUE,Title,Default Title,"9120000000050",0,,999,deny,manual,28.98,TRUE,TRUE,"https://cdn.shopify.com/s/files/1/0515/4589/9157/files/PDRN_Pink_Exosome_7500.png?v=1754428945"
"medicube-pdrn-pink-exosome-shot-serum-2000","Medicube PDRN Pink Exosome Shot Serum 2000","<p>The Medicube PDRN Pink Exosome Shot Serum 2000 is a professional-strength masterpiece that targets your skin\'s unique needs with clinical precision. Formulated for maximum efficacy, it unveils a radiant, glass-like complexion. Microneedling in a bottle with to enhance skin vitality and glow Medicube PDRN Pink Exosome Shot Serum is a tingling serum for at-home aesthetic care, designed to address elasticity, brightening and resurfacing. There are two customized options for beginners and high-end users - this 2000ppm serum is suitable for beginners and daily use.</p><h6>Ingredients</h6><p>Water, Butylene Glycol, Dipropylene Glycol, Glycerin, Niacinamide, Sodium Polyacrylate, 1,2-Hexanediol, Calcium aluminum borosilicate, Hydrolyzed Sponge, Caprylyl Glycol, Cetearyl Olivate, Phenyl Trimethicone, Sorbitan Olivate, Glyceryl Acrylate/Acrylic Acid Copolymer, Ethylhexylglycerin, Adenosine, Disodium EDTA, PVM/MA Copolymer, Panthenol, Lactobacillus Extracellular Vesicles(50 ppm), Cyanocobalamin, Sodium DNA(10 ppm), Milk Exosomes(10 ppm), Collagen Extract, Macadamia Ternifolia Seed Oil, Caprylic/Capric Triglyceride, Alcohol, Hydrogenated Lecithin, Polysorbate 20, Retinol, Chondrus Crispus Extract, Cholesterol, Sodium Hyaluronate, Brassica Campestris (Rapeseed) Sterols, Polyglyceryl-10 Laurate, Ceteth-3, Ceteth-5, Tocopheryl Acetate, Hydrolyzed Elastin, Potassium Cetyl Phosphate, Hydroxypropyltrimonium Hyaluronate, Acetyl Tetrapeptide-5, Palmitoyl Pentapeptide-4, Sodium Acetylated Hyaluronate, Hydrolyzed Hyaluronic Acid, Palmitoyl Tripeptide-5, Hyaluronic Acid, Sodium Hyaluronate Crosspolymer, Hydrolyzed Sodium Hyaluronate, Potassium Hyaluronate</p>","Medicube","Skincare","Imported, TSB, Teemdrop_Auto_Fulfill",TRUE,Title,Default Title,"9120000000051",0,,999,deny,manual,18.41,TRUE,TRUE,"https://cdn.shopify.com/s/files/1/0515/4589/9157/files/PDRN_Pink_Exosome_2000.png?v=1754428914"
"medicube-kojic-acid-turmeric-night-wrapping-mask-75ml","Medicube Kojic Acid Turmeric Night Wrapping Mask (75ml)","<p>Re-densify and lift your complexion with the clinical-grade Medicube Kojic Acid Turmeric Night Wrapping Mask (75ml). Engineered for maximum fidelity in skin repair, it provides immediate restoration for sagging, tired skin. Overnight peel-off mask to boost radiance and elasticity Medicube Kojic Acid Turmeric Night Wrapping Mask is the new overnight wrapping peel-off mask. Featuring kojic acid and turmeric , this mask offers overnight care to brighten and support skin elasticity and radiant glow.</p><h6>Ingredients</h6><p>Water, Glycerin, Glycereth-26, Polyvinyl Alcohol, Niacinamide, Benzyl Glycol, Xanthan Gum, Curcuma Longa (Turmeric) Root Extract, Algin, C12-14 Alketh-12, Allantoin, Kojic Acid, Melia Azadirachta Flower Extract, Ocimum Sanctum Leaf Extract, Ethylhexylglycerin, Melia Azadirachta Leaf Extract, Adenosine, 1,2-Hexanediol, Disoidum EDTA, Corallina Officinalis Extract, Rosa Damascena Flower Oil, Monascus Extract, Dextrin, Ascorbic Acid, Macadamia Ternifolia Seed Oil, Caprylic/Capric Triglyceride, Mannitol, Alcohol, Butylene Glycol, Hydrogenated Lecithin, Polysorbate 20, Retinol, Cholesterol, Brassica Campestris (Rapeseed) Sterols, Ceteth-3, Ceteth-5, Collagen, Tocopheryl Acetate, Potassium Cetyl Phosphate</p>","Medicube","Skincare","Imported, TSB, Teemdrop_Auto_Fulfill",TRUE,Title,Default Title,"9120000000052",0,,999,deny,manual,28.98,TRUE,TRUE,"https://cdn.shopify.com/s/files/1/0515/4589/9157/files/20250107_nukki85847_copy.png?v=1760116321"
"medicube-deep-vita-a-retinol-serum-30ml","Medicube Deep Vita A Retinol Serum (30ml)","<p>Experience a clinical-grade breakthrough with Medicube\'s Medicube Deep Vita A Retinol Serum (30ml). Designed for the sophisticated skincare ritual, it leverages advanced science to restore skin vitality and resilience. R emarkable benefits of retinol with low irritation Medicube Deep Vita A Retinol Serum is for those seeking the remarkable benefits of retinol with low irritation. Crafted through three years of meticulous research by Medicube, this serum is your answer to achieving a smoother, clearer complexion.</p><h6>Ingredients</h6><p>Water, Dipropylene Glycol, Butylene Glycol, Glycerin, Propanediol, 1,2-Hexanediol, Niacinamide, Macadamia Integrifolia Seed Oil, Olea Europaea (Olive) Fruit Oil, Simmondsia Chinensis (Jojoba) Seed Oil, Vitis Vinifera (Grape) Seed Oil, Macadamia Ternifolia Seed Oil, Retinal, Sodium Hyaluronate, Hydrolyzed Collagen, Chitosan, Centella Asiatica Extract, Centella Asiatica Leaf Extract, Centella Asiatica Root Extract, Coco-Caprylate/Caprate, Squalane, Polyglyceryl-3 Distearate, Dimethyl Isosorbide, Pentylene Glycol, Panthenol, 4-t-Butylcyclohexanol, Hydrogenated Lecithin, Hydroxyethyl Acrylate/Sodium Acryloyldimethyl Taurate Copolymer, Acrylates/C10-30 Alkyl Acrylate Crosspolymer, Sucrose Palmitate, Caprylic/Capric Triglyceride, Hydroxypinacolone Retinoate, Diethylhexyl Syringylidenemalonate, Tromethamine, Ethylhexylglycerin, Glyceryl Stearate Citrate, Allantoin, Biosaccharide Gum-1, Dipotassium Glycyrrhizate, Adenosine, Retinol, Bakuchiol, Retinyl Palmitate, Brassica Campestris (Rapeseed) Sterols, Linoleic Acid, Cholesterol, Polyglyceryl-10 Laurate, Ceramide NP, PPG-13-Decyltetradeceth-24, Retinyl Linoleate, Phytosteryl/Behenyl/Octyldodecyl Lauroyl Glutamate, Beta-Glucan, Aluminum/Magnesium Hydroxide Stearate, Pentaerythrityl Tetra-di-t-butyl Hydroxyhydrocinnamate, Potassium Cetyl Phosphate, Polyglyceryl-3 Methylglucose Distearate, Silica, Isopropyl Lauroyl Sarcosinate, Tocopherol, Retinyl Retinoate, Tris(Tetramethylhydroxypiperidinol) Citrate, Benzotriazolyl Dodecyl p-Cresol, Xanthan Gum, Disodium EDTA, Fragrance(Parfum)</p>","Medicube","Skincare","Imported, TSB, Teemdrop_Auto_Fulfill",TRUE,Title,Default Title,"9120000000053",0,,999,deny,manual,26.51,TRUE,TRUE,"https://cdn.shopify.com/s/files/1/0515/4589/9157/files/Medicube_Deep_Vita_A_Serum.png?v=1741290410"
"medicube-deep-vita-c-daily-quick-mask-30-pcs","Medicube Deep Vita C Daily Quick Mask (30 PCs)","<p>The Medicube Deep Vita C Daily Quick Mask (30 PCs) is a professional-strength masterpiece that targets your skin\'s unique needs with clinical precision. Formulated for maximum efficacy, it unveils a radiant, glass-like complexion. Potent pure Vitamin C for the simplest 1-minute brightening. Medicube Deep Vita C Daily Quick Mask is a brightening care cellulose mask infused with potent vitamins, designed to target various skin concerns.</p><h6>Ingredients</h6><p>Water, Dipropylene Glycol, Glycerin, Niacinamide, 1,2-Hexanediol, Hydroxyethyl Urea, Hydroxyacetophenone, Hippophae Rhamnoides Water, Polyglyceryl-10 Laurate, Polyglyceryl-4 Laurate, Xanthan Gum, Butylene Glycol, Coptis Japonica Root Extract, Panthenol, Arginine, Ethylhexylglycerin, Carbomer, Disodium EDTA, Allantoin, Glyceryl Acrylate/Acrylic Acid Copolymer, Fragrance, Menthyl Lactate, PVM/MA Copolymer, Paeonia Suffruticosa Root Extract, Dipotassium Glycyrrhizate, Acetyl Glucosamine, Tocopherol, Ascorbic Acid, Polysorbate 20, Retinol, BHT, BHA</p>","Medicube","Skincare","Imported, TSB, Teemdrop_Auto_Fulfill",TRUE,Title,Default Title,"9120000000054",0,,999,deny,manual,38.71,TRUE,TRUE,"https://cdn.shopify.com/s/files/1/0515/4589/9157/files/Product_Images_b012a075-1b36-4280-8bdc-6861592aff21.png?v=1754423293"
"medicube-zero-pore-one-day-cream-50ml","Medicube Zero Pore One Day Cream (50ml)","<p>Re-densify and lift your complexion with the clinical-grade Medicube Zero Pore One Day Cream (50ml). Engineered for maximum fidelity in skin repair, it provides immediate restoration for sagging, tired skin. Clinically Proven, Full of Patented Pore Care Ingredients. The Medicube Zero Pore One Day Cream is a p ore refining cream that repairs and refines for visibly smaller looking pores.</p><h6>Ingredients</h6><p>Water(Aqua), Panthenol, Butylene Glycol, Propanediol, Cetyl Ethylhexanoate, Octyldodecanol, Niacinamide, Isohexadecane, Isododecane, Glyceryl Stearate, Polyglyceryl-3 Distearate, 1,2-Hexanediol, Hydrogenated Poly(C6-14 Olefin), Dimethicone, Cyclopentasiloxane, Cetearyl Olivate, Sorbitan Olivate, Stearyl Alcohol, Dimethyl Sulfone, Cetyl Alcohol, Polyacrylate-13, Sodium Polyacryloyldimethyl Taurate, Sodium Stearoyl Glutamate, Hydrogenated Polyisobutene, Glyceryl Stearate Citrate, Salicylic Acid, Ethylhexylglycerin, Allantoin, Polyglyceryl-10 Laurate, Ethylhexyl Palmitate, Adenosine, Dextrin, Sorbitan Isostearate, Tromethamine, Beta-Glucan, Sodium Hyaluronate, Glycerin, Sodium Citrate, Gardenia Florida Fruit Extract, Myristyl Alcohol, Trisodium Phosphate, Hyaluronic Acid, Pullulan, Lauryl Alcohol, Vitis Vinifera (Grape) Fruit Extract, Ulmus Davidiana Root Extract, Pueraria Lobata Root Extract, Pinus Palustris Leaf Extract, Oenothera Biennis (Evening Primrose) Flower Extract, Diospyros Kaki Fruit Extract, Castanea Crenata (Chestnut) Shell Extract, Camellia Sinensis Leaf Extract, Sodium Hyaluronate Crosspolymer, Hydrolyzed Sodium Hyaluronate, Hydrolyzed Hyaluronic Acid, Palmitoyl Tripeptide-5, Sodium Acetylated Hyaluronate, Hydroxypropyltrimonium Hyaluronate, Hydroxycinnamic Acid, Rutin, Fragrance</p>","Medicube","Skincare","Imported, TSB, Teemdrop_Auto_Fulfill",TRUE,Title,Default Title,"9120000000055",0,,999,deny,manual,26.51,TRUE,TRUE,"https://cdn.shopify.com/s/files/1/0515/4589/9157/files/Medicube_Zero_Pore_One_Day_Cream_50ml.png?v=1766405393"
"medicube-zero-pore-one-day-peptide-serum-30ml","Medicube Zero Pore One Day Peptide Serum (30ml)","<p>Re-densify and lift your complexion with the clinical-grade Medicube Zero Pore One Day Peptide Serum (30ml). Engineered for maximum fidelity in skin repair, it provides immediate restoration for sagging, tired skin. Exfoliate, Brighten and Tighten overnight. The Medicube Zero Pore One Day Peptide Serum is specially formulated with 15.</p><h6>Ingredients</h6><p>Water(Aqua), Gluconolactone, Methylpropanediol, Glycerin, Propanediol, Tromethamine, Polyglycerin-3, Niacinamide, 1,2-Hexanediol, Citric Acid, Dimethicone, Butylene Glycol, C12-14 Pareth-12, Hydroxyethylcellulose, Salicylic Acid, Ammonium Acryloyldimethyltaurate/VP Copolymer, Sodium Polyacryloyldimethyl Taurate, Lecithin, Allantoin, Lactic Acid, Glycolic Acid, Ethylhexylglycerin, Adenosine, Dextrin, Indigofera Tinctoria Extract, Sodium Hyaluronate, Hyaluronic Acid, Sodium Citrate, Hemerocallis Fulva Flower Extract, Gardenia Florida Fruit Extract, Hydrolyzed Hyaluronic Acid, Hydrolyzed Sodium Hyaluronate, Sodium Hyaluronate Crosspolymer, Trisodium Phosphate, Myosotis Sylvatica Flower/Leaf/Stem Extract, Pentylene Glycol, Hydroxypropyltrimonium Hyaluronate, Sodium Acetylated Hyaluronate, Centella Asiatica Extract, Madecassoside, Lactobacillus Ferment Lysate, Taraxacum Officinale (Dandelion) Leaf Extract</p>","Medicube","Skincare","Imported, TSB, Teemdrop_Auto_Fulfill",TRUE,Title,Default Title,"9120000000056",0,,999,deny,manual,23.35,TRUE,TRUE,"https://cdn.shopify.com/s/files/1/0515/4589/9157/files/Medicube_Zero_Pore_One_Day_Peptide_Serum_5c48a292-ed74-47bb-ad4b-70073a4084df.png?v=1774994283"
"medicube-zero-pore-madecassoside-pad-mild-70-pcs","Medicube Zero Pore Madecassoside Pad - Mild (70 PCs)","<p>Achieve the ultimate in dermatological excellence with the Medicube Zero Pore Madecassoside Pad - Mild (70 PCs). This high-fidelity formula is precision-engineered to deliver visible transformation in skin texture and clarity. Gentle soothing and exfoliating toner pads for sensitive skin. Medicube Zero Pore Pads Mild is c rafted with gentle PHA for effective exfoliation and reduction in pore visibility.</p><h6>Ingredients</h6><p>Water (Aqua), Propanediol, Methylpropanediol, 1,2-Hexanediol, Glycereth-26, Butylene Glycol, Saccharide Hydrolysate, Tromethamine, Gluconolactone, Panthenol, Ethylhexylglycerin, Disodium EDTA, Pyrus Communis (Pear) Fruit Extract, Madecassoside, Rosa Damascena Flower Water, Iris Florentina Root Extract, Centella Asiatica Extract, Cucumis Melo (Melon) Fruit Extract, Salvia Hispanica Seed Extract, Houttuynia Cordata Extract, Hedera Helix (Ivy) Leaf/Stem Extract, Cynanchum Atratum Extract, Pentylene Glycol, Ulmus Davidiana Root Extract, Pueraria Lobata Root Extract, Pinus Palustris Leaf Extract, Oenothera Biennis (Evening Primrose) Flower Extract, Sodium Hyaluronate, Vitis Vinifera (Grape) Fruit Extract, Diospyros Kaki Fruit Extract, Castanea Crenata (Chestnut) Shell Extract, Camellia Sinensis Leaf Extract, Hyaluronic Acid, Sodium Hyaluronate Crosspolymer, Hydrolyzed Sodium Hyaluronate, Hydrolyzed Hyaluronic Acid, Sodium Acetylated Hyaluronate, Hydroxypropyltrimonium Hyaluronate</p>","Medicube","Skincare","Imported, TSB, Teemdrop_Auto_Fulfill",TRUE,Title,Default Title,"9120000000057",0,,999,deny,manual,26.51,TRUE,TRUE,"https://cdn.shopify.com/s/files/1/0515/4589/9157/files/Medicube_Zero_Pore_Madecassoside_Pad_-_Mild_70_PCs.png?v=1766407516"
"medicube-deep-vita-c-pad","Medicube Deep Vita C Pad","<p>Achieve the ultimate in dermatological excellence with the Medicube Deep Vita C Pad. This high-fidelity formula is precision-engineered to deliver visible transformation in skin texture and clarity. Highly effective toner pads to unveil a clearer, brighter complexion Medicube Deep Vita C Pads are specially crafted to address the distinctive needs of both acne-prone and dull skin. Over a 4-week period, a remarkable 100% of participants witnessed improvements in pigmentation, dark spots, exfoliation, hydration, and skin radiance.</p><h6>Ingredients</h6><p>Water, Water(Aqua), Methyl Gluceth-20, Methylpropanediol, Niacinamide, Glycereth-26, Methyl Gluceth-10, Polyglycerin-3, 1,2-Hexanediol, Gluconolactone, 3-O-Ethyl Ascorbic Acid, Ethylhexylglycerin, Cymbopogon Martini Oil , Cymbopogon Nardus (Citronella) Oil , Adenosine, Butylene Glycol, Disodium EDTA, Mentha Viridis (Spearmint) Extract , Lactobacillus/Lemon Peel Ferment Extract, Geraniol, Citronellol, Coptis Japonica Extract, Cucumis Melo (Melon) Seed Extract, Litsea Cubeba Fruit Oil, Pelargonium Graveolens Extract, Allantoin, Dipotassium Glycyrrhizate, Panthenol, Sodium Hyaluronate, Lactic Acid, Glucose, Beta-Glucan, Linalool, Hyaluronic Acid, Glycerin, Caprylic/Capric Triglyceride, Tocopherol, Cetyl Palmitate, Ubiquinone, Polysorbate 80, Sorbitan Stearate, Sodium Benzoate, Citric Acid, Hydrogenated Lecithin, Palmitoyl Tripeptide-5, Ergothioneine, Hesperidin, Palmitoyl Tetrapeptide-10.</p>","Medicube","Skincare","Imported, TSB, Teemdrop_Auto_Fulfill",TRUE,Title,Default Title,"9120000000058",0,,999,deny,manual,18.41,TRUE,TRUE,"https://cdn.shopify.com/s/files/1/0515/4589/9157/files/07_64a3d7ac-3e2d-455d-a49b-e1e216e4b639.png?v=1733416136"
"medicube-deep-lifting-peptide-eye-cream-30ml","Medicube Deep Lifting Peptide Eye Cream (30ml)","<p>The Medicube Deep Lifting Peptide Eye Cream (30ml) is a professional-strength masterpiece that targets your skin\'s unique needs with clinical precision. Formulated for maximum efficacy, it unveils a radiant, glass-like complexion. Intense firming effect for crows feet, fine lines, and dark circles! Medicube Deep Lifting Peptide Eye Cream provides your tender under-eye skin with intense moisture and targets saggy skin, under-eye puffiness & crow\.</p><h6>Ingredients</h6><p>Water, Methylpropanediol, Glycerin, Cyclopentasiloxane, Butylene Glycol, Hydrogenated Poly(C6-14 Olefin), Dipropylene Glycol, Caprylic/Capric Triglyceride, Panthenol, Niacinamide, Acetyl Hexapeptide-1, Palmitoyl Tripeptide-5, Acetyl Dipeptide-1 Cetyl Ester, Acetyl Octapeptide-3, Copper Tripeptide-1, Squalane, Glyceryl Stearate, Shea Butter, Polyglyceryl-3 Distearate, Cetearyl Olivate, C14-22 Alcohols, Stearyl Alcohol, Cetyl Alcohol, Sorbitan Olivate, Hydrogenated Lecithin, Polysorbate 60, Meadowfoam Seed Oil, Palmitic Acid, Stearic Acid, 1,2-Hexanediol, C12-20 Alkyl Glucoside, Ammonium Acryloyldimethyltaurate/VP Copolymer, Dimethiconol, Ethylhexylglycerin, Sodium Stearoyl Glutamate, Saccharide Hydrolysate, Glyceryl Stearate Citrate, Fructooligosaccharides, Allantoin, Acrylates/C10-30 Alkyl Acrylate Crosspolymer, Tromethamine, Caprylyl Glycol, Pullulan, Dipotassium Glycyrrhizate, Sugarcane Extract, Adenosine, Sorbitan Laurate, Disodium EDTA, Sodium Hyaluronate, Hydroxyethylcellulose, Myristyl Alcohol, Myristic Acid, Hyaluronic Acid, Glucose, Arachidic Acid, Lauryl Alcohol, Sodium Hyaluronate Crosspolymer, Hydrolyzed Sodium Hyaluronate, Hydrolyzed Hyaluronic Acid, Ceramide NP, Atelocollagen, Desamidocollagen, Oleic Acid, Hydrolyzed Elastin, Hydrolyzed Collagen, Soluble Collagen, Sodium Acetylated Hyaluronate, Hydroxypropyltrimonium Hyaluronate, Collagen, Collagen Amino Acids, Procollagen, Magnesium PCA, Serine, Sucrose, Glycine, Calcium Chloride, Sea Salt, Alanine, Magnesium Chloride, Threonine, Histidine, Aspartic Acid, Valine, Proline, Dipotassium Phosphate, Lysine, Arginine, Tyrosine, Isoleucine, Magnesium Citrate, Glucosamine HCl, Phenylalanine, Glutamic Acid, Arginine, 1-Methylhydantoin-2-Imide, Asparagine, Citrulline, Methionine, Taurine, Tryptophan, Phytic Acid, Glutamine, Cysteine, Fragrance, Alpha-Isomethyl Ionone.</p>","Medicube","Skincare","Imported, TSB, Teemdrop_Auto_Fulfill",TRUE,Title,Default Title,"9120000000059",0,,999,deny,manual,26.51,TRUE,TRUE,"https://cdn.shopify.com/s/files/1/0515/4589/9157/files/Product_Images_-_2026-01-22T220934.458.png?v=1769091032"
"medicube-age-r-booster-pro","Medicube Age-R Booster Pro","<p>The Medicube Age-R Booster Pro is a professional-strength masterpiece that targets your skin\'s unique needs with clinical precision. Formulated for maximum efficacy, it unveils a radiant, glass-like complexion. 6-in-1 viral beauty tool to achieve firm and lifted glass skin! Medicube Age-R Booster Pro uses the latest technology and has 6 unique features (Electroporation, Microcurrent, EMS, Electric needles, LED, Sonic Vibration) to help you achieve your glass-skin goals. Booster Pro is a high-tech beauty device that provides you professional-level skincare in the comfort of your own home.</p><h6>Ingredients</h6><p>Refer to product packaging for full ingredient list.</p>","Medicube","Skincare","Imported, TSB, Teemdrop_Auto_Fulfill",TRUE,Title,Default Title,"9120000000060",0,,999,deny,manual,49.97,TRUE,TRUE,"https://cdn.shopify.com/s/files/1/0515/4589/9157/files/Medicube_Age-R_Booster_Pro.png?v=1766407515"
"medicube-pdrn-pink-hyaluronic-moisturizing-cream","Medicube PDRN Pink Hyaluronic Moisturizing Cream","<p>Achieve the ultimate in dermatological excellence with the Medicube PDRN Pink Hyaluronic Moisturizing Cream. This high-fidelity formula is precision-engineered to deliver visible transformation in skin texture and clarity. A moisture-boosting and barrier-protecting cream that ensures concentrated and long-lasting hydration Medicube PDRN Pink Hyaluronic Moisturizing Cream hydrates deeply into the skin by protecting the skin barrier and boosting skin elasticity while enhancing skin glow. It helps support uneven skin tone with vegan salmon PDRN and hyaluronic acid.</p><h6>Ingredients</h6><p>Water, Glycereth-26, Butylene Glycol, Caprylic/Capric Triglyceride, Cyclopentasiloxane, 1,2-Hexanediol, Niacinamide, Hydrogenated Polydecene, Isononyl Isononanoate, Cetearyl Olivate, Ethylhexyl Olivate, Glycerin, Sorbitan Olivate, Sodium DNA (5,000 PPM), Sodium Acrylate Copolymer, Sodium Polyacryloyldimethyl Taurate, Hydroxyethyl Acrylate/Sodium Acryloyldimethyl Taurate Copolymer, Polyglyceryl-4 Oleate, Disodium EDTA, Betaine, Panthenol, Fragrance, Ethylhexylglycerin, Adenosine, Sorbitan Isostearate, Meadowfoam Seed Oil, Glyceryl Acrylate/Acrylic Acid Copolymer, Citric Acid, Cyanocobalamin, Hydrogenated Lecithin, Cetearyl Alcohol, Stearic Acid, Sodium Hyaluronate (1.02 PPM), Hydroxypropyltrimonium Hyaluronate (0.1 PPM), Ceramide NP, Honey Extract, Bladderwrack Extract, Noni Fruit Extract, Yew Ju Fruit Extract, Okra Fruit Extract, Ceramide NS, Sodium Acetylated Hyaluronate (0.01 PPM), Hydrolyzed Hyaluronic Acid (0.01 PPM), Centella Asiatica Leaf Extract, Cholesterol, Phytosphingosine, Ceramide AS, Ceramide AP, Hyaluronic Acid (0.0025 PPM), Copper Tripeptide-1, Sodium Hyaluronate Crosspolymer (0.001 PPM), Acetyl Hexapeptide-8, Palmitoyl Pentapeptide-4, Hydrolyzed Sodium Hyaluronate (0.001 PPM), Palmitoyl Tetrapeptide-7, Palmitoyl Tripeptide-1, Potassium Hyaluronate (0.0002 PPM), Ceramide EO.</p>","Medicube","Skincare","Imported, TSB, Teemdrop_Auto_Fulfill",TRUE,Title,Default Title,"9120000000061",0,,999,deny,manual,22.46,TRUE,TRUE,"https://cdn.shopify.com/s/files/1/0515/4589/9157/files/Medicube_PDRN_Pink_Hyaluronic_Moisturizing_Cream_50ml_PNG.png?v=1769614447"
"medicube-kojic-acid-turmeric-brightening-gel-mask-1-pc","Medicube Kojic Acid Turmeric Brightening Gel Mask (1 PC)","<p>Achieve the ultimate in dermatological excellence with the Medicube Kojic Acid Turmeric Brightening Gel Mask (1 PC). This high-fidelity formula is precision-engineered to deliver visible transformation in skin texture and clarity. A brightening sheet mask for instant glass skin Medicube Kojic Acid Turmeric Brightening Gel Mask is designed to target freckles and blemishes hidden deep within the skin while enhancing overall radiance. Formulated with Kojic Acid and Turmeric that penetrates deep into the skin to target discoloration and uneven tones.</p><h6>Ingredients</h6><p>Refer to product packaging for full ingredient list.</p>","Medicube","Skincare","Imported, TSB, Teemdrop_Auto_Fulfill",TRUE,Title,Default Title,"9120000000062",0,,999,deny,manual,18.41,TRUE,TRUE,"https://cdn.shopify.com/s/files/1/0515/4589/9157/files/Medicube_Turmeric_b88c3563-c69e-49e3-9bf4-41a47919d064.png?v=1734146990"
"medicube-pdrn-pink-collagen-gel-mask-1-pc","Medicube PDRN Pink Collagen Gel Mask (1 PC)","<p>Re-densify and lift your complexion with the clinical-grade Medicube PDRN Pink Collagen Gel Mask (1 PC). Engineered for maximum fidelity in skin repair, it provides immediate restoration for sagging, tired skin. A revolutionary salmon PDRN gel mask that helps to achieve glass skin Medicube PDRN Pink Collagen Gel Mask is infused with Salmon PDRN and low-molecular hydrolyzed collagen to enhance skin elasticity with a single application. Its unique absorption technology allows the mask to lose 15g of its weight, delivering intense hydration directly into the skin.</p><h6>Ingredients</h6><p>Water, Glycerin, Methylpropanediol, Acrylates/Ethylhexyl Acrylate Copolymer, Niacinamide, Chondrus Crispus Powder, 1,2-Hexanediol, Butylene Glycol, Betaine, Ceratonia Siliqua (Carob) Gum, Hydroxyacetophenone, Allantoin, Glucomannan, Xanthan Gum, Laureth-21, Panthenol, Polyglyceryl-10 Laurate, Propanediol, Cellulose Gum, Cyamopsis Tetragonoloba (Guar) Gum, Fragrance(Parfum), Potassium Chloride, Dextrin, Adenosine, Ethylhexylglycerin, Hydrolyzed Collagen, Cyanocobalamin, Ascorbic Acid, Sodium DNA, Tocopherol, Acetyl Hexapeptide-8, Ascorbic Acid Polypeptide, Acetyl Octapeptide-3, Acetyl Tetrapeptide-2, Acetyl Tetrapeptide-3, Acetyl Tetrapeptide-5, Acetyl Tetrapeptide-9, Carnosine, Copper Tripeptide-1, Nonapeptide-1, Palmitoyl Pentapeptide-4, Palmitoyl Tripeptide-1, Palmitoyl Tripeptide-5.</p>","Medicube","Skincare","Imported, TSB, Teemdrop_Auto_Fulfill",TRUE,Title,Default Title,"9120000000063",0,,999,deny,manual,18.41,TRUE,TRUE,"https://cdn.shopify.com/s/files/1/0515/4589/9157/files/medicube_PDRN_Pink_Collagen_Gel_Mask.png?v=1771958354"
"medicube-jelly-brush-20g","Medicube Jelly Brush (20g)","<p>The Medicube Jelly Brush (20g) is a professional-strength masterpiece that targets your skin\'s unique needs with clinical precision. Formulated for maximum efficacy, it unveils a radiant, glass-like complexion. A skincare brush for evenly distributing product across the face Medicube Jelly Brush is the perfect tool for applying masks with precision and ease. Designed to spread masks evenly and tightly across your skin, it ensures optimal coverage while minimizing product waste.</p><h6>Ingredients</h6><p>Refer to product packaging for full ingredient list.</p>","Medicube","Skincare","Imported, TSB, Teemdrop_Auto_Fulfill",TRUE,Title,Default Title,"9120000000064",0,,999,deny,manual,18.41,TRUE,TRUE,"https://cdn.shopify.com/s/files/1/0515/4589/9157/files/Medicube_Jelly_Brush_20g.png?v=1766405388"
"medicube-pdrn-booster-gel-300ml","Medicube PDRN Booster Gel (300ml)","<p>Experience a clinical-grade breakthrough with Medicube\'s Medicube PDRN Booster Gel (300ml). Designed for the sophisticated skincare ritual, it leverages advanced science to restore skin vitality and resilience. A gel designed to maximize the effectiveness of Medicube\.</p><h6>Ingredients</h6><p>Water, Glycerin, Methylpropanediol, Acrylates/Ethylhexyl Acrylate Copolymer, Niacinamide, Chondrus Crispus Powder, 1,2-Hexanediol, Butylene Glycol, Betaine, Ceratonia Siliqua (Carob) Gum, Hydroxyacetophenone, Allantoin, Glucomannan, Xanthan Gum, Laureth-21, Panthenol, Polyglyceryl-10 Laurate, Propanediol, Cellulose Gum, Cyamopsis Tetragonoloba (Guar) Gum, Fragrance(Parfum), Potassium Chloride, Dextrin, Adenosine, Ethylhexylglycerin, Hydrolyzed Collagen, Cyanocobalamin, Ascorbic Acid, Sodium DNA, Tocopherol, Acetyl Hexapeptide-8, Ascorbic Acid Polypeptide, Acetyl Octapeptide-3, Acetyl Tetrapeptide-2, Acetyl Tetrapeptide-3, Acetyl Tetrapeptide-5, Acetyl Tetrapeptide-9, Carnosine, Copper Tripeptide-1, Nonapeptide-1, Palmitoyl Pentapeptide-4, Palmitoyl Tripeptide-1, Palmitoyl Tripeptide-5.</p>","Medicube","Skincare","Imported, TSB, Teemdrop_Auto_Fulfill",TRUE,Title,Default Title,"9120000000065",0,,999,deny,manual,22.46,TRUE,TRUE,"https://cdn.shopify.com/s/files/1/0515/4589/9157/files/Medicube_PDRN_Booster_Gel_300ml_PNG.png?v=1769615798"
"medicube-pdrn-pink-peptide-toner-250ml","Medicube PDRN Pink Peptide Toner (250ml)","<p>Achieve the ultimate in dermatological excellence with the Medicube PDRN Pink Peptide Toner (250ml). This high-fidelity formula is precision-engineered to deliver visible transformation in skin texture and clarity. Achieve a clear, radiant complexion with a clear, natural glow. Medicube PDRN Pink Peptide Toner is a glow boosting toner featuring Rose PDRN to help improve skin texture, while enhancing a natural glow.</p><h6>Ingredients</h6><p>Water, Butylene Glycol, Glycerin, Niacinamide, 1,2-Hexanediol, Xylitol, Sodium Citrate, Ethylhexylglycerin, Allantoin, Caprylyl Glycol, Citric Acid, Adenosine, Polyglyceryl-10 Laurate, Disodium EDTA, Polyglyceryl-4 Laurate, Caprylyl/Capryl Glucoside, Cyanocobalamin, Rosa Damascena Extract, Sodium DNA, Gluconolactone, Prunus Mume Fruit Extract, Pyrus Malus (Apple) Fruit Extract, Carica Papaya (Papaya) Fruit Extract, Vitis Vinifera (Grape) Fruit Extract, Centella Asiatica Leaf Extract, Centella Asiatica Extract, Sodium Hyaluronate, Zea Mays (Corn) Leaf Extract, Copper Tripeptide-1, Acetyl Hexapeptide-8, Palmitoyl Pentapeptide-4, Palmitoyl Tetrapeptide-7, Palmitoyl Tripeptide-1, Glycine, Glutamic Acid, Arginine.</p>","Medicube","Skincare","Imported, TSB, Teemdrop_Auto_Fulfill",TRUE,Title,Default Title,"9120000000066",0,,999,deny,manual,26.51,TRUE,TRUE,"https://cdn.shopify.com/s/files/1/0515/4589/9157/files/Medicube_PDRN_Pink_Peptide_Toner_250ml.png?v=1766407515"
"medicube-collagen-glow-booster-serum-15ml","Medicube Collagen Glow Booster Serum (15ml)","<p>Re-densify and lift your complexion with the clinical-grade Medicube Collagen Glow Booster Serum (15ml). Engineered for maximum fidelity in skin repair, it provides immediate restoration for sagging, tired skin. One shot is all it takes, radiance in every gaze Medicube Collagen Glow Booster Serum is formulated with a potent blend of ingredients, including Niacinamide, Milk Protein Extract, and Hydrolyzed Collagen. This smooth, milky-textured serum delivers unparalleled hydration and rejuvenation to your skin.</p><h6>Ingredients</h6><p>Water, Glycerin, Dicaprylyl Ether, Isononyl Isononanoate, Butylene Glycol, Dipropylene Glycol, C9-12 Alkane, Peg-30 Dipolyhydroxystearate, Polyglyceryl-4 Oleate, Magnesium Sulfate, Niacinamide, 1,2-Hexanediol, Polyglyceryl-3 Polyricinoleate, Milk Protein Extract, Fragrance(Parfum), Caprylyl Glycol, Chlorella Vulgaris Extract, Glucose, Fructooligosaccharides, Fructose, Caprylic/Capric Triglyceride, Adenosine, Hydrogenated Lecithin, Soluble Proteoglycan, Ethylhexylglycerin, Benzyl Salicylate, Limonene, Ceramide Np, Hydroxypropyltrimonium Hyaluronate, Linalool, Hexyl Cinnamal, Hydroxycitronellal, Tocopherol, Alpha-Isomethyl Ionone, Beta-Glucan, Geraniol, Hydrolyzed Elastin, Hydrolyzed Collagen, Hexapeptide-2, Biotin, Sodium Dna</p>","Medicube","Skincare","Imported, TSB, Teemdrop_Auto_Fulfill",TRUE,Title,Default Title,"9120000000067",0,,999,deny,manual,26.51,TRUE,TRUE,"https://cdn.shopify.com/s/files/1/0515/4589/9157/files/Medicube_Collagen_Glow_Booster_Serum_15ml.png?v=1766405392"
"medicube-triple-collagen-toner-140ml","Medicube Triple Collagen Toner (140ml)","<p>The Medicube Triple Collagen Toner (140ml) is a professional-strength masterpiece that targets your skin\'s unique needs with clinical precision. Formulated for maximum efficacy, it unveils a radiant, glass-like complexion. Get the perfect skin that glows from the inside with Triple Collagen Toner. Medicube T riple Collagen Toner contains hydrolyzed collagen, atelo collagen and soluble collagen that hydrates skin from the inside out, leaving skin smooth and soft for the perfect close up! It is a fast absorbing toner with superior moisturizing properties lock moisture in dry skin to ensure skin is plump all day long.</p><h6>Ingredients</h6><p>Water, Glycerin, Butylene Glycol, 1,2-Hexanediol, Dipropylene Glycol, Niacinamide, Propanediol, Trehalose, Polysorbate 60, Glycereth-25 PCA Isostearate, Ammonium Acryloyldimethyltaurate/VP Copolymer, Hydroxyethylcellulose, Fragrance, Ethylhexylglycerin, Adenosine, Disodium EDTA, Hydrolyzed Collagen, Sodium Hyaluronate, Soluble Collagen, Hyaluronic Acid, Disodium Phosphate, Atelocollagen, Desamido Collagen, Sodium Phosphate, Hydrolyzed Hyaluronic Acid, Collagen, Collagen Amino Acids, Procollagen, Collagen Extract</p>","Medicube","Skincare","Imported, TSB, Teemdrop_Auto_Fulfill",TRUE,Title,Default Title,"9120000000068",0,,999,deny,manual,22.46,TRUE,TRUE,"https://cdn.shopify.com/s/files/1/0515/4589/9157/files/MEDICUBE-Triple-Collagen-Toner-4.0-140ml-PURESEOUL-UK-KBeauty-Shop.png?v=1733855789"
"medicube-zero-foam-cleanser-120ml","Medicube Zero Foam Cleanser (120ml)","<p>Re-densify and lift your complexion with the clinical-grade Medicube Zero Foam Cleanser (120ml). Engineered for maximum fidelity in skin repair, it provides immediate restoration for sagging, tired skin. Cleanse skin from hazardous microfine dust Medicube Zero Foam Cleanser cleanses skin from hazardous microfine dust with PollushieldTM. PollushieldTM contains metallic chelate polymers and strong anti-oxidants that block pollutants in the air from infiltrating the skin barrier.</p><h6>Ingredients</h6><p>Water, Glycerin, Myristic Acid, Sorbitol, Palmitic Acid, Potassium Hydroxide, Stearic Acid, Lauric Acid, Cetearyl Olivate, Potassium Cocoyl Glycinate, Parfum(Fragrance), Sodium Cocoyl Isethionate, Sorbitan Olivate, Potassium Cocoate, Coconut Acid, Butylene Glycol, Sodium Isethionate, Sodium Polyacrylate, Portulaca Oleracea Extract, Gaultheria Procumbens (Wintergreen) Leaf Extract, Disodium EDTA, Camellia Japonica Flower Extract, Propanediol, Diisopropyl Adipate, Lecithin, 1,2-Hexanediol, Saponaria Officinalis Leaf Extract, Acrylic Acid/Acrylamidomethyl Propane Sulfonic Acid Copolymer, Dimethylmethoxy Chromanol, Glyceryl Caprylate, Citric Acid, Potassium Sorbate, Sodium Benzoate, Xanthan Gum, Chaenomeles Sinensis Fruit Extract, Citrus Aurantium Dulcis (Orange) Flower Extract, Melissa Officinalis Extract</p>","Medicube","Skincare","Imported, TSB, Teemdrop_Auto_Fulfill",TRUE,Title,Default Title,"9120000000069",0,,999,deny,manual,20.20,TRUE,TRUE,"https://cdn.shopify.com/s/files/1/0515/4589/9157/files/Medicube_Zero_Foam_Cleanser_120ml.png?v=1766405395"
"medicube-zero-pore-blackhead-mud-mask-100g","Medicube Zero Pore Blackhead Mud Mask (100g)","<p>Achieve the ultimate in dermatological excellence with the Medicube Zero Pore Blackhead Mud Mask (100g). This high-fidelity formula is precision-engineered to deliver visible transformation in skin texture and clarity. Discover the dual benefits of cooling and tightening encapsulated in a single product! Medicube Zero Pore Blackhead Mud Mask is a unique 3-minute Quick Dry formula meticulously crafted to target pores and enriched with a potent blend of specialized ingredients such as AHA, BHA, PHA, and Pore-Purifying Clay. Years of meticulous research and development by Medicube have led to the creation of a breakthrough product, proven to effectively care for blackheads within a mere 3 minutes.</p><h6>Ingredients</h6><p>Water, Kaolin (CI 77004), Bentonite, Methylpropanediol, 1,2-Hexanediol, Sodium Hyaluronate, Chlorella Vulgaris Extract, Citrus Aurantium Bergamia (Bergamot) Fruit Oil, Citrus Limon (Lemon) Peel Oil, Citrus Aurantium Dulcis (Orange) Peel Oil, Cynanchum Atratum Extract, Althaea Rosea Flower Extract, Oenothera Biennis (Evening Primrose) Flower Extract, Pinus Palustris Leaf Extract, Pueraria Lobata Root Extract, Ulmus Davidiana Root Extract, Diospyros Kaki Leaf Extract, Vitis Vinifera (Grape) Fruit Extract, Carthamus Tinctorius (Safflower) Flower Extract, Coffea Arabica (Coffee) Seed Extract, Polygonum Cuspidatum Root Extract, Camellia Sinensis Leaf Extract, Castanea Crenata (Chestnut) Shell Extract, Zanthoxylum Piperitum Fruit Extract, Tetrasodium Pyrophosphate, Magnesium Aluminum Silicate, Caprylyl Glycol, Cellulose, Glucose, Butylene Glycol, Allantoin, Fructooligosaccharides, Fructose, Ethylhexylglycerin, Sodium Phytate, Tocopherol, Canadian Colloidal Clay, Gluconolactone, Salicylic Acid, Glycolic Acid, Pentylene Glycol, Montmorillonite, Illite, Methyl Diisopropyl Propionamide, Copper Tripeptide-1, Xanthan Gum, Caffeine, Limonene, Ferric Ammonium Ferrocyanide (CI 77510), Guaiazulene</p>","Medicube","Skincare","Imported, TSB, Teemdrop_Auto_Fulfill",TRUE,Title,Default Title,"9120000000070",0,,999,deny,manual,25.83,TRUE,TRUE,"https://cdn.shopify.com/s/files/1/0515/4589/9157/files/Medicube_Zero_Pore_Blackhead_Mud_Mask_100g.png?v=1766405394"
"medicube-one-day-exosome-shot-pore-ampoule-7500-30ml","Medicube One Day Exosome Shot Pore Ampoule 7500 (30ml)","<p>The Medicube One Day Exosome Shot Pore Ampoule 7500 (30ml) is a professional-strength masterpiece that targets your skin\'s unique needs with clinical precision. Formulated for maximum efficacy, it unveils a radiant, glass-like complexion. Tingling ampoule that follows the principles of microneedling. Medicube One Day Exosome Shot Pore Ampoule 7500 draws upon the principles of microneedling by featuring micro-sized, needle-shaped booster to target a range of skin issues.</p><h6>Ingredients</h6><p>Water, Dipropylene Glycol, Glycerin, Butylene Glycol, 1,2-Hexanediol, Niacinamide, Sodium Polyacrylate, Ethylhexyl Palmitate, C12-14 Alketh-12, Hydrogenated Polydecene, Hydrolyzed Sponge, Ethylhexylglycerin, Adenosine, Caprylyl/Capryl Glucoside, Disodium EDTA, Panthenol, Lactobacillus Extracellular Vesicles, Campsis Grandiflora Flower Extract, Pueraria Lobata Root Extract, Pinus Palustris Leaf Extract, Oenothera Biennis (Evening Primrose) Flower Extract, Ulmus Davidiana Root Extract, Calcium Silicate, Sodium Silicate, Betaine Salicylate, Citric Acid, Gluconolactone</p>","Medicube","Skincare","Imported, TSB, Teemdrop_Auto_Fulfill",TRUE,Title,Default Title,"9120000000071",0,,999,deny,manual,25.62,TRUE,TRUE,"https://cdn.shopify.com/s/files/1/0515/4589/9157/files/Medicube_One_Day_Exosome_Shot_Pore_Ampoule_7500_30ml.png?v=1766405390"
"medicube-deep-vita-c-capsule-cream-55g","Medicube Deep Vita C Capsule Cream (55g)","<p>Achieve the ultimate in dermatological excellence with the Medicube Deep Vita C Capsule Cream (55g). This high-fidelity formula is precision-engineered to deliver visible transformation in skin texture and clarity. Innovative cream with encapsulated ingredients to maintain potency Medicube Deep Vita C Capsule Cream is a revolutionary skincare solution designed to care for uneven skin tone and spots, leaving your skin bright, radiant, and even-toned. This customizable cream features a unique dual-texture formula, combining a Vitamin Capsule cream with a transparent gel that can be tailored by ratio to suit your skin type.</p><h6>Ingredients</h6><p>Water, Glycerin, Water, Niacinamide, Methylpropanediol, Propanediol, 1,2-Hexanediol, Butylene Glycol, Dipropylene Glycol, Caprylic/Capric Triglyceride, Glycereth-26, Ethylhexyl Palmitate, Cetearyl Alcohol, Arginine, Carbomer, Ammonium Acryloyldimethyltaurate/VP Copolymer, Cetearyl Olivate, Helianthus Annuus (Sunflower) Seed Oil, Sorbitan Olivate, Simethicone, Polyglyceryl-10 Laurate, Ethylhexylglycerin, Adenosine, Fragrance, Polyacrylate-13, Glycine Soja (Soybean) Oil, Disodium EDTA, Polyisobutene, Hydrolyzed Sclerotium Gum, Glyceryl Stearate, Gluconolactone, Polysorbate 20, Sorbitan Isostearate, Hydrogenated Lecithin, Bixa Orellana Seed Oil, Polyglyceryl-10 Stearate, Alpha-Arbutin, Panthenol, Sodium Ascorbyl Phosphate, Pentylene Glycol, Ferulic acid, Tocopherol, Ascorbyl Glucoside, 3-O-Ethyl Ascorbic Acid, Bisabolol, Ascorbic Acid, Hydroxyphenyl Propamidobenzoic Acid, Pyridoxine, Ubiquinone, Biotin, Folic Acid, Sodium Hyaluronate, Ascorbyl Propyl Hyaluronate, Ascorbyl Palmitate, Cyanocobalamin, Thiamine HCl, Riboflavin, Linoleic Acid, Beta-Carotene, Rutin, Hydroxycinnamic Acid</p>","Medicube","Skincare","Imported, TSB, Teemdrop_Auto_Fulfill",TRUE,Title,Default Title,"9120000000072",0,,999,deny,manual,29.67,TRUE,TRUE,"https://cdn.shopify.com/s/files/1/0515/4589/9157/files/Deep_Vita_C_Capsule_Cream.png?v=1754368372"
"medicube-collagen-night-wrapping-mask-75ml","Medicube Collagen Night Wrapping Mask (75ml)","<p>Achieve the ultimate in dermatological excellence with the Medicube Collagen Night Wrapping Mask (75ml). This high-fidelity formula is precision-engineered to deliver visible transformation in skin texture and clarity. Viral overnight collagen overnight mask to protect and boost elasticity Medicube Collagen Night Wrapping Mask is taking over the internet by storm with it\.</p><h6>Ingredients</h6><p>Water, Polyvinyl Alcohol, Glycerin, Agave Americana Stem Extract, Niacinamide, Sodium Hyaluronate, 1,2-Hexanediol, Chlorella Vulgaris Extract, Cynanchum Atratum Extract, Althaea Rosea Flower Extract, Pancratium Maritimum Extract, Collagen Extract (0.1ppm)</p>","Medicube","Skincare","Imported, TSB, Teemdrop_Auto_Fulfill",TRUE,Title,Default Title,"9120000000073",0,,999,deny,manual,31.24,TRUE,TRUE,"https://cdn.shopify.com/s/files/1/0515/4589/9157/files/20241030_ME_nukki79479_copy.png?v=1760019311"
"medicube-zero-pore-pads-2-0","Medicube Zero Pore Pads 2.0","<p>Re-densify and lift your complexion with the clinical-grade Medicube Zero Pore Pads 2.0. Engineered for maximum fidelity in skin repair, it provides immediate restoration for sagging, tired skin. Say goodbye to enlarged pores, greasy skin, and pesky blackheads and whiteheads Medicube Zero Pore Pads 2.0 are packed with all the best ingredients, like BHAs and AHAs, to gently exfoliate and purify your skin.</p><h6>Ingredients</h6><p>Water, Methylpropanediol, Trometamin, Lactic Acid, Alcohol Denat., 1,2-Hexanediol, Panthenol, Glycereth-26, Salicylic Acid, Ammonium Acryloyldimethyltaurate/VP, Copolymer, Betaine, Trehalose, Polyglyceryl-10 Laurate, Ethylhexylglycerin, Glycerin, Allantoin, Polyglyceryl-10 Myristate, Disodium EDTA, Butylene Glycol, Sodium Hyaluronate, Betaine Salicylate, Citrus Aurantium Dulcis (Orange) Peel Oil, Citrus Limon (Lemon) Peel Oil, Citrus Grandis (Grapefruit) Peel Oil, Citrus Aurantium Bergamia (Bergamot) Fruit Oil, Rosmarinus Officinalis (Rosemary) Leaf Oil, Eucalyptus Globulus Leaf Oil, Lavandula Angustifolia (Lavender) Oil, Vitis Vinifera (Grape) Fruit Extract, Citrus Aurantifolia (Lime) Fruit Extract, Citrus Limon (Lemon) Fruit Extract, Pyrus Malus (Apple) Fruit Extract, Citrus Aurantium Dulcis (Orange) Fruit Extract, Ethyl Hexanediol, Centella Asiatica Extract, Slix Alba (Willow) Bark Extract, Origanum Vulgare Leaf Extract, Chamaecyparis Obtusa Leaf Extract, Lactobacillus/Soybean Ferment Extract, Cinnamomum Cassia Bark Extract, Scutellaria Baicalensis Root Extract, Portulaca Oleracea Extract, Oenothera Biennis (Evening Primrose) Flower Extract, Pinus Palustris Leaf Extract, Ulmus Davidiana Root Extract, Pueraria Lobata Root Extract, Limonene</p>","Medicube","Skincare","Imported, TSB, Teemdrop_Auto_Fulfill",TRUE,Title,Default Title,"9120000000074",0,,999,deny,manual,18.41,TRUE,TRUE,"https://cdn.shopify.com/s/files/1/0515/4589/9157/files/Abib_Calming_Pads_2.png?v=1765233739"
"medicube-one-day-exosome-shot-pore-ampoule-2000-30ml","Medicube One Day Exosome Shot Pore Ampoule 2000 (30ml)","<p>The Medicube One Day Exosome Shot Pore Ampoule 2000 (30ml) is a professional-strength masterpiece that targets your skin\'s unique needs with clinical precision. Formulated for maximum efficacy, it unveils a radiant, glass-like complexion. Tingling ampoule that follows the principles of microneedling. Medicube One Day Exosome Shot Pore Ampoule 2000 draws upon the principles of microneedling by featuring micro-sized, needle-shaped booster to target a range of skin issues.</p><h6>Ingredients</h6><p>Water, Dipropylene Glycol, Glycerin, Butylene Glycol, 1,2-Hexanediol, Niacinamide, Sodium Polyacrylate, Ethylhexyl Palmitate, C12-14 Alketh-12, Hydrogenated Polydecene, Hydrolyzed Sponge, Ethylhexylglycerin, Adenosine, Caprylyl/Capryl Glucoside, Disodium EDTA, Panthenol, Lactobacillus Extracellular Vesicles, Campsis Grandiflora Flower Extract, Pueraria Lobata Root Extract, Pinus Palustris Leaf Extract, Oenothera Biennis (Evening Primrose) Flower Extract, Ulmus Davidiana Root Extract, Calcium Silicate, Sodium Silicate, Betaine Salicylate, Citric Acid, Gluconolactone</p>","Medicube","Skincare","Imported, TSB, Teemdrop_Auto_Fulfill",TRUE,Title,Default Title,"9120000000075",0,,999,deny,manual,26.51,TRUE,TRUE,"https://cdn.shopify.com/s/files/1/0515/4589/9157/files/Medicube_One_Day_Exosome_Shot_Pore_Ampoule_2000_30ml.png?v=1766405395"
"medicube-collagen-jelly-cream","Medicube Collagen Jelly Cream","<p>Experience a clinical-grade breakthrough with Medicube\'s Medicube Collagen Jelly Cream. Designed for the sophisticated skincare ritual, it leverages advanced science to restore skin vitality and resilience. Viral jelly cream known for its instant Korean Glass Glow effect. Medicube Collagen Jelly Cream is a transparent jelly cream that provides anti-aging benefits to enhance facial contours, promote firmness and achieve a polished and glowing complexion.</p><h6>Ingredients</h6><p>Water, Propanediol, Dipropylene Glycol, Butylene Glycol, Methylpropanediol, Diethoxyethyl Succinate, Ethoxydiglycol, Ammonium Acryloyldimethyltaurate/Beheneth-25 Methacrylate Crosspolymer, Niacinamide, Trehalose, 1,2-Hexanediol, Chlorella Vulgaris Extract, Collagen, Hydrolyzed Collagen, Cynanchum Atratum Extract, Althaea Rosea Flower Extract, Soluble Collagen, Allium Sativum (Garlic) Bulb Extract, Avena Sativa (Oat) Kernel Extract, Bertholletia Excelsa Seed Extract, Brassica Oleracea Italica (Broccoli) Extract, Camellia Sinensis Seed Extract, Salmon Egg Extract, Solanum Lycopersicum (Tomato) Fruit Extract, Spinacia Oleracea (Spinach) Leaf Extract, Vaccinium Angustifolium (Blueberry) Fruit Extract, Wine Extract, Polyglyceryl-10 Isostearate, Tromethamine, Glucose, Polyglyceryl-10 Oleate, Ethylhexylglycerin, Fructooligosaccharides, Fructose, Adenosine, Sodium Phytate, Cyanocobalamin, Tocopherol, Pullulan, Glycerin, Hydroxypropyltrimonium Hyaluronate, Squalane, Soluble Proteoglycan, Hydrolyzed Elastin, Sodium DNA, Carbomer, Xanthan Gum, Fragrance(Parfum)</p>","Medicube","Skincare","Imported, TSB, Teemdrop_Auto_Fulfill",TRUE,Title,Default Title,"9120000000076",0,,999,deny,manual,20.88,TRUE,TRUE,"https://cdn.shopify.com/s/files/1/0515/4589/9157/files/Collagen_Jelly_Cream_1.png?v=1762960417"
"hyaluronate-essential-mask-ultra-hydration-10-pcs","Hyaluronate Essential Mask - Ultra Hydration (10 PCs)","<p>Drench your skin in clinical-grade moisture with this ultra-hydrating mask system. Featuring 10 distinct types of high-purity Hyaluronic Acid (98%), it targets every dermal layer to provide immediate and long-lasting volume. Engineered with a sophisticated filtration system, it rapidly cools and calms dehydrated, sensitive skin while locking in moisture for a dewy, plump, and exceptionally radiant finish. The gold standard for skin that glows with health.</p><h6>Ingredients</h6><p>Water, Glycerin, 10 types of Hyaluronic Acid (2,000 ppm), Niacidamide, Panthenol, Sea Water, Ceramide NP, Squalane.</p>","Mediheal","Masks","Imported, TSB, Teemdrop_Auto_Fulfill",TRUE,Title,Default Title,"9120816857324",0,,999,deny,manual,28.93,TRUE,TRUE,"https://cdn.shopify.com/s/files/1/0515/4589/9157/files/Mediheal_Hyaluronate.png?v=1768170686"
"teatree-essential-mask-calming-moisture-10-pcs","Teatree Essential Mask - Calming Moisture (10 PCs)","<p>A professional-grade calming treatment designed for reactive and acne-prone skin. Infused with concentrated Tea Tree Extract and Tea Tree Leaf Water, this high-fidelity mask rapidly neutralizes redness and regulates excess sebum production. The hypoallergenic, comfort-fit sheet provides an immediate cooling sensation, clearing clogged pores and refining skin texture for a perfectly balanced, comfortably matte, and clarified complexion.</p><h6>Ingredients</h6><p>Water, Tea Tree Extract, Tea Tree Leaf Oil, 4-Terpineol, Centella Asiatica Extract, Panthenol, Arginine.</p>","Mediheal","Masks","Imported, TSB, Teemdrop_Auto_Fulfill",TRUE,Title,Default Title,"9113963364588",0,,999,deny,manual,28.93,TRUE,TRUE,"https://cdn.shopify.com/s/files/1/0515/4589/9157/files/Mediheal_Tea_Tree_1.png?v=1768109110"
"madecassoside-essential-mask-blemish-repair-10-pcs","Madecassoside Essential Mask - Blemish Repair (10 PCs)","<p>Transform compromised skin with this elite blemish-repairing mask. Powered by 98% high-purity Madecassoside and advanced liposome delivery technology, it provides deep restorative care to fade post-acne marks and neutralize chronic irritation. The sophisticated formula reinforces the skin's natural moisture barrier while accelerating cellular repair, leaving your complexion visibly clearer, more even-toned, and exceptionally resilient.</p><h6>Ingredients</h6><p>Water, Madecassoside (98% purity), Centella Asiatica Extract, Niacidamide, Panthenol, Ceramide NP, Sodium Hyaluronate.</p>","Mediheal","Masks","Imported, TSB, Teemdrop_Auto_Fulfill",TRUE,Title,Default Title,"9113962643692",0,,999,deny,manual,28.93,TRUE,TRUE,"https://cdn.shopify.com/s/files/1/0515/4589/9157/files/Mediheal_Madecassoside.png?v=1767715638"
"retinol-collagen-ampoule-lifting-mask-4-pcs","Retinol Collagen Ampoule Lifting Mask (4 PCs)","<p>Achieve a professional-grade lifting effect with this innovative two-piece cream-wrap mask. Engineered with high-fidelity Retinol-Collagen micro-particles, it targets deep-set wrinkles and loss of elasticity with clinical precision. The contoured design perfectly grips the jawline and mid-face, delivering an intensive structural treatment that firms sagging skin and enhances facial contours. Experience visible transformation and professional structural support in just 20 minutes.</p><h6>Ingredients</h6><p>Water, Retinol, Hydrolyzed Collagen, Ceramide NP, Squalane, Tocopherol, Adenosine, Peptides.</p>","Mediheal","Masks","Imported, TSB, Teemdrop_Auto_Fulfill",TRUE,Title,Default Title,"9073604755692",0,,999,deny,manual,23.67,TRUE,TRUE,"https://cdn.shopify.com/s/files/1/0515/4589/9157/files/RetinolCollagenCreamLiftigMask.png?v=1764717765"
"pdrn-lifting-pad-100-pcs","PDRN Lifting Pad (100 PCs)","<p>The ultimate in pore-refining and structural support. These clinical-grade stretchable pads are infused with high-fidelity Vegan Rose PDRN essence to deliver a 3D tightening effect. Designed to target sagging skin and enlarged pores, they provide intensive hydration while visibly lifting facial contours. Each pad is made of hypoallergenic fibers and delivers a full bottle of restorative actives, leaving skin with a refined, clear, and exceptionally firm appearance.</p><h6>Ingredients</h6><p>Water, Rose PDRN, Niacidamide, Adenosine, Squalane, Gluconolactone, Sodium DNA (PDRN), Glutathione.</p>","Mediheal","Toners","Imported, TSB, Teemdrop_Auto_Fulfill",TRUE,Title,Default Title,"9051369079020",0,,999,deny,manual,36.56,TRUE,TRUE,"https://cdn.shopify.com/s/files/1/0515/4589/9157/files/Untitled_design_73.png?v=1761236499"
"mediheal-rose-pdrn-essential-mask-10-pcs","MEDIHEAL Rose PDRN Essential Mask (10 PCs)","<p>Elevate your skincare protocol with the MEDIHEAL Rose PDRN Essential Mask (10 PCs) by Mediheal. Formulated with clinical precision to deliver deep hydration and unparalleled barrier support. A sheet mask enriched with hydrolyzed collagen to help restore firmness and fight fatigue MEDIHEAL Collagen Anti-Aging Sleeping Mask is a nourishing overnight mask with a soft lotion formula to combat signs of aging. This mask provides collagen to the skin, helping to reduce wrinkles and promote a youthful, radiant appearance.</p><h6>Ingredients</h6><p>Water, Butylene Glycol, Ethylhexyl Palmitate, Niacinamide, Acetylated Hydrogenated Vegetable Glyceride, Glycerin, Caprylic/Capric Triglyceride, Polyglyceryl-3 Distearate, Cetearyl Alcohol, Cetyl Ethylhexanoate, 1,2-Hexanediol, Glyceryl Stearate, Caprylyl Glycol, Propanediol, Polyglyceryl-10 Laurate, Ammonium Acryloyldimethyltaurate/VP Copolymer, Arginine, Carbomer, Glyceryl Stearate Citrate, Collagen Extract, Betaine, Sorbitan Stearate, Ethylhexylglycerin, Pyrus Communis (Pear) Fruit Extract, Pantolactone, Acrylates/C10-30 Alkyl Acrylate Crosspolymer, Adenosine, Rosa Damascena Flower Water, Disodium EDTA, Salvia Officinalis (Sage) Oil, Iris Florentina Root Extract, Cucumis Melo (Melon) Fruit Extract, Hedera Helix (Ivy) Leaf/Stem Extract, Panthenol, Pantothenic Acid, Hydrogenated Lecithin, Mangifera Indica (Mango) Fruit Extract, Ceramide NP, Milk Protein Extract.</p>","Mediheal","Skincare","Imported, TSB, Teemdrop_Auto_Fulfill",TRUE,Title,Default Title,"9150000000000",0,,999,deny,manual,22.99,TRUE,TRUE,"https://cdn.shopify.com/s/files/1/0515/4589/9157/files/Mediheal_Rose_PDRN.png?v=1755636203"
"mediheal-vita-c-brightening-sleeping-mask-20ml","MEDIHEAL Vita C Brightening Sleeping Mask (20ml)","<p>Elevate your skincare protocol with the MEDIHEAL Vita C Brightening Sleeping Mask (20ml) by Mediheal. Formulated with clinical precision to deliver deep hydration and unparalleled barrier support. A powerful combination of antioxidants and plant extracts to rejuvenate and even out skin tone MEDIHEAL Vita C Brightening Sleeping Mask is an overnight mask with a powerful Vitamin C formula that revitalizes the skin with a fresh, moistured glow. Specifically developed for dull and oily skin in need of a refresh, this mask contains 5% niacinamide, Panthenol Active 3X, and PHA/LHA for gentle exfoliation.</p><h6>Ingredients</h6><p>Water, Glycerin, Niacinamide, Hydrogenated Polyisobutene, Butylene Glycol, Caprylyl Glycol, Hydroxyacetophenone, Acrylates/C10-30 Alkyl Acrylate Crosspolymer, Arginine, Sodium Carbomer, Hippophae Rhamnoides Water, Ethylhexylglycerin, Ammonium Acryloyldimethyltaurate/VP Copolymer, Sodium Polyacrylate Starch, 1,2-Hexanediol, Citrus Aurantium Bergamia (Bergamot) Fruit Oil, Pantolactone, Polyglyceryl-10 Laurate, Limonene, Glyceryl Glucoside, Disodium EDTA, Hydrogenated Lecithin, Citrus Aurantium Dulcis (Orange) Peel Extract, Pelargonium Graveolens Water, Rosa Damascena Flower Water, Tremella Fuciformis Polysaccharide, Eucalyptus Globulus Leaf Water, Gluconolactone, Capryloyl Salicylic Acid, Barosma Betulina Leaf Extract, Bambusa Vulgaris Leaf Extract, Linum Usitatissimum (Linseed) Seed Extract, Panthenol, Pantothenic Acid, Sodium Hyaluronate, Ferula Galbaniflua (Galbanum) Resin Oil, Mangifera Indica (Mango) Fruit Extract, Citrus Limon (Lemon) Seed Oil, Fullerenes, Menadione, Pyridoxine HCL, Riboflavin, Sodium Ascorbyl Phosphate, Thiamine HCL, Tocopheryl Acetate.</p>","Mediheal","Skincare","Imported, TSB, Teemdrop_Auto_Fulfill",TRUE,Title,Default Title,"9150000000001",0,,999,deny,manual,15.78,TRUE,TRUE,"https://cdn.shopify.com/s/files/1/0515/4589/9157/files/MEDIHEAL_Vita_C_Brightening_Sleeping_Mask_20ml_32486a65-c899-4d0d-9f22-30b824031213.png?v=1771866942"
"mediheal-hyaluron-hydrating-sleeping-mask-20ml","MEDIHEAL Hyaluron Hydrating Sleeping Mask (20ml)","<p>Elevate your skincare protocol with the MEDIHEAL Hyaluron Hydrating Sleeping Mask (20ml) by Mediheal. Formulated with clinical precision to deliver deep hydration and unparalleled barrier support. A hydrating sheet mask that replenishes lost radiance MEDIHEAL Hyaluron Hydrating Sleeping Mask is an intensely hydrating overnight mask with a gel like texture, designed to deliver abundant moisture to your skin while you sleep. The formula includes 10 types of hyaluronic acid that work deeply to replenish the skin’s moisture levels and provide a radiant glow.</p><h6>Ingredients</h6><p>Water, Dipropylene Glycol, Niacinamide, Glycerin, Caprylyl Glycol, Sea Water, Ammonium Acryloyldimethyltaurate/Vp Copolymer, Panthenol, Ethylhexylglycerin, Hydroxyacetophenone, Diethoxyethyl Succinate, Arginine, Carbomer, 1, 2-Hexanediol, Butylene Glycol, Aminobutyric Acid, Myosotis Sylvatica Flower/Leaf/Stem Extract, Methyl Soyate, Pantolactone, Polyglyceryl-10 Laurate, Saccharomyces Ferment Filtrate, Galactomyces Ferment Filtrate, Rosa Damascena Flower Water, Disodium EDTA, Pyrus Communis (Pear) Fruit Extract, Hydrogenated Lecithin, Glyceryl Glucoside, Sodium Hyaluronate, Glyceryl Acrylate/Acrylic Acid Copolymer, Brassica Campestris (Rapeseed) Extract, Paeonia Suffruticosa Branch/Flower/Leaf Extract, Hedera Helix (Ivy) Leaf/Stem Extract, Rosa Rugosa Flower Extract, Salvia Officinalis Oil, Lavandula Angustifolia (Lavender) Oil, Tremella Fuciformis Polysaccharide, Glycine, Glutamic Acid, Aspartic Acid, Linum Usitatissimum (Linseed) Seed Extract, Bambusa Vulgaris Leaf Extract, Pantothenic Acid, Sodium Polyacrylate, Sodium Chloride, Pentylene Glycol, Histidine, Serine, Mangifera Indica (Mango) Fruit Extract, Hyaluronic Acid, Hydrolyzed Hyaluronic Acid, Hydrolyzed Sodium Hyaluronate, Hydroxypropyltrimonium Hyaluronate, Proline, Potassium Hyaluronate, Threonine, Alanine, Sodium Hyaluronate Crosspolymer, Acrylates/C10-30 Alkyl Acrylate Crosspolymer, Magnesium Chloride, Calcium Chloride, Sodium Acetylated Hyaluronate, Ceramide NP, Propanediol, Sodium Hyaluronate Dimethylsilanol, Dimethylsilanol Hyaluronate.</p>","Mediheal","Skincare","Imported, TSB, Teemdrop_Auto_Fulfill",TRUE,Title,Default Title,"9150000000002",0,,999,deny,manual,15.78,TRUE,TRUE,"https://cdn.shopify.com/s/files/1/0515/4589/9157/files/MEDIHEAL_Hyaluron_Hydrating_Sleeping_Mask_20ml_d451b66b-2634-47c5-a636-9ceb9000fee0.png?v=1771867105"
"mediheal-cica-ac-calming-sleeping-mask-20ml","MEDIHEAL Cica AC Calming Sleeping Mask (20ml)","<p>Elevate your skincare protocol with the MEDIHEAL Cica AC Calming Sleeping Mask (20ml) by Mediheal. Formulated with clinical precision to deliver deep hydration and unparalleled barrier support. A soothing sheet mask that targets blemishes and acne-prone skin MEDIHEAL Cica AC Calming Sleeping Mask is a soothing overnight mask with a gel texture, ideal for tired and stressed skin. It contains nourishing ingredients like 5% niacinamide and panthenol, along with tea tree extract and centella asiatica to provide intense hydration, calm irritated skin, and promote a healthy glow.</p><h6>Ingredients</h6><p>Water, Dipropylene Glycol, Niacinamide, Glycerin, Ammonium Acryloyldimethyltaurate/VP Copolymer, Panthenol, Caprylyl Glycol, Hydroxyacetophenone, Carbomer, Arginine, Butylene Glycol, Centella Asiatica Extract, Methyl Soyate, Ethylhexylglycerin, Polyglyceryl-10 Laurate, Propanediol, Pantolactone, 1,2-Hexanediol, Disodium EDTA, Melaleuca Alternifolia (Tea Tree) Leaf Oil, Hydrogenated Lecithin, Melaleuca Alternifolia (Tea Tree) Extract, Melaleuca Alternifolia (Tea Tree) Leaf Water, Sodium Hyaluronate, Lactobacillus Ferment, Lentinus Edodes Extract, Pantothenic Acid, Tremella Fuciformis (Mushroom) Extract, Mangifera Indica (Mango) Fruit Extract, Madecassoside, 4-Terpineol, Zinc PCA, Copper PCA, Centella Asiatica Leaf Extract.</p>","Mediheal","Skincare","Imported, TSB, Teemdrop_Auto_Fulfill",TRUE,Title,Default Title,"9150000000003",0,,999,deny,manual,15.78,TRUE,TRUE,"https://cdn.shopify.com/s/files/1/0515/4589/9157/files/MEDIHEAL_Cica_AC_Calming_Sleeping_Mask_20ml.png?v=1771867186"
"mediheal-collagen-anti-aging-sleeping-mask-20ml","MEDIHEAL Collagen Anti-Aging Sleeping Mask (20ml)","<p>The legendary MEDIHEAL Collagen Anti-Aging Sleeping Mask (20ml) exemplifies Mediheal\'s dedication to dermatological excellence, offering active ingredients that restore and revitalize the complexion. A sheet mask enriched with hydrolyzed collagen to help restore firmness and fight fatigue MEDIHEAL Collagen Anti-Aging Sleeping Mask is a nourishing overnight mask with a soft lotion formula to combat signs of aging. This mask provides collagen to the skin, helping to reduce wrinkles and promote a youthful, radiant appearance.</p><h6>Ingredients</h6><p>Water, Butylene Glycol, Ethylhexyl Palmitate, Niacinamide, Acetylated Hydrogenated Vegetable Glyceride, Glycerin, Caprylic/Capric Triglyceride, Polyglyceryl-3 Distearate, Cetearyl Alcohol, Cetyl Ethylhexanoate, 1,2-Hexanediol, Glyceryl Stearate, Caprylyl Glycol, Propanediol, Polyglyceryl-10 Laurate, Ammonium Acryloyldimethyltaurate/VP Copolymer, Arginine, Carbomer, Glyceryl Stearate Citrate, Collagen Extract, Betaine, Sorbitan Stearate, Ethylhexylglycerin, Pyrus Communis (Pear) Fruit Extract, Pantolactone, Acrylates/C10-30 Alkyl Acrylate Crosspolymer, Adenosine, Rosa Damascena Flower Water, Disodium EDTA, Salvia Officinalis (Sage) Oil, Iris Florentina Root Extract, Cucumis Melo (Melon) Fruit Extract, Hedera Helix (Ivy) Leaf/Stem Extract, Panthenol, Pantothenic Acid, Hydrogenated Lecithin, Mangifera Indica (Mango) Fruit Extract, Ceramide NP, Milk Protein Extract.</p>","Mediheal","Skincare","Imported, TSB, Teemdrop_Auto_Fulfill",TRUE,Title,Default Title,"9150000000004",0,,999,deny,manual,15.78,TRUE,TRUE,"https://cdn.shopify.com/s/files/1/0515/4589/9157/files/MEDIHEAL_Collagen_Anti-Aging_Sleeping_Mask_20ml.png?v=1771867257"
"mediheal-vital-firming-mask-1-pc","MEDIHEAL Vital Firming Mask (1 PC)","<p>The legendary MEDIHEAL Vital Firming Mask (1 PC) exemplifies Mediheal\'s dedication to dermatological excellence, offering active ingredients that restore and revitalize the complexion. A mask that firms and infused with revitalizing Panthenol and Allantoin MEDIHEAL Vital Firming Mask is designed to provide firming and hydrating benefits to the skin. It helps to improve skin elasticity, reduce the appearance of fine lines and wrinkles, and promote a smoother, more youthful complexion.</p><h6>Ingredients</h6><p>Water, Glycerin, Dipropylene Glycol, Hydrolyzed Collagen, Panthenol, Allantoin, Carbomer, Sodium Polyacrylate, Adenosine, Polysorbate 80, Tromethamine, Disodium EDTA, Ethylhexylglycerin, Caprylyl Glycol, Chlorphenesin, Fragrance.</p>","Mediheal","Skincare","Imported, TSB, Teemdrop_Auto_Fulfill",TRUE,Title,Default Title,"9150000000005",0,,999,deny,manual,15.78,TRUE,TRUE,"https://cdn.shopify.com/s/files/1/0515/4589/9157/files/MEDIHEAL_Vital_Firming_Mask_1_PC.png?v=1766257540"
"mediheal-pure-calming-mask-1-pc","MEDIHEAL Pure Calming Mask (1 PC)","<p>Elevate your skincare protocol with the MEDIHEAL Pure Calming Mask (1 PC) by Mediheal. Formulated with clinical precision to deliver deep hydration and unparalleled barrier support. A calming sheet mask made of cellulose to repair the skin and help control bacterial growth MEDIHEAL Pure Calming Mask s oothes and rejuvenates irritated skin. The serum in the sheet mask includes centella asiatica, artemisia princeps (Korean mugwort) and allantoin to reduce redness while calming the skin.</p><h6>Ingredients</h6><p>Water, Glycerin, Dipropylene Glycol, Cynanchum Atratum Extract, Artemisia Princeps Leaf Extract, Centella Asiatica Extract, Allantoin, Carbomer, Butylene Glycol, Sodium Polyacryioyldimethyl Taurate, Polysorbate 80, Tromethamine, Adenosine, Disodium EDTA, 1,2-Hexanediol, Caprylyl Glycol, Ethylhexylglycerin, Chlorphenesin, Fragrance.</p>","Mediheal","Skincare","Imported, TSB, Teemdrop_Auto_Fulfill",TRUE,Title,Default Title,"9150000000006",0,,999,deny,manual,15.78,TRUE,TRUE,"https://cdn.shopify.com/s/files/1/0515/4589/9157/files/MEDIHEAL_Pure_Calming_Mask_1_PC.png?v=1766257303"
"mediheal-hydra-soothing-mask-1-pc","MEDIHEAL Hydra Soothing Mask (1 PC)","<p>Experience intensive care with the MEDIHEAL Hydra Soothing Mask (1 PC). Crafted by Mediheal to target specific skin concerns while ensuring maximum absorption and efficacy.</p><h6>Ingredients</h6><p>Water, Glycerin, Dipropylene Glycol, Sodium Hyaluronate, Sodium Hyaluronate Crosspolymer, Xylitylglucoside, Anhydroxylitol, Xylitol, Glucose, Carbomer, Allantoin, Xanthan Gum, Butylene Glycol, Polysorbate 80, Tromethamine, Adenosine, Disodium EDTA, Caprylyl Glycol, Ethylhexylglycerin, 1,2-Hexanediol, Benzyl Glycol, Chlorphenesin, Fragrance.</p>","Mediheal","Skincare","Imported, TSB, Teemdrop_Auto_Fulfill",TRUE,Title,Default Title,"9150000000007",0,,999,deny,manual,15.78,TRUE,TRUE,"https://cdn.shopify.com/s/files/1/0515/4589/9157/files/MEDIHEAL_Hydra_Soothing_Mask_1_PC.png?v=1766257539"
"mediheal-centella-niacin-ampoule-mask-10-pcs","MEDIHEAL Centella Niacin Ampoule Mask (10 PCs)","<p>The legendary MEDIHEAL Centella Niacin Ampoule Mask (10 PCs) exemplifies Mediheal\'s dedication to dermatological excellence, offering active ingredients that restore and revitalize the complexion. A mask that illuminates and calms the skin MEDIHEAL Centella Niacin Ampoule Mask revitalise skin and achieve a clear, radiant complexion by harnessing the rejuvenating properties of Centella Asiatica and Niacinamide, this dynamic combination brightens and soothes the skin, leaving it looking and feeling refreshed. It uses 100% bamboo-derived cellulose sheets that adheres perfectly to the skin to deeply moisturize and provide suppleness.</p><h6>Ingredients</h6><p>Water, Glycerin, Centella Asiatica Extract(50,220 pm), Dipropylene Glycol, Niacinamide (20,000 ppm), 1,2-Hexanediol, Hydroxyacetophenone, Butylene Glycol, Polyglyceryl-4 Caprate, Acrylates/C10-30 Alkyl Acrylate Crosspolymer, Tromethamine, Ethylhexylglycerin, Disodium EDTA, Fragrance, Ammonium Acryloyldimethyltaurate/VP Copolymer, Caprylyl Glycol, Arbutin, Dipotassium Glycyrrhizate, Sodium Polyacryloyldimethyl Taurate, Alcohol, Glycine, Glutamic Acid, Aspartic Acid, Mentha Piperita (Peppermint) Leaf Extract*, Primula Veris Extract*, Veronica Officinalis Extract*, Achillea Millefolium Extract*, Alchemilla Vulgaris Extract*, Melissa Officinalis Leaf Extract*, Malva Sylvestris (Mallow) Extract*, Tranexamic Acid, Sodium Polyacrylate, Sodium Chloride, Histidine, Serine, Arginine, Proline, Threonine, Alanine, Sodium Hydroxide, Magnesium Chloride, Calcium Chloride.</p>","Mediheal","Skincare","Imported, TSB, Teemdrop_Auto_Fulfill",TRUE,Title,Default Title,"9150000000008",0,,999,deny,manual,26.14,TRUE,TRUE,"https://cdn.shopify.com/s/files/1/0515/4589/9157/files/MEDIHEAL_Centella_Niacin_Ampoule_Mask_10_PCs.png?v=1766257125"
"mediheal-vita-toning-essence-mask-5-pcs","MEDIHEAL Vita Toning Essence Mask (5 PCs)","<p>Experience intensive care with the MEDIHEAL Vita Toning Essence Mask (5 PCs). Crafted by Mediheal to target specific skin concerns while ensuring maximum absorption and efficacy. An intensive anti-aging treatment mask reduces the appearance of fine lines and wrinkles MEDIHEAL Vita Toning Essence Mask c ontains 9 types of complex containing vitamin C derivatives for clear and bright skin. It uses bamboo-derived hypoallergenic biodegradable certified vegan sheets to help regenerate and restore the skin, targeting dryness, dullness, and dark spots, while working to fade pigmentation and promote an even, glowing complexion.</p><h6>Ingredients</h6><p>Water, Glycerin, DPG, Niacinamide, Polysorbate 80, Chlorphenesin, Carbomer, Tromethamine, Allantoin, EDTA-2Na, Polyacryloyldimethyltaurine Na, Ethylhexylglycerin, Caprylyl Glycol, BG, Isopentyldiol, Propanediol, 1,2-Hexanediol, Hydrogenated lecithin, Na Hyaluronate, Polyglyceryl-10 stearate, Polyglyceryl-4 oleate, Panthenol, Sculose palmitate, Na Ascorbyl phosphate, Hydroxydecylubiquinone, Biotin, Pyridoxin, Cyanocobalamine, Tocopherol, Thiamine HCl, β-carotene, Riboflavin, Fragrance.</p>","Mediheal","Skincare","Imported, TSB, Teemdrop_Auto_Fulfill",TRUE,Title,Default Title,"9150000000009",0,,999,deny,manual,17.36,TRUE,TRUE,"https://cdn.shopify.com/s/files/1/0515/4589/9157/files/MEDIHEAL_Vita_Toning_Essence_Mask_5_PCs.png?v=1766257539"
"mediheal-cica-calming-ampoule-mask-10-pcs","MEDIHEAL Cica Calming Ampoule Mask (10 PCs)","<p>The legendary MEDIHEAL Cica Calming Ampoule Mask (10 PCs) exemplifies Mediheal\'s dedication to dermatological excellence, offering active ingredients that restore and revitalize the complexion. A calming and soothing sheet mask for troubled, irritated skin. MEDIHEAL Cica Calming Ampoule Mask is designed to gently refine the skin\.</p><h6>Ingredients</h6><p>Water, Glycerin, Dipropylene Glycol, Centella Asiatica Extract, Polysorbate 80, Chlorphenesin, Allantoin, Carbomer, Tromethamine, Disodium EDTA, Ethylhexylglycerin, 1,2-Hexanediol, Caprylyl Glycol, Fragrance, Sodium Polyacryloyldimethyl Taurate, Butylene Glycol, Caprylic/Capric Triglyceride, Hydrogenated Phosphatidylcholine, Sucrose Stearate, Linum Usitatissimum (Linseed) Seed Extract, Cetearyl Alcohol, Madecassoside, Madecassic Acid, Asiaticoside, Asiatic Acid</p>","Mediheal","Skincare","Imported, TSB, Teemdrop_Auto_Fulfill",TRUE,Title,Default Title,"9150000000010",0,,999,deny,manual,18.57,TRUE,TRUE,"https://cdn.shopify.com/s/files/1/0515/4589/9157/files/MEDIHEAL_Cica_Calming_Ampoule_Mask_10_PCs.png?v=1766257125"
"mediheal-aqua-soothing-ampoule-mask-10-pcs","MEDIHEAL Aqua Soothing Ampoule Mask (10 PCs)","<p>Experience intensive care with the MEDIHEAL Aqua Soothing Ampoule Mask (10 PCs). Crafted by Mediheal to target specific skin concerns while ensuring maximum absorption and efficacy. A moisturizing sheet mask formulated with 4 different types of hyaluronic acid. MEDIHEAL Aqua Soothing Ampoule Mask supercharges the skin with 4 different types of hyaluronic acid.</p><h6>Ingredients</h6><p>Water, Glycerin, Dipropylene Glycol, Sodium Hyaluronate, Sodium Polyacrylate, Caprylyl Glycol, Tremella Fuciformis Extract, Propanediol, Sodium Hyaluronate Crosspolymer, 1,2-Hexanediol, Hydrolyzed Glycosaminoglycans, Benzyl Glycol, Hydrolyzed Hyaluronic Acid, Hyaluronic Acid, Polysorbate 80, Chlorphenesin, Allantoin, Carbomer, Tromethamine, Disodium EDTA, Ethylhexylglycerin, Parfum</p>","Mediheal","Skincare","Imported, TSB, Teemdrop_Auto_Fulfill",TRUE,Title,Default Title,"9150000000011",0,,999,deny,manual,18.57,TRUE,TRUE,"https://cdn.shopify.com/s/files/1/0515/4589/9157/files/ORIG_MEDIHEAL_Aqua_Soothing_Ampoule_Mask_10_PCs.png?v=1766257125"
"mediheal-vita-clear-ampoule-mask-10-pcs","MEDIHEAL Vita Clear Ampoule Mask (10 PCs)","<p>Experience intensive care with the MEDIHEAL Vita Clear Ampoule Mask (10 PCs). Crafted by Mediheal to target specific skin concerns while ensuring maximum absorption and efficacy. A rejuvenating, brightening sheet mask infused with vitamin C derivatives. MEDIHEAL Vita Clear Ampoule Mask is specially formulated to rejuvenate and brighten the complexion.</p><h6>Ingredients</h6><p>Water, Glycerin, Dipropylene Glycol, Chlorphenesin, Polysorbate 80 , Allantoin, Carbomer, Tromethamine, Butylene Glycol, Disodium EDTA, Sodium Ascorbyl Phosphate , Ethylhexylglycerin, Chrysanthemum Indicum Flower Extract, Rosmarinus Officinalis Extract, Hamamelis Virginiana Extract , Dipotassium Glycyrrhizate, Caprylyl Glycol, Fragrance, 1,2-Hexanediol, Magnolia Kobus Branch/Flower/Leaf Extract, Polygonum Cuspidatum Root Extract, Hippophae Rhamnoides Fruit Extract, Citrus Medica Limonum (Lemon) Fruit Extract, Glutathione, Citrus Aurantifolia (Lime) Fruit Extract, Citrus Junos Fruit Extract, Citrus Nobilis (Mandarin Orange) Fruit Extract.</p>","Mediheal","Skincare","Imported, TSB, Teemdrop_Auto_Fulfill",TRUE,Title,Default Title,"9150000000012",0,,999,deny,manual,18.57,TRUE,TRUE,"https://cdn.shopify.com/s/files/1/0515/4589/9157/files/1_ae6237ca-e1bc-4c31-a092-96278846c29b.png?v=1738002079"
"mediheal-derma-clear-teatree-treatment-spot-patch-44-pcs","MEDIHEAL Derma Clear Teatree Treatment Spot Patch (44 PCs)","<p>The legendary MEDIHEAL Derma Clear Teatree Treatment Spot Patch (44 PCs) exemplifies Mediheal\'s dedication to dermatological excellence, offering active ingredients that restore and revitalize the complexion.</p><h6>Ingredients</h6><p>Water, Melaleuca Alternifolia (Tea Tree) Leaf Water, Lactobacillus Ferment, Hydrogenated Lecithin, Glycerin, 1,2-Hexanediol.</p>","Mediheal","Skincare","Imported, TSB, Teemdrop_Auto_Fulfill",TRUE,Title,Default Title,"9150000000013",0,,999,deny,manual,15.78,TRUE,TRUE,"https://cdn.shopify.com/s/files/1/0515/4589/9157/files/MEDIHEAL_Derma_Clear_Teatree_Treatment_Spot_Patch_44_PCs.png?v=1766257125"
"mediheal-derma-layer-hand-mask","MEDIHEAL Derma Layer Hand Mask","<p>Elevate your skincare protocol with the MEDIHEAL Derma Layer Hand Mask by Mediheal. Formulated with clinical precision to deliver deep hydration and unparalleled barrier support. Say goodbye to dry, rough hands. This intensive hydrating mask treats both hands and cuticles with herb ceramide complex, shea butter, and hyaluronate acid.</p><h6>Ingredients</h6><p>Refer to product packaging for full ingredient list.</p>","Mediheal","Skincare","Imported, TSB, Teemdrop_Auto_Fulfill",TRUE,Title,Default Title,"9150000000014",0,,999,deny,manual,15.78,TRUE,TRUE,"https://cdn.shopify.com/s/files/1/0515/4589/9157/files/MEDIHEAL_Derma_Layer_Hand_Mask.png?v=1766257127"
"mediheal-labocare-pantenolips-10ml","MEDIHEAL Labocare Pantenolips (10ml)","<p>Elevate your skincare protocol with the MEDIHEAL Labocare Pantenolips (10ml) by Mediheal. Formulated with clinical precision to deliver deep hydration and unparalleled barrier support. A non-sticky gel lip essence that hydrates and soothes rough lips with natural ingredients. MEDIHEAL Labocare Pantenolips is a nourishing lip essence that intensive care for dry lips and leaves a subtle coral tint.</p><h6>Ingredients</h6><p>Water, Aluminum Hydroxide, BHT, Titanium Dioxide, CI 15985, Panthenol, CI 45410.</p>","Mediheal","Makeup","Imported, TSB, Teemdrop_Auto_Fulfill",TRUE,Title,Default Title,"9150000000015",0,,999,deny,manual,15.78,TRUE,TRUE,"https://cdn.shopify.com/s/files/1/0515/4589/9157/files/Image_MedihealLabocarePantenolipsHealbalm00_e484c6c5-7502-4416-900c-4806acfb72b4.png?v=1734913551"
"mediheal-derma-layer-foot-mask","MEDIHEAL Derma Layer Foot Mask","<p>Elevate your skincare protocol with the MEDIHEAL Derma Layer Foot Mask by Mediheal. Formulated with clinical precision to deliver deep hydration and unparalleled barrier support. Nourishing foot mask socks that moisturize and revitalize the skin. MEDIHEAL Derma Layer Foot Mask is designed like a pair of socks, wrapping the feet with a hydrating formula that helps to soothe dry, cracked skin.</p><h6>Ingredients</h6><p>Water, Glycerin, Butylene Glycol, Cetyl Ethylhexanoate, Cetearyl Alcohol, Glyceryl Stearate, #Propylene Glycol, Palmitic Acid, Dimethicone, Sorbitan Sesquioleate, Stearic Acid, Arginine, Carbomer, 1,2-Hexanediol, Caprylyl Glycol, Shea Butter, Hydrogenated Coconut Oil, Peppermint Oil, Star Anise Extract, Disodium EDTA, Argania Kernel Oil, #Urea, Tocopheryl Acetate, Propanediol, Myristic Acid, Hydrolyzed Keratin, Arachidic Acid, *Plum Extract, *Apple Extract, *Papaya Fruit Extract, *Grape Extract, Betaine, Ceramide NP, Oleic Acid, Panthenol, Jojoba Seed Oil, Benzyl Glycol, #Lactic Acid, Hydrolyzed Glycosaminoglycan, Sodium Hyaluronate, Lavender Extract, Rosemary Extract, Chamomile Flower Extract, Tea Tree Leaf Extract, Peppermint Leaf Extract, Ethylhexylglycerin, Sodium Hyaluronate Crosspolymer, Hydrolyzed Hyaluronic Acid, Raspberry Ketone, Hydroxypropyltrimonium Hyaluronate, Hyaluronic Acid, Sodium Acetylated Hyaluronate, Fragrance, Benzyl Benzoate, Limonene</p>","Mediheal","Skincare","Imported, TSB, Teemdrop_Auto_Fulfill",TRUE,Title,Default Title,"9150000000016",0,,999,deny,manual,15.78,TRUE,TRUE,"https://cdn.shopify.com/s/files/1/0515/4589/9157/files/MEDIHEAL_Derma_Layer_Foot_Mask_79da7bb7-aff0-4113-bd9e-737af998c0f6.png?v=1771866871"
"mediheal-derma-synergy-wrapping-mask-madecassoside-x-vitamin-c","MEDIHEAL Derma Synergy Wrapping Mask - Madecassoside x Vitamin C","<p>The legendary MEDIHEAL Derma Synergy Wrapping Mask - Madecassoside x Vitamin C exemplifies Mediheal\'s dedication to dermatological excellence, offering active ingredients that restore and revitalize the complexion. A perfect synergy of madecassoside and vitamin C for skin toning benefits! MEDIHEAL Derma Synergy Wrapping Mask is a synergy of Madecassoside x Vitamin C to best target scars and skin tone issues. The liposome technology provides deep and quick soothing care, while active ingredients are processed into micro particles for deep and quick absorption.</p><h6>Ingredients</h6><p>Refer to product packaging for full ingredient list.</p>","Mediheal","Skincare","Imported, TSB, Teemdrop_Auto_Fulfill",TRUE,Title,Default Title,"9150000000017",0,,999,deny,manual,26.30,TRUE,TRUE,"https://cdn.shopify.com/s/files/1/0515/4589/9157/files/MEDIHEAL_Madecassoside_x_Vit_C.png?v=1760115887"
"mediheal-retinol-collagen-lifting-pad-100-pcs","MEDIHEAL Retinol Collagen Lifting Pad (100 PCs)","<p>Experience intensive care with the MEDIHEAL Retinol Collagen Lifting Pad (100 PCs). Crafted by Mediheal to target specific skin concerns while ensuring maximum absorption and efficacy. Instantly firm, lift and fill aging skin in just one use! MEDIHEAL Retinol Collagen Lifting Pad is a daily treatment pad to l ift and renew lackluster, sagging skin and improve the appearance of fine lines and wrinkles. Powerful anti-aging ingredients such as Retinol and Collagen create a wrinkle-filling effect to give you firmer, smoother looking skin.</p><h6>Ingredients</h6><p>Water, Dipropylene Glycol, Glycerin, Butylene Glycol, 1,2-Hexanediol, Betaine Salicylate, Betaine, Hydroxyacetophenone, Tromethamine, Octyldodeceth-16, Sodium Citrate, Citric Acid, Disodium EDTA, Papain. Pogostemon Cablin Oil, Junipers Virginiana Oil, Capryloyl Salicylic Acid, Artemisia Vulgaris Oil, Beta-Glucan, Mentha Arvensis Leaf Oil</p>","Mediheal","Skincare","Imported, TSB, Teemdrop_Auto_Fulfill",TRUE,Title,Default Title,"9150000000018",0,,999,deny,manual,26.67,TRUE,TRUE,"https://cdn.shopify.com/s/files/1/0515/4589/9157/files/Retinol.png?v=1706054604"
"mediheal-vitamide-brightening-pad-100-pcs","MEDIHEAL Vitamide Brightening Pad (100 PCs)","<p>The legendary MEDIHEAL Vitamide Brightening Pad (100 PCs) exemplifies Mediheal\'s dedication to dermatological excellence, offering active ingredients that restore and revitalize the complexion. A daily toner pad to brighten, revitalize and clarify the skin for glass skin! MEDIHEAL Vitamide Brightening Pad is a daily treatment pad that gets you glass skin! The liposome delivery system provides rapid and deep absorption improving skin\.</p><h6>Ingredients</h6><p>Water, Dipropylene Glycol, Niacinamide, Glycereth-26, 1,2-Hexanediol, Hippophae Rhamnoides Water, Hydroxyacetophenone, Betaine, Octyldodeceth-16, Hydroxyethyl Urea, Allantoin, Dipotassium Glycyrrhizate, Trehalose, Xanthan Gum, Hydroxyethylcellulose, Polyglyceryl-10 Laurate, Disodium EDTA, Olea Europaea (Olive) Fruit Oil, Hydrogenated Lecithin, Pelargonium Graveolens Flower Oil, Lavandula Angustifolia (Lavender) Oil, Anthemis Nobilis Flower Oil, Citrus Aurantium Dulcis (Orange) Peel Oil, Juniperus Mexicana Oil, Riboflavin, Sodium Ascorbyl Phosphate, Pyridoxine HCL, Retinol, Tocopheryl Acetate, Menadione, Thiamine HCL, Citronellol, Linalool, Geraniol, Limonene.</p>","Mediheal","Skincare","Imported, TSB, Teemdrop_Auto_Fulfill",TRUE,Title,Default Title,"9150000000019",0,,999,deny,manual,26.83,TRUE,TRUE,"https://cdn.shopify.com/s/files/1/0515/4589/9157/files/Image_MedihealAmpoulePad_1800x1800_1_600x_d27a4451-2eac-4cb1-bd02-9d67fe939f3c.png?v=1698941625"
"mediheal-watermide-toner-pad-100-pcs","MEDIHEAL Watermide Toner Pad (100 PCs)","<p>Experience intensive care with the MEDIHEAL Watermide Toner Pad (100 PCs). Crafted by Mediheal to target specific skin concerns while ensuring maximum absorption and efficacy. A daily toner pad to cool, calm and hydrate dry, tired, puffy skin. MEDIHEAL Watermide Toner Pad is a daily treatment pad that intensely hydrates dry, dehydrated skin and provide a cooling effect to depuff skin.</p><h6>Ingredients</h6><p>Water, Dipropylene Glycol, 1,2-Hexanediol, Betaine, Sodium PCA, Hydroxyacetophenone, Octyldodeceth-16, Hydroxyethyl Urea, Dipotassium Glycyrrhizate, Sodium Citrate, Allantoin, Xanthan Gum, Hydroxyethylcellulose, Citric Acid., Disodium EDTA, Olea Europaea (Olive) Fruit Oil, Glycerin, Sea Water, Myosotis Sylvatica Flower/Leaf/Stem Extract, Butylene Glycol, Polyglyceryl- 10 Laurate, Abies Sibirica Oil, Hydrogenated Lecithin, Rosmarinus Officinalis (Rosemary) Leaf Oil, Pseudoalteromonas Ferment Extract, Salvia Sclarea (Clary) Oil, Cetraria Islandica Extract, Mentha Aquatica Extract, Anthemis Nobilis Flower Oil, Juniperus Mexicana Oil, Chamomilla Recutita (Matricaria) Flower Oil, Mangifera Indica (Mango) Fruit Extract, Lactobacillus Ferment, Caprylyl Glycol</p>","Mediheal","Skincare","Imported, TSB, Teemdrop_Auto_Fulfill",TRUE,Title,Default Title,"9150000000020",0,,999,deny,manual,26.83,TRUE,TRUE,"https://cdn.shopify.com/s/files/1/0515/4589/9157/files/Image_MedihealTonerPad_1200x_dc01b6b2-37ae-4b58-88f9-88aaea01ea0e.png?v=1686026891"
"mediheal-teatree-trouble-pad-100-pcs","MEDIHEAL Teatree Trouble Pad (100 PCs)","<p>Experience intensive care with the MEDIHEAL Teatree Trouble Pad (100 PCs). Crafted by Mediheal to target specific skin concerns while ensuring maximum absorption and efficacy. A daily toner pad to intensely calm and balance troubled skin. MEDIHEAL Teatree Trouble Pad is a daily treatment pad that calms and balances sensitive, acne-prone skin.</p><h6>Ingredients</h6><p>Water, Butylene Glycol, Methylpropanediol, 1,2-Hexanediol, Hydroxyacetophenone, Melaleuca Alternifolia (Tea Tree) Leaf Water, Lactobacillus Ferment, Dipotassium Glycyrrhizate, Sodium Citrate, Allantoin, Octyldodeceth-16, Glycerin, Citric Acid, Disodium EDTA, Melaleuca Alternifolia (Tea Tree) Leaf Oil, Hydrogenated Lecithin, Melaleuca Alternifolia (Tea Tree) Leaf Extract, Melaleuca Alternifolia (Tea Tree) Extract, Mangifera Indica (Mango) Fruit Extract</p>","Mediheal","Skincare","Imported, TSB, Teemdrop_Auto_Fulfill",TRUE,Title,Default Title,"9150000000021",0,,999,deny,manual,26.67,TRUE,TRUE,"https://cdn.shopify.com/s/files/1/0515/4589/9157/files/Image_MedihealTroublePad_600x_687fce59-7a13-4d05-ad8d-e65c1b6223ed.png?v=1685994972"
"mediheal-madecassoside-blemish-pad-100-pcs","MEDIHEAL Madecassoside Blemish Pad (100 PCs)","<p>Experience intensive care with the MEDIHEAL Madecassoside Blemish Pad (100 PCs). Crafted by Mediheal to target specific skin concerns while ensuring maximum absorption and efficacy. A daily toner pad that calms and reduces the appearance of blemishes and dark spots. MEDIHEAL Madecassoside Blemish Pad is a daily treatment pad that treats blemishes and uneven skin tone from post-acne scars.</p><h6>Ingredients</h6><p>Water, Dipropylene Glycol., Glycereth-26, Niacinamide, Glycerin, 1,2-Hexanediol, Diphenyl Dimethicone, Triethylhexanoin, Hydroxyacetophenone, Hydrogenated Lecithin, Polyglyceryl-10 Oleate, Centella Asiatica Extract, Dipotassium Glycyrrhizate, Sodium Citrate, Allantoin, Octyldodeceth-16, Citric Acid, Disodium EDTA, Polyglyceryl-10 Laurate, Juniperus Virginiana Oil, Butylene Glycol, Artemisia Vulgaris Oil, Pogostemon Cablin Oil, Madecassoside, Rosmarinus Officinalis (Rosemary) Leaf Oil, Viola Odorata Leaf Extract, Centella Asiatica Root Extract, Centella Asiatica Leaf Extract, Saccharomyces Ferment, Mangifera Indica (Mango) Fruit Extract, Lactobacillus Ferment, Asiaticoside, Madecassic Acid, Asiatic Acid</p>","Mediheal","Skincare","Imported, TSB, Teemdrop_Auto_Fulfill",TRUE,Title,Default Title,"9150000000022",0,,999,deny,manual,26.14,TRUE,TRUE,"https://cdn.shopify.com/s/files/1/0515/4589/9157/files/Image_MedihealBlemishPad_1800x1800_4d469b0a-4434-4830-82ab-9f2b3af8140c.png?v=1685997754"
"mediheal-collagen-ampoule-pad-100-pcs","MEDIHEAL Collagen Ampoule Pad (100 PCs)","<p>Elevate your skincare protocol with the MEDIHEAL Collagen Ampoule Pad (100 PCs) by Mediheal. Formulated with clinical precision to deliver deep hydration and unparalleled barrier support. A daily toner pad to nourish, firm and reverse aging skin. MEDIHEAL Collagen Ampoule Pad is a daily treatment pad that targets aging skin to reduce the appearance of fine lines and wrinkles.</p><h6>Ingredients</h6><p>Water, Glycerin, Glycereth-26, 1,2- Hexanediol, Diphenyl Dimethicone, Trethythexanoin, Betaine, Hydroxyacetophenone Hydrogenated Lecithin, Polyglyceryl-10 Oleate, Hydroxyethyl Urea, Dipotassium Glycyrrhizate, Sodium Citrate, Allantoin, Detyldedeceth-16 Xanthan Gum, Hydroxyethylcellulose, Collagen Extract, Adenosine, Citric Acid, Disodium EDTA Olea Europaes (Olive) Fruit Oil., Butylene Glycol, Pelargonium Graveolens Flower Oil, Lavandula Angustifolia (Lavender) Oil, Anthemis Nobilis Flower 01., Citrus Aurantium Dulcis (Orange] Peel Oil, Juniperus Mexicana Oil, Mangifera Indica (Mango) Fruit Extract, Lactobacillus Ferment, Ceramide NP. Milk Protein. Extract, Caprylyl Glycol, Tripeplide- 1, Acetyl Hexapeptide 8. Copper Tripeptide- 1, Palmitoyl Tripeptide-1, Palmitoyl Pentapepide-4</p>","Mediheal","Skincare","Imported, TSB, Teemdrop_Auto_Fulfill",TRUE,Title,Default Title,"9150000000023",0,,999,deny,manual,26.83,TRUE,TRUE,"https://cdn.shopify.com/s/files/1/0515/4589/9157/files/Image_MedihealAmpoulePad_1200x_5c0cd55b-bc6a-4a85-8ab6-05d4d1502dcb.png?v=1686026663"
"mediheal-teatree-essential-mask-10-pcs","MEDIHEAL Teatree Essential Mask (10 PCs)","<p>The legendary MEDIHEAL Teatree Essential Mask (10 PCs) exemplifies Mediheal\'s dedication to dermatological excellence, offering active ingredients that restore and revitalize the complexion. A soothing sheet mask that targets blemishes and irritation with 3 types of tea tree. MEDIHEAL Teatree Essential Mask helps treat blemishes and soothe irritated skin to reveal clearer balanced skin.</p><h6>Ingredients</h6><p>Water, Glycerin, 1,2-Hexanediol, Methylpropanediol, Propanediol, Hydroxyacetophenone, Melaleuca Alternifolia (Tea Tree) Extract, Butylene Glycol, Panthenol, Allantoin, Betaine, Trehalose, Melaleuca Alternifolia (Tea Tree) Leaf Water, Lactobacillus Ferment, Adenosine, Disodium EDTA, Carbomer, Melaleuca Alternifolia (Tea Tree) Leaf Oil, Arginine, Octyldodeceth-16, Xanthan Gum, Glycine, Glutamic Acid, Aspartic Acid, 4-Terpineol, Sodium Polyacrylate, Sodium Chloride, Serine, Histidine, Alanine, Threonine, Proline, Acrylates/C10-30 Alkyl Acrylate Crosspolymer, Magnesium Chloride, Calcium Chloride</p>","Mediheal","Skincare","Imported, TSB, Teemdrop_Auto_Fulfill",TRUE,Title,Default Title,"9150000000024",0,,999,deny,manual,22.99,TRUE,TRUE,"https://cdn.shopify.com/s/files/1/0515/4589/9157/files/Image_MedihealTeatreeEssentialMaskR_1800x1800_f13f6114-5c81-48e7-b6f1-c5f4e088a4f4.png?v=1685968224"
"mediheal-madecassoside-essential-mask-10-pcs","MEDIHEAL Madecassoside Essential Mask (10 PCs)","<p>The legendary MEDIHEAL Madecassoside Essential Mask (10 PCs) exemplifies Mediheal\'s dedication to dermatological excellence, offering active ingredients that restore and revitalize the complexion. A calming and soothing sheet mask for troubled, irritated skin. MEDIHEAL Madecassoside Essential Mask effectively calms stressed skin and strengthens the skin barrier.</p><h6>Ingredients</h6><p>Water, Niacinamide, Propanediol, Dipropylene Glycol, 1,2-Hexanediol, Hydroxyacetophenone, Trehalose, Glycerin, Sodium Acrylic Acid/MA Copolymer, Butylene Glycol, Disodium EDTA, Carbomer, Arginine, Octyldodeceth-16, Xanthan Gum, Caprylyl Glycol, Glycine, Glutamic Acid, Centella Asiatica Extract*, Madecassoside (10 ppm), Aspartic Acid, Anthemis Nobilis Flower Extract, Portulaca Oleracea Extract, Gluconolactone, Sodium Polyacrylate, Sodium Chloride, Resveratrol, Centella Asiatica Flower/Leaf/Stem Extract*, Centella Asiatica Leaf Extract*, Centella Asiatica Root Extract*, Saccharomyces Ferment, Histidine, Serine, Alanine, Threonine, Proline, Acrylates/C10-30 Alkyl Acrylate Crosspolymer, Asiaticoside, Magnesium Chloride, Calcium Chloride, Aloe Barbadensis Leaf Juice, Asiatic Acid, Madecassic Acid, Fragrance</p>","Mediheal","Skincare","Imported, TSB, Teemdrop_Auto_Fulfill",TRUE,Title,Default Title,"9150000000025",0,,999,deny,manual,22.99,TRUE,TRUE,"https://cdn.shopify.com/s/files/1/0515/4589/9157/files/Mediheal_Madecassoside_881102b4-d7fa-4e8b-b81f-b38f239bc820.png?v=1774017083"
"mediheal-collagen-essential-mask-10-pcs","MEDIHEAL Collagen Essential Mask (10 PCs)","<p>Experience intensive care with the MEDIHEAL Collagen Essential Mask (10 PCs). Crafted by Mediheal to target specific skin concerns while ensuring maximum absorption and efficacy. An anti-aging sheet mask that will defy age with three different types of collagen. MEDIHEAL Collagen Essential Mask visibly firms, plumps, hydrates and improves skin elasticity for a more youthful complexion.</p><h6>Ingredients</h6><p>Water, Glycerin, Methylpropanediol, Propanediol, 1,2-Hexanediol, Hydroxyacetophenone, Hydrolyzed Extensin (Carrot Collagen, 1200ppm), Panthenol, Betaine, Trehalose, Adenosine, Disodium EDTA, Carbomer, Arginine, Octyldodeceth-16, Xanthan Gum, Sodium Hyaluronate, Sodium Polyacrylate, Glycine, Glutamic Acid, Aspartic Acid, Tremella Fuciformis Polysaccharide, Sodium Chloride, Soluble Collagen, Serine, Histidine, Alanine, Threonine, Proline, Acrylates/C10-30 Alkyl Acrylate Crosspolymer, Hibiscus Rosa-Sinensis Flower Extract, Chlorella Ferment, Magnesium Chloride, Calcium Chloride, Mannose, Glucose, Fragrance.</p>","Mediheal","Skincare","Imported, TSB, Teemdrop_Auto_Fulfill",TRUE,Title,Default Title,"9150000000026",0,,999,deny,manual,22.99,TRUE,TRUE,"https://cdn.shopify.com/s/files/1/0515/4589/9157/files/MedihealCollagenEssentialMask_800x_b5eb0d6b-2d5a-4813-8437-f07df1174436.png?v=1685938061"
"mediheal-vita-essential-mask-10-pcs","MEDIHEAL Vita Essential Mask (10 PCs)","<p>The legendary MEDIHEAL Vita Essential Mask (10 PCs) exemplifies Mediheal\'s dedication to dermatological excellence, offering active ingredients that restore and revitalize the complexion. A brightening sheet mask that tightens, smooths and balances skin with 3 types of vitamins. MEDIHEAL Vita Essential Mask boosts skin recovery to help brighten, tighten, smooth and balance skin for a more radiant, youthful complexion.</p><h6>Ingredients</h6><p>Water, Glycerin, Propanediol, Butylene Glycol, Glycereth-26 1,2-Hexanediol, Xanthan Gum, Panthenol, Trehalose, Betaine, Glycine Max (Soybean) Seed Extract (Glycine Max (Soy bean) Phytoplacenta Extract 850ppm) , Arginine, Carbomer, Limnanthes Alba (Meadowfoam) Seed Oil, Polyglyceryl-10 Laurate, Adenosine, Disodium EDTA, Polyglyceryl-4 Laurate, Dipropylene Glycol, Helianthus Annuus (Sunflower) Seed Oil, Argania Spinosa Kernel Oil, Canola Oil, Zeolite, Hydroxyethylcellulose, Polyglyceryl-10 Stearate, Tocopherol, Pisum Sativum (Pea) Extract) (Pisum Sativum (Pea) Phytoplacenta Extract 100ppm), Aspartic Acid, Hydrolyzed Rye Phytoplacenta Extract (3ppm), Sodium Polyacrylate, Sodium Chloride, Serine, Glutamic Acid, Glycine, Alanine, Proline, Threonine, Acrylates/C10-30 Alkyl Acrylate Crosspolymer, Histidine, Calcium Chloride, Ethylhexylglycerin, Magnesium Chloride, Fragrance</p>","Mediheal","Skincare","Imported, TSB, Teemdrop_Auto_Fulfill",TRUE,Title,Default Title,"9150000000027",0,,999,deny,manual,21.04,TRUE,TRUE,"https://cdn.shopify.com/s/files/1/0515/4589/9157/files/Image_MedihealVitaEssentialMask_600x_7e1d7c14-d42e-465b-a1e7-402a67b82230.png?v=1685972216"
"mediheal-placenta-essential-mask-10-pcs","MEDIHEAL Placenta Essential Mask (10 PCs)","<p>Experience intensive care with the MEDIHEAL Placenta Essential Mask (10 PCs). Crafted by Mediheal to target specific skin concerns while ensuring maximum absorption and efficacy. A nourishing sheet mask that boosts skin elasticity to restore youth and radiance. MEDIHEAL Placenta Essential Mask nourishes and hydrates dry, stressed skin to help it stay healthy, resilient and radiant.</p><h6>Ingredients</h6><p>Water, Glycerin, Propanediol, Butylene Glycol, Glycereth-26 1,2-Hexanediol, Xanthan Gum, Panthenol, Trehalose, Betaine, Glycine Max (Soybean) Seed Extract (Glycine Max (Soy bean) Phytoplacenta Extract 850ppm) , Arginine, Carbomer, Limnanthes Alba (Meadowfoam) Seed Oil, Polyglyceryl-10 Laurate, Adenosine, Disodium EDTA, Polyglyceryl-4 Laurate, Dipropylene Glycol, Helianthus Annuus (Sunflower) Seed Oil, Argania Spinosa Kernel Oil, Canola Oil, Zeolite, Hydroxyethylcellulose, Polyglyceryl-10 Stearate, Tocopherol, Pisum Sativum (Pea) Extract) (Pisum Sativum (Pea) Phytoplacenta Extract 100ppm), Aspartic Acid, Hydrolyzed Rye Phytoplacenta Extract (3ppm), Sodium Polyacrylate, Sodium Chloride, Serine, Glutamic Acid, Glycine, Alanine, Proline, Threonine, Acrylates/C10-30 Alkyl Acrylate Crosspolymer, Histidine, Calcium Chloride, Ethylhexylglycerin, Magnesium Chloride, Fragrance</p>","Mediheal","Skincare","Imported, TSB, Teemdrop_Auto_Fulfill",TRUE,Title,Default Title,"9150000000028",0,,999,deny,manual,22.99,TRUE,TRUE,"https://cdn.shopify.com/s/files/1/0515/4589/9157/files/Image_MedihealPlacentaEssentialMask_1000x1000_a47ed88e-d37e-42db-85f6-bb001b3d757e.png?v=1685972638"
"medipeel-red-lacto-collagen-wrapping-mask-70ml","MEDIPEEL Red Lacto Collagen Wrapping Mask (70ml)","<p></p><h6>Ingredients</h6><p></p>","MEDIPEEL","Masks","Imported, TSB, Teemdrop_Auto_Fulfill",TRUE,Title,Default Title,"9083753234668",0,,999,deny,manual,26.93,TRUE,TRUE,"https://cdn.shopify.com/s/files/1/0515/4589/9157/files/MEDIPEEL_Red_Lacto_Collagen_Wrapping_Mask_70ml.png?v=1771867524"
"medipeel-phyto-exosome-pdrn-lifting-shot-eye-cream-40ml","MEDIPEEL Phyto Exosome PDRN Lifting Shot Eye Cream (40ml)","<p></p><h6>Ingredients</h6><p></p>","MEDIPEEL","Eye Care","Imported, TSB, Teemdrop_Auto_Fulfill",TRUE,Title,Default Title,"9083753103596",0,,999,deny,manual,25.93,TRUE,TRUE,"https://cdn.shopify.com/s/files/1/0515/4589/9157/files/Phyto_PDRN_Lifting_Shot.png?v=1765402813"
"medipeel-premium-3-0-collagen-naite-thread-neck-cream-100ml","MEDIPEEL Premium 3.0 Collagen Naite Thread Neck Cream (100ml)","<p>An innovative peptide cream specially designed for the neck and décolleté MEDIPEEL Premium 3.0 Collagen Naite Thread Neck Cream is formulated with low-molecular-weight hydrolyzed collagen and a patented peptide ingredient from DSM in the UK to help reduce the appearance of fine lines and wrinkles. It is designed to provide a pronounced lifting effect, smoothing the skin and helping to fight skin creases. Features P acked with 97,500ppm of hydrolyzed collagen and peptides Deeply hydrates the skin from the surface to the underlying layers Defend against dryness and external irritation Filling gaps in the skin’s texture while restoring bounce Skin Concerns Dark Spots Pigmentation Uneven Skin Anti-Aging Dryness Skin Types Suitable for all skin types, including sensitive skin Made In South Korea How to use At the last stage of your basic skincare routine, spread a generous amount to the neck area. Massage gently to aid absorption. Key Ingredients Niacinamide : Refines uneven tone and h elps remove age spots. 5 Types of Peptides : I ncreases the firmness and elasticity of the skin, r educes the depth of wrinkles and prevents sagging skin. Collagen &amp; Adenosine : Locks in moisture, accelerates the regeneration of skin cells, thereby increasing firmness and elasticity and smooths out wrinkles. Hyaluronic Acid : Deeply hydrates and plumps the skin, helping to restore a soft, supple feel. Ingredient Highlights Sulfate-Free Mineral Oil-Free Paraben-Free Alcohol-Free</p><h6>Ingredients</h6><p>Full list of ingredients Water, Hydrolyzed Collagen, Glycerin, Cetearyl Alcohol, C12-15 Alkyl Benzoate, Cetyl Ethylhexanoate, Cyclohexasiloxane, 1,2-Hexanediol, Prunus Amygdalus Dulcis (Sweet Almond) Oil, Butylene Glycol, Carbomer, Arginine, Dimethicone, Glyceryl Stearate, Polysorbate 60, Olea Europaea (Olive) Fruit Oil, Beeswax, Peg-100 Stearate, Sodium Polyacrylate, Palmitic Acid, Stearic Acid, Fragrance, Saccharomyces/Rice Ferment Filtrate, Hydrogenated Lecithin, Ethylhexylglycerin, Adenosine, Disodium Edta, Anthemis Nobilis Flower Extract, Polyglyceryl-10 Laurate, Malt Extract, Pentylene Glycol, Panthenol, Hexyldecanol, Ceramide NP, Hydrolyzed Elastin, Palmitoyl Tripeptide-5, Dipeptide Diaminobutyroyl Benzylamide Diacetate, Centella Asiatica Extract, Lavandula Angustifolia (Lavender) Extract.</p>","MEDIPEEL","Moisturizers","Imported, TSB, Teemdrop_Auto_Fulfill",TRUE,Title,Default Title,"9083752939756",0,,999,deny,manual,24.93,TRUE,TRUE,"https://cdn.shopify.com/s/files/1/0515/4589/9157/files/Medipeel_Collagen_Naite_Thread.png?v=1765910565"
"medipeel-retinol-collagen-lifting-cream-50ml","MEDIPEEL Retinol Collagen Lifting Cream (50ml)","<p>A n advanced anti-aging cream that combats sagging skin with retinol and retinal The Medi-Peel Retinol Collagen Lifting Cream has a powerful anti-aging effect, smooths wrinkles, reduces the appearance of pores, increasing elasticity and firmness. This biphasic cream consists of a classic creamy texture and a light gel, allowing you to adjust the density according to your skin's needs. For oily or combination skin, add more gel, while for normal to dry skin, add more cream. This makes the product ideal for use all year round. Features Deeply moisturizes, prevents dryness Improves skin uniformity and tone Customizable cream to gel ration 6 types of encapsulated retinol and collagen Reduces wrinkles and balances sebum production Skin Concerns Pigmentation Wrinkles Dryness Anti-Aging Uneven skin Skin Types Suitable for all skin types, including sensitive skin Made In South Korea How to use Use a spatula to scoop out the capsules and gel. Adjust the ratio according to your skin condition and gently apply it to the entire face. Key Ingredients Retinolgen™ : A combination of 6 types of encapsulated retinol and collagen that work deep in the skin Hydrolyzed Collagen : Moisturizes and prevents dryness. Panthenol : A ccelerates healing, soothes and relieves irritation, and restores the integrity of the epidermis. Niacinamide : Lightens pigmentation and prevents its appearance, normalizes sebum production, reduces shine in the T-zone (forehead, nose, cheeks and chin), and increases the protective functions of the skin. Cyanocobalamin : Moisturizes, soothes, suppresses inflammation, strengthens capillaries, and helps in the treatment of acne. Ingredient Highlights Sulfate-Free Mineral Oil Free Paraben-Free Alcohol-Free Silicone-Free</p><h6>Ingredients</h6><p>Full list of ingredients Water, Glycerin, Ethylhexyl Palmitate, Cetyl Ethylhexanoate, Glycereth-26, Dipropylene Glycol, Niacinamide, Butylene Glycol, Palmitic Acid, C14-22 Alcohols, Caprylic/Capric Triglyceride, C12-20 Alkyl Glucoside, 1,2-Hexanediol, Propanediol, Retinyl Palmitate(10,000 IU/g), Retinyl Retinoate(30 ppb), Hydroxypinacolone Retinoate(10 ppb), Madecassoside, Camellia Japonica Flower Extract, Solanum Lycopersicum (Tomato) Fruit Extract, Diethylhexyl Syringylidenemalonate, Benzotriazolyl Dodecyl p-Cresol, Glucose, Panthenol, Dipotassium Glycyrrhizate, sh-Polypeptide-121(9,900 ppb), Diisopropyl Adipate, Anastatica Hierochuntica Extract, Lecithin, PPG-13-Decyltetradeceth-24, Arachis Hypogaea (Peanut) Oil, Silybin, Retinal(50 ppb), Retinol(461 ppb), BHT, Soluble Collagen(0.01 ppb), Polyglyceryl-10 Behenate/Eicosadioate, Isopropyl Lauroyl Sarcosinate, Cyanocobalamin, Caramel, Tocopherol, Pentylene Glycol, BHA, Decyl Glucoside, Polysorbate 60, Polysorbate 20, Sorbitan Stearate, Glycereth-25 PCA Isostearate, Sorbitan Isostearate, Xanthan Gum, Acrylates/C10-30 Alkyl Acrylate Crosspolymer, Hydroxyethyl Acrylate/Sodium Acryloyldimethyl Taurate Copolymer, Glyceryl Acrylate/Acrylic Acid Copolymer, Ammonium Acryloyldimethyltaurate/VP Copolymer, Tromethamine, Stearic Acid, Potassium Sorbate, Pentaerythrityl Tetraethylhexanoate, Disodium EDTA, Hydroxyacetophenone, Caprylyl Glycol, Ethylhexylglycerin, Fragrance.</p>","MEDIPEEL","Moisturizers","Imported, TSB, Teemdrop_Auto_Fulfill",TRUE,Title,Default Title,"9083752710380",0,,999,deny,manual,24.93,TRUE,TRUE,"https://cdn.shopify.com/s/files/1/0515/4589/9157/files/MEDIPEEL_Retinol_Collagen_Lifting_Cream_50ml.png?v=1771607611"
"meditherapy-tranexamic-acid-skin-booster-cream-booster-cap-100ml","MEDITHERAPY Tranexamic Acid Skin Booster Cream + Booster Cap (100ml)","<p></p><h6>Ingredients</h6><p></p>","MEDITHERAPY","Moisturizers","Imported, TSB, Teemdrop_Auto_Fulfill",TRUE,Title,Default Title,"9009780916460",0,,999,deny,manual,89.89,TRUE,TRUE,"https://cdn.shopify.com/s/files/1/0515/4589/9157/files/Meditherapy_Tranexamic_Acid_Skin_Booster.png?v=1759262632"
"meditherapy-tension-up-mask","MEDITHERAPY Tension Up Mask","<p>Quick and effective at-home face lift for a snatched V-line. MEDITHERAPY Tension Up Mask gives you an immediate lifted and sculpted V-line at home. This innovative mask sharpens your facial contours from the first application while diminishing puffiness and reducing double-chin volume. It firms sagging skin and smooths nasolabial folds, leaving your skin deeply hydrated and silky-soft without any stickiness. Featuring a triple-zone design that targets the cheekbones, jawline, and forehead, plus a high-elasticity hydrogel for a snug, comfortable fit, this mask delivers proven results. Powered by Matrixyl 3000, Centella, caffeine, and sea buckthorn, it enhances skin firmness and radiance for a youthful glow. Features Highly concentrated hydrogel to deliver Hydrating and refreshing finish Lifts and sculpts skin for a snatched V-lift Improvements seen after 4 weeks of use Skin Concerns Anti-aging Skin Types Suitable for all skin types Made In KOREA 🇰🇷 How to use Ensure skincare products are fully absorbed first Remove white film and apply pieces in following order: cheekbones, forehead, jawline Attach around the mouth area first then pull upward toward the eyes to lift the cheeks Attach forehead piece just above the brows, holding the two pointed ends and pull them upward to adjust Hold the ear hooks with both hands, position the center on the middle of the chin and gently press it behind the ears to secure Ingredients Key Ingredients Hippophae Phamnoides Fruit: nourish and improve skin elasticity Matrixyl 3000: stimulates collagen for a firm and tightening effect Centella Asiatica: supports collagen production for firmer, smoother skin Caffeine: reduces puffiness and energizes the skin for a fresh, glowing look Ingredient Highlights Sulfate-Free Paraben-Free Mineral-Oil Free</p><h6>Ingredients</h6><p>Full list of ingredients Water, Glycerin, Propanediol, Niacinamide, 1,2-Hexanediol, Caffeine, Diethoxyethyl Succinate, Butylene Glycol, Ammonium Acryloyldimethyltaurate/VP Copolymer, C12-14 Alketh-12, Carbomer, Tromethamine, Adenosine, Sodium Lactate, Polysorbate 20, Vanillyl Butyl Ether, Calcium Alginate, Gellan Gum, Agar, Caprylyl Glycol, Calcium Aluminum Borosilicate, Palmitoyl Oligopeptide(3ppm), Palmitoyl Tetrapeptide- 7(1.5ppm), Glucose, Acetyl Hexapeptide-8(396ppb), Bromelain, Caprylic/Capric Triglyceride, Hydrogenated Lecithin, Polyglyceryl-10 Diisostearate, Polyglyceryl-10 Stearate, Panthenol, Menadione, Sodium Ascorbyl Phosphate, Pyridoxine, Biotin, Tocopherol, Cyanocobalamin, Thiamine HCl, sh-Polypeptide-1 (0.001ppb), sh-Oligopeptide-2(0.001ppb), sh-Oligopeptide-1(0.001ppb), Beta-Carotene, Riboflavin, Titanium Dioxide Ingredients subject to change at manufacturer's discretion. For the most complete and up-to-date list of ingredients, please refer to product packaging.</p>","MEDITHERAPY","Masks","Imported, TSB, Teemdrop_Auto_Fulfill",TRUE,Title,Default Title,"9009779409132",0,,999,deny,manual,32.93,TRUE,TRUE,"https://cdn.shopify.com/s/files/1/0515/4589/9157/files/Meditherapy_Tension_Up_Mask.png?v=1759254012"
"meditherapy-wrinkle-fit-mask-7-pcs","MEDITHERAPY Wrinkle-Fit Mask (7 PCs)","<p></p><h6>Ingredients</h6><p></p>","MEDITHERAPY","Masks","Imported, TSB, Teemdrop_Auto_Fulfill",TRUE,Title,Default Title,"9009777213676",0,,999,deny,manual,32.93,TRUE,TRUE,"https://cdn.shopify.com/s/files/1/0515/4589/9157/files/Meditherapy_Wrinkle-Fit_Mask.png?v=1759413395"
"meditherapy-retinal-skin-booster-serum-150ml","MEDITHERAPY Retinal Skin Booster Serum (150ml)","<p>All-in-one daily glow reset MEDITHERAPY Retinal Skin Booster Serum offers a powerful yet gentle formula ideal for sensitive and acne-prone skin. Enriched with retinal, it enhances skin texture and minimizes pores, while the calming Cica Biome Complex—featuring four plant extracts and Centella probiotics—soothes and protects. Its lightweight, fast-absorbing texture leaves no residue and works on both face and body to smooth dry, rough patches. With retinaldehyde’s superior absorption, it penetrates deeply to reduce redness and irritation. Regular use boosts radiance, refines texture, and improves skin firmness, visibly reducing wrinkles for a youthful glow within four weeks. Features Retinol suitable for beginners and sensitive skin Generous size for face and body Reduces wrinkles and boosts collagen Smooths rough texture and troubled skin Lightweight and watery texture Skin Concerns Anti-aging Rough skin Enlarged pores Dullness Uneven skin Skin Types Suitable for all skin types, including sensitive skin Made In KOREA 🇰🇷 How to use After completing your skincare routine, apply a moderate amount of the cream evenly across your face. Gently pat the cream into your skin to enhance absorption. Key Ingredients Retinal Liposome Cica Biome Centella-derived Probiotics Ingredient Highlights Vegan Sulfate-Free Paraben-Free Mineral-Oil Free Alcohol-Free Fragrance-Free</p><h6>Ingredients</h6><p>Full list of ingredients Water, Methylpropanediol, Glycerin, Caprylic/Capric Triglyceride, 1,2-Hexanediol, Propanediol, Polyglycerin-3, Niacinamide, Phenyl Trimethicone, Ammonium Acryloyldimethyltaurate/VP Copolymer, Butylene Glycol, Sodium Acrylic Acid/MA Copolymer, Pentaerythrityl Tetra-di-t-butyl Hydroxyhydrocinnamate, Xanthan Gum, Macadamia Ternifolia Seed Oil, Hydrogenated Lecithin, Ethylhexylglycerin, Adenosine, Carbomer, Disodium EDTA, Tromethamine, Polyglyceryl-10 Laurate, Sodium Hyaluronate, Cholesterol, Tocopherol, Brassica Campestris (Rapeseed) Sterols, Retinal (100ppm), Ascorbyl Tetraisopalmitate, Potentilla Anserina Extract, Caprylyl Glycol, Aluminum/Magnesium Hydroxide Stearate, Polyquaternium-51, Cynara Scolymus (Artichoke) Leaf Extract, Avena Sativa (Oat) Kernel Extract, Beta-Glucan, Potassium Cetyl Phosphate, Camellia Sinensis Leaf Water, Piper Methysticum Leaf/Root/Stem Extract, Sodium Ascorbyl Phosphate, Centella Asiatica Extract, Ficus Carica (Fig) Fruit Extract, Ceramide NP, Centella Asiatica Leaf Extract, Saccharomyces Ferment, Centella Asiatica Root Extract, Canola Oil, Myristyl Alcohol, PCA, Acetyl Hexapeptide-1, Asiaticoside, Madecassoside, Daucus Carota Sativa (Carrot) Seed Oil, Bifida Ferment Lysate, Lactobionic Acid, Daucus Carota Sativa (Carrot) Root Extract, Tocopheryl Acetate, Beta-carotene, Helianthus Annuus (Sunflower) Seed Oil, Panthenol, Polygonum Cuspidatum Root Extract, Sucrose Distearate, Hydroxypropyl Cyclodextrin, Madecassic Acid, Asiatic Acid Ingredients subject to change at manufacturer's discretion. For the most complete and up-to-date list of ingredients, please refer to product packaging.</p>","MEDITHERAPY","Serums","Imported, TSB, Teemdrop_Auto_Fulfill",TRUE,Title,Default Title,"9009778917612",0,,999,deny,manual,32.93,TRUE,TRUE,"https://cdn.shopify.com/s/files/1/0515/4589/9157/files/Meditherapy_Retinal_Skin_Booster_Serum.png?v=1759251172"
"meditherapy-wrinkle-fit-tangle-eye-patch-4-pairs","MEDITHERAPY Wrinkle-Fit Tangle Eye Patch (4 Pairs)","<p>Plump, smooth and brighten under-eyes and cheeks with these mega-sized patches Meditherapy Wrinkle-Fit Tangle Eye Patch deeply hydrates and firms with a generous formula of French collagen. It diminishes fine lines, alleviates puffiness, and brightens dark circles around the eyes while antioxidants shield your skin from environmental harm, leaving it soft and radiant. Perfect for sensitive skin, it also calms irritation for a youthful appearance. Infused with 70% high-quality French collagen, these hydrogel patches restore firmness and impart a luminous glow, instantly revitalizing tired eyes. Their large 3.5-inch size covers a broader area, including cheeks, ensuring comprehensive care. Free from parabens and synthetic additives, these cruelty-free patches deliver fresh, pure nourishment every time. Features Features premium collagen from France Rejuvenates and freshens tired, aging eye area Reduces fine lines, puffiness and dark circles within 2 weeks Large 3.5 inch patch to treat beyond eye area Skin Concerns Anti-aging Dark circles Skin Types Suitable for all skin types Made In KOREA 🇰🇷 How to use Remove any grease to ensure proper adhesion Peel off the protective film and attach the plain side onto the under-eye. Leave the patches on while sleeping (Leave it at least for 20 minutes). Afterwards, carefully remove the patches and gently pat any remaining essence. Key Ingredients French Hydrolyzed Collagen Hyaluronic Acid Hydrolyzed Elastin Ingredient Highlights Cruelty-Free Sulfate-Free Paraben-Free Mineral-Oil Free Alcohol-Free Silicone-Free</p><h6>Ingredients</h6><p>Full list of ingredients Hydrolyzed Collagen(701,376.2ppm), Glycerin, Water, Acrylates Copolymer, 1,2-Hexanediol, Niacinamide, Carrageenan, Ceratonia Siliqua (Carob) Gum, Potassium Chloride, Xanthan Gum, Allantoin, Gellan Gum, Trehalose, Sucrose, Cellulose Gum, Betaine, Panthenol, Hydroxyacetophenone, Sodium Polyacrylate, Caprylyl Glycol, Butylene Glycol, Propanediol, Polyglyceryl-10 Laurate, Artemisia Princeps Leaf Extract, Ethylhexylglycerin, Adenosine, Fragrance, Snail Secretion Filtrate, Citrus Junos Fruit Extract, Camellia Sinensis Leaf Extract, Lecithin, Arginine, Hydrolyzed Elastin, Sodium Hyaluronate, Ethyl Hexanediol, Ceramide NP, Tocopheryl Acetate, Phellodendron Amurense Bark Extract, Paeonia Lactiflora Root Extract, Agrimonia Pilosa Extract, Glycyrrhiza Uralensis (Licorice) Root Extract, Houttuynia Cordata Extract, sh-Oligopeptide-1, sh-Oligopeptide-2, sh-Polypeptide-1, sh-Polypeptide-22 Ingredients subject to change at manufacturer's discretion. For the most complete and up-to-date list of ingredients, please refer to product packaging.</p>","MEDITHERAPY","Eye Care","Imported, TSB, Teemdrop_Auto_Fulfill",TRUE,Title,Default Title,"9009777836268",0,,999,deny,manual,21.93,TRUE,TRUE,"https://cdn.shopify.com/s/files/1/0515/4589/9157/files/Meditherapy_Wrinkle-Fit_Tangle_Eye_Patch.png?v=1759412240"
"mixsoon-bean-cream-50ml","MIXSOON Bean Cream (50ml)","<p>Minimal hydrating cream full of fermented goodness! MIXSOON Bean Cream is a highly nourishing and moisturizing cream that's packed with fermented goodness! The fermented soybean extract restore water-oil balance while the antioxidant-rich fermented pear and vitamin-rich fermented barley strengthen the vitality of the skin and reinforce the skin barrier. Fermented Pomegranate also delivers a gentle exfoliating effect for a smooth skin texture. The soft cream texture blends easily into the skin and locks in hydration with a greasy or heavy residue. Suitable for all skin types. Features Maintain the water-oil balance of your skin with Lactobacillus/Soybean Ferment Extract Smoothens skin texture and reduces dead skin cells with Lactobacillus/Punica Granatum Fruit Ferment Extract. Revitalize skin with Saccharomyces/Barley Seed Ferment Filtrate. Contains Lactobacillus/Pear Juice Ferment Filtrate that offers excellent antioxidant properties. Skin Concerns Rough skin Clogged pores Dehydrated skin Skin Types All skin types Suitable for sensitive skin Made In South Korea How to use After cleansing and toning, s pread an even layer all over the skin and gently pat to allow absorption. Key Highlights Lactobacillus/Soybean Ferment Extract : Moisturizes and strengthens skin, rebalances oil-moisture levels Lactobacillus/Punica Granatum Fruit Ferment Extract : Smoothens skin texture. Saccharomyces/Barley Seed Ferment Filtrate : Revitalizes skin. Ingredient Highlights Fragrance-Free Paraben-Free Alcohol-Free Sulfate-Free Silicone-Free Mineral-Oil Free</p><h6>Ingredients</h6><p>Full list of ingredients Water, Glycerin, Caprylic/Capric Triglyceride, Hydrogenated Polyisobutene, Polyglyceryl-3 Distearate, Glyceryl Stearate Citrate, Hydrogenated Coco-Glycerides, Limnanthes Alba (Meadowfoam) Seed Oil, Butylene Glycol, Diisostearyl Malate, Vinyl Dimethicone, Lactobacillus/Soybean Ferment Extract, Lactobacillus/Punica Granatum Fruit Ferment Extract, Saccharomyces/Barley Seed Ferment Filtrate, Lactobacillus/Pear Juice Ferment Filtrate, Panthenol, Dipotassium Glycyrrhizate, Hydrogenated Lecithin, Melia Azadirachta Flower Extract, Coccinia Indica Fruit Extract, Ethylhexylglycerin, Citrus Aurantium Bergamia (Bergamot) Fruit Oil, Lavandula Angustifolia (Lavender) Oil, Anthemis Nobilis Flower Oil, Stearic Acid, Palmitic Acid, Oleic Acid, Cetearyl Alcohol, Hydroxyethyl Acrylate/Sodium Acryloyldimethyl Taurate Copolymer, Glyceryl Stearate, Hydroxyacetophenone, Sorbitan Isostearate, Carbomer, Tromethamine, Propanediol, Adenosine, Disodium EDTA, Sodium Polyacrylate.</p>","MIXSOON","Moisturizers","Imported, TSB, Teemdrop_Auto_Fulfill",TRUE,Title,Default Title,"8048681648364",0,,999,deny,manual,39.92,TRUE,TRUE,"https://cdn.shopify.com/s/files/1/0515/4589/9157/files/MIXSOON_Bean_Cream_50ml_6a79abaf-f701-49e1-8ae5-79e142e1a7e4.png?v=1771867360"
"mizon-hyaluronic-acid-eye-gel-patch-30-pairs","MIZON Hyaluronic Acid Eye Gel Patch (30 Pairs)","<p>A water-soluble gel-type eye patch with a concentration of high-quality MIZON Hyaluronic Acid Eye Gel Patch uses anti-wear technology to deeply hydrate and rejuvenate the under-eye area. Infused with high-quality hyaluronic acid, these patches deliver deep moisture to combat dryness, puffiness, and fine lines. The gel texture helps the active ingredients penetrate deeply, providing instant relief and a cooling effect. Ideal for tired, stressed eyes, the patches work to improve skin elasticity, smooth out wrinkles, and brighten the under-eye area. With regular use, they promote a refreshed, youthful appearance, making them perfect for those seeking hydration and anti-aging benefits in their eye care routine. Features Diminishes the appearance of wrinkles Softens the skin and boosts the moisture balance B iodegradable hydrogel Improves skin elasticity, reducing the appearance of fine lines Skin Concerns Dryness Dullness Anti-Aging Dark Circles Skin Types Suitable for all skin types including, sensitive skin Made In KOREA 🇰🇷 How to use Use the included spoon to take out the eye patches and apply them to your eye areas. Let them sit for 15 to 20 minutes. Gently massage the remaining essence into your skin. Ingredients Key Ingredients Hyaluronic Acid : R etains up to 1,000 times its weight in water, providing deep hydration. Ingredient Highlights Sulfate-Free Paraben-Free Mineral-Oil Free Alcohol-Free</p><h6>Ingredients</h6><p>Full list of ingredients Water(Aqua), Glycerin, Chondrus Crispus (Carrageenan) Extract, Ceratonia Siliqua Gum, Cellulose Gum, Hydroxyacetophenone, 1,2-Hexanediol, Sucrose, Potassium Chloride, Allantoin, Xanthan Gum, Ethylhexylglycerin, Calcium Aluminium Borosilicate, Adenosine, Bis-PEG-15 Methyl Ether Dimethicone, Butylene Glycol, Disodium EDTA, Calcium Lactate, Titanium Dioxide (CI 77891), Silica, Mica (CI 77019), Sodium Hyaluronate, Sodium Polyacryloyldimethyl Taurate, Dipotassium Glycyrrhizate, Polyglyceryl-6 Caprylate, Polyglyceryl-4 Caprate, PEG-60 Hydrogenated Castor Oil, Phenoxyethanol, Sargassum Fusiforme Extract, Undaria Pinnatifida Extract, Gelidium Cartilagineum Extract, Enteromorpha Compressa Extract, Laminaria Japonica Extract, Tin Oxide (CI 77861), Fragrance(Parfum), Blue 1 (CI 42090), Tocopherol, Yellow 5 (CI 19140), Hyaluronic Acid, Hydrolyzed Hyaluronic Acid. Ingredients subject to change at manufacturer's discretion. For the most complete and up-to-date list of ingredients, please refer to product packaging.</p>","MIZON","Eye Care","Imported, TSB, Teemdrop_Auto_Fulfill",TRUE,Title,Default Title,"9008018555116",0,,999,deny,manual,27.98,TRUE,TRUE,"https://cdn.shopify.com/s/files/1/0515/4589/9157/files/MIZON_Hydrozelowe_platki_pod_oczy_z_kwasem_hialuronowym_Hyaluronic_Acid_Eye_Gel_Patch_60szt..png?v=1759947406"
"mizon-peptide-500-30ml","MIZON Peptide 500 (30ml)","<p>A anti-aging ampoule for premature aging MIZON Peptide 500 is an advanced ampoule contains a 45% concentration of peptides to deliver visible firming, smoothing, and brightening benefits. Formulated with Matrixyl, it helps even out skin texture, deeply nourish, and minimize the appearance of wrinkles while preventing new ones from forming. Adding this into your skincare routine will visibly smoother, firmer, more radiant skin with every use Features Help to enhance the elasticity of the skin and protect the skin from harming free radicals Stimulates collagen production in the skin Improves skin texture Absorbs quickly Skin Concerns Anti-Aging Dryness Dullness Uneven Skin Skin Types Suitable for all skin types Sensitive Skin Made In KOREA 🇰🇷 How to use For daily use: apply 2-3 drops to skin pre-moisturized with toner, pat gently until fully absorbed. For deeper penetration and anti-wrinkle effect: apply 2-3 drops to skin pre-moisturized with toner, then apply a fabric mask. For perfect make-up: apply 2-3 drops to pre-moisturised skin with toner, then apply make-up. Key Ingredients Argireline : W orks to relax facial muscles, softening expression lines and reducing mimic wrinkles for a smoother look CG-ASP : Helps inhibit melanin production, promoting a brighter, more luminous complexion. Medi Tripeptide-1 : Provides antioxidant protection while supporting regeneration and nourishment, enhancing the performance of the entire formula Hyaluronic Acid : Gives the skin long lasting hydration Ingredient Highlights Sulfate-Free Paraben-Free Mineral-Oil Free Silicone-Free Alcohol-Free</p><h6>Ingredients</h6><p>Full list of ingredients Water, Methylpropanediol, Butylene Glycol, 1,2-Hexanediol, Polyglyceryl-10 Oleate, Ethylhexylglycerin, Sodium Hyaluronate, Copper Tripeptide-1 (500ppm), Adenosine, Disodium EDTA, Biosaccharide Gum-1, Beta-Glucan, Glycine, Tocopherol, Serine, Glutamic Acid, Houttuynia Cordata Extract, Centella Asiatica Extract, Hydrolyzed Hyaluronic Acid, Hydrolyzed Sodium Hyaluronate, Hyaluronic Acid, Hydroxypropyltrimonium Hyaluronate, Potassium Hyaluronate, Aspartic Acid, Leucine, Pentylene Glycol, Alanine, Lysine, Arginine, Tryrosine, Phenylalanine, Threonine, Proline, Valine, Isoleucine, Sodium Hyaluronate Crosspolymer, Histidine, Methionine, Cysteine, Sodium Acetylated Hyaluronate, Phosphatidylcholine, Acetyl Hexapeptide-8 (0,01ppm), sh-Oligopeptide-1 (0,01ppm), Oligopeptide-29(0,005ppm), Oligopeptide-32 (0,005ppm), Palmitoyl Pentapeptide-4 (0,01ppm), sh-Polypeptide-1 (0,034 ppb), sh-Oligopeptide-2 (0,033ppb), sh-Polypeptide-22 (0,033ppb), Phenoxyethanol. Ingredients subject to change at manufacturer's discretion. For the most complete and up-to-date list of ingredients, please refer to product packaging.</p>","MIZON","Serums","Imported, TSB, Teemdrop_Auto_Fulfill",TRUE,Title,Default Title,"9008018194668",0,,999,deny,manual,31.98,TRUE,TRUE,"https://cdn.shopify.com/s/files/1/0515/4589/9157/files/mizon-peptide-500-ampoule-30ml-1000x1000.webp?v=1759878863"
"mizon-snail-repair-intensive-gold-eye-gel-patch-30-pairs","MIZON Snail Repair Intensive Gold Eye Gel Patch (30 Pairs)","<p>A regenerating eye patch that intensely tightens the skin MIZON Snail Repair Intensive Gold Eye Gel Patches are dipped in a nourishing essence that adhere perfectly to the skin to provide great skincare benefits. This MIZON bestseller contains 24K gold and peptides that fortifies, nourishes and moisturises the delicate skin around eyes. The formula helps diminish lines, wrinkles, sagging, dullness, dryness and dark circles around the eye area to instantly rejuvenate your look. Features Provides skin renewal &amp; light lifting Reduces dark circles around the eyes Smooths crow's feet, and provides a rejuvenating effect Skin Concerns Dullness Anti-Aging Pigmentation Skin Types Suitable for all skin types, sensitive skin Made In KOREA 🇰🇷 How to use Prep your skin with toner and lotion after cleansing. Use the enclosed spoon to gently lift and separate a delicate gel patch. Apply onto the under-eye area, and leave for 15-20 minutes. Discard patches after use, and gently pat remaining essence into skin. Key Ingredients Snail Mucin : Hydrating and repairing. 5 Collagen Peptides : N ourish and firms, is anti-aging, and helps with skin conditioning. Grapefruit Seed Extract, Bamboo Extract &amp; Mushroom Extract : Rich in antioxidants, vitamins and minerals, to help improve the skin's ability to retain moisture, soothe irritation and reduce redness. Niacinamide : Brightens and helps with dullness. Ingredient Highlights Sulfate-Free Paraben-Free Mineral-Oil Free Silicone-Free Alcohol-Free</p><h6>Ingredients</h6><p>Full list of ingredients Water, Glycerin, Calcium Chloride, Ceratonia Siliqua (Carob) Gum, Xanthan Gum, Niacinamide, Dipropylene Glycol, Methylpropanediol, Snail Secretion Filtrate, 1,2-Hexanediol, Pentylene Glycol, Citrus Grandis (Grapefruit) Seed Extract, Bambusa Textilis Stem Extract, Pinus Palustris Leaf Extract, Chondrus Crispus Powder, Hydrolyzed Collagen, PEG-60 Hydrogenated Castor Oil, Ethylhexylglycerin, Phellinus Linteus Extract, Inonotus Obliquus (Mushroom) Extract, Gold, Adenosine, Octapeptide-7, sh-Octapeptide-4, sh-Oligopeptide-4, sh-Oligopeptide-4, sh-Decapeptide-7, sh-Decapeptide-9, sh-Pentapeptide-19, Caffeoyl Tripeptide-1, Hydroxyethylcellulose, Synthetic Fluorphlogopite, Tin Oxide, Titanium Dioxide, Iron Oxides (CI 77491), Phenoxyethanol, Disodium EDTA, Parfum . Ingredients subject to change at manufacturer's discretion. For the most complete and up-to-date list of ingredients, please refer to product packaging.</p>","MIZON","Eye Care","Imported, TSB, Teemdrop_Auto_Fulfill",TRUE,Title,Default Title,"9008017178860",0,,999,deny,manual,27.98,TRUE,TRUE,"https://cdn.shopify.com/s/files/1/0515/4589/9157/files/MIZON_Snail_Repair_Intensive_Gold_Eye_Gel_Patch_30_Pairs.png?v=1771867661"
"mizon-all-in-one-snail-repair-cream-75g","MIZON All in One Snail Repair Cream (75g)","<p>A multifunctional face cream with snail mucin that visibly repairs, hydrates and evens out skin MIZON All In One Snail Repair Cream fades the fine lines and diminishes the appearance of blemishes. With 92% Snail Mucin, the cream enhances the moisture balance and the natural regeneration process of the skin. This cream contains a high percentage of heartleaf extract, known for its soothing and softening properties, ideal for sensitive or irritated skin. In addition, added ceramides provide a stronger skin barrier, preventing moisture loss and keeping skin hydrated for a long time. Features Promotes skin cell regeneration and diminishes appearance of acne scars and blemishes Hydrates and evens out the skin Prevents new fine lines and wrinkles Skin Concerns Blemishes Anti-Aging Irritation Uneven Skin Pigmentation Acne Skin Types Suitable for all skin types Recommended for combination/oily skin Made In KOREA 🇰🇷 How to use Apply an appropriate amount onto cleansed skin after a toner and a serum. Key Ingredients Snail Secretion Filtrate : P rovides intensive hydration and soothing. Centella Asiatica Extract : Soothing and healing. Madecassoside : Helps soothe and refine skin texture by improving skin barrier. Ingredient Highlights Sulfate-Free Paraben-Free Mineral-Oil Free Fragrance-Free</p><h6>Ingredients</h6><p>Full list of ingredients Water, Snail Secretion Filtrate(46,000ppm), Butylene Glycol, 1,2-Hexanediol, Cetearyl Olivate, Sorbitan Olivate, Cetearyl Alcohol, Glyceryk Stearate, Dimethicone, Hydrogenated Vegetable Oil, Palmitic Acid, Stearic Acid, Polyacrylate-13, Dipropylene Glycol, Triethanolamine, Carbomer, Hydroxyacetophenone, PEG/PPG-17/6 Copolymer, Polyisobutene, Sodium Polyacrylate, Caprylyl Glycol, Adenosine, Polysorbate 20, Sorbitan Isostearate, Disodium EDTA, Dipotassium Glycyrrhizate, Glycerin, Alcohol, Portulaca Oleracea Extract, Betula Platyphylla Japonica Juice, Artemisia Absinthium Extract, Amica Montana Flower Extract, Gentiana Lutea Root Extract, Fragaria Chiloensis (Strawberry) Fruit Extract, Achillea Millefolium Extract, Rubus Idaeus (Raspberry) Fruit Extract, Camellia Sinensis Leaf Extract, Palmitoyl Tripeptide-5, Propylene Glycol, Centella Asiatica Extract, Citric Acid, Sodium Hyaluronate, Beta-Glucan, Potassium Sorbate, Copper Tripeptide-1, Fragaria Vesca (Strawberry) Fruit Extract, Ethylhexylglycerin, Madecassoside, Madecassic Acid, Asiaticoside, Asiatic Acid . Ingredients subject to change at manufacturer's discretion. For the most complete and up-to-date list of ingredients, please refer to product packaging.</p>","MIZON","Moisturizers","Imported, TSB, Teemdrop_Auto_Fulfill",TRUE,Title,Default Title,"9008015835372",0,,999,deny,manual,45.97,TRUE,TRUE,"https://cdn.shopify.com/s/files/1/0515/4589/9157/files/8809663751654-2.png?v=1759518005"
"mizon-collagen-100-30ml","MIZON Collagen 100 (30ml)","<p>A peptide-rich, collagen-boosting, hydrating formula MIZON Collagen 100 is a concentrated, anti-wrinkle, intensely hydrating ampoule, with marine collagen, hyaluronic acid, ceramides, peptides, adenosine and Centella Asiatica. It contains natural that help to deeply plump the skin, boosts the natural production of collagen and elastin and giving the skin a healthy and visibly rejuvenated appearance. Specially created to restore the skin's protective barrier, maintain optimal hydration levels and slow down premature aging. Features Improves skin elasticity shortly after use with high marine collagen concentration (90%) Light texture that facilitates absorption and can even be mixed with foundation Hydrating, and pore-smoothing effect with high spreadability Skin Concerns Dullness Dehydrated Fine Lines Pigmentation Anti-Aging Wrinkles Skin Types Suitable for all skin types, sensitive skin Made In KOREA 🇰🇷 How to use Use after cleansing and toning. Gently pat the serum into your skin to enhance absorption. Ingredients Key Ingredients Acetyl Hexapeptide-8) : Actively reduces wrinkles caused by repeated facial movements Marine Collagen : Combat the signs of aging Centella Asiatica/Houttuynia Cordata : Anti-inflammatory and healing. Niacinamide : Fades out fine lines and evens out skin tone. Ingredient Highlights Sulfate-Free Paraben-Free Mineral-Oil Free Silicone-Free Fragrance-Free</p><h6>Ingredients</h6><p>Full list of ingredients Aqua (Water/Eau), Butylene Glycol, Methylpropanediol, 1,2-Hexanediol, Hydrolyzed Collagen, Sodium Hyaluronate, Palmitoyl Tripeptide-5, Copper Tripeptide-1, Acetyl Hexapeptide-8, Panthenol, Allantoin, Tocopherol, Adenosine, Trehalose, Centella Asiatica Extract, Houttuynia Cordata Extract, Salvia Hispanica Seed Extract, Glycerin, Caprylyl Glycol, Propanediol, Xanthan Gum, Tropolone, Carbomer, Tromethamine, Ethylhexylglycerin, Disodium EDTA. Ingredients subject to change at manufacturer's discretion. For the most complete and up-to-date list of ingredients, please refer to product packaging.</p>","MIZON","Serums","Imported, TSB, Teemdrop_Auto_Fulfill",TRUE,Title,Default Title,"9008013279468",0,,999,deny,manual,27.98,TRUE,TRUE,"https://cdn.shopify.com/s/files/1/0515/4589/9157/files/MIZON_Collagen_100_30ml.png?v=1766258876"
"no-9-nad-collagen-under-eye-patches-5-pairs","No.9 NAD+ Collagen Under Eye Patches (5 Pairs)","<p>Experience the next generation of ocular rejuvenation with the numbuzin No.9 NAD+ Collagen patches. These high-fidelity hydrogel patches leverage the power of NAD+ (Nicotinamide Adenine Dinucleotide) to stimulate cellular repair and boost natural collagen production. Specifically designed for the delicate orbital area, they rapidly reduce puffiness, brighten dark circles, and smooth fine lines. The clinical-grade 'NAD+' formulation ensures a visible lifting effect, leaving the eyes looking exceptionally rested and youthful.</p><h6>Ingredients</h6><p>Water, Glycerin, Niacinamide, Collagen Extract, Nicotinamide Adenine Dinucleotide (NAD+), Adenosine, Sodium Hyaluronate, Ceramide NP, Panthenol.</p>","numbuzin","Eye Care","Imported, TSB, Teemdrop_Auto_Fulfill",TRUE,Title,Default Title,"9113946849516",0,,999,deny,manual,30.51,TRUE,TRUE,"https://cdn.shopify.com/s/files/1/0515/4589/9157/files/pykg34kjojl565by9t3xua811ggl.webp?v=1769101979"
"no-3-super-glowing-essence-toner-200ml","No.3 Super Glowing Essence Toner (200ml)","<p>Unlock the secret to the viral 'Glass Skin' glow with the legendary No.3 Essence Toner. Formulated with a sophisticated blend of 50 fermented ingredients, this clinical-grade essence-toner hybrid targets dullness, uneven texture, and lack of radiance. It works at a cellular level to refine skin texture and deeply hydrate, providing an immediate luminous finish. Perfect for those seeking a professional-grade glow-up, it preps the skin for maximum absorption of subsequent treatments while delivering its own potent brightening benefits.</p><h6>Ingredients</h6><p>Water, Glycerin, Methylpropanediol, Niacinamide, 50 types of Fermented Extracts, Bifida Ferment Lysate, Galactomyces Ferment Filtrate, Lactobacillus Ferment.</p>","numbuzin","Toners","Imported, TSB, Teemdrop_Auto_Fulfill",TRUE,Title,Default Title,"7931345174764",0,,999,deny,manual,26.04,TRUE,TRUE,"https://cdn.shopify.com/s/files/1/0515/4589/9157/files/Numbuzin_No3_Toner.png?v=1768884286"
"no-9-nad-bio-lifting-sil-essence-50ml","No.9 NAD Bio Lifting-Sil Essence (50ml)","<p>A revolutionary anti-aging breakthrough that redefines the contours of the face. The No.9 NAD Bio Lifting-Sil Essence is an elite treatment packed with 50 types of peptides and high-concentration NAD+ to reverse the signs of chronological aging. Featuring a unique 'Sil' (thread-like) texture that mirrors clinical lifting procedures, it immediately firms sagging skin and dissolves fine lines. This high-fidelity serum provides a 168-hour antioxidant shield, protecting cells from oxidative stress while stimulating intense collagen synthesis for a visible 'botox-like' effect without the needles.</p><h6>Ingredients</h6><p>Water, Glycerin, Nicotinamide Adenine Dinucleotide (NAD+), 50 types of Peptides, Palmitoyl Tripeptide-5, Copper Gluconate, Adenosine, Glutathione, Resveratrol, Astaxanthin.</p>","numbuzin","Serums","Imported, TSB, Teemdrop_Auto_Fulfill",TRUE,Title,Default Title,"8902560874732",0,,999,deny,manual,31.30,TRUE,TRUE,"https://cdn.shopify.com/s/files/1/0515/4589/9157/files/numbuzin_No.9_NAD_Bio_Lifting-Sil_Essence_50ml.png?v=1771868099"
"no-1-pantothenic-b5-active-soothing-serum-50ml","No.1 Pantothenic B5 Active Soothing Serum (50ml)","<p>An SOS sanctuary for reactive and acne-prone complexions. This ultra-lightweight serum provides intensive soothing in just 7 seconds using high-concentration Pantothenic Acid (Vitamin B5). Designed to neutralize active inflammation and control excess sebum production, it prevents the formation of new blemishes while repairing the moisture barrier. Fortified with Niacinamide and Centella Asiatica, it leaves the skin exceptionally calm, balanced, and hydrated without any greasy residue. Ideal for those transitioning to a clinical-grade acne management routine.</p><h6>Ingredients</h6><p>Water, Butylene Glycol, Niacinamide, Glycerin, Pantothenic Acid (Vitamin B5), Sophora Zethamine, Centella Asiatica Extract, Alpha-Arbutin, Zinc PCA.</p>","numbuzin","Serums","Imported, TSB, Teemdrop_Auto_Fulfill",TRUE,Title,Default Title,"8689243881708",0,,999,deny,manual,30.51,TRUE,TRUE,"https://cdn.shopify.com/s/files/1/0515/4589/9157/files/numbuzin_No.1_Pantothenic_B5_Active_Soothing_Serum_50ml_47f426cf-55c0-4167-9b06-315991f0428e.png?v=1771868487"
"no-1-centella-re-leaf-green-toner-pad-70-pcs","No.1 Centella Re-Leaf Green Toner Pad (70 PCs)","<p>A dual-action botanical treatment for sensitive and inflamed skin. These innovative toner pads feature a 'Green Side' infused with actual ground Centella Asiatica leaves and a 'White Bamboo Side' for delicate hydration. With 89% calming herb extracts, they provide instant relief from redness and irritation while clinically reducing blackheads and excess sebum by nearly 30%. These high-fidelity pads can be used as a targeted 'Skin Pack' for intense localized soothing, making them an essential tool for maintaining a clear, professional-grade complexion.</p><h6>Ingredients</h6><p>Water, 1,2-Hexanediol, Butylene Glycol, Glycerin, Centella Asiatica Extract (89%), Houttuynia Cordata Extract, Licorice Root Extract, Arginine, Allantoin, Panthenol.</p>","numbuzin","Toners","Imported, TSB, Teemdrop_Auto_Fulfill",TRUE,Title,Default Title,"9034570170604",0,,999,deny,manual,30.51,TRUE,TRUE,"https://cdn.shopify.com/s/files/1/0515/4589/9157/files/numbuzin_No.1_Centella_Re-Leaf_Green_Toner_Pad_70_PCs.png?v=1771868587"
"no-9-nad-bio-lifting-full-cover-facial-mask","No.9 NAD Bio Lifting Full Cover Facial Mask","<p>The ultimate clinical lifting experience in a single application. This high-fidelity two-piece mask system targets different facial zones with precision: the upper section delivers NAD+ Bio capsules for cellular rejuvenation, while the lower section features dissolvable PLA threads and a lifting band to sculpt the jawline. Infused with 50 peptides and hydrolyzed collagen, it provides an immediate contouring effect, reduces puffiness, and tightens pores for a visible overnight transformation. It is the gold standard for non-invasive facial sculpting.</p><h6>Ingredients</h6><p>Water, Dipropylene Glycol, Nicotinamide Adenine Dinucleotide (NAD+), 50 types of Peptides, Hydrolyzed Collagen, Polylactic Acid (PLA), Adenosine, Niacinamide.</p>","numbuzin","Masks","Imported, TSB, Teemdrop_Auto_Fulfill",TRUE,Title,Default Title,"9030322421996",0,,999,deny,manual,7.89,TRUE,TRUE,"https://cdn.shopify.com/s/files/1/0515/4589/9157/files/Numbuzin_No_9_NMN_BIO.png?v=1759864174"
"numbuzin-no-2-rose-pdrn-collagen-2x-plumping-serum-30ml","numbuzin No.2 Rose PDRN Collagen 2X Plumping Serum (30mL)","<p>Unlock your skin\'s true potential with the numbuzin No.2 Rose PDRN Collagen 2X Plumping Serum (30mL). Numbuzin\'s numbered solutions offer targeted, high-performance care tailored for visible transformation. numbuzin No.2 Rose PDRN Collagen 2X Plumping Serum (30mL) – Premium K-Beauty product imported from South Korea.</p><h6>Ingredients</h6><p>Refer to product packaging for full ingredient list.</p>","numbuzin","Skincare","Imported, TSB, Teemdrop_Auto_Fulfill",TRUE,Title,Default Title,"9160000000000",0,,999,deny,manual,38.24,TRUE,TRUE,"https://cdn.shopify.com/s/files/1/0515/4589/9157/files/numbuzinNo.2RosePDRNCollagen2XPlumpingSerum.png?v=1773941482"
"numbuzin-no-2-rose-pdrn-collagen-plumping-serum-duo-1-2ml-x-10","numbuzin No.2 Rose PDRN Collagen Plumping Serum Duo (1.2ml x 10)","<p>The numbuzin No.2 Rose PDRN Collagen Plumping Serum Duo (1.2ml x 10) from Numbuzin delivers functional, premium ingredients meticulously blended to address texture, tone, and overall skin health. numbuzin No.2 Rose PDRN Collagen Plumping Serum Duo (1.</p><h6>Ingredients</h6><p>Refer to product packaging for full ingredient list.</p>","numbuzin","Skincare","Imported, TSB, Teemdrop_Auto_Fulfill",TRUE,Title,Default Title,"9160000000001",0,,999,deny,manual,30.88,TRUE,TRUE,"https://cdn.shopify.com/s/files/1/0515/4589/9157/files/numbuzinNo.2RosePDRNCollagenPlumpingSerumDuo_1.2mlx10.png?v=1773943040"
"numbuzin-no-3-blue-bio-retinol-pore-refining-serum","numbuzin No.3 Blue Bio-Retinol Pore Refining Serum","<p>Embrace customized skincare with the numbuzin No.3 Blue Bio-Retinol Pore Refining Serum. Numbuzin specializes in formulas that directly answer your skin\'s demands with concentrated efficacy. A gentle blue retinol serum that minimizes pores and refines texture with less irritation, perfect for beginners. numbuzin No.</p><h6>Ingredients</h6><p>Water, Niacinamide, Butylene Glycol, Propanediol, Glycerin, Dipropylene Glycol, Pentylene Glycol, Glyceryl Glucoside, Hydrolyzed Collagen, Chlorella Vulgaris Extract, Centella Asiatica Extract, Acacia Senegal Gum, Cynanchum Atratum Extract, Macadamia Ternifolia Seed Oil, Althaea Rosea Flower Extract, Glycine Soja (Soybean) Oil, Melia Azadirachta Flower Extract, Coccinia Indica Fruit Extract, Melia Azadirachta Leaf Extract, Aloe Barbadensis Flower Extract, Solanum Melongena (Eggplant) Fruit Extract, Ocimum Sanctum Leaf Extract, Corallina Officinalis Extract, Curcuma Longa (Turmeric) Root Extract, 1,2-Hexanediol, Caprylic/Capric Triglyceride, Glycereth-26, C12-14 Alketh-12, Polysorbate 20, Calcium Chloride, Salicylic Acid, Gellan Gum, Honokiol, Panthenol, PPG-13-Decyltetradeceth-24, Hydrolyzed Sclerotium Gum, Sodium Citrate, Glucose, Adenosine, Citric Acid, Panax Ginseng Adventitious Root Extracellular Vesicles, Dextrin, Lecithin, Silica, Centella Asiatica Callus Extracellular Vesicles, Ethylhexylglycerin, Retinol, Hydrogenated Lecithin, Brassica Campestris (Rapeseed) Sterols, Glycine, Cholesterol, Polyglyceryl-10 Laurate, Phytosteryl/Behenyl/Octyldodecyl Lauroyl Glutamate, Tocopheryl Acetate, Aluminum/Magnesium Hydroxide Stearate, Pentaerythrityl Tetra-di-t-butyl Hydroxyhydrocinnamate, Potassium Cetyl Phosphate, Diethylhexyl Syringylidenemalonate, Tocopherol, Tris(Tetramethylhydroxypiperidinol) Citrate, Copper Tripeptide-1, Hydroxyethylcellulose, Gardenia Florida Fruit Extract</p>","numbuzin","Skincare","Imported, TSB, Teemdrop_Auto_Fulfill",TRUE,Title,Default Title,"9160000000002",0,,999,deny,manual,38.24,TRUE,TRUE,"https://cdn.shopify.com/s/files/1/0515/4589/9157/files/Numbuzin_No.3_Blue_Bio-Retinol_Pore_Refining_Serum_901557e0-a19e-4d0f-8b44-42cb62f16b23.png?v=1773244352"
"numbuzin-no-2-rose-pdrn-collagen-plumping-serum-30ml","numbuzin No.2 Rose PDRN Collagen Plumping Serum (30ml)","<p>Unlock your skin\'s true potential with the numbuzin No.2 Rose PDRN Collagen Plumping Serum (30ml). Numbuzin\'s numbered solutions offer targeted, high-performance care tailored for visible transformation. A 5% Rose PDRN and Peptide jelly serum that instantly plumps and firms for a hydrated, radiant glow. numbuzin No.</p><h6>Ingredients</h6><p>Water, Dipropylene Glycol, Glycereth-26, Water, Niacinamide, Glycerin, Butylene Glycol, Propanediol, 1,2-Hexanediol, Trehalose, PEG-240/HDI Copolymer Bis-Decyltetradeceth-20 Ether, Diethoxyethyl Succinate, Inositol, Polyacrylate Crosspolymer-6, Ethylhexylglycerin, Octyldodeceth-16, Sodium DNA, Rosa Damascena Flower Extract, Methyl Diisopropyl Propionamide, Adenosine, Polyglyceryl-10 Oleate, Octyldodecanol, Sodium Hyaluronate Crosspolymer, Hydrogenated Lecithin, Hydrolyzed Glycosaminoglycans, Cyanocobalamin, Polysorbate 20, Sodium Hyaluronate, Disodium EDTA, Lecithin, Potassium Laurate, Tocopherol, Benzyl Glycol, Caprylyl Glycol, Resveratrol, Hydrolyzed Hyaluronic Acid, Hyaluronic Acid, Polylactic Acid, Acetyl Hexapeptide-1, Silica, Sodium Ascorbyl Phosphate, Tripeptide-1, Tripeptide-2, Acetyl Hexapeptide-8, Acetyl Octapeptide-3, Palmitoyl Pentapeptide-4, Palmitoyl Tetrapeptide-7, Raspberry Ketone, sh-Oligopeptide-1, sh-Polypeptide-1, sh-Polypeptide-11, sh-Polypeptide-22</p>","numbuzin","Skincare","Imported, TSB, Teemdrop_Auto_Fulfill",TRUE,Title,Default Title,"9160000000003",0,,999,deny,manual,36.77,TRUE,TRUE,"https://cdn.shopify.com/s/files/1/0515/4589/9157/files/NumbuzinNo.2RosePDRNCollagenPlumpingSerum_30ml.png?v=1773226633"
"numbuzin-no-4-ceramide-aha-glazed-skin-prep-serum","numbuzin No.4 Ceramide AHA Glazed Skin Prep Serum","<p>The numbuzin No.4 Ceramide AHA Glazed Skin Prep Serum from Numbuzin delivers functional, premium ingredients meticulously blended to address texture, tone, and overall skin health. A barrier-safe milky serum that gently exfoliates for a smooth, glazed-skin glow. numbuzin No.</p><h6>Ingredients</h6><p>Water, Glycerin, Glycolic Acid, Butylene Glycol, Gluconolactone, Betaine, Dipropylene Glycol, Niacinamide, Panthenol, Pentylene Glycol, Sodium Hydroxide, Sphingomonas Ferment Extract, Sodium Hyaluronate, Hydrolyzed Hyaluronic Acid, Hyaluronic Acid, Diphenyl Dimethicone, Triethylhexanoin, Hydroxyethyl Urea, Hydroxyethylcellulose, Polyglyceryl-10 Laurate, Hydrogenated Lecithin, Caprylic/Capric Triglyceride, Ethylhexylglycerin, 1,2-Hexanediol, Propanediol, Urea, Adenosine, Sodium Hyaluronate Crosspolymer, Hydrolyzed Glycosaminoglycans, Ceramide NP, Benzyl Glycol, Beta-Glucan, Tocopherol, Stearic Acid, Ceramide NS, Cholesterol, Phytosphingosine, Ceramide AP, Ceramide AS, Ceramide EOP, Cetearyl Alcohol</p>","numbuzin","Skincare","Imported, TSB, Teemdrop_Auto_Fulfill",TRUE,Title,Default Title,"9160000000004",0,,999,deny,manual,36.77,TRUE,TRUE,"https://cdn.shopify.com/s/files/1/0515/4589/9157/files/numbuzin_No.4_Ceramide_AHA_Glazed_Skin_Prep_Serum_v2.png?v=1773772057"
"numbuzin-no-4-hydrating-glow-mineral-toner-200ml","numbuzin No.4 Hydrating Glow Mineral Toner (200ml)","<p>Embrace customized skincare with the numbuzin No.4 Hydrating Glow Mineral Toner (200ml). Numbuzin specializes in formulas that directly answer your skin\'s demands with concentrated efficacy. A thermal water toner that hydrates 7 skin layers and improves makeup base by 99.74%.</p><h6>Ingredients</h6><p>Water, Xylitol, Hydroxyethyl Urea, Sodium Polystyrene Sulfonate, Gluconolactone, Hydroxyethylcellulose, Polyglyceryl-10 Laurate, Betaine Salicylate, Polyquaternium-51, Disodium EDTA, Butylene Glycol, Madecassoside, Centella Asiatica Extract, Pentylene Glycol, Morinda Citrifolia Extract, Carica Papaya (Papaya) Fruit Extract, Glycyrrhiza Glabra (Licorice) Root Extract, Sodium Hyaluronate, Sodium Hyaluronate Crosspolymer, Hydrolyzed Hyaluronic Acid, Camellia Sinensis Leaf Extract, Polygonum Cuspidatum Root Extract, Hyaluronic Acid, Scutellaria Baicalensis Root Extract, Chamomilla Recutita (Matricaria) Flower Extract, Hydrolyzed Sodium Hyaluronate, Rosmarinus Officinalis (Rosemary) Leaf Extract</p>","numbuzin","Skincare","Imported, TSB, Teemdrop_Auto_Fulfill",TRUE,Title,Default Title,"9160000000005",0,,999,deny,manual,33.09,TRUE,TRUE,"https://cdn.shopify.com/s/files/1/0515/4589/9157/files/NumbuzinNo.4HydratingGlowMineralToner_200ml.png?v=1773329478"
"numbuzin-no-4-pore-zero-peeled-egg-toner-pad-70-pcs","numbuzin No.4 Pore Zero Peeled Egg Toner Pad (70 PCs)","<p>Embrace customized skincare with the numbuzin No.4 Pore Zero Peeled Egg Toner Pad (70 PCs). Numbuzin specializes in formulas that directly answer your skin\'s demands with concentrated efficacy. These one-step toner pads instantly tighten enlarged pores and refine skin texture for a flawless, smooth complexion. numbuzin No.</p><h6>Ingredients</h6><p>Water, Methylpropanediol, Alcohol, Butylene Glycol, 1,2-Hexanediol, Glycerin, Panthenol, Betaine, Trehalose, Glycereth-26, Polyglyceryl-10 Laurate, Ammonium Acryloyldimethyltaurate/VP Copolymer, Gluconolactone, Sodium Citrate, Sodium Hyaluronate, Allantoin, Disodium EDTA, Capryloyl Salicylic Acid, Pinus Palustris Leaf Extract, Ulmus Davidiana Root Extract, Oenothera Biennis</p>","numbuzin","Skincare","Imported, TSB, Teemdrop_Auto_Fulfill",TRUE,Title,Default Title,"9160000000006",0,,999,deny,manual,35.35,TRUE,TRUE,"https://cdn.shopify.com/s/files/1/0515/4589/9157/files/NumbuzinNo.4PoreZeroPeeledEggTonerPad_70pcs.png?v=1773411747"
"numbuzin-no-2-deep-clean-fresh-cream-cleanser-120ml","numbuzin No.2 Deep Clean Fresh Cream Cleanser (120ml)","<p>Embrace customized skincare with the numbuzin No.2 Deep Clean Fresh Cream Cleanser (120ml). Numbuzin specializes in formulas that directly answer your skin\'s demands with concentrated efficacy. A gentle, creamy foam that deeply purifies pores and removes makeup without drying the skin. numbuzin No.</p><h6>Ingredients</h6><p>Water, Myristic Acid, PEG-8, Stearic Acid, Potassium Hydroxide, Glycerin, Lauric Acid, Palmitic Acid, Butylene Glycol, Coco-Glucoside, Glyceryl Stearate SE, Fragrance(Parfum), Polyquaternium-7, Arachidic Acid, Sodium Cocoyl Isethionate, Sodium Phytate, Oleic Acid, 1,2-Hexanediol, Sodium Benzoate, Quillaja Saponaria Bark Extract, Citric Acid</p>","numbuzin","Skincare","Imported, TSB, Teemdrop_Auto_Fulfill",TRUE,Title,Default Title,"9160000000007",0,,999,deny,manual,27.98,TRUE,TRUE,"https://cdn.shopify.com/s/files/1/0515/4589/9157/files/NumbuzinNo.2DeepCleanFreshCreamCleanser_120ml.png?v=1773422205"
"numbuzin-no-1-pantothenic-skincare-100-powder-7g","numbuzin No.1 Pantothenic Skincare 100 Powder (7g)","<p>Embrace customized skincare with the numbuzin No.1 Pantothenic Skincare 100 Powder (7g). Numbuzin specializes in formulas that directly answer your skin\'s demands with concentrated efficacy. A skin-soothing, 100% skincare powder that instantly absorbs excess oil without clogging pores. numbuzin No.</p><h6>Ingredients</h6><p>Refer to product packaging for full ingredient list.</p>","numbuzin","Makeup","Imported, TSB, Teemdrop_Auto_Fulfill",TRUE,Title,Default Title,"9160000000008",0,,999,deny,manual,30.88,TRUE,TRUE,"https://cdn.shopify.com/s/files/1/0515/4589/9157/files/NumbuzinNo.1PantothenicSkincare100Powder_7g.png?v=1773434644"
"numbuzin-no-2-cica-ceramide-repair-cream-60ml","numbuzin No.2 Cica Ceramide Repair Cream (60ml)","<p>Embrace customized skincare with the numbuzin No.2 Cica Ceramide Repair Cream (60ml). Numbuzin specializes in formulas that directly answer your skin\'s demands with concentrated efficacy. A buttery, cica-infused cream that strengthens the skin barrier and provides long-lasting, non-sticky hydration. numbuzin No.</p><h6>Ingredients</h6><p>Water, Glycerin, Butyrospermum Parkii (Shea) Butter, Cetearyl Alcohol, Dipropylene Glycol, Caprylic/capric Triglyceride, Hydrogenated Poly (C6-14 Olefin), Methyl Trimethicone, 1,2-hexanediol, Niacinamide, Vegetable Oil,Phenyl Trimethicone, Hydrogenated Polydecene, Palmitic Acid, Glyceryl Stearate SE, Ceramide NP, Centella Asiatica Extract, Madecassoside, Asiaticoside, Madecassic Acid, Asiatic Acid, Ficus Carica (Fig) Fruit Extract, Laminaria Japonica Extract, Eclipta Prostrata Leaf Extract, Acmella Oleracea Extract, Ulmus Davidiana Root Extract, Amaranthus Caudatus Seed Extract, Hydrogenated Lecithin, Sodium Hyaluronate, Macadamia Integrifolia Seed Oil, Elaeis Guineensis (Palm) Oil, Adansonia Digitata Seed Oil, Persea Gratissima (Avocado) Oil, Stearic Acid, Cetearyl Olivate, Sorbitan Olivate, Behenyl Alcohol, C12-16 Alcohols, Bisabolol, Silica, Microcrystalline Cellulose, Cetearyl Glucoside, Butylene Glycol, Ammonium Acryloyldimethyltaurate/VP Copolymer, Glyceryl Polymethacrylate, Cellulose Gum, Cholesterol, Gosaccharides, Disodium EDTA, Beta-glucan, Myristic Acid, Hydrolyzed Hyaluronic Acid, Glucose, Alcohol, Phytosphingosine, Ethylhexylglycerin</p>","numbuzin","Skincare","Imported, TSB, Teemdrop_Auto_Fulfill",TRUE,Title,Default Title,"9160000000009",0,,999,deny,manual,38.24,TRUE,TRUE,"https://cdn.shopify.com/s/files/1/0515/4589/9157/files/numbuzinNo.2CicaCeramideRepairCream_60ml.png?v=1773492130"
"numbuzin-no-3-velvet-beauty-cream-60ml","numbuzin No.3 Velvet Beauty Cream (60ml)","<p>The numbuzin No.3 Velvet Beauty Cream (60ml) from Numbuzin delivers functional, premium ingredients meticulously blended to address texture, tone, and overall skin health. A silky, multi-tasking cream that smooths pores and hydrates deeply for a flawless, long-lasting makeup base. numbuzin No.</p><h6>Ingredients</h6><p>Water, Propanediol, Glycerin, Neopentyl Glycol Diheptanoate, Cyclohexasiloxane, Polyglyceryl-3 Methylglucose Distearate, Methylpropanediol, Cetyl Alcohol Glycereth-26, Glyceryl Stearate, Niacinamide, Dicaprylyl Ether, Cetyl Dimethicone, Butyrospermum Parkii (Shea) Butter, Hydrogenated Polyisobutene, Pentaerythrityl Distearate, Trehalose, Pentylene Glycol Dioscorea Japonica Root Extract, Piper Methysticum Leaf/root/stem Extract, Centella Asiatica Extract, Panax Ginseng Berry Extract, Saponaria Officinalis Extract, Hydrogenated Lecithin, Sodium Hyal-uronate, Polyglyceryl-10 Laurate, Glyceryl Caprylate, Sodium Polyacrylate Starch, Acrylates/C10-30 Alkyl Acrylate Crosspolymer, Glycosyl Trehalose, Tromethamine, Sodium Stearoyl Glutamate, Hydrogenated Starch Hydrolysate, Adenosine, Raffinose, Disodium EDTA, Lecithin, Polyquaternium-51, Butylene Glycol Panthenol, Beta-glucan, Synthetic Fluorphlogopite, Folic Acid, Ceramide NP, Cholesterol, Tetradecyl Aminobutyroylvalylaminobutyric Urea Trifluoroacetate, Biosaccharide Gum-1, Isomalt, Magnesium Chloride, Palmitoyl Pentapeptide-4, Fragrance, Ethylhexylglycerin, 1,2-hexanediol, CI 77491, Citronellol, Geraniol</p>","numbuzin","Makeup","Imported, TSB, Teemdrop_Auto_Fulfill",TRUE,Title,Default Title,"9160000000010",0,,999,deny,manual,36.77,TRUE,TRUE,"https://cdn.shopify.com/s/files/1/0515/4589/9157/files/numbuzinNo.3VelvetBeautyCream_60ml.png?v=1773494050"
"numbuzin-no-5-glutathione-vitamin-dark-spot-cream-50ml","Numbuzin No.5+ Glutathione Vitamin Dark Spot Cream (50ml)","<p>Unlock your skin\'s true potential with the Numbuzin No.5+ Glutathione Vitamin Dark Spot Cream (50ml). Numbuzin\'s numbered solutions offer targeted, high-performance care tailored for visible transformation. A nutrient-rich moisturizer that repairs the skin barrier and fades dark spots for a clear, rejuvenated complexion. numbuzin No.</p><h6>Ingredients</h6><p>Water, Dipropylene Glycol, Glycerin, Niacinamide, Octyldodecanol, Helianthus Annuus (Sunflower) Seed Oil, Butylene Glycol, Trehalose, Pentylene Glycol, 1,2-Hexanediol, Caprylyl Methicone, Panthenol, Polymethylsilsesquioxane, Propanediol, Hydroxyethyl Acrylate/Sodium Acryloyldimethyl Taurate Copolymer, Cetearyl Olivate, Polyglyceryl-10 Behenate/Eicosadioate, Ammonium Acryloyldimethyltaurate/VP Copolymer, Sorbitan Olivate, Acrylates/C10-30 Alkyl Acrylate Crosspolymer, Tromethamine, Xanthan Gum, C12-16 Alcohols, Ethylhexylglycerin, Sorbitan Isostearate, Adenosine, Eriobotrya Japonica Leaf Extract, Palmitic Acid, Hydrogenated Lecithin, Glutathione, Phosphatidylcholine, Polyglyceryl-10 Laurate, Dilauryl Thiodipropionate, Pentaerythrityl Tetra-di-t-butyl Hydroxyhydrocinnamate, Sodium Phytate, Coptis Japonica Root Extract, Allantoin, Mentha Viridis (Spearmint) Extract, Madecassoside, Lecithin, Cellulose, Sodium Phosphate, Sodium Hyaluronate, Polyglutamic Acid, Dextrin, Theobroma Cacao (Cocoa) Extract, Asiaticoside, Centella Asiatica Leaf Extract, Cysteine, Tocopherol, 3-O-Ethyl Ascorbic Acid, Arbutin, Bisabolol, sh-Oligopeptide-1, sh-Oligopeptide-2, sh-Polypeptide-1, sh-Polypeptide-10, sh-Polypeptide-11, sh-Polypeptide-3, sh-Polypeptide-59, sh-Polypeptide-9, Argania Spinosa Kernel Oil, Cholesterol, Sesamum Indicum (Sesame) Seed Oil, Chitosan, Serenoa Serrulata Fruit Extract, Ascorbic Acid, Beta-Sitosterol, Ascorbyl Glucoside, Ceramide NP</p>","numbuzin","Skincare","Imported, TSB, Teemdrop_Auto_Fulfill",TRUE,Title,Default Title,"9160000000011",0,,999,deny,manual,38.24,TRUE,TRUE,"https://cdn.shopify.com/s/files/1/0515/4589/9157/files/NumbuzinNo.5_GlutathioneVitaminDarkSpotCream_50ml.png?v=1773503659"
"numbuzin-no-1-pantothenic-b5-hyaluronic-active-clear-mask","numbuzin No.1 Pantothenic B5 Hyaluronic Active Clear Mask","<p>Unlock your skin\'s true potential with the numbuzin No.1 Pantothenic B5 Hyaluronic Active Clear Mask. Numbuzin\'s numbered solutions offer targeted, high-performance care tailored for visible transformation. A high-concentration, clinically proven sheet mask that instantly calms redness and clears acne for a balanced, radiant complexion. numbuzin No.</p><h6>Ingredients</h6><p>Water,Methylpropanediol,Niacinamide,Glycerin,1,2-Hexanediol,Butylene Glycol,Betaine,Panthenol,Allantoin,Sophora Angustifolia Root Extract,Carbomer,Trehalose,Tromethamine,Ethylhexylglycerin,Xanthan Gum,Dipotassium Glycyrrhizate,Sodium Phytate,Melia Azadirachta Leaf Extract,Melia Azadirachta Flower Extract,Centella Asiatica Extract,Sodium Hyaluronate,Coccinia Indica Fruit Extract,Solanum Melongena (Eggplant) Fruit Extract,Hydrolyzed Hyaluronic Acid,Propanediol,Ocimum Sanctum Leaf Extract,Glycyrrhiza Uralensis (Licorice) Root Extract,Pantothenic Acid,Curcuma Longa (Turmeric) Root Extract,Corallina Officinalis Extract,Houttuynia Cordata Extract,Glyceryl Oleate,Sodium Acetylated Hyaluronate,Hydrogenated Lecithin,Lauryl Glucoside,Myristyl Glucoside,Polyglyceryl-6 Laurate,Beta-Glucan,Tocopherol,Decyl Glucoside,Alpha-Arbutin,Hyaluronic Acid,Zinc PCA,Citric Acid,Simmondsia Chinensis (Jojoba) Seed Oil,Camellia Sinensis Leaf Extract,Centella Asiatica Leaf Extract,Cladosiphon Okamuranus Extract,Salix Alba (Willow) Bark Extract,Coffea Arabica (Coffee) Seed Extract,Beta-Sitosterol,Polyglyceryl-10 Stearate,Asiaticoside,Madecassoside,Asiatic Acid,Madecassic Acid,Citrus Aurantium Bergamia (Bergamot) Leaf Extract,Pinus Densiflora Leaf Extract</p>","numbuzin","Skincare","Imported, TSB, Teemdrop_Auto_Fulfill",TRUE,Title,Default Title,"9160000000012",0,,999,deny,manual,21.04,TRUE,TRUE,"https://cdn.shopify.com/s/files/1/0515/4589/9157/files/numbuzinNo.1PantothenicB5HyaluronicActiveClearMask.png?v=1774024574"
"numbuzin-no-2-rose-pdrn-collagen-plumping-sheet-mask","numbuzin No.2 Rose PDRN Collagen Plumping Sheet Mask","<p>The numbuzin No.2 Rose PDRN Collagen Plumping Sheet Mask from Numbuzin delivers functional, premium ingredients meticulously blended to address texture, tone, and overall skin health. A 65% low-molecular collagen mask that deeply plumps and hydrates for an instant glass-skin glow. numbuzin No.</p><h6>Ingredients</h6><p>Water, Water, Dipropylene Glycol, Butylene Glycol, Niacinamide, 1,2-Hexanediol, Dimethicone, PEG-240/HDI Copolymer Bis-Decyltetradeceth-20 Ether, Cetearyl Olivate, Ammonium Acryloyldimethyltaurate/VP Copolymer, Hydroxyethylcellulose, Sorbitan Olivate, Ethylhexylglycerin, Adenosine, Collagen, Melia Azadirachta Flower Extract, Coccinia Indica Fruit Extract, Melia Azadirachta Leaf Extract, Solanum Melongena (Eggplant) Fruit Extract, Sodium DNA, Potassium Laurate, Glycerin, BHT, Aloe Barbadensis Flower Extract, Ocimum Sanctum Leaf Extract, Corallina Officinalis Extract, Curcuma Longa (Turmeric) Root Extract, Polyglyceryl-10 Oleate, Hydrogenated Polyisobutene, Octyldodecanol, Hydrogenated Lecithin, Polyglyceryl-10 Laurate, Rosa Damascena Extract, Polylactic Acid, Hyaluronic Acid, Tripeptide-1, Silica, Copper Tripeptide-1, Palmitoyl Tripeptide-1, Hexapeptide-9, Hexapeptide-11, Acetyl Tetrapeptide-5, Acetyl Tetrapeptide-2, Palmitoyl Pentapeptide-4, Anemarrhena Asphodeloides Root Extract, Palmitoyl Tripeptide-5, Tocopherol, Disodium EDTA</p>","numbuzin","Skincare","Imported, TSB, Teemdrop_Auto_Fulfill",TRUE,Title,Default Title,"9160000000013",0,,999,deny,manual,21.04,TRUE,TRUE,"https://cdn.shopify.com/s/files/1/0515/4589/9157/files/Numbzuin_No_2_Rose_PDRN_Plumping.png?v=1774024484"
"numbuzin-no-4-icy-soothing-sheet-mask","numbuzin No.4 Icy Soothing Sheet Mask","<p>The numbuzin No.4 Icy Soothing Sheet Mask from Numbuzin delivers functional, premium ingredients meticulously blended to address texture, tone, and overall skin health. numbuzin No.4 Icy Soothing Sheet Mask – Premium K-Beauty product imported from South Korea.</p><h6>Ingredients</h6><p>Refer to product packaging for full ingredient list.</p>","numbuzin","Skincare","Imported, TSB, Teemdrop_Auto_Fulfill",TRUE,Title,Default Title,"9160000000014",0,,999,deny,manual,21.04,TRUE,TRUE,"https://cdn.shopify.com/s/files/1/0515/4589/9157/files/Numbzuin_No_4_Icy_Soothing_Sheet_Mask.png?v=1774281231"
"numbuzin-no-3-pore-reset-ampoule-25ml","numbuzin No.3 Pore Reset Ampoule (25ml)","<p>Unlock your skin\'s true potential with the numbuzin No.3 Pore Reset Ampoule (25ml). Numbuzin\'s numbered solutions offer targeted, high-performance care tailored for visible transformation. numbuzin No.3 Pore Reset Ampoule (25ml) – Premium K-Beauty product imported from South Korea.</p><h6>Ingredients</h6><p>Refer to product packaging for full ingredient list.</p>","numbuzin","Skincare","Imported, TSB, Teemdrop_Auto_Fulfill",TRUE,Title,Default Title,"9160000000015",0,,999,deny,manual,38.24,TRUE,TRUE,"https://cdn.shopify.com/s/files/1/0515/4589/9157/files/numbuzinNo.3PoreResetAmpoule_25ml.png?v=1773680985"
"numbuzin-no-2-rose-pdrn-overnight-collagen-mask","numbuzin No.2 Rose PDRN Overnight Collagen Mask","<p>Embrace customized skincare with the numbuzin No.2 Rose PDRN Overnight Collagen Mask. Numbuzin specializes in formulas that directly answer your skin\'s demands with concentrated efficacy. A color-changing 69% collagen mask that firms and volumizes overnight for a radiant, Korean glass-skin glow by morning. numbuzin No.</p><h6>Ingredients</h6><p>Water, Glycerin, Dipropylene Glycol, Niacinamide, Cetyl Ethylhexanoate, 1,2-Hexanediol, Caprylic/Capric Triglyceride, Ceratonia Siliqua (Carob) Gum, Chondrus Crispus, Chondrus Crispus Powder, Panthenol, Water, Betaine, Cellulose Gum, Butyrospermum Parkii (Shea) Butter, Sodium Polyacrylate, Jojoba Esters, Glyceryl Stearates, Potassium Chloride, Stearyl Alcohol, Cetyl Alcohol, Sorbitan Sesquioleate, Sucrose, Hydroxyacetophenone, Helianthus Annuus (Sunflower) Seed Wax, Sodium Stearoyl Glutamate, Trehalose, Adenosine, Caprylyl Glycol, Butylene Glycol, Collagen, Polyglyceryl-10 Oleate, Hydrogenated Polyisobutene, Pantolactone, Sodium DNA, Octyldodecanol, Polyglycerin-3, Hydrogenated Lecithin, Cyanocobalamin, Ethylhexylglycerin, Dipotassium Glycyrrhizate, Rosa Damascena Extract, Polylactic Acid, Polyglyceryl-10 Laurate, Hyaluronic Acid, Tocopherol, Silica, Tripeptide-1, Anemarrhena Asphodeloides Root Extract, Acetyl Tetrapeptide-2, Palmitoyl Pentapeptide-4, Palmitoyl Tripeptide-1, Hexapeptide-9, Hexapeptide-11, Copper Tripeptide-1, Acetyl Tetrapeptide-5, Palmitoyl Tripeptide-5, Disodium EDTA</p>","numbuzin","Skincare","Imported, TSB, Teemdrop_Auto_Fulfill",TRUE,Title,Default Title,"9160000000016",0,,999,deny,manual,21.04,TRUE,TRUE,"https://cdn.shopify.com/s/files/1/0515/4589/9157/files/Numbzuin_No_2_Rose_PDRN_Overnight_Mask.png?v=1774017702"
"numbuzin-no-1-pure-full-calming-herb-toner-300ml","numbuzin No.1 Pure-Full Calming Herb Toner (300ml)","<p>Embrace customized skincare with the numbuzin No.1 Pure-Full Calming Herb Toner (300ml). Numbuzin specializes in formulas that directly answer your skin\'s demands with concentrated efficacy. A calming and refreshing toner that soothes the skin and restores water-oil balance numbuzin No. 1 Pure-full Calming Toner is suitable for acne-prone skin as it helps address excess sebum and whiteheads.</p><h6>Ingredients</h6><p>Refer to product packaging for full ingredient list.</p>","numbuzin","Skincare","Imported, TSB, Teemdrop_Auto_Fulfill",TRUE,Title,Default Title,"9160000000017",0,,999,deny,manual,35.35,TRUE,TRUE,"https://cdn.shopify.com/s/files/1/0515/4589/9157/files/NUMBUZIN_No.1_Pure-full_Calming_Herb_Toner_Korean_face_toner__13438.1691316664.jpg?v=1718737182"
"numbuzin-no-9-nad-bio-lifting-sil-full-face-mask","numbuzin No.9 NAD Bio Lifting-sil Full Face Mask","<p>Unlock your skin\'s true potential with the numbuzin No.9 NAD Bio Lifting-sil Full Face Mask. Numbuzin\'s numbered solutions offer targeted, high-performance care tailored for visible transformation. Firming sheet mask with separate top and bottom pieces for different concerns. numbuzin No.</p><h6>Ingredients</h6><p>Water, Dipropylene Glycol, Cetyl Ethylhexanoate, Glycerin, Niacinamide, Polyglyceryl-10 Stearate, 1,2-Hexanediol, Hydrogenated Poly(C6-14 Olefin), Isopentyldiol, Glyceryl Stearate SE, Butylene Glycol, Neopentyl Glycol Diheptanoate, Carbomer, Arginine, Panthenol, Trehalose, Ethylhexylglycerin, Xanthan Gum, Adenosine, Sodium Polyacrylate, Disodium EDTA, Propanediol, Polylactic Acid, Polyglyceryl-10 Laurate, Saccharomyces/Silicon Ferment, Saccharomyces/Copper Ferment, Saccharomyces/Magnesium Ferment, Saccharomyces/Iron Ferment, Saccharomyces/Zinc Ferment, Polyglyceryl-6 Laurate, Caprylic/Capric Triglyceride, Hydrogenated Lecithin, Thioctic Acid, Hydrolyzed Collagen, Adenosine Triphosphate, Nicotinamide Adenine Dinucleotide, Resveratrol, Polyglyceryl-3 Methylglucose Distearate, Pullulan, Ubiquinone, Sodium Palmitoyl Sarcosinate, Astaxanthin, Pisum Sativum (Pea) Peptide, Acetyl Hexapeptide-8, Palmitoyl Pentapeptide-4, Palmitoyl Tripeptide-1, Copper Tripeptide-1, Hexapeptide-9, Nonapeptide-1, Tripeptide-1, Acetyl Tetrapeptide-5, Acetyl Tetrapeptide-9, Acetyl Tetrapeptide-2, Acetyl Octapeptide-3, Acetyl Hexapeptide-1, Acetyl Pentapeptide-1, Alanine/Histidine/Lysine Polypeptide Copper HCl, Acetyl Dipeptide-1 Cetyl Ester, Biotinoyl Tripeptide-1, Dipeptide-4, Hexapeptide-11, Hexapeptide-12, Myristoyl Pentapeptide-17, Myristoyl Hexapeptide-16, Myristoyl Pentapeptide-4, Nicotinoyl Tripeptide-1, Nonapeptide-7, Nicotinoyl Tripeptide-35, Nicotinoyl Dipeptide-26, Nicotinoyl Dipeptide-23, Octapeptide-2, Palmitoyl Tripeptide-5, Palmitoyl Hexapeptide-12, Pentapeptide-13, Palmitoyl Tetrapeptide-10, Palmitoyl Tripeptide-38, Palmitoyl Tripeptide-29, Palmitoyl Tripeptide-8, Tetrapeptide-44, Tetrapeptide-30, Tripeptide-10 Citrulline, Tripeptide-32, Tripeptide-29, Caprylyl Glycol, Dipeptide Diaminobutyroyl Benzylamide Diacetate, Arginine/Lysine Polypeptide, Dextran, Hydrolyzed Elastin, Soluble Collagen, Acetyl Tetrapeptide-3, Trifolium Pratense (Clover) Flower Extract, Glucose, Mannose, sh-Octapeptide-4, sh-Decapeptide-7, Collagen, Elastin, Glutathione, Palmitoyl Tetrapeptide-7, Oligopeptide-29, Oligopeptide-32, sr-(Oligopeptide-91 Clostridium Botulinum Polypeptide-1), sh-Polypeptide-22, sh-Oligopeptide-1, sh-Polypeptide-1, sh-Polypeptide-9, sh-Oligopeptide-2, sh-Polypeptide-11, sh-Polypeptide-3, sh-Polypeptide-16, sh-Polypeptide-62</p>","numbuzin","Skincare","Imported, TSB, Teemdrop_Auto_Fulfill",TRUE,Title,Default Title,"9160000000018",0,,999,deny,manual,21.04,TRUE,TRUE,"https://cdn.shopify.com/s/files/1/0515/4589/9157/files/Numbuzin_No_9_NMN_BIO.png?v=1759864174"
"numbuzin-no-8-glossy-essence-serum-50ml","numbuzin No.8 Glossy Essence Serum (50ml)","<p>Embrace customized skincare with the numbuzin No.8 Glossy Essence Serum (50ml). Numbuzin specializes in formulas that directly answer your skin\'s demands with concentrated efficacy. A boosting serum that contains carefully selected oriental herbal ingredients for radiance and glow Numbuzin No.8 Glossy Essence Serum is designed to target a myriad of skin concerns, from blemishes to dryness, with its blend of herbal ingredients.</p><h6>Ingredients</h6><p>Refer to product packaging for full ingredient list.</p>","numbuzin","Skincare","Imported, TSB, Teemdrop_Auto_Fulfill",TRUE,Title,Default Title,"9160000000019",0,,999,deny,manual,36.77,TRUE,TRUE,"https://cdn.shopify.com/s/files/1/0515/4589/9157/files/numbuzin_No.8_Glossy_Essence_Serum_50ml.png?v=1766300053"
"numbuzin-no-1-pantothenic-b5-active-soothing-cream-80ml","numbuzin No.1 Pantothenic B5 Active Soothing Cream (80ml)","<p>Unlock your skin\'s true potential with the numbuzin No.1 Pantothenic B5 Active Soothing Cream (80ml). Numbuzin\'s numbered solutions offer targeted, high-performance care tailored for visible transformation. A powerful soothing cream that calms and improves the overall skin condition. numbuzin No.</p><h6>Ingredients</h6><p>Water, Butylene Glycol, Glycerin, Niacinamide, Cetyl Ethylhexanoate, Dicaprylyl Carbonate, 1,2-Hexanediol, Pentylene Glycol, Vinyl Dimethicone, Centella Asiatica Extract, Chlorella Vulgaris Extract, Sophora Angustifolia Root Extract, Melia Azadirachta Leaf Extract, Melia Azadirachta Flower Extract, Coccinia Indica Fruit Extract, Ocimum Sanctum Leaf Extract, Curcuma Longa (Turmeric) Root Extract, Aloe Barbadensis Flower Extract, Solanum Melongena (Eggplant) Fruit Extract, Corallina Officinalis Extract, Camellia Sinensis Leaf Extract, Centella Asiatica Leaf Extract, Cladosiphon Okamuranus Extract, Salix Alba (Willow) Bark Extract, Houttuynia Cordata Extract, Coffea Arabica (Coffee) Seed Extract, Citrus Aurantium Bergamia (Bergamot) Leaf Extract, Pinus Densiflora Leaf Extract, Alpha-Arbutin, Argania Spinosa Kernel Oil, Sesamum Indicum (Sesame) Seed Oil, Serenoa Serrulata Fruit Extract, Glycyrrhiza Glabra (Licorice) Root Extract, Caprylyl Methicone, Erythritol, Panthenol, Hydroxyethyl Acrylate/Sodium Acryloyldimethyl Taurate Copolymer, Dimethiconol, Polymethylsilsesquioxane, Acrylates/C10-30 Alkyl Acrylate Crosspolymer, Glucose, Tromethamine, Silica, Fructooligosaccharides, Fructose, Ethylhexylglycerin, Sodium Phytate, Glyceryl Acrylate/Acrylic Acid Copolymer, Caprylic/Capric Triglyceride, Hydrogenated Lecithin, Tocopherol, Decyl Glucoside, Pantothenic Acid, Polyglyceryl-4 Caprate, Polyglyceryl-6 Caprylate, Zinc PCA, Methyl Diisopropyl Propionamide, Beta-Sitosterol, Xanthan Gum</p>","numbuzin","Skincare","Imported, TSB, Teemdrop_Auto_Fulfill",TRUE,Title,Default Title,"9160000000020",0,,999,deny,manual,38.24,TRUE,TRUE,"https://cdn.shopify.com/s/files/1/0515/4589/9157/files/numbuzin_No.1_Pantothenic_B5_Active_Soothing_Cream_80ml.png?v=1766300049"
"numbuzin-no-5-vitamin-boosting-essence-toner-200ml","numbuzin No.5 Vitamin Boosting Essence Toner (200ml)","<p>The numbuzin No.5 Vitamin Boosting Essence Toner (200ml) from Numbuzin delivers functional, premium ingredients meticulously blended to address texture, tone, and overall skin health. A gentle, revitalizing toner that boosts your skin’s supply of antioxidants numbuzin No.5 Vitamin Boosting Essence Toner helps vitalize and brighten your dull skin from tiredness via ingredients such as Arbutin, Bisabolol, Vitamin C and 50,000ppm Niacinamide.</p><h6>Ingredients</h6><p>Water, Dipropylene Glycol, Glycerin, Niacinamide,1,2-Hexanediol, Butylene Glycol, Polyglycerin-3, Hippophae Rhamnoides Water, Acrylates/C10-30 Alkyl Acrylate Crosspolymer, Tromethamine, Erythritol,Pentylene Glycol,3-O-Ethyl Ascorbic Acid, Ethylhexylglycerin, Polyglyceryl-4 Caprate, Adenosine, Glutathione, Hydrogenated Lecithin, Disodium EDTA, Madecassoside, Coptis Japonica Root Extract, Decyl Glucoside, Caprylyl Glycol, Ceramide NP, Ascorbic Acid, Bisabolol, Panthenol, Tocopherol, Arbutin, Acetyl Hexapeptide-8, Hexapeptide-9, Nonapeptide-1, Palmitoyl Pentapeptide-4, Palmitoyl Tripeptide-1, Palmitoyl Tetrapeptide-7.</p>","numbuzin","Skincare","Imported, TSB, Teemdrop_Auto_Fulfill",TRUE,Title,Default Title,"9160000000021",0,,999,deny,manual,33.93,TRUE,TRUE,"https://cdn.shopify.com/s/files/1/0515/4589/9157/files/numbuzin_No.5_Vitamin_Boosting_Essence_Toner_200ml.png?v=1766300052"
"numbuzin-no-1-easy-peasy-cleansing-oil-200ml","numbuzin No.1 Easy Peasy Cleansing Oil (200ml)","<p>The numbuzin No.1 Easy Peasy Cleansing Oil (200ml) from Numbuzin delivers functional, premium ingredients meticulously blended to address texture, tone, and overall skin health. A cleansing oil packed with antioxidant natural oils to dissolve impurities The numbuzin No..</p><h6>Ingredients</h6><p>Refer to product packaging for full ingredient list.</p>","numbuzin","Skincare","Imported, TSB, Teemdrop_Auto_Fulfill",TRUE,Title,Default Title,"9160000000022",0,,999,deny,manual,35.35,TRUE,TRUE,"https://cdn.shopify.com/s/files/1/0515/4589/9157/files/numbuzin_No.1_Easy_Peasy_Cleansing_Oil_200ml.png?v=1766300049"
"numbuzin-no-3-radiance-glowing-jumbo-essence-pad-70-pcs","numbuzin No.3 Radiance Glowing Jumbo Essence Pad (70 PCs)","<p>Unlock your skin\'s true potential with the numbuzin No.3 Radiance Glowing Jumbo Essence Pad (70 PCs). Numbuzin\'s numbered solutions offer targeted, high-performance care tailored for visible transformation. Revitalize dull and texture skin with these jumbo essence pads The numbuzin No.3 Radiance Glowing Jumbo Essence Pad boasts of 50 fermented ingredients used to nourish and clear up the complexion! It is infused with star ingredients such as gardenia and curcumin to target uneven skin tones and soothe breakouts.</p><h6>Ingredients</h6><p>Water, Dipropylene Glycol, Glycereth-26, 1,2-Hexanediol, Niacinamide, Butylene Glycol, Methyl Gluceth-20, Cetearyl Olivate, Sorbitan Olivate, Betaine, Polyglyceryl-10 Laurate, Adenosine, Spiraea Ulmaria Extract, Sodium Hyaluronate, Saccharomyces Ferment, Saccharomyces Ferment Filtrate, Schizosaccharomyces Ferment Filtrate, Aspergillus Ferment, Aspergillus/Glucose/Soybean/Starch Ferment Filtrate, Lactococ cus/Bean Seed Extract Ferment Filtrate, Lactobacillus/Rice Ferment, Chlorella Ferment, Lactobacillus/Algae Extract Ferment, Saccharomyces/Grape Ferment Extract, Lactobacillus/Pumpkin Ferment Extract, Lactobacillus/Soybean Ferment Extract, Lactobacillus/Soybean Extract Ferment Filtrate, Saccharomyces/Rice Ferment Filtrate, Saccharomyces/Barley Seed Ferment Filtrate, Saccharomyces/Calcium Ferment, Saccharomyces/Laminaria Saccharina Ferment, Saccharomyces/Potato Extract Ferment Filtrate, Lactobacillus/Eriodictyon Californicum Ferment Extract, Lactobacillus/Water Hyacinth Ferment, Lactobacillus/Rye Flour Ferment, Lactobacillus/Hibiscus Sabdariffa Flower Ferment Filtrate, Lactobacillus/Milk Ferment Filtrate, Lactobacillus/Ginseng Root Ferment Filtrate, Lactobacillus/Acerola Cherry Ferment, Lactobacillus Ferment, Lactobacillus Ferment Lysate Filtrate, Lactococcus/Milk Ferment Lysate, Lactococcus Ferment, Lactococcus Ferment Extract, Lac tococcus Ferment Lysate, Streptococcus Thermophilus Ferment, Aureobasidium Pullulans Ferment Filtrate, Bifida Ferment Filtrate, Bifida Ferment Extract, Leuconostoc/Radish Root Ferment Filtrate, Lactobacillus/Wasabia Japonica Root Ferment Extract, Lactobacillus/Punica Granatum Fruit Ferment Extract, Bacillus/Glutamic Acid Ferment Filtrate, Bacillus/Rice Bran Extract/Soybean Extract Ferment Filtrate, Monascus/Rice Ferment, Saccharomyces/Rice Bran Ferment Filtrate Extract , Saccharomyces/Rice Bran Ferment, Lactobacillus/Pear Juice Ferment Filtrate, Pichia Ferment Lysate Filtrate, Alteromonas Ferment Extract, Saccharomyces/Coix Lacryma-Jobi Ma-Yuen Seed Ferment Filtrate, Saccharomyces/Soy Protein Ferment, Sphingomonas Ferment Extract, Saccharomyces/Malachite Ferment, Tetrahydrocurcumin, Gardenia Florida Fruit Extract, Polyquaternium-51, Dextrin, Acry. lates/C10-30 Alkyl Acrylate Crosspolymer, Tromethamine, Hydroxyethylcellulose, Pelargonium Graveolens Flower Oil, Citronellol.</p>","numbuzin","Skincare","Imported, TSB, Teemdrop_Auto_Fulfill",TRUE,Title,Default Title,"9160000000023",0,,999,deny,manual,33.93,TRUE,TRUE,"https://cdn.shopify.com/s/files/1/0515/4589/9157/files/numbuzin_No.3_Radiance_Glowing_Jumbo_Essence_Pad_70_PCs_4ef3a0f4-c6eb-42e9-9ff1-d00d5a2b1ec2.png?v=1771868936"
"numbuzin-no-5-vitamin-niacinamide-concentrated-pads-70pcs","numbuzin No.5+ Vitamin Niacinamide Concentrated Pads (70pcs)","<p>Unlock your skin\'s true potential with the numbuzin No.5+ Vitamin Niacinamide Concentrated Pads (70pcs). Numbuzin\'s numbered solutions offer targeted, high-performance care tailored for visible transformation. Concentrated jelly pads to target old freckles, acne scars, hyperpigmentation and UV damage! numbuzin No.5+ Vitamin Niacinamide Concentrated Pads are dual-sided brightening pads with a cotton gauze side and a firm jelly side that is infused with essence.</p><h6>Ingredients</h6><p>Water, Niacinamide, Dipropylene Glycol, Glycerin, Propanediol, Butylene Glycol, Hydroxyethyl Urea, Diethoxyethyl Succinate, Hydroxyacetophenone, Caprylyl Glycol, Polyglyceryl-10 Laurate, Betaine, Panthenol, Ethylhexylglycerin, Gluconolactone, Sodium Polyacrylate, Ammonium Acryloyldime thyltaurate/VP Copolymer, Sodium Citrate, Citric Acid, Maltodextrin, 1,2-Hexanediol, Gardenia Florida Fruit Extract, Dipotassium Glycyrrhizate, Sodium Hyaluronate, Ascorbic Acid, Pantolactone, Tocopherol, Capryloyl Salicylic Acid, Tranexamic Acid, Tremella Fuciformis (Mushroom) Extract, Aprylic/Capric Triglyceride, Ascorbyl Glucoside, Ubiquinone, Hydrogenated Lecithin, Magnesium Chloride, Alcohol, Glutathione, Polysorbate 80, Calcium Gluconate, Pyridoxine HCl, BHT, Yeast Extract, Cyanocobalamin, Disodium EDTA</p>","numbuzin","Skincare","Imported, TSB, Teemdrop_Auto_Fulfill",TRUE,Title,Default Title,"9160000000024",0,,999,deny,manual,35.35,TRUE,TRUE,"https://cdn.shopify.com/s/files/1/0515/4589/9157/files/numbuzin_No.5_Vitamin_Niacinamide_Concentrated_Pads_70pcs.png?v=1766300052"
"numbuzin-no-5-glutathione-vitamin-concentrated-serum-30ml","numbuzin No.5+ Glutathione Vitamin Concentrated Serum (30ml)","<p>Unlock your skin\'s true potential with the numbuzin No.5+ Glutathione Vitamin Concentrated Serum (30ml). Numbuzin\'s numbered solutions offer targeted, high-performance care tailored for visible transformation. Say goodbye to old freckles, acne scars, hyperpigmentation and UV damage! numbuzin No.5+ Vitamin Concentrated Serum is a highly effective vitamin brightening serum featuring key ingredients like glutathione, niacinamide, alpha-arbutin, and tranexamic acid.</p><h6>Ingredients</h6><p>Refer to product packaging for full ingredient list.</p>","numbuzin","Skincare","Imported, TSB, Teemdrop_Auto_Fulfill",TRUE,Title,Default Title,"9160000000025",0,,999,deny,manual,35.35,TRUE,TRUE,"https://cdn.shopify.com/s/files/1/0515/4589/9157/files/Numbuzin_5_Glutathione_Vitamin_Concentrated_Serum.png?v=1770145465"
"numbuzin-no-5-goodbye-blemish-serum-50ml","numbuzin No.5 Goodbye Blemish Serum (50ml)","<p>Unlock your skin\'s true potential with the numbuzin No.5 Goodbye Blemish Serum (50ml). Numbuzin\'s numbered solutions offer targeted, high-performance care tailored for visible transformation. A brightening serum that promotes a youthful appearance. numbuzin No.</p><h6>Ingredients</h6><p>Water, Hydrolyzed Jojoba Esters, Disodium EDTA, Citral, Limonene.</p>","numbuzin","Skincare","Imported, TSB, Teemdrop_Auto_Fulfill",TRUE,Title,Default Title,"9160000000026",0,,999,deny,manual,36.77,TRUE,TRUE,"https://cdn.shopify.com/s/files/1/0515/4589/9157/files/numbuzin_No.5_Goodbye_Blemish_Serum_50ml.png?v=1771868171"
"numbuzin-no-3-skin-softening-serum-50ml","numbuzin No.3 Skin Softening Serum (50ml)","<p>Embrace customized skincare with the numbuzin No.3 Skin Softening Serum (50ml). Numbuzin specializes in formulas that directly answer your skin\'s demands with concentrated efficacy. A softening serum for rough skin texture, formulated with a variety of fermented ingredients. numbuzin No.</p><h6>Ingredients</h6><p>Water, Niacinamide, PEG-90, 1,2-Hexanediol, Glycerin, Squalane, Alteromonas Ferment Extract, Silk Extract, Goat Milk Extract, Sodium Hyaluronate, Panthenol, Adenosine, Glycereth-26, Xanthan Gum, Polyglyceryl-3 Distearate, Glyceryl Stearate SE, Glyceryl Stearate Citrate, Polyglyceryl-3 Methylglucose Distearate, Carbomer, Tromethamine, Ethylhexylglycerin, Caprylyl Glycol, Tropolone, Disodium EDTA.</p>","numbuzin","Skincare","Imported, TSB, Teemdrop_Auto_Fulfill",TRUE,Title,Default Title,"9160000000027",0,,999,deny,manual,33.09,TRUE,TRUE,"https://cdn.shopify.com/s/files/1/0515/4589/9157/files/numbuzin_No.3_Skin_Softening_Serum_50ml_59849d83-971c-4c85-b34c-09cddb0d268b.png?v=1771868001"
"nuse-mousse-care-cheek-handy-10g","nuse Mousse Care Cheek Handy (10g)","<p>Liquid blush with blurring effect that blends and hides skin imperfections. Nuse Mousse Care Cheek is a hydrating blush with a wide range of colors to complement any skin tone. It's feather-light gel texture applies effortlessly, creating a diffused finish that softens texture and discoloration while preserving your skin's natural radiance. With its buildable formula, you can increase the intensity without worrying about clumping or uneven application. Infused with ectoine and Black Cica Complex, this also acts as your skincare to actively soothe and plump skin while boosting moisture and elasticity. As a bonus, you can mix blush colors with shade 00 Up to soften and lighten a color or shade 99 to mute and darken the tone. Features Blurs pores, bumps and flaky skin Natural, buildable flush with no clumping Silky gel texture that blends effortlessly Smaller, travel friendly packaging Available in shades 00 and 99 to tone up or down your shades Vegan certified Skin Types All skin types Made In KOREA How to use Pump a small amount and blend onto palm Use remaining product on fingers to gently tap along cheeks and nose. Key Ingredients Black Cica Complex (Black Willow Tree extract, Cica, Centella Asiatica, 6-Cica Complex): skin calming effect and skin strengthening Ectoine: protect and retain moisture Vegan Cruelty Free Mineral Oil Free Paraben-Free</p><h6>Ingredients</h6><p>Full list of ingredients Water, Cyclopentasiloxane, Isododecane, Nylon-12, Silica, Alcohol Denat., Dimethicone, Trimethylsiloxysilicate, Mica (CI 77019), Pentylene Glycol, Polysilicone-11, Butylene Glycol, Glycerin, Isononyl Isononanoate, Niacinamide, Cetyl PEG/PPG-10/1 Dimethicone, Polyglyceryl-4 Isostearate, Magnesium Sulfate, PEG-10 Dimethicone, Disteardimonium Hectorite, Red 30 (CI 73360), Copernicia Cerifera (Carnauba) Wax, Ultramarines (CI 77007), Triethoxycaprylylsilane, Titanium Dioxide (CI 77891), Adenosine, Trisodium Ethylenediamine Disuccinate, Iron Oxides (CI 77491), Iron Oxides (CI 77492), Iron Oxides (CI 77499), Aluminum Hydroxide, Ectoin, Madecassoside, Asiaticoside, Madecassic Acid, Salix Nigra (Willow) Bark Extract, Asiatic Acid, Centella Asiatica Leaf Extract, Centella Asiatica Extract This list of ingredients represents all variants of this product. Actual ingredients in a given product option may vary from this list. May contain additional ingredients. Ingredients may change at manufacturer's discretion. For the most accurate and up-to-date ingredients list, please refer to the product packaging.</p>","nuse","Makeup","Imported, TSB, Teemdrop_Auto_Fulfill",TRUE,Title,Default Title,"9098300457196",0,,999,deny,manual,12.94,TRUE,TRUE,"https://cdn.shopify.com/s/files/1/0515/4589/9157/files/NuseMousseCareCheekHandy.png?v=1768320551"
"nuse-mousse-care-cheek-16ml","nuse Mousse Care Cheek (16ml)","<p>Liquid blush with blurring effect that blends and hides skin imperfections. Nuse Mousse Care Cheek is a hydrating blush with a wide range of colors to complement any skin tone. It's feather-light gel texture applies effortlessly, creating a diffused finish that softens texture and discoloration while preserving your skin's natural radiance. With its buildable formula, you can increase the intensity without worrying about clumping or uneven application. Infused with ectoine and Black Cica Complex, this also acts as your skincare to actively soothe and plump skin while boosting moisture and elasticity. Features Blurs pores, bumps and flaky skin Natural, buildable flush with no clumping Silky gel texture that blends effortlessly Vegan certified Skin Types All skin types Made In KOREA How to use Pump a small amount and blend onto palm Use remaining product on fingers to gently tap along cheeks and nose. Key Ingredients Black Cica Complex (Black Willow Tree extract, Cica, Centella Asiatica, 6-Cica Complex): skin calming effect and skin strengthening Ectoine: protect and retain moisture Ingredient Highlights Vegan Cruelty Free Mineral Oil Free Paraben-Free</p><h6>Ingredients</h6><p>Full list of ingredients Water, Cyclopentasiloxane, Isododecane, Nylon-12, Silica, Alcohol Denat., Dimethicone, Trimethylsiloxysilicate, Mica (CI 77019), Pentylene Glycol, Polysilicone-11, Butylene Glycol, Glycerin, Isononyl Isononanoate, Niacinamide, Cetyl PEG/PPG-10/1 Dimethicone, Polyglyceryl-4 Isostearate, Magnesium Sulfate, PEG-10 Dimethicone, Disteardimonium Hectorite, Red 30 (CI 73360), Copernicia Cerifera (Carnauba) Wax, Ultramarines (CI 77007), Triethoxycaprylylsilane, Titanium Dioxide (CI 77891), Adenosine, Trisodium Ethylenediamine Disuccinate, Iron Oxides (CI 77491), Iron Oxides (CI 77492), Iron Oxides (CI 77499), Aluminum Hydroxide, Ectoin, Madecassoside, Asiaticoside, Madecassic Acid, Salix Nigra (Willow) Bark Extract, Asiatic Acid, Centella Asiatica Leaf Extract, Centella Asiatica Extract This list of ingredients represents all variants of this product. Actual ingredients in a given product option may vary from this list. May contain additional ingredients. Ingredients may change at manufacturer's discretion. For the most accurate and up-to-date ingredients list, please refer to the product packaging.</p>","nuse","Makeup","Imported, TSB, Teemdrop_Auto_Fulfill",TRUE,Title,Default Title,"9098301997292",0,,999,deny,manual,18.94,TRUE,TRUE,"https://cdn.shopify.com/s/files/1/0515/4589/9157/files/Nuse_Mousse_Care_Cheek_7fcbd099-1a60-4a2b-926f-75d68fcb3d34.png?v=1768276921"
"nuse-liquid-care-cheek-16ml","nuse Liquid Care Cheek (16ml)","<p>Moisturizing and glowy cream blush with skincare benefits. nuse Liquid Care Cheek merges radiant cheek color with advanced skincare. Infused with alpha-bisabolol to minimize melanin production and visibly reduce pigmentation, this liquid cheek simother leading brandsneously targets fine lines through adenosine-stimulated collagen synthesis. The signature cactus fruit cochineal complex—featuring 73% Opuntia Coccinellifera Fruit water essence and 11-layer hyaluronic acid—delivers intense, lasting hydration while calming skin irritation. Available in a variety of lively shades that are natural and buildable, this blush will give your complexion a healthy flush and glow while also caring for your skin. Features Hydrating and creamy liquid blush Clear, dewy finish with vibrant glow Water-oil emulsion texture for deep hydration and glow Brightens, moisturizes and prevents wrinkles Skin Types All skin types Made In KOREA How to use Dispense a small amount and tap gently onto cheeks Key Ingredients Cochineal Complex: deeply hydrate and maintain moisture Alpha-Bisabolol: reduce pigmentation Ingredient Highlights Cruelty Free Vegan Mineral Oil Free Paraben-Free Alcohol-Free Sulfate-Free</p><h6>Ingredients</h6><p>Full list of ingredients Water, Hydrogenated Polyisobutene, Glycerin, Butylene Glycol, Propanediol, Polyglyceryl-2 Triisostearate, Polysorbate 80, 1,2-Hexanediol, Titanium Dioxide, Sodium Acrylate/Sodium Acryloyldimethyl Taurate Copolymer, Isohexadecane, (-)-alpha-bisabolol Iron Oxide Black, Iron Oxide Red PEG-10 Dimethicone, Ethylhexylglycerin, Fragrance, Iron Oxide Yellow, Sorbitan Oleate, PEG-240/HDI Copolymer Bis-Decyltetradeceth-20 Ether, Triethoxycaprylylsilane, Adenosine, Aluminum Hydroxide, Lithol Rubine BCA, Linalool, Opuntia Coccinellifera Fruit Extract, Hydrolyzed Sodium Hyaluronate, Sodium Hyaluronate, Rosa Damascena Flower Water, Tocopherol, Potassium Laurate, Sodium Hyaluronate Crosspolymer, Potassium Hyaluronate, Hydroxypropyltrimonium Hyaluronate, Hydrolyzed Hyaluronic Acid, Hyaluronic Acid, Sodium Acetylated Hyaluronate This list of ingredients represents all variants of this product. Actual ingredients in a given product option may vary from this list. May contain additional ingredients. Ingredients may change at manufacturer's discretion. For the most accurate and up-to-date ingredients list, please refer to the product packaging.</p>","nuse","Makeup","Imported, TSB, Teemdrop_Auto_Fulfill",TRUE,Title,Default Title,"9098299801836",0,,999,deny,manual,18.94,TRUE,TRUE,"https://cdn.shopify.com/s/files/1/0515/4589/9157/files/Nuse_Liquid_Care_Cheek.png?v=1768337382"
"nuse-color-care-lip-balm-4-3g","nuse Color Care Lip Balm (4.3g)","<p>Hydrate and reduce fine lines with an oil balm in natural shades. nuse Color Care Lip Balm is enriched with ceramide and a potent blend of 11 hyaluronic acid types. This lightweight balm delivers intense hydration while strengthening your lip barrier to minimize fine lines. The opuntia coccinellifera fruit extract works synergistically to lock in moisture throughout the day. Hypoallergenic and cruelty-free, this nourishing balm glides on effortlessly without residue, making it the perfect addition to your daily beauty ritual. Features 50% naturally derived oils Smooth and lightweight texture Fills fine lines and strengthens skin barrier Natural healthy shades to complement complexion Skin Types All skin types Made In KOREA How to use Apply appropriate amount to lips Key Ingredients Ceramides: prevents moisture loss Cochineal Complex: locks in deep hydration Ingredient Highlights Cruelty Free Vegan Mineral Oil Free Paraben-Free Alcohol-Free Silicone-Free</p><h6>Ingredients</h6><p>Full list of ingredients Polyglyceryl-2 Triisostearate, Bis-Behenyl/Isostearyl/Phytosteryl Dimer Dilinoleyl Dimer Dilinoleate, Hydrogenated Polyisobutene, Synthetic Wax, Octyldodecanol, Propylene Glycol Dibenzoate, Glycerin, Ethylhexyl Hydroxystearate, Simmondsia Chinensis (Jojoba) Seed Oil, Paraffin, 1,2-Hexanediol, Sorbitan Isostearate, Ricinus Communis (Castor) Seed Oil, Disteardimonium Hectorite, Butyrospermum Parkii (Shea) Butter, Punica Granatum Flower Extract, Microcrystalline Wax, Tocopheryl Acetate, Propylene Carbonate, Polyglyceryl-3 Diisostearate, Ceramide NP, Fragrance, Sorbitan Olivate, Phytosphingosine, Titanium Dioxide, Sodium Hyaluronate, Brilliant Blue FCF, Limonene, Linalool, Benzyl Salicylate, Phloxine B Hydroxycitronellal, Hexyl Cinnamal, Water, Geraniol, Citronellol, Caproic Acid, Triethoxycaprylylsilane, Aluminum Hydroxide, Sunset Yellow FCF, Tartrazine, Opuntia Coccinellifera Fruit Extract, Hydrolyzed Sodium Hyaluronate, Rosa Damascena Flower Water, Sodium Hyaluronate Crosspolymer, Potassium Hyaluronate, Hydroxypropyltrimonium Hyaluronate, Hydrolyzed Hyaluronic Acid, Hyaluronic Acid, Sodium Acetylated Hyaluronate This list of ingredients represents all variants of this product. Actual ingredients in a given product option may vary from this list. May contain additional ingredients. Ingredients may change at manufacturer's discretion. For the most accurate and up-to-date ingredients list, please refer to the product packaging.</p>","nuse","Lip Care","Imported, TSB, Teemdrop_Auto_Fulfill",TRUE,Title,Default Title,"9098217750764",0,,999,deny,manual,15.94,TRUE,TRUE,"https://cdn.shopify.com/s/files/1/0515/4589/9157/files/Nuse_color_care_balm.png?v=1768500974"
"nuse-mousse-liptual-4-5g","nuse Mousse Liptual (4.5g)","<p>Discover this amazing product at The Skin Boutique.</p><h6>Ingredients</h6><p>Refer to product packaging.</p>","nuse","Lip Care","Imported, TSB, Teemdrop_Auto_Fulfill",TRUE,Title,Default Title,"9098216669420",0,,999,deny,manual,17.94,TRUE,TRUE,"https://cdn.shopify.com/s/files/1/0515/4589/9157/files/NuseMousseLiptual.png?v=1768848376"
"nuse-care-liptual-4-5g","nuse Care Liptual (4.5g)","<p>Discover this amazing product at The Skin Boutique.</p><h6>Ingredients</h6><p>Refer to product packaging.</p>","nuse","Lip Care","Imported, TSB, Teemdrop_Auto_Fulfill",TRUE,Title,Default Title,"9098203889900",0,,999,deny,manual,17.94,TRUE,TRUE,"https://cdn.shopify.com/s/files/1/0515/4589/9157/files/NuseCareLiptual.png?v=1768851318"
"nuse-reju-lip-gloss-10-5g","nuse Reju Lip Gloss (10.5g)","<p>PDRN infused lip gloss for plump and hydrated lips. Nuse Reju Lip Gloss is expertly formulated with PDRN technology to transform dry, tired lips. This innovative gloss features moisture-rich capsules that melt into the lips, delivering intensive hydration while creating a coveted glass-like shine. The exclusive Reju Complex works to rejuvenate and smooth lip texture, keeping lips visibly fuller and more supple throughout the day. The precision round applicator ensures flawless, even coverage every time. Features PDRN infused lip gloss Hydrates and plumps lips deeply Dewy finish with natural colors Skin Types All skin types Made In KOREA How to use Use the applicator to apply one thin layer of product all over the lips. Ingredient Highlights Cruelty Free Mineral Oil Free Paraben-Free Alcohol-Free Silicone-Free</p><h6>Ingredients</h6><p>Full list of ingredients Polyglyceryl-2 Triisostearate, Caprylic/Capric Triglyceride, Bis-Diglyceryl Polyacyladipate-2, Polyglyceryl-2 Isostearate/Dimer Dilinoleate Copolymer, Hydrogenated Castor Oil/Sebacic Acid Copolymer, Castor Oil/IPDI Copolymer, Silica Dimethyl Silylate, Glycerin, Dipropylene Glycol, Water, Glyceryl Caprylate, Caprylyl Glycol, Polyglyceryl-10 Oleate, Titanium Dioxide (CI 77891), Hydrogenated Lecithin, Ethylhexylglycerin, Iron Oxide Yellow (CI 77492), Fragrance, Red 7 Lake (CI 15850:1), Adenosine, Iron Oxide Red (CI 77491), Iron Oxide Black (CI 77499), Hydrolyzed Collagen, Hyaluronic Acid, 1,2-Hexanediol, Sodium DNA, Hydrogenated Polyisobutene, Anemarrhena Asphodeloides Root Extract This list of ingredients represents all variants of this product. Actual ingredients in a given product option may vary from this list. May contain additional ingredients. Ingredients may change at manufacturer's discretion. For the most accurate and up-to-date ingredients list, please refer to the product packaging.</p>","nuse","Lip Care","Imported, TSB, Teemdrop_Auto_Fulfill",TRUE,Title,Default Title,"9098309370092",0,,999,deny,manual,15.94,TRUE,TRUE,"https://cdn.shopify.com/s/files/1/0515/4589/9157/files/Nuse_Reju_Lip_Gloss.png?v=1767800024"
"nuse-care-tone-up-handy-20ml","nuse Care Tone-Up Handy (20ml)","<p>Moisturizing, tone-up cream that feels like skincare. nuse Care Tone-Up Handy is a light, vegan skin tone-up cream that feels like skincare. It features moisturizing panthenol and nourishing Cochineallifera Complex while also providing broad SPF50+ PA+++ sun protection. Use alone or under makeup to brighten and even skin tone while also taking care of your skin. Features SPF 50+ PA+++ sun protection Vegan and hypoallergenic certified Moisturizes and strengthens skin barrier Brightens complexion and evens out skin tone Skin Types Suitable for all skin types, including sensitive skin Made In KOREA How to use Start with clean, moisturized skin. Apply a small amount of primer to your face and smooth it out evenly for the perfect make up base Once dry, start applying your make up Key Ingredients Niosome Panthenol : restore your skin with deep moisture, prevent dehydration while calming skin Cochineallifera Complex : nourishes skin and strengthens skin barrier Ingredient Highlights Vegan Mineral Oil Free Paraben-Free Alcohol-Free</p><h6>Ingredients</h6><p>Full list of ingredients Water, Glycerin, Methyl Trimethicone, Octyldodecyl Stearoyl Stearate, Pentaerythrityl Stearate/Caprate/Caprylate/Adipate, Titanium Dioxide (CI 77891), Hydrogenated Polydecene, Pentylene Glycol, 1,2-Hexanediol, Hydrogenated Olive Oil, Olea Europaea (Olive) Fruit Oil, Olea Europaea (Olive) Oil Unsaponifiables, Opuntia Coccinellifera Fruit Extract, Sodium Hyaluronate, Chitosan, Hydrolyzed Hyaluronic Acid, Hyaluronic Acid, Polymethylsilsesquioxane, Trimethylsiloxysilicate, Ammonium Acryloyldimethyltaurate/VP Copolymer, Betaine, Bisabolol, Isododecane, Potassium Cetyl Phosphate, Hydroxyethyl Acrylate/Sodium Acryloyldimethyl Taurate Copolymer, Silica, Sorbitan Sesquioleate, Panthenol, Glyceryl Caprylate, C12-20 Alkyl Glucoside, Aluminum Hydroxide, Sodium Acrylate/Sodium Acryloyldimethyl Taurate Copolymer, Polyisobutene, Triethoxycaprylylsilane, Adenosine, Trisodium Ethylenediamine Disuccinate, Caprylyl/Capryl Glucoside, Sorbitan Oleate, Beta-Glucan, Butylene Glycol, Dipropylene Glycol, Propanediol, Hydrogenated Lecithin, Cholesterol, Benzyl Glycol, Hydrolyzed Glycosaminoglycans, Ceramide NP, Hydroxypropyltrimonium Hyaluronate, Sodium Hyaluronate Crosspolymer, Ethylhexylglycerin, Sodium Acetylated Hyaluronate, Hydrolyzed Sodium Hyaluronate, Potassium Hyaluronate, C14-22 Alcohols, Cetearyl Alcohol, Fragrance, Alpha-Isomethyl Ionone, Linalool This list of ingredients represents all variants of this product. Actual ingredients in a given product option may vary from this list. May contain additional ingredients. Ingredients may change at manufacturer's discretion. For the most accurate and up-to-date ingredients list, please refer to the product packaging.</p>","nuse","Makeup","Imported, TSB, Teemdrop_Auto_Fulfill",TRUE,Title,Default Title,"9098308485356",0,,999,deny,manual,17.94,TRUE,TRUE,"https://cdn.shopify.com/s/files/1/0515/4589/9157/files/Nuse_Care_Tone-Up_Milk.png?v=1767718849"
"nuse-care-tone-up-30ml","nuse Care Tone-Up (30ml)","<p>Moisturizing, tone-up cream that feels like skincare. nuse Care Tone-Up Handy is a light, vegan skin tone-up cream that feels like skincare. It features moisturizing panthenol and nourishing Cochineal Complex while also providing broad SPF50+ PA++++ sun protection (for shade 01 and 02 only). Use alone or under makeup to brighten and even skin tone while also taking care of your skin. Shades: 01 Peach (PF 50+ PA++++): to correct dull complexion 02 Ivory (SPF 50+ PA++++): to correct pale skin tone 03 Mint (no SPF): to soothe blemishes and redness 04 Milk (no SPF): for any skin tone Features SPF 50+ PA+++ sun protection (Only shades 01 &amp; 02) Vegan and hypoallergenic certified Moisturizes and strengthens skin barrier Brightens complexion and evens out skin tone Skin Types Suitable for all skin types, including sensitive skin Made In KOREA How to use Start with clean, moisturized skin. Apply a small amount of primer to your face and smooth it out evenly for the perfect make up base Once dry, start applying your make up Key Ingredients Niosome Panthenol : restore your skin with deep moisture, prevent dehydration while calming skin Cochineallifera Complex : nourishes skin and strengthens skin barrier Ingredient Highlights Vegan Mineral Oil Free Paraben-Free Alcohol-Free</p><h6>Ingredients</h6><p>Full list of ingredients Water, Glycerin, Methyl Trimethicone, Octyldodecyl Stearoyl Stearate, Pentaerythrityl Stearate/Caprate/Caprylate/Adipate, Titanium Dioxide (CI 77891), Hydrogenated Polydecene, Pentylene Glycol, 1,2-Hexanediol, Hydrogenated Olive Oil, Olea Europaea (Olive) Fruit Oil, Olea Europaea (Olive) Oil Unsaponifiables, Opuntia Coccinellifera Fruit Extract, Sodium Hyaluronate, Chitosan, Hydrolyzed Hyaluronic Acid, Hyaluronic Acid, Polymethylsilsesquioxane, Trimethylsiloxysilicate, Ammonium Acryloyldimethyltaurate/VP Copolymer, Betaine, Bisabolol, Isododecane, Potassium Cetyl Phosphate, Hydroxyethyl Acrylate/Sodium Acryloyldimethyl Taurate Copolymer, Silica, Sorbitan Sesquioleate, Panthenol, Glyceryl Caprylate, C12-20 Alkyl Glucoside, Aluminum Hydroxide, Sodium Acrylate/Sodium Acryloyldimethyl Taurate Copolymer, Polyisobutene, Triethoxycaprylylsilane, Adenosine, Trisodium Ethylenediamine Disuccinate, Caprylyl/Capryl Glucoside, Sorbitan Oleate, Beta-Glucan, Butylene Glycol, Dipropylene Glycol, Propanediol, Hydrogenated Lecithin, Cholesterol, Benzyl Glycol, Hydrolyzed Glycosaminoglycans, Ceramide NP, Hydroxypropyltrimonium Hyaluronate, Sodium Hyaluronate Crosspolymer, Ethylhexylglycerin, Sodium Acetylated Hyaluronate, Hydrolyzed Sodium Hyaluronate, Potassium Hyaluronate, C14-22 Alcohols, Cetearyl Alcohol, Fragrance, Alpha-Isomethyl Ionone, Linalool This list of ingredients represents all variants of this product. Actual ingredients in a given product option may vary from this list. May contain additional ingredients. Ingredients may change at manufacturer's discretion. For the most accurate and up-to-date ingredients list, please refer to the product packaging.</p>","nuse","Makeup","Imported, TSB, Teemdrop_Auto_Fulfill",TRUE,Title,Default Title,"9098306683116",0,,999,deny,manual,20.93,TRUE,TRUE,"https://cdn.shopify.com/s/files/1/0515/4589/9157/files/Nuse_Care_Tone-Up_Peach.png?v=1767720705"
"off-relax-spa-hair-mask-150g","OFF & RELAX SPA Hair Mask (150g)","<p>A Japanese hair mask developed with a focus on beautiful hair through caring for the scalp and hair. As a weekly addition to everyday haircare, this mask repairs damage from heat and colouring, making hair moist and glossy. For those who are worried about dry hair, split ends, and lack of gloss. I t contains hot spring water from 3 different locations in Japan. The mineral components contained in the hot spring water gently cleanse the scalp, focusing on scalp troubles. In addition, amino acids and domestic botanical essence are incorporated to achieve both hair repair and scalp care, resulting in a healthy scalp and beautiful hair. Moisturizes the scalp and leads to shiny and moist hair. The scent is an original pomegranate and cedar wood scent, wrapped in a mellow and luxurious perfume. Features Fragrance of pomegranate and cedar wood Contains hot spring water and amino acids Derivatives that moisturize the scalp and hair Repairs damage from heat and colouring, Hair Concern Dry Hair Damaged Hair Dry Scalp Split Ends Hair Type Recommended for normal to medium thick hair. Made In JAPAN 🇯🇵 How to use 1. After shampooing, lightly get rid of excess water by ringing out your hair. 2. Take an appropriate amount of product and apply it from the tips of the hair to the scalp. 3. Leave the product on for 2 - 3 minutes, then rinse with warm water. 4. Use 1 - 2 times a week. Ingredient highlights Paraben-Free Alcohol-Free Mineral Oil Free Sulfate-Free</p><h6>Ingredients</h6><p>Full list of ingredients Water, stearyl alcohol, amodimethicone, stearoxypropyltrimonium chloride, cetanol, hot spring water, saccharomyces / rice fermented liquid, sake lees extract, tea leaf extract, sembly extract, magwa root bark extract, chamomile flower extract, honey, hydrolyzed corn starch , Dilauroyl glutamate lysine Na, glycyrrhizinate 2K, propanediol, PPG-34, BG, behenamide propyldimethylamine, hydroxyethyl cellulose, fragrance, lactic acid, EDTA-2Na, benzyl alcohol, phenoxyethanol</p>","OFF & RELAX","Hair Care","Imported, TSB, Teemdrop_Auto_Fulfill",TRUE,Title,Default Title,"7693727826156",0,,999,deny,manual,22.99,TRUE,TRUE,"https://cdn.shopify.com/s/files/1/0515/4589/9157/files/OFF_RELAX_SPA_Hair_Mask_150g.png?v=1766301500"
"off-relax-2-0-spa-treatment-fluffy-refresh-460ml","OFF & RELAX 2.0 Spa Treatment Fluffy Refresh (460ml)","<p>Renewed formula focusing on scalp health and lightweight, shiny volume. OFF &amp; RELAX 2.0 Spa Shampoo Fluffy Refresh is a renewal from its 2020 Refresh formulation to further enhance softness and volume . A curated blend of five premium hot spring waters—including new additions from Yugawara and Sakakibara—strengthens both cleansing and hydration while nurturing scalp health. With newly added Hokkaido-grown Job’s Tears (Coix seed) extract, this helps target scalp odor while also promoting a healthier scalp microbiome. The innovative See-Fly formula wraps each strand in weightless moisture and increases softness by 15-30% for airy, lightweight hair. Eco-conscious packaging reduces plastic by 64%, while tactile design ensures easy identification. Features Fragrance of Cassis &amp; Muguet Blend of Japanese hot spring waters Hydrates and nurtures hair and scalp health Promotes fluffy, light and soft hair Address scalp odor Hair Concern Flat Hair Made In JAPAN 🇯🇵 How to use 1. Wet your hair and scalp thoroughly. 2. Dispense about a dollar sized amount, and massage into the head. 3. Then rinse well. 4. Follow Up with the OFF &amp; RELAX 2.0 Spa Treatment Fluffy Refresh. Ingredient highlights Sulfate-Free Paraben-Free Sulfate-Free Mineral Oil Free</p><h6>Ingredients</h6><p>Full list of ingredients Water (Aqua), Stearyl Alcohol, Amodimethicone, Stearoxypropyl Dimethyl Ammonium Chloride, Cetearyl Alcohol, Hot Spring Water, Hydrolyzed Corn Starch, Saccharomyces/Rice Ferment Filtrate, PPG-9 Diglyceryl Ether, Coix Lacryma-Jobi Ma-Yuen Seed Extract (Job’s Tears Seed Extract), Sodium Dilauroyl Glutamate Lysine, Hydrolyzed Rice Protein, Swertia Japonica Extract, Propanediol, Sake Lees Extract, Prunus Mume (Japanese Plum) Fruit Extract, Porphyra Yezoensis (Susabinori) Extract, Camellia Sinensis (Tea) Leaf Extract, Prunus Persica (Peach) Leaf Extract, Lithospermum Erythrorhizon (Murasaki) Root Extract, Polyquaternium-11, Behenamidopropyl Dimethylamine, Zinc PCA, Syrup (Sugar), Octyldodecyl Myristate, Lauroyl Glutamic Acid Di(Phytosteryl/Octyldodecyl), Hydroxyethylcellulose, PPG-52 Butyl, Benzyl Alcohol, Butylene Glycol, Ethanol, PPG-34, Lactic Acid, Disodium EDTA, Phenoxyethanol, Fragrance, Hinokitiol</p>","OFF & RELAX","Hair Care","Imported, TSB, Teemdrop_Auto_Fulfill",TRUE,Title,Default Title,"9060424909036",0,,999,deny,manual,28.98,TRUE,TRUE,"https://cdn.shopify.com/s/files/1/0515/4589/9157/files/Off_Relax_2.0_Fluffy_Refresh_Treatment.png?v=1762198112"
"off-relax-2-0-spa-shampoo-fluffy-refresh-460ml","OFF & RELAX 2.0 Spa Shampoo Fluffy Refresh (460ml)","<p>Renewed formula focusing on scalp health and lightweight, shiny volume. OFF &amp; RELAX 2.0 Spa Shampoo Fluffy Refresh is a renewal from its 2020 Refresh formulation to further enhance softness and volume . A curated blend of five premium hot spring waters—including new additions from Yugawara and Sakakibara—strengthens both cleansing and hydration while nurturing scalp health. With newly added Hokkaido-grown Job’s Tears (Coix seed) extract, this helps target scalp odor while also promoting a healthier scalp microbiome. The innovative See-Fly formula wraps each strand in weightless moisture and increases softness by 15-30% for airy, lightweight hair. Eco-conscious packaging reduces plastic by 64%, while tactile design ensures easy identification. Features Fragrance of Cassis &amp; Muguet Blend of Japanese hot spring waters Hydrates and nurtures hair and scalp health Promotes fluffy, light and soft hair Address scalp odor Hair Concern Flat Hair Made In JAPAN 🇯🇵 How to use 1. Wet your hair and scalp thoroughly. 2. Dispense about a dollar sized amount, and massage into the head. 3. Then rinse well. 4. Follow Up with the OFF &amp; RELAX 2.0 Spa Treatment Fluffy Refresh. Ingredient highlights Sulfate-Free Paraben-Free Silicone-Free Sulfate-Free Mineral Oil Free</p><h6>Ingredients</h6><p>Full list of ingredients Water (Aqua), Sodium C14-16 Olefin Sulfonate, Cocamidopropyl Betaine, Cocamide Methyl MEA, Sodium Cocoate, Hot Spring Water, Sodium Cocoyl Alaninate, Sodium Cocoyl Methyl Taurate, Saccharomyces/Rice Ferment Filtrate, Hydrolyzed Corn Starch, Coix Lacryma-Jobi Ma-Yuen Seed Extract (Job’s Tears Seed Extract), Sodium Dilauroyl Glutamate Lysine, Hydrolyzed Rice Protein, Swertia Japonica Extract, Propanediol, Sake Lees Extract, Prunus Mume (Japanese Plum) Fruit Extract, Porphyra Yezoensis (Susabinori) Extract, Camellia Sinensis (Tea) Leaf Extract, Prunus Persica (Peach) Leaf Extract, Lithospermum Erythrorhizon (Murasaki) Root Extract, Polyquaternium-10, Polyquaternium-11, Zinc PCA, Syrup (Sugar), Lauroyl Glutamic Acid Di(Phytosteryl/Octyldodecyl), Octyldodecyl Myristate, Sodium Chloride, Coconut Fatty Acids, PPG-52 Butyl, PPG-34, PPG-9 Diglyceryl, Butylene Glycol, Ethanol, Citric Acid, Disodium EDTA, Sodium Benzoate, Phenoxyethanol, Fragrance, Hinokitiol</p>","OFF & RELAX","Hair Care","Imported, TSB, Teemdrop_Auto_Fulfill",TRUE,Title,Default Title,"9060428513516",0,,999,deny,manual,28.98,TRUE,TRUE,"https://cdn.shopify.com/s/files/1/0515/4589/9157/files/Off_Relax_2.0_Fluffy_Refresh_Shampoo_4a97684d-e836-45a1-8f58-e12af0af9794.png?v=1765401633"
"off-relax-2-0-spa-treatment-glossy-moisture-460ml","OFF & RELAX 2.0 Spa Treatment Glossy Moisture (460ml)","<p>Renewed formula focusing on scalp health and shiny moisture. OFF &amp; RELAX 2.0 Spa Treatment Glossy Moisture is a renewal from its 2020 Moisture formulation to el evate your hair care ritual with breakthrough technology. Enhanced hyaluronic acid and botanical essences deliver 48% greater moisture retention than the previous formula, transforming ordinary shine into luminous gloss. A curated blend of five premium hot spring waters—including new additions from Yugawara and Sakakibara—strengthens both cleansing and hydration while nurturing scalp health. T he formula also focuses on scalp-beautifying bacteria, protecting beneficial while washing away harmful ones, leading to a healthier scalp environment. The innovative See-Fly formula wraps each strand in weightless moisture. Eco-conscious packaging reduces plastic by 64%, while tactile design ensures easy identification. Indulge in an exquisite fragrance journey: opening notes of earl grey/black tea and peach, heart notes of rose and jasmine, finishing with sandalwood and vanilla warmth. Features Fragrance of earl gray and sandalwood Blend of Japanese hot spring waters Hydrates and nurtures hair and scalp health Greater moisture retention Hair Concern Dry Hair Dry Scalp Hair Type Recommended for normal to medium thick hair. Made In JAPAN 🇯🇵 How to use 1. After shampooing, lightly get rid of excess water by ringing out your hair. 2. Take an appropriate amount of product and apply it from the tips of the hair to the scalp. 3. Leave the product on for a few minutes, then rinse. Ingredients Ingredient highlights Sulfate-Free Paraben-Free Mineral Oil Free</p><h6>Ingredients</h6><p>Full list of ingredients Aqua (Water), Amodimethicone, Aloe Barbadensis Leaf Extract, Behenamidopropyl Dimethylamine, Benzyl Alcohol, Butylene Glycol, Cetearyl Alcohol (Stearyl Alcohol and Cetyl Alcohol), EDTA Disodium (Disodium EDTA), Fragrance (Parfum), Glycerin, Hinokitiol, Hydrolyzed Corn Starch, Hydrolyzed Soy Protein, Hydroxyethylcellulose, Lactic Acid, Lonicera Japonica (Honeysuckle) Flower Extract, Lysine/Sodium Dilauroyl Glutamate, Lizardberry Root Extract, Octyldodecyl Myristate, Peach (Prunus Persica) Leaf Extract, Phenoxyethanol, Phytosteryl/Octyldodecyl Lauroyl Glutamate, Plum (Prunus Mume) Fruit Extract, Porphyra Yezoensis Extract, PPG-9 Diglyceryl Ether, PPG-34, PPG-52 Butyl Ether, Propanediol, Saccharomyces/Rice Ferment Filtrate, Sake Lees Extract (Sake Kasu Extract), Sodium Hyaluronate, Stearoxypropyltrimonium Chloride, Swertia Japonica Extract, Tea (Camellia Sinensis) Leaf Extract, Thermal Water (Hot Spring Water), Zinc PCA.</p>","OFF & RELAX","Hair Care","Imported, TSB, Teemdrop_Auto_Fulfill",TRUE,Title,Default Title,"9060421763308",0,,999,deny,manual,28.98,TRUE,TRUE,"https://cdn.shopify.com/s/files/1/0515/4589/9157/files/Off_Relax2.0GlossyMoistureTreatment.png?v=1762196536"
"off-relax-2-0-spa-shampoo-glossy-moisture-460ml","OFF & RELAX 2.0 Spa Shampoo Glossy Moisture (460ml)","<p>Renewed formula focusing on scalp health and shiny moisture. OFF &amp; RELAX 2.0 Spa Shampoo Glossy Moisture is a renewal from its 2020 Moisture formulation to el evate your hair care ritual with breakthrough technology. Enhanced hyaluronic acid and botanical essences deliver 48% greater moisture retention than the previous formula, transforming ordinary shine into luminous gloss. A curated blend of five premium hot spring waters—including new additions from Yugawara and Sakakibara—strengthens both cleansing and hydration while nurturing scalp health. T he formula also focuses on scalp-beautifying bacteria, protecting beneficial while washing away harmful ones, leading to a healthier scalp environment. The innovative See-Fly formula wraps each strand in weightless moisture. Eco-conscious packaging reduces plastic by 64%, while tactile design ensures easy identification. Indulge in an exquisite fragrance journey: opening notes of earl grey/black tea and peach, heart notes of rose and jasmine, finishing with sandalwood and vanilla warmth. Features Fragrance of earl gray and sandalwood Blend of Japanese hot spring waters Hydrates and nurtures hair and scalp health Greater moisture retention Hair Concern Dry Hair Dry Scalp Hair Type Recommended for normal to medium thick hair. Made In JAPAN 🇯🇵 How to use 1. Wet your hair and scalp thoroughly. 2. Dispense about a dollar sized amount, and massage into the head. 3. Then rinse well. 4. Follow Up with the OFF &amp; RELAX 2.0 Spa Treatment Glossy Moisture. Ingredients Ingredient highlights Sulfate-Free Paraben-Free Silicone-Free Sulfate-Free Mineral Oil Free</p><h6>Ingredients</h6><p>Full list of ingredients Aqua (Water), Sodium Methyl Cocoyl Taurate, Lauryl Hydroxysother leading brandsine, Glycerin, Cocamide Methyl MEA, Sodium Cocoyl Alaninate, Thermal Water (Hot Spring Water), Sodium Hyaluronate, Sodium Cocoate, PPG-9 Diglyceryl Ether, Saccharomyces/Rice Ferment Filtrate, Hydrolyzed Corn Starch, Sodium Dilauramidoglutamide Lysine, Swertia Japonica Extract, Propanediol, Sake Lees Extract (Sake Kasu Extract), Prunus Mume (Japanese Apricot) Fruit Extract, Porphyra Nobilis Extract, Aloe Barbadensis Leaf Extract, Camellia Sinensis (Tea) Leaf Extract, Prunus Persica (Peach) Leaf Extract, Lithospermum Officinale Root Extract, Polyquaternium-10, Hydrolyzed Soy Protein, Zinc PCA, Beta Vulgaris (Beet) Root Extract, Phytosteryl/Octyldodecyl Lauroyl Glutamate, Citrus Indica (Indian Wild Orange) Peel Extract, Octyldodecyl Myristate, Cocos Nucifera (Coconut) Fatty Acids, Sodium Chloride, PPG-52 Butyl Ether, PPG-34, Butylene Glycol, Citric Acid, Disodium EDTA, Sodium Benzoate, Phenoxyethanol, Fragrance (Parfum), Hinokitiol.</p>","OFF & RELAX","Hair Care","Imported, TSB, Teemdrop_Auto_Fulfill",TRUE,Title,Default Title,"9060414095596",0,,999,deny,manual,28.98,TRUE,TRUE,"https://cdn.shopify.com/s/files/1/0515/4589/9157/files/Off_Relax_2.0_Glossy_Moisture_Shampoo.png?v=1762196147"
"off-relax-spa-shampoo-hair-treatment-lychee-rose-limited-set-2x460ml","OFF & RELAX Spa Shampoo + Hair Treatment Lychee & Rose Limited Set (2x460ml)","<p>A Japanese hair line with a refreshing summer lychee and rose scent. OFF &amp; RELAX Moisture Spa Hair Set, now in a limited-edition Lychee and Rose fragrance perfect for summer. This refreshing duo effectively cleanses away sweat and stickiness while awakening your senses. Featuring the unique See-Fly technology, it adds volume and lightness for beautifully bouncy hair. Enriched with moisture-locking hyaluronic acid and lychee peel extract, it nourishes and protects scalp and hair from UV damage. Gently caring for sensitive scalps, it combats bacteria that cause dandruff and itching, promoting a healthy, clean scalp. The uplifting lychee and elegant rose aroma transforms bath time into a soothing escape. Set includes: OFF &amp; RELAX Moisture Spa Shampoo Lychee &amp; Rose 460ml OFF &amp; RELAX Moisture Spa Treatment Lychee &amp; Rose 460ml OFF &amp; RELAX Hot Spring Water Silky Night Repair samples Features See-Fly formula adds natural volume and airy texture Protects from UV damage and moisturizes Cleanses and refreshes scalp from the summer heat Refreshing lychee and rose scent Spa-like experience with hot spring water from Izumo, Yubara, and the Alps Hair Concern Damaged Hair Oily Scalp Itchy Scalp Flat Hair Hair Type Recommended for all hair types Made In Japan 🇯🇵 How to use After wetting the hair and scalp thoroughly, take an appropriate amount and lather it into your hair before rinsing off. Then, take an appropriate amount of the treatment and apply it from the ends of the hair up. It is more effective if you wash it off after a few minutes before rinsing again. Ingredient highlights Sulfate-Free Paraben-Free Mineral Oil-Free Alcohol-Free</p><h6>Ingredients</h6><p>Full list of ingredients Shampoo: Water, Sodium C14-16 Olefin Sulfonate, Lauryl Hydroxysother leading brandsine, Cocamide Methyl MEA, Sodium Cocoyl Alanate, Sodium Methyl Cocoyl Taurate, Hot Spring Water, Lychee Chestnut Peel Extract, Hydrolyzed Corn Starch, PPG-9 Diglyceryl, Butylene Glycol, Propanediol, Camellia Sinensis (Green Tea) Extract, Nanban Kusafuji Seed Extract, Hydroxypropyltrimonium Hyaluronate, Polyquaternium-10, Polyquaternium-11, Dipotassium Glycyrrhizate, Phytosteryl/Octyldodecyl Lauroyl Glutamate, Sodium Chloride, Coconut Fatty Acids, Menthol, Piroctone Olamine, Polyglyceryl-10 Laurate, PPG-52 Butyl, PPG-34, Citric Acid, Sodium Cocoate, Disodium EDTA, Sodium Benzoate, Phenoxyethanol, Fragrance. Conditioner: Water, Stearyl Alcohol, Amodimethicone, Stearoxypropyltrimonium Chloride, Cetyl Alcohol, Hot Spring Water, Lychee Peel Extract, Hydrolyzed Cornstarch, PPG-9 Diglyceryl, Sake Lees Extract, Butylene Glycol, Propanediol, Palmitoyl Tea Extract, Nanban Kusafuji Seed Extract, Hydroxypropyltrimonium Hyaluronate, Polyquaternium-11, Behenamidopropyldimethylamine, Dipotassium Glycyrrhizate, Honey Beetroot, Phytosteryl/Octyldodecyl Lauroyl Glutamate, Hydroxyethylcellulose, PPG-52 Butyl, Benzyl Alcohol, PPG-34, Lactic Acid, Disodium EDTA, Phenoxyethanol, Fragrance.</p>","OFF & RELAX","Hair Care","Imported, TSB, Teemdrop_Auto_Fulfill",TRUE,Title,Default Title,"9024536641772",0,,999,deny,manual,42.92,TRUE,TRUE,"https://cdn.shopify.com/s/files/1/0515/4589/9157/files/OFF_RELAX_Spa_Shampoo_Hair_Treatment_Lychee_Rose_Limited_Set_2x460ml.png?v=1771608285"
"off-relax-spa-shampoo-hair-treatment-lemon-magnolia-limited-set-2x460ml","OFF & RELAX Spa Shampoo + Hair Treatment Lemon & Magnolia Limited Set (2x460ml)","<p>A Japanese hair line with a refreshing fragrance inspired by spring gardens. OFF &amp; RELAX Moisture Spa Hair Set now available in a new limited-edition refreshing Lemon &amp; Magnolia scent that transports you to a blooming garden. This shampoo and treatment pair, infused with hot spring water and botanical extracts, hydrates and repairs hair, leaving it soft, light, and full of vitality. The See-Fly formula enhances volume and texture, while magnolia flower extract mends damaged ends. Ideal for all hair types, it addresses dryness, damage, and flatness with gentle cleansing and intense moisture for silky, radiant locks. Set includes: OFF &amp; RELAX Moisture Spa Shampoo Lemon &amp; Magnolia 460ml OFF &amp; RELAX Moisture Spa Treatment Lemon &amp; Magnolia 460ml OFF &amp; RELAX Spa Treatment Samples Features See-Fly formula adds natural volume and airy texture Repairs damaged ends and locks in hydration Refreshing lemon &amp; magnolia fragrance Spa-like experience with hot spring water from Izumo, Yubara, and the Alps Hair Concern Damaged Hair Dry Hair/Scalp Flat Hair Hair Type Recommended for all hair types Made In Japan 🇯🇵 How to use After wetting the hair and scalp thoroughly, take an appropriate amount and lather it into your hair before rinsing off. Then, take an appropriate amount of the treatment and apply it from the ends of the hair up. It is more effective if you wash it off after a few minutes before rinsing again. Ingredient highlights Sulfate-Free Paraben-Free Mineral Oil-Free Alcohol-Free</p><h6>Ingredients</h6><p>Full list of ingredients Shampoo: Water, Sodium C14-16 Olefin Sulfonate, Cocamidopropyl Betaine, Cocamide Methyl MEA, Sodium Cocoyl Alanate, Sodium Methyl Cocoyl Taurate, Hot Spring Water, Magnolia Flower Extract, Camellia Sinensis Leaf Extract, Nanban Kusafuji Seed Extract, Eucalyptus Leaf Oil, Hydrolyzed Corn Starch, Piroctone Olamine, Hydroxypropyltrimonium Hyaluronate, Phytosteryl/Octyldodecyl Lauroyl Glutamate, PPG-9 Diglyceryl, PPG-34, PPG-52 Butyl, Polyquaternium-10, Polyquaternium-11, Caprylyl Glycol, Polyglyceryl-10 Laurate, Dipotassium Glycyrrhizate, Menthol, Propanediol, Maltodextrin, Sodium Cocoate, Coconut Fatty Acids, Butylene Glycol, Sodium Chloride, Fragrance, Sodium Benzoate, Citric Acid, Phenoxyethanol, Disodium EDTA Conditioner: Water, Stearyl Alcohol, Amodimethicone, Stearoxypropyltrimonium Chloride, Cetanol, Hot Spring Water, Magnolia Flower Extract, Palmitoyl Tea Extract, Nanbanksafuji Seed Extract, Eucalyptus Leaf Oil, Hydrolyzed Corn Starch, Hydroxypropyltrimonium Hyaluronate, Phytosteryl/Octyldodecyl Lauroyl Glutamate, PPG-9 Diglyceryl, PPG-34, PPG-52 Butyl, Polyquaternium-11, Caprylyl Glycol, Dipotassium Glycyrrhizinate, Propanediol, Maltodextrin, Fragrance, Phenoxyethanol, EDTA-2Na, Benzyl Alcohol, Hydroxyethylcellulose, Behenamidopropyl Dimethylamine, Honey Syrup, Sake Lees Extract, Lactic Acid, BG</p>","OFF & RELAX","Hair Care","Imported, TSB, Teemdrop_Auto_Fulfill",TRUE,Title,Default Title,"9024536117484",0,,999,deny,manual,46.92,TRUE,TRUE,"https://cdn.shopify.com/s/files/1/0515/4589/9157/files/Product_Images_34_6a033655-8faa-43a7-9b38-f84973ce641a.png?v=1767921577"
"off-relax-spa-shampoo-hair-treatment-earl-grey-cucumber-scent-limited-set-2x460ml","OFF & RELAX Spa Shampoo + Hair Treatment Earl Grey & Cucumber Scent Limited Set (2x460ml)","<p>A Japanese hair line featuring Japanese tea extracts! OFF &amp; RELAX Moisture Spa Hair Set is a limited-edition collection inspired by the sophistication of Earl Grey tea. Blending the nourishing properties of fermented black tea from high-altitude leaves and tea extract from Uji, Kyoto, it deeply cleanses and revitalizes the scalp. This indulgent set brings the charm of a traditional tea room to your daily hair care routine and includes a trial sample for a complete spa-like experience. Set includes: OFF &amp; RELAX Moisture Spa Shampoo Earl Grey 460ml OFF &amp; RELAX Moisture Spa Treatment Earl Grey 460ml OFF &amp; RELAX Spa Treatment Samples Features Increases scalp cleaning efficiency and moisturize Repairs damaged hair and maintains healthy hair High-performance plant-based amino acids that work on moisturizing and resilience of the skin Spa-like experience with hot spring water from Izumo, Yubara, and the Alps Hair Concern Damaged Hair Dry Hair/Scalp Split Ends Hair Type Recommended for all hair types Made In Japan 🇯🇵 How to use After wetting the hair and scalp thoroughly, take an appropriate amount and lather it into your hair before rinsing off. Then, take an appropriate amount of the treatment and apply it from the ends of the hair up. It is more effective if you wash it off after a few minutes before rinsing again. Ingredient highlights Sulfate-Free Paraben-Free Mineral Oil-Free Alcohol-Free</p><h6>Ingredients</h6><p>Full list of ingredients Shampoo: Water, Sodium Methyl Cocoyl Taurate, Lauryl Hydroxysother leading brandsine, Cocamide Methyl MEA, Sodium Cocoyl Alanine, Hot Spring Water, (Saccharomyces Xylinum)/Fermented Black Tea, Saccharomyces/Fermented Rice Broth, Sake Lees Extract, Tea Leaf Extract, Swertia Japonica Extract, Mulberry Root Bark Extract, Chamomile Flower Extract, Hydrolyzed Corn Starch, Sodium Dilauroyl Glutamate Lysine, Dipotassium Glycyrrhizinate, Tsohmi, Sodium Coconut Fatty Acid, Coconut Fatty Acid, Propanediol, Polyquaternium-10, PPG-3 Caprylyl Ether, BG, Sodium Chloride, Fragrance, Citric Acid, Disodium EDTA, Sodium Benzoate, Hydroxyacetophenone, 1,2-Hexanediol, Xanthan Gum, Phenoxyethanol. Hair Treatment: Water, Stearyl Alcohol, Amodimethicone, Stearoxypropyltrimonium Chloride, Cetanol, Hot Spring Water, (Saccharomyces Xylinum)/Black Tea Fermentation Product, Saccharomyces/Rice Fermentation Liquid, Sake Lees Extract, Tea Leaf Extract, Swertia Japonica Extract, Morus Alba Root Bark Extract, Chamomile Flower Extract, Hydrolyzed Corn Starch, Sodium Dilauroyl Glutamate Lysine, Dipotassium Glycyrrhizinate, Sugar Bean Syrup, Propanediol, PPG-34, BG, Behenamidopropyl Dimethylamine, Hydroxyethyl Cellulose, Fragrance, Lactic Acid, Disodium EDTA, Hydroxyacetophenone, 1,2-Hexanediol, Xanthan Gum, Benzyl Alcohol, Phenoxyethanol.</p>","OFF & RELAX","Hair Care","Imported, TSB, Teemdrop_Auto_Fulfill",TRUE,Title,Default Title,"8744054423788",0,,999,deny,manual,46.92,TRUE,TRUE,"https://cdn.shopify.com/s/files/1/0515/4589/9157/files/OFF_RELAX_Spa_Shampoo_Hair_Treatment_Earl_Grey_Cucumber_Scent_Limited_Set_2x460ml_652fdca9-df4b-45ff-9dd4-67449eee5b5e.png?v=1771609186"
"peripera-syrupy-tok-cheek-9g","PERIPERA Syrupy Tok Cheek (9g)","<p>A hydrating and glowing liquid blush PERIPERA S yrupy Tok Cheek is a hydrating liquid blush that offers a splash of vibrancy and a dewy glow. Enriched with Vitamin E, it keeps your skin hydrated without any greasy feel. With a range of shades and buildability from translucent to intense, there is a shade for everyone! Features Buildable liquid cheek color Hydrating and enriched with Vitamin E Non-greasy, glowy finish Made In South Korea How to use Shake well and press the button on the bottom to dispense a drop onto your fingertips or a puff. Apply it to the desired area. Ingredient Highlights Mineral Oil Free Alcohol-Free Paraben-Free</p><h6>Ingredients</h6><p>Full list of ingredients Hydrogenated Polyisobutene, Hydrogenated Poly(C6-14 Olefin), Mica, Diisostearyl Malate, Octyldodecanol, Trimethylsiloxysilicate, Isododecane, Hydrogenated Styrene/Isoprene Copolymer, Silica, Titanium Dioxide, Sorbitan Isostearate, Sorbitan Sesquioleate, Disteardimonium Hectorite, Phenoxyethanol, Tartrazine, Propylene Carbonate, Iron Oxide Red, Iron Oxide Yellow, Lithol Rubine BCA, Triethoxycaprylylsilane, Aluminum Hydroxide, Fragrance, Polyhydroxystearic Acid, Pentaerythrityl Tetra-di-t-butyl Hydroxyhydrocinnamate, Tocopherol Ingredients subject to change at manufacturer's discretion. For the most complete and up-to-date list of ingredients, please refer to product packaging.</p>","PERIPERA","Makeup","Imported, TSB, Teemdrop_Auto_Fulfill",TRUE,Title,Default Title,"9073608098028",0,,999,deny,manual,14.99,TRUE,TRUE,"https://cdn.shopify.com/s/files/1/0515/4589/9157/files/8800255686828_1200x_9c28befd-eb16-4f2d-980d-a04785b55f27.png?v=1762625511"
"peripera-ink-mood-glowy-tint-4g","PERIPERA Ink Mood Glowy Tint (4g)","<p>A glossy lip tint that plumps and moisturizes, giving a glass-like finish. PERIPERA Ink Mood Glowy Tint is a glossy lip formula that combines nourishing Lily and Witch Hazel Extracts to hydrate and smooth, while its advanced three-tiered glow technology delivers a luminous, plumping effect that lasts all day. The lightweight, non-sticky formula molds seamlessly to your lips without white cast or transfer, making it ideal for any occasion. Experience comfortable, reliable color that stays put through your entire day—no smudging, no budging, just beautiful, glossy lips. Features Buildable color Glossy shine and tint Lips plumping and moisturizing Made In South Korea How to use Apply colour to the lips from the centre outwards. Blend, and layer colour as desired. Re-apply as necessary. Ingredient Highlights Mineral Oil Free Paraben-Free</p><h6>Ingredients</h6><p>Full list of ingredients Water, Diphenyl Dimethicone, Diisostearyl Malate, Bis-Diglyceryl Polyacyladipate-2, Hydrogenated Polyisobutene, Bis-Behenyl/Isostearyl/Phytosteryl Dimer Dilinoleyl Dimer Dilinoleate, Diglycerin, Cetyl PEG/PPG-10/1 Dimethicone, Dipropylene Glycol, Hydrogenated Poly(C6-14 Olefin), Polysorbate 60, Sorbitan Isostearate, Diisostearoyl polyglyceryl-3 Dimer Dilinoleate, Pentylene Glycol, Hydroxyethyl Acrylate/Sodium Acryloyldimethyl Taurate Copolymer, Caprylic/Capric Triglyceride, Squalane, Ceteareth-20, Ethylene/Propylene Copolymer, Phenoxyethanol, Glycerin, Titanium Dioxide (CI 77891), Polyglycerin-3, Yellow 6 (CI 15985), Fragrance, Ethylhexylglycerin, Red 33 (CI 17200), Red 28 (CI 45410), Blue 1 (CI 42090), Hamamelis Virginiana (Witch Hazel) Leaf Extract, Lilium Tigrinum Extract, Butylene Glycol Ingredients subject to change at manufacturer's discretion. For the most complete and up-to-date list of ingredients, please refer to product packaging.</p>","PERIPERA","Lip Care","Imported, TSB, Teemdrop_Auto_Fulfill",TRUE,Title,Default Title,"9073607704812",0,,999,deny,manual,13.99,TRUE,TRUE,"https://cdn.shopify.com/s/files/1/0515/4589/9157/files/30_Happy_Berry.png?v=1762624648"
"purederm-instant-softening-heel-mask-1-pair","PUREDERM Instant Softening Heel Mask (1 pair)","<p>A pair of foot masks that instantly hydrates and adds softness to dry, cracked, calloused heels. PUREDERM Instant Softening Heel Mask uses a unique air-shell structure to deliver the nourishing essence to the heels. Formulated with key such as urea, madecassoside, shea butter, coconut oil, and hemp seed oil, the mask is an exfoliating and softening treatment for the heels. Features Pair of specialized heel treatment masks Waterproof mask ensures maximum hydration and delivery of ingredients without evaporation Contains urea, madecassoside, shea butter Skin Concerns Dry Feet Skin Types All skin types Made In South Korea How to use 1.Open the package and remove the softening pad. 2.Place the pad on your heel, aligning it as shown in the instructions. 3.Unfold the protecting fabric and wrap it over the softening pad. 4.Secure the fabric using the fixing label, ensuring the “Heel” part faces your heel. 5.Leave the mask on for 30 minutes. 6.After 30 minutes, remove both the softening pad and protecting fabric. 7.Gently massage any remaining essence into your skin. No need to rinse off. Ingredients Ingredient Highlights Paraben-Free Sulfate-Free Mineral Oil Free Silicone-Free Cruelty-Free Vegan</p><h6>Ingredients</h6><p>Full list of ingredients water (sparkling water 100ppm), glycolic acid, lactic acid, propylene glycol, isopropyl alcohol, urea, sodium hydroxide, betaine, citrus aurantifolia (lime) fruit extract, mentha piperita (peppermint) leaf extract, citrus limon (lemon) fruit extract, acer saccharum (sugar maple) extract, vaccinium myrtillus fruit/leaf extract, saccharum officinarum (sugarcane) extract, citrus aurantium dulcis (orange) fruit extract, pyrus malus (apple) fruit extract, salicylic acid, menthol, peg-60 hydrogenated castor oil, disodium edta, fragrance (parfum), limonene, linalool, geraniol, citral, citronellol Ingredients subject to change at manufacturer's discretion. For the most up-to-date list of ingredients, refer to product packaging.</p>","PUREDERM","Bath & Body","Imported, TSB, Teemdrop_Auto_Fulfill",TRUE,Title,Default Title,"8886223175916",0,,999,deny,manual,67.96,TRUE,TRUE,"https://cdn.shopify.com/s/files/1/0515/4589/9157/files/Purederm_Instant_Softening_Heel_Mask.webp?v=1771612508"
"purederm-exfoliating-foot-mask-1-pair","PUREDERM Exfoliating Foot Mask (1 pair)","<p>A pair of foot masks that perfectly peel away calluses and dead skin cells over just two weeks. PUREDERM Exfoliating Foot Mask is formulated with glycolic and lactic acids, plus papaya and chamomile to exfoliate and soothe the skin of the feet. Peel away calluses and dead skin cells over the course of just two weeks. Deep hydrating effect with warming heat. Features Pair of foot masks Contains papaya and chamomile Hydrating and warming Skin Concerns Dry Feet Skin Types All skin types Made In South Korea How to use Using scissors, cut open the package along the dotted line. Thoroughly cleanse your feet and then wear the masks. Remove after 60 to 90 minutes and rinse off with water. Ingredient Highlights Mineral Oil Free Paraben-Free Silicone-Free Sulfate-Free</p><h6>Ingredients</h6><p>Full list of ingredients Alcohol Denat., Water, Glycolic Acid, Lactic Acid, Propylene Glycol, Isopropyl Alcohol, Sodium Hydroxide, Urea, Betaine, Citrus Aurantifolia (Lime) Fruit Extract, Mentha Piperita (Peppermint) Leaf Extract, Citrus Limon (Lemon) Fruit Extract, Acer Saccharum (Sugar Maple) Extract, Vaccinium Myrtillus Fruit/Leaf Extract, Saccharum Officinarum (Sugarcane) Extract, Citrus Aurantium Dulcis (Orange) Fruit Extract, Pyrus Malus (Apple) Fruit Extract, Salicylic Acid, Menthol, PEG-60 Hydrogenated Castor Oil, Disodium EDTA, Fragrance, Limonene, Linalool , Geraniol, Citral, Citronellol</p>","PUREDERM","Bath & Body","Imported, TSB, Teemdrop_Auto_Fulfill",TRUE,Title,Default Title,"8886220783852",0,,999,deny,manual,85.95,TRUE,TRUE,"https://cdn.shopify.com/s/files/1/0515/4589/9157/files/PUREDERM_Exfoliating_Foot_Mask_1_pair.png?v=1766301496"
"purederm-p-d-heating-moisture-foot-mask-1-pair","PUREDERM P/D Heating Moisture Foot Mask (1 pair)","<p>A unique heating and moisturizing foot mask that offers a luxurious spa experience. PUREDERM P/D Heating Moisture Foot Mask features a heating two-layer fabric paired with a deeply hydrating formula. It is infused with argan oil to strengthen the skin barrier and moisturize. Enjoy a luxurious spa experience with this foot mask that leaves skin feeling soft and rejuvenated. Features Pair of warming/heating foot masks Infused with argan oil Hydrating and moisturizing Skin Concerns Dry Feet Skin Types All skin types Made In South Korea How to use Wash you feet with warm water. Open the packet and hold sealing area of foot mask with your fingers. Pull outward to tear the seal. Wear the foot masks. You can secure the mask by attaching the enclosed sticker to the ankle. After 20-30 minutes, put off foot masks. You do not need to wash the feet again. Ingredient Highlights Paraben-Free Sulfate-Free</p><h6>Ingredients</h6><p>Full list of ingredients Water, Methylpropanediol, Cetyl Ethylhexanoate, Glycerin, Polysorbate 60, Butyrospermum Parkii (Shea) Butter, Cetearyl Alcohol, Macadamia Ternifolia Seed Oil, 1,2-Hexanediol, Behenyl Alcohol, Arachidyl Alcohol, Cocos Nucifera (Coconut) Oil, Argania Spinosa Kernel Oil, Simmondsia Chinensis (Jojoba) Seed Oil, Centella Asiatica Extract, Polygonum Cuspidatum Root Extract, Scutellaria Baicalensis Root Extract, Camellia Sinensis Leaf Extract, Glycyrrhiza Glabra (Licorice) Root Extract, Chamomilla Recutita (Matricaria) Flower Extract, Rosmarinus Officinalis (Rosemary) Leaf Extract, Panthenol, Tocopheryl Acetate, Urea, Petrolatum, Dimethicone, Polyacrylate-13, Polyisobutene, Polysorbate 20, Sorbitan Isostearate, Arachidyl Glucoside, Allantoin, Carbomer, Tromethamine, Vanillyl Butyl Ether, Menthol, Disodium EDTA, Hydroxyacetophenone, Fragrance, Citronellol, Coumarin, Geraniol, Alpha-Isomethyl Ionone, Linalool, Limonene</p>","PUREDERM","Bath & Body","Imported, TSB, Teemdrop_Auto_Fulfill",TRUE,Title,Default Title,"8886224748780",0,,999,deny,manual,67.96,TRUE,TRUE,"https://cdn.shopify.com/s/files/1/0515/4589/9157/files/PUREDERM_PD_Heating_Moisture_Foot_Mask_1_pair.png?v=1766301495"
"purederm-black-food-mg-gel-eye-zone-mask-1-pair","PUREDERM Black Food MG: Gel Eye Zone Mask (1 pair)","<p>A moisturizing and detoxifying mask for the delicate skin around the eyes. PUREDERM Black Food MG: Gel Eye Zone Mask reduces fine lines and increases the skin moisture levels in the delicate eye zone area. It is formulated with ASD complex, which is moisturizing and detoxifying for the skin. Reduces fine lines by 17.92%, and increases skin moisture levels by 35.92%. MG:gel is a clear, moisturizing mask gel created with a new patented technique, and is an advanced concept super-stick gel with superb affinity for skin. Features Infused with Black Food 17 Complex (including Black Rice, Black Bean, Black Currant) Nourishing and revitalizing Moisturizing for the delicate skin around the eyes Skin Concerns Fine Lines &amp; Wrinkles Skin Types All skin types Made In South Korea How to use 1. After washing your face, prep your skin with toner. 2. Take out the gel mask and remove the film. 3. Place it to the eye area. 4. Leave for 20 minutes and remove the mask. 5. Gently massage the remaining essence to the skin for absorption. Ingredient Highlights Mineral Oil Free Paraben-Free Alcohol-Free Sulfate-Free Silicone-Free</p><h6>Ingredients</h6><p>Full list of ingredients Water, Glycerin, Sodium Hyaluronate, Methylpropanediol, Peat Extract, Allium Sativum (Garlic) Bulb Extract, Panax Ginseng Root Extract, Morus Alba Fruit Extract, Sambucus Nigra Fruit Extract, Euterpe Oleracea Fruit Extract, Sesamum Indicum (Sesame) Seed Extract, Cinnamomum Cassia Bark Extract, Ribes Nigrum (Black Currant) Fruit Extract, Saccharum Officinarum (Sugarcane) Extract, Theobroma Cacao (Cocoa) Extract, Solanum Melongena (Eggplant) Fruit Extract, Vitis Vinifera (Grape) Fruit Extract, Inonotus Obliquus (Mushroom) Extract, Lentinus Edodes Extract, Piper Nigrum (Pepper) Seed Extract, Glycine Soja (Soybean) Seed Extract, Oryza Sativa (Rice) Extract, Pachyrhizus Erosus Root Extract, Brassica oleracea Botrytis (Cauliflower) Extract, Malva Sylvestris (Mallow) Leaf Extract, Cetraria Islandica Extract, Nelumbo Nucifera Root Extract, Laminaria Japonica Extract, Pearl Extract, Hydrolyzed collagen, Bambusa Vulgaris Water, Chondrus Crispus Extract, Ceratonia Siliqua Gum, Glucomannan, Panthenol, Allantoin, Dipotassium Glycyrrhizate, Xanthan Gum, Carbomer, Glyceryl Polyacrylate, Glyceryl Acrylate/Acrylic Acid Copolymer, PVM/MA Copolymer, Propylene Glycol, PEG-60 Hydrogenated Castor Oil, Tromethamine, 1,2-Hexanediol, Hydroxyacetophenone, Disodium EDTA, Fragrance Ingredients subject to change at manufacturer's discretion. For the most up-to-date list of ingredients, refer to product packaging.</p>","PUREDERM","Eye Care","Imported, TSB, Teemdrop_Auto_Fulfill",TRUE,Title,Default Title,"8886226223340",0,,999,deny,manual,47.97,TRUE,TRUE,"https://cdn.shopify.com/s/files/1/0515/4589/9157/files/PUREDERM_Black_Food_MG_Gel_Eye_Zone_Mask_1_pair_f8bd0cb2-ebc6-46d4-9180-0097c7361732.png?v=1771685823"
"purito-fermented-complex-94-boosting-essence-150ml","PURITO Fermented Complex 94 Boosting Essence (150ml)","<p>Discover this amazing product at The Skin Boutique.</p><h6>Ingredients</h6><p>Refer to product packaging.</p>","Purito","Serums","Imported, TSB, Teemdrop_Auto_Fulfill",TRUE,Title,Default Title,"9137343824108",0,,999,deny,manual,29.98,TRUE,TRUE,"https://cdn.shopify.com/s/files/1/0515/4589/9157/files/Purito_Fermented_Complex.png?v=1768849651"
"purito-clear-code-superfruit-cleanser-150ml","PURITO Clear Code Superfruit Cleanser (150ml)","<p>Skin-soothing Holy Grail serum! PURITO Clear Code Superfruit Cleanser supports the skin’s natural defense systems and rebalances the skin’s microbiome to provide purifying care. It is is designed for oily and combination skin for deep cleansing and gentle exfoliation. The formula transforms into a rich lather of microbeads that dance across the skin, removing dirt, makeup and other impurities. Specially designed to help regulate sebum production and minimize the unpleasant appearance of blemishes without leaving skin feeling irritated, tight or lacking moisture. Features Reduces blemishes and acne breakouts Controls excess oil and balances the skin microbiome Removes built-up residue, and calms inflammation Skin Concerns Redness &amp; Irritation Uneven skin tone Skin Types Suitable for all skin types Made In KOREA 🇰🇷 How to use After toner, apply a moderate amount to the face and neck area, then gently pat for better absorption. You can also use as a priming step: Apply at the last step in your skincare routine before makeup for a smooth base and glowing skin. Key Ingredients Korean Centella Asiatica , an ancient Korean herb, is a renowned soothing wonder. Having to survive the harsh conditions of Korea’s four seasons and diverse terrains, it possesses stronger soothing properties, effectively relieving skin redness and discomfort. Allantoin: Calms and hydrates the skin, enhancing skin texture for a radiant glow. Peptides : Peptides play a role in enhancing elasticity, aiding in the promotion of healthy and firm skin. Ingredient Highlights Cruelty-Free Sulfate-Free Paraben-Free Silicone-Free Mineral Oil Free Alcohol-Free</p><h6>Ingredients</h6><p>Full list of ingredients Water, Glycerin, Dipropylene Glycol, Propanediol, Centella Asiatica Extract(34,685 ppm), Butylene Glycol, Niacinamide, 1,2-Hexanediol, Sodium Hyaluronate, Panthenol, Madecassoside, Asiaticoside, Madecassic Acid, Asiatic Acid, Centella Asiatica Callus Extracellular Vesicles, Allantoin, Palmitoyl Tetrapeptide-7, Palmitoyl Hexapeptide-12, Palmitoyl Tripeptide-1, Palmitoyl Dipeptide-10, Polyglyceryl-10 Laurate, Carbomer, Polyglyceryl-10 Myristate, Hydrolyzed Jojoba Esters, Tromethamine, Ethylhexylglycerin, Xanthan Gum, Dipotassium Glycyrrhizate, Adenosine, Disodium EDTA, Sucrose Stearate, Glyceryl Stearate, Hydrogenated lecithin, Polyglyceryl-10 Stearate, Ceramide NP, Camellia Sinensis Leaf Extract, Pancratium Maritimum Extract, Citrus Aurantium Bergamia (Bergamot) Fruit Oil, Pinus Sylvestris Leaf Oil, Rosmarinus Officinalis (Rosemary) Leaf Oil, Lavandula Hybrida Oil, Limonene, Linalool</p>","Purito","Cleansers","Imported, TSB, Teemdrop_Auto_Fulfill",TRUE,Title,Default Title,"9119996313836",0,,999,deny,manual,24.98,TRUE,TRUE,"https://cdn.shopify.com/s/files/1/0515/4589/9157/files/PURITO_Clear_Code_Superfruit_Cleanser_150ml.png?v=1771869144"
"purito-clear-code-superfruit-serum-30ml","PURITO Clear Code Superfruit Serum (30ml)","<p></p><h6>Ingredients</h6><p></p>","Purito","Serums","Imported, TSB, Teemdrop_Auto_Fulfill",TRUE,Title,Default Title,"8135363133676",0,,999,deny,manual,25.98,TRUE,TRUE,"https://cdn.shopify.com/s/files/1/0515/4589/9157/files/Clear-Code-Superfruit-Serum-30-ml-785x785.webp?v=1767406197"
"purito-timeless-bloom-bakuchiol-serum-30ml","PURITO Timeless Bloom Bakuchiol Serum (30ml)","<p>Skin-soothing Holy Grail serum! PURITO Timeless Bloom Bakuchiol Serum combines the power of 1% Bakuchiol derived from the Babchi plant with a blend of soothing and hydrating , ideal for transforming the texture of your skin and restoring firmness and vitality. The lightweight yet potent formula is additionally infused with herbal skin-soothers like lavender, rosemary and thyme extracts, which are all quick to absorb without leaving a sticky residue. Formulated without synthetic fragrances, the product is dermatologically proven to be suitable for sensitive skin. Features Helps firm skin and reduce wrinkles Highly efficient, reliable extraction of active ingredients with a glass infrared extractor Soothes irritation and strengthens the skin barrier Penetrates quickly and adaptes perfectly to any facial care routine Skin Concerns Redness &amp; Irritation Uneven skin tone Skin Types Suitable for all skin types Made In KOREA 🇰🇷 How to use After toner, apply a moderate amount to the face and neck area, then gently pat for better absorption. You can also use as a priming step: Apply at the last step in your skincare routine before makeup for a smooth base and glowing skin. Ingredients Ingredient Highlights Cruelty-Free Sulfate-Free Paraben-Free Silicone-Free Mineral Oil Free Alcohol-Free</p><h6>Ingredients</h6><p>Full list of ingredients Water, Glycerin, Dipropylene Glycol, Propanediol, Centella Asiatica Extract(34,685 ppm), Butylene Glycol, Niacinamide, 1,2-Hexanediol, Sodium Hyaluronate, Panthenol, Madecassoside, Asiaticoside, Madecassic Acid, Asiatic Acid, Centella Asiatica Callus Extracellular Vesicles, Allantoin, Palmitoyl Tetrapeptide-7, Palmitoyl Hexapeptide-12, Palmitoyl Tripeptide-1, Palmitoyl Dipeptide-10, Polyglyceryl-10 Laurate, Carbomer, Polyglyceryl-10 Myristate, Hydrolyzed Jojoba Esters, Tromethamine, Ethylhexylglycerin, Xanthan Gum, Dipotassium Glycyrrhizate, Adenosine, Disodium EDTA, Sucrose Stearate, Glyceryl Stearate, Hydrogenated lecithin, Polyglyceryl-10 Stearate, Ceramide NP, Camellia Sinensis Leaf Extract, Pancratium Maritimum Extract, Citrus Aurantium Bergamia (Bergamot) Fruit Oil, Pinus Sylvestris Leaf Oil, Rosmarinus Officinalis (Rosemary) Leaf Oil, Lavandula Hybrida Oil, Limonene, Linalool</p>","Purito","Serums","Imported, TSB, Teemdrop_Auto_Fulfill",TRUE,Title,Default Title,"9119996117228",0,,999,deny,manual,29.98,TRUE,TRUE,"https://cdn.shopify.com/s/files/1/0515/4589/9157/files/PURITO-SEOUL-timeless-bloom-bakuchiol-serum-30ml-PURESEOUL-UK-KBeauty-Shop.png?v=1767712092"
"purito-timeless-bloom-retinol-spot-cream-30ml","PURITO Timeless Bloom Retinol Spot Cream (30ml)","<p>Fortify, strengthen and soothe the skin barrier PURITO Seoul Timeless Bloom Retinol Spot Cream is an intensive treatment to combat signs of aging in targeted areas. Formulated with retinol, it helps reduce the appearance of fine lines, wrinkles, and dark spots, leaving skin visibly brighter and more youthful. Its formula, also enriched with soothing , ensures gentle application, even on sensitive skin. Features Smooths, lifts, reduces the appearance of wrinkles and fine lines Helps diminish dark spots and hyperpigmentation Improves skin texture and firmness Dense texture with a dewy and bouncy finish Hypoallergenic and gentle for sensitive skin Skin Concerns Fine lines &amp; Wrinkles Dullness Rough/ Textured Skin Skin Types All Skin Types Suitable for sensitive skin types Made In South Korea How to use 1. Retinol is sensitive to light and heat, so it is best to apply it at night after the evening skincare has been fully absorbed. 2. Apply a pea-sized amount to the concerned areas and pat for full absorption. 3. Start by applying every other day, and once the skin adapts, try it daily. Ingredients Ingredient Highlights Cruelty-Free &amp; Vegan Alcohol-free Paraben-free Mineral Oil Free Sulfate-Free Silicone-Free Fragrance-Free</p><h6>Ingredients</h6><p>Full list of ingredients Water, Propanediol, Glycerin, Caprylic/Capric Triglyceride, Hydrogenated Poly(C6-14 Olefin), Behenyl Alcohol, Limnanthes Alba (Meadowfoam) Seed Oil, Polyglyceryl-6 Stearate, 1,2-Hexanediol, Cetyl Alcohol, Candida/Garcinia Cambogia Ferment, Ceramide NP, Glyceryl Stearate, Ammonium Acryloyldimethyltaurate/VP Copolymer, Polyglyceryl-6 Behenate, Allantoin, Squalane, Caprylyl Glycol, Panthenol, Macadamia Ternifolia Seed Oil, Xanthan Gum, Butyrospermum Parkii (Shea) Butter, Ethylhexylglycerin, Disodium EDTA, Dipropylene glycol, Hydrogenated lecithin, Ceramide NS, Ceramide AS, Ceramide AP, Cholesterol, Ceramide EOP</p>","Purito","Moisturizers","Imported, TSB, Teemdrop_Auto_Fulfill",TRUE,Title,Default Title,"9119996018924",0,,999,deny,manual,28.98,TRUE,TRUE,"https://cdn.shopify.com/s/files/1/0515/4589/9157/files/Purito_-_Timeless_Bloom_Retinol_Spot_Cream_30ml-1400x1400_jpg.png?v=1767408657"
"purito-hypochlorous-acid-rescue-spray-100ml","PURITO Hypochlorous Acid Rescue Spray (100ml)","<p>PURITO Hypochlorous Acid Rescue Spray instantly refreshes the skin and targets of acne-causing bacteria. The product is based on hypochlorous acid in a concentration of 104 ppm, a purifying agent with antibacterial action, recognized for supporting skin hygiene. This molecule, naturally produced by our immune system to fight against pathogens, has remarkable soothing and regenerating properties, helping to restore the healthy appearance of the skin. Its ultra-light formula penetrates quickly, leaving skin clean, hydrated and visibly soothed, without a sticky feeling, making it a practical option after outdoor activities, after the gym, while traveling or on days when skin is exposed to external factors and needs extra support. Features 99.99% gentle purifying power to rid of impurities and bacteria on the surface of the skin Herbal freshness Instantly reduces redness and the sensation of discomfort or burning caused by irritation Helps maintain healthy skin by controlling excess sebum without drying out the skin Skin Concerns Redness &amp; Irritation Uneven skin tone Skin Types Suitable for all skin types Made In KOREA 🇰🇷 How to use Use the mist after cleansing, morning and evening, as a pre-treatment before the rest of your routine, but also anytime during the day when you feel the need to refresh. Spray from approximately 10 to 20 cm, with eyes closed, and let the product dry naturally on the skin. No rinsing required. Can also be used on the body (back or chest) to manage areas prone to imperfections. Key Ingredients Korean Centella Asiatica , an ancient Korean herb, is a renowned soothing wonder. Having to survive the harsh conditions of Korea’s four seasons and diverse terrains, it possesses stronger soothing properties, effectively relieving skin redness and discomfort. Allantoin: Calms and hydrates the skin, enhancing skin texture for a radiant glow. Peptides : Peptides play a role in enhancing elasticity, aiding in the promotion of healthy and firm skin. Ingredient Highlights Cruelty-Free Sulfate-Free Paraben-Free Silicone-Free Mineral Oil Free Alcohol-Free</p><h6>Ingredients</h6><p>Full list of ingredients Water, Glycerin, Dipropylene Glycol, Propanediol, Centella Asiatica Extract(34,685 ppm), Butylene Glycol, Niacinamide, 1,2-Hexanediol, Sodium Hyaluronate, Panthenol, Madecassoside, Asiaticoside, Madecassic Acid, Asiatic Acid, Centella Asiatica Callus Extracellular Vesicles, Allantoin, Palmitoyl Tetrapeptide-7, Palmitoyl Hexapeptide-12, Palmitoyl Tripeptide-1, Palmitoyl Dipeptide-10, Polyglyceryl-10 Laurate, Carbomer, Polyglyceryl-10 Myristate, Hydrolyzed Jojoba Esters, Tromethamine, Ethylhexylglycerin, Xanthan Gum, Dipotassium Glycyrrhizate, Adenosine, Disodium EDTA, Sucrose Stearate, Glyceryl Stearate, Hydrogenated lecithin, Polyglyceryl-10 Stearate, Ceramide NP, Camellia Sinensis Leaf Extract, Pancratium Maritimum Extract, Citrus Aurantium Bergamia (Bergamot) Fruit Oil, Pinus Sylvestris Leaf Oil, Rosmarinus Officinalis (Rosemary) Leaf Oil, Lavandula Hybrida Oil, Limonene, Linalool</p>","Purito","Toners","Imported, TSB, Teemdrop_Auto_Fulfill",TRUE,Title,Default Title,"9119996739820",0,,999,deny,manual,21.99,TRUE,TRUE,"https://cdn.shopify.com/s/files/1/0515/4589/9157/files/benefit_product.png?v=1767908769"
"purito-azelaic-acid-10-kojic-tea-tree-serum-30ml","PURITO Azelaic Acid 10 Kojic Tea Tree Serum (30ml)","<p>A serum that works effectively on blemishes, helping to improve the skin for a clearer and more refined look PURITO Azelaic Acid 10 Kojic Tea Tree Serum is powerful yet gentle serum designed to brighten skin, reduce blemishes, and improve overall tone and texture. Formulated with 10% Azelaic Acid, Kojic Acid, and Tea Tree Extract, this lightweight yet potent combination acts quickly to reveal clearer and healthier-looking skin while targeting all stages of inflamed/acne prone skin. Features Fights rashes, post-acne marks, and regulates sebum production Has a calming effect, reduces redness and inflammation Improves skin tone and dullness Accelerates the penetration of amino acids into the deep layers of the dermis Skin Concerns Dullness Uneven Skin Acne Dark Spots Blemishes Redness &amp; Irritation Pigmentation Skin Types All Skin Types Made In South Korea How to use Before use, shake the bottle (3-5 times) to evenly distribute the microcapsules. Apply a few drops of serum to clean, toned facial skin, avoiding the eye area. Gently pat until absorbed. Follow with moisturizer and sunscreen during the day. Key Ingredients Azelaic acid (10%) : Fights acne and post-acne, reduces inflammation and redness, evens out skin tone and lightens age spots, has antioxidant properties and can be used to combat rosacea. Kojic Acid (1,000ppm) : Fights pigmentation, exfoliates, is antibacterial and anti-inflammatory. Tea Tree Leaf Water : Helps dry out acne and regulates the work of the sebaceous glands, preventing excessive Arginine : An amino acid used to protect the skin from free radicals, increase the visible level of skin hydration, and potentially promote collagen production. Niacinamide : Works on enlarged pores, uneven skin tone, smooths fine lines, and restores the skin barrier. Glutathione : A peptide with antioxidant properties that soothes irritation, reduces acne, neutralizes the effects of free radicals, and slows down the aging process. Ingredient Highlights Vegan Cruelty-Free Fragrance-Free Mineral Oil Free Silicone-Free Paraben-Free Alcohol-Free Sulfate-Free</p><h6>Ingredients</h6><p>Full list of ingredients Aqua/Water, Azelaic Acid(10%), Melaleuca Alternifolia (Tea Tree) Leaf Water(10%), Butylene Glycol, Caprylic/Capric Triglyceride, Hydroxypropyl Cyclodextrin, Disodium Phosphate, 1,2-Hexanediol, Glycerin, Niacinamide, Maltodextrin, Hydroxyethylcellulose, Coptis Japonica Root Extract, Agar, Gellan Gum, Kojic Acid(1,000 ppm), Ethylhexylglycerin, Hydroxydecyl Ubiquinone, Adenosine, Trisodium Ethylenediamine Disuccinate, Malachite Extract, Melaleuca Alternifolia(Tea Tree) Leaf Oil(50 ppm), Arginine, Xanthan Gum, Tocopherol, Glutathione, Bisabolol, Helianthus Annuus (Sunflower) Seed Oil, Xanthophylls.</p>","Purito","Serums","Imported, TSB, Teemdrop_Auto_Fulfill",TRUE,Title,Default Title,"9063371833580",0,,999,deny,manual,28.93,TRUE,TRUE,"https://cdn.shopify.com/s/files/1/0515/4589/9157/files/52F93119-CE23-4AD2-9579-8782A5AA11D1.png?v=1762182863"
"purito-txa-6-niacinamide-10-retinal-serum-30ml","PURITO TXA 6 Niacinamide 10 Retinal Serum (30ml)","<p>A correcting, tone-evening serum with 6% tranexamic acid, 10% niacinamide, and retinal PURITO TXA 6 Niacinamide 10 Retinal Serum is a brightening and anti-aging serum with that visibly reduces hyperpigmentation, evens tone, and refines texture. It combines powerful brighteners (niacinamide + tranexamic acid) with skin-repairing and antioxidant agents (retinal, ceramide, glutathione, bisabolol) for a well-balanced brightening and barrier-strengthening treatment. Great for those that have sensitive skin and are pigmentation prone. Features Diffuse/local hyperpigmentation (post-acne, sun spots) Brightens dull skin and improves skin tone Smooths fine lines and boosts elasticity Strengthens the skin barrier and refines texture Skin Concerns Dullness Uneven Skin Enlarged Pores Fine Lines Anti-Aging Rough Skin Pigmentation Skin Types All Skin Types Made In South Korea How to use Apply 1–2 pumps to cleansed skin at night. Follow with moisturizer. Start 2–3x/week , then build to daily as tolerated. Avoid using with other strong actives (AHA, BHA, Vitamin C) in the same routine. Key Ingredients TXA : Depigmentant that inhibits the formation of pigment spots, reduces melasma and post-inflammatory spots, provides brightness and evens out skin tone. Niacinamide (10%) : Calms redness, strengthens the skin barrier, regulates sebum and reduces the appearance of pores for a smoother and more balanced complexion Encapsulated Retinal : Advanced, fast-acting form of vitamin A, stimulates cell regeneration, smoothes fine wrinkles and improves firmness with minimal irritation. Ingredient Highlights Vegan Cruelty-Free Fragrance-Free Mineral Oil Free Silicone-Free Paraben-Free Alcohol-Free Sulfate-Free</p><h6>Ingredients</h6><p>Full list of ingredients Aqua/Water, Niacinamide(10%), Tranexamic Acid(6%), Glycerin, Caprylic/Capric Triglyceride, 1,2-Hexanediol, Methylpropanediol, Pentylene Glycol, PVP, Ammonium Acryloyldimethyltaurate/Vp Copolymer, Butylene Glycol, Agar, Gellan Gum, Ethylhexylglycerin, Sodium Citrate, Hydroxyacetophenone, Citric Acid, Hydroxydecyl Ubiquinone, Adenosine, Lactococcus Ferment Lysate, Hydrogenated Lecithin, Centella Asiatica Extract, Ficus Carica (Fig) Fruit Extract, Fructooligosaccharides, Cyanocobalamin, Xanthan Gum, Retinal(25 ppm), Ceramide NP, Arginine, Tocopherol, Glutathione, Bisabolol, Helianthus Annuus (Sunflower) Seed Oil, Allantoin, Xanthophylls, Sodium Chloride, Phenylpropanol, Levulinic Acid, Sodium Levulinate.</p>","Purito","Serums","Imported, TSB, Teemdrop_Auto_Fulfill",TRUE,Title,Default Title,"9055757598956",0,,999,deny,manual,28.93,TRUE,TRUE,"https://cdn.shopify.com/s/files/1/0515/4589/9157/files/A4969EC1-2FED-4404-81A8-957C5854A6B9.png?v=1761856943"
"purito-oat-pdrn-gentle-refining-toner-200ml","PURITO Oat PDRN Gentle Refining Toner (200ml)","<p>Care for your skin the purest way with the PURITO Oat PDRN Gentle Refining Toner (200ml). Purito provides clean, essential ingredients that respect and reinforce the skin barrier. A delicate oat-powered non-comedogenic formula that exfoliate and refines the skin PURITO Oat PDRN Gentle Refining Toner is milky and hydrating, designed for gentle exfoliation and soothing—especially helpful for acne-prone or sensitive skin. Infused with 80% oat seed water sourced from Gunsan oats, grown in Korea\.</p><h6>Ingredients</h6><p>Water, Limnanthes Alba (Meadowfoam) Seed Oil, Butylene Glycol, 1,2-Hexanediol, Hydroxyacetophenone, Hydrogenated Lecithin, Polyglyceryl-3 Methylglucose Distearate, Polyglyceryl-10 Oleate, Glycerin, Panthenol, Dipotassium Glycyrrhizate, Avena Sativa (Oat) Extract(130 ppm), Beta-Glucan(40 ppm), Sodium Phytate, Sodium DNA(5 ppm), Ethylhexylglycerin, Arginine, Citric Acid.</p>","Purito","Skincare","Imported, TSB, Teemdrop_Auto_Fulfill",TRUE,Title,Default Title,"9170000000000",0,,999,deny,manual,29.98,TRUE,TRUE,"https://cdn.shopify.com/s/files/1/0515/4589/9157/files/Oat_Cleanser_benefit_1179ac54-bf8d-414d-a9bf-6c9017495a63.png?v=1756845364"
"purito-oat-in-gentle-exfoliating-face-cleanser-150ml","PURITO Oat-In Gentle Exfoliating Face Cleanser (150ml)","<p>Care for your skin the purest way with the PURITO Oat-In Gentle Exfoliating Face Cleanser (150ml). Purito provides clean, essential ingredients that respect and reinforce the skin barrier. A carefully crafted facial scrub and cleanser made with premium Korean ingredients PURITO Oat-In Gentle Exfoliating Face Cleanser gently polishes and soothes in one easy step. Fine and medium oat particles provide mild physical exfoliation, helping to clear away dead skin cells without stripping.</p><h6>Ingredients</h6><p>Water, Water, Prunus Amygdalus Dulcis (Sweet Almond) Seed Meal, Hydroxypropyl Starch Phosphate, Sodium Methyl Cocoyl Taurate, 1,2-hexanediol, Avena Sativa (Oat) Kernel Flour, Zea Mays (Corn) Starch, Kaolin, Sodium Chloride, Butylene Glycol, Hectorite, Ethylhexylglycerin, Alcohol Denat., Cellulose, Sodium Cocoyl Glycinate, Sodium Lauroyl Glutamate, Helianthus Annuus (Sunflower) Seed Oil, Zea Mays (Corn) Germ Oil, Caprylic/capric Triglyceride, Glyceryl Behenate/eicosadioate, Glyceryl Stearate, Glyceryl Stearate Se, Polyglyceryl-10 Behenate/eicosadioate, Phellodendron Amurense Bark Extract, Dextrin, Theobroma Cacao (Cocoa) Seed Extract, Avena Sativa (Oat) Kernel Extract, Dipotassium Glycyrrhizate, Squalane, Panthenol, Sodium Hyaluronate Crosspolymer, Sodium Benzoate, Lactobacillus Ferment, Potassium Sorbate, Sodium Phytate, Dipropylene Glycol, Citric Acid, Pentylene Glycol, Oryza Sativa (Rice) Starch, Avena Sativa (Oat) Peptide, Triticum Aestivum (Wheat) Peptide, Glycine Max (Soybean) Polypeptide, Tripropylene Glycol, Dimethyl Isosorbide, Sodium Dna, Beta-glucan, Pentaerythrityl Tetra-di-t-butyl Hydroxyhydrocinnamate</p>","Purito","Skincare","Imported, TSB, Teemdrop_Auto_Fulfill",TRUE,Title,Default Title,"9170000000001",0,,999,deny,manual,27.51,TRUE,TRUE,"https://cdn.shopify.com/s/files/1/0515/4589/9157/files/Oat_Cleanser_benefit.png?v=1756844469"
"purito-sea-buckthorn-vital-70-cream-50ml","PURITO Sea Buckthorn Vital 70 Cream (50ml)","<p>Care for your skin the purest way with the PURITO Sea Buckthorn Vital 70 Cream (50ml). Purito provides clean, essential ingredients that respect and reinforce the skin barrier. This cream contains 70% of the Sea Buckthorn extract, the fruit of the vitamin tree, which helps brighten and visibly smooth skin’s texture. Sea buckthorn fruit contains various vitamins that balance the skin tone giving it a fresh and healthy appearance.</p><h6>Ingredients</h6><p>Refer to product packaging for full ingredient list.</p>","Purito","Skincare","Imported, TSB, Teemdrop_Auto_Fulfill",TRUE,Title,Default Title,"9170000000002",0,,999,deny,manual,28.77,TRUE,TRUE,"https://cdn.shopify.com/s/files/1/0515/4589/9157/products/54331ef0145afe28a0d6d616a59fd7fd.png?v=1771502819"
"purito-wonder-releaf-centella-serum","PURITO Wonder Releaf Centella Serum","<p>Discover mindful skincare with the PURITO Wonder Releaf Centella Serum. Developed by Purito to deeply nourish without irritation, utilizing nature\'s most respected extracts. Skin-soothing Holy Grail serum! Purito Wonder Releaf Centella Serum is a rapid-acting soothing serum that soothes and comforts irritated skin. It strengthens the skin barrier and shields it from additional stress while also smoothing out uneven skin texture.</p><h6>Ingredients</h6><p>Water, Glycerin, Dipropylene Glycol, Propanediol, Centella Asiatica Extract(34,685 ppm), Butylene Glycol, Niacinamide, 1,2-Hexanediol, Sodium Hyaluronate, Panthenol, Madecassoside, Asiaticoside, Madecassic Acid, Asiatic Acid, Centella Asiatica Callus Extracellular Vesicles, Allantoin, Palmitoyl Tetrapeptide-7, Palmitoyl Hexapeptide-12, Palmitoyl Tripeptide-1, Palmitoyl Dipeptide-10, Polyglyceryl-10 Laurate, Carbomer, Polyglyceryl-10 Myristate, Hydrolyzed Jojoba Esters, Tromethamine, Ethylhexylglycerin, Xanthan Gum, Dipotassium Glycyrrhizate, Adenosine, Disodium EDTA, Sucrose Stearate, Glyceryl Stearate, Hydrogenated lecithin, Polyglyceryl-10 Stearate, Ceramide NP, Camellia Sinensis Leaf Extract, Pancratium Maritimum Extract, Citrus Aurantium Bergamia (Bergamot) Fruit Oil, Pinus Sylvestris Leaf Oil, Rosmarinus Officinalis (Rosemary) Leaf Oil, Lavandula Hybrida Oil, Limonene, Linalool</p>","Purito","Skincare","Imported, TSB, Teemdrop_Auto_Fulfill",TRUE,Title,Default Title,"9170000000003",0,,999,deny,manual,31.93,TRUE,TRUE,"https://cdn.shopify.com/s/files/1/0515/4589/9157/files/centella_serum-benefit-x2-1.png?v=1750279780"
"purito-from-green-deep-foaming-cleanser-150ml","PURITO From Green Deep Foaming Cleanser (150ml)","<p>Discover mindful skincare with the PURITO From Green Deep Foaming Cleanser (150ml). Developed by Purito to deeply nourish without irritation, utilizing nature\'s most respected extracts. A foaming cleanser made with gentle ingredients, excellent for sensitive skin. PURITO From Green Deep Foaming Cleanser is a pH-balanced, daily foaming cleanser formulated without chemical surfactants such as SLS and SLES, which can irritate sensitive skin.</p><h6>Ingredients</h6><p>Water, Sodium Cocoyl Isethionate, Glycerin, Lauric Acid, Sodium Methyl Cocoyl Taurate, Propanediol, Hydroxypropyl Starch Phosphate, Coco-Betaine, Glyceryl Stearate, Sodium Chloride, Sodium Benzoate, Polyquaternium-10, Citric Acid, Coconut Acid, Caprylyl Glycol, Butylene Glycol, 1,2-Hexanediol, Vaccinium Macrocarpon (Cranberry) Fruit Extract, Adansonia Digitata Fruit Extract, Olea Europaea (Olive) Leaf Extract, Equisetum Arvense Extract, Camellia Sinensis Leaf Extract, Nymphaea Alba Flower Extract, Sophora Japonica Root Extract, Disodium EDTA.</p>","Purito","Skincare","Imported, TSB, Teemdrop_Auto_Fulfill",TRUE,Title,Default Title,"9170000000004",0,,999,deny,manual,25.62,TRUE,TRUE,"https://cdn.shopify.com/s/files/1/0515/4589/9157/files/PURITO_From_Green_Deep_Foaming_Cleanser_150ml.png?v=1766304622"
"purito-hydro-wave-deep-sea-serum-60ml","PURITO Hydro Wave Deep Sea Serum (60ml)","<p>Care for your skin the purest way with the PURITO Hydro Wave Deep Sea Serum (60ml). Purito provides clean, essential ingredients that respect and reinforce the skin barrier. A lightweight, non-greasy quench for dehydrated skin. PURITO Hydro Wave Deep Sea Serum is a gentle yet powerful serum that provides a 137% hydration boost to the skin.</p><h6>Ingredients</h6><p>Refer to product packaging for full ingredient list.</p>","Purito","Skincare","Imported, TSB, Teemdrop_Auto_Fulfill",TRUE,Title,Default Title,"9170000000005",0,,999,deny,manual,26.30,TRUE,TRUE,"https://cdn.shopify.com/s/files/1/0515/4589/9157/files/PURITO_Hydro_Wave_Deep_Sea_Serum_60ml_2a6027f0-ee48-4321-9503-6b74a438c814.png?v=1766304622"
"purito-cica-clearing-bb-cream-30ml-31-deep-warm","PURITO Cica Clearing BB Cream (30ml) - #31 Deep Warm","<p>The PURITO Cica Clearing BB Cream (30ml) - #31 Deep Warm stands as a testament to Purito\'s gentle yet highly effective approach to K-Beauty, offering soothing relief and long-lasting radiance. A medium coverage BB cream in a non-greasy formula that soothes redness and irritation and leaves a radiant finish. PURITO Cica Clearing BB Cream is a multi-purpose beauty product that provides medium coverage, hydration, and skin care benefits all in one.</p><h6>Ingredients</h6><p>Water, Titanium Dioxide (Ci 77891), Ethylhexyl Methoxycinnamate, Cyclopentasiloxane, Butylene Glycol, Ethylhexyl Salicylate, Cyclohexasiloxane, Lauryl Polyglyceryl-3 Polydimethylsiloxyethyl Dimethicone, Mica, Hydrogenated C6-14 Olefin Polymers, Niacinamide, Zinc Oxide, Sodium Chloride, Yellow Iron Oxide (Ci 77492), Disteardimonium Hectorite, Sorbitan Sesquioleate, Zinc Stearate, Dextrin Palmitate, Triethoxycaprylylsilane, Aluminum Hydroxide, Red Iron Oxide (Ci 77491), Caprylyl Glycol, Panthenol, Allantoin, Centella Asiatica Extract, Dimethicone/Vinyl Dimethicone Crosspolymer, Black Iron Oxide (Ci 77499), Caprylhydroxamic Acid, Glycerin, Adenosine, 1,2-Hexanediol, Tocopherol, Madecassoside, Asiaticoside, Asiatic Acid, Madecassic Acid, Hydrogenated Poly(C6-14 Olefin), Aluminium Hydroxide, Ultramarines (Ci 77007).</p>","Purito","Skincare","Imported, TSB, Teemdrop_Auto_Fulfill",TRUE,Title,Default Title,"9170000000006",0,,999,deny,manual,20.67,TRUE,TRUE,"https://cdn.shopify.com/s/files/1/0515/4589/9157/files/PURITO_Cica_Clearing_BB_Cream_30ml_-_31_Deep_Warm.png?v=1771869045"
"purito-wonder-releaf-centella-cream-50ml","PURITO Wonder Releaf Centella Cream (50ml)","<p>Care for your skin the purest way with the PURITO Wonder Releaf Centella Cream (50ml). Purito provides clean, essential ingredients that respect and reinforce the skin barrier. A soothing and relieving cream with CICA ingredients that strengthens and restores the skin\.</p><h6>Ingredients</h6><p>Water, Caprylic/Capric Triglyceride, Glycerin, Squalane, Cetearyl Alcohol, Butylene Glycol, 1,2-Hexanediol, Niacinamide, Macadamia Ternifolia Seed Oil, Hydrogenated Lecithin, Centella Asiatica Extract(17,061ppm), Tribehenin, Butyrospermum Parkii (Shea) Butter, Behenic Acid, Ceramide NP, Madecassic Acid, Asiaticoside, Asiatic Acid, Candida Bombicola/Glucose/Methyl Rapeseedate Ferment, Palmitic Acid, Tromethamine, Oryza Sativa (Rice) Germ Oil, Cocos Nucifera (Coconut) Oil, Stearic Acid, Carbomer, Caprylyl Glycol, Betaine, Sodium Carbomer, Xanthan Gum, Hydroxyethylcellulose, Adenosine, Phytosphingosine, Myristic Acid, Arachidic Acid, Tremella Fuciformis (Mushroom) Extract, Perilla Ocymoides Seed Extract, Sodium Hyaluronate, Beta-Glucan, Citrus Aurantium Bergamia (Bergamot) Fruit Oil, Lavandula Angustifolia (Lavender) Oil, Limonene, Linalool</p>","Purito","Skincare","Imported, TSB, Teemdrop_Auto_Fulfill",TRUE,Title,Default Title,"9170000000007",0,,999,deny,manual,27.51,TRUE,TRUE,"https://cdn.shopify.com/s/files/1/0515/4589/9157/files/PURITO_Wonder_Releaf_Centella_Cream_50ml.png?v=1766304621"
"purito-wonder-releaf-centella-eye-cream-unscented-30ml","PURITO Wonder Releaf Centella Eye Cream Unscented (30ml)","<p>Discover mindful skincare with the PURITO Wonder Releaf Centella Eye Cream Unscented (30ml). Developed by Purito to deeply nourish without irritation, utilizing nature\'s most respected extracts. A gentle and fragrance-free eye cream for sensitive skin. Purito Wonder Releaf Centella Eye Cream Unscented is a gentle eye cream specifically formulated for sensitive skin types.</p><h6>Ingredients</h6><p>Water, Hydrogenated Poly(C6-14 Olefin), Butylene Glycol, Glycerin, Cetyl Ethylhexanoate, Caprylic/Capric Triglyceride, Centella Asiatica Extract(25,545ppm), Cetyl Alcohol, Dipropylene Glycol, Methyl Trimethicone, 1,2-Hexanediol, Dipentaerythrityl Hexa C5-9 Acid Esters, Pentaerythrityl Tetraisostearate, Potassium Cetyl Phosphate, Palmitoyl Dipeptide-10, Palmitoyl Tetrapeptide-7, Palmitoyl Tripeptide-1, Palmitoyl Hexapeptide-12, Sodium Hyaluronate, Asiaticoside, Madecassic Acid, Asiatic Acid, Madecassoside, Cetearyl Alcohol, Cetearyl Olivate, Sorbitan Olivate, Caprylyl Glycol, Palmitic Acid, Panthenol, Stearic Acid, Cetearyl Glucoside, Carbomer, Tromethamine, Limnanthes Alba (Meadowfoam) Seed Oil, Argania Spinosa Kernel Oil, Ceramide NP, Macadamia Ternifolia Seed Oil, Adenosine, Disodium EDTA, Butyrospermum Parkii (Shea) Butter, Glucose, Myristic Acid, Arachidic Acid, Camellia Sinensis Leaf Extract</p>","Purito","Skincare","Imported, TSB, Teemdrop_Auto_Fulfill",TRUE,Title,Default Title,"9170000000008",0,,999,deny,manual,28.77,TRUE,TRUE,"https://cdn.shopify.com/s/files/1/0515/4589/9157/files/centella_eyecream_unscented-benefits-x2.png?v=1730728578"
"purito-wonder-releaf-centella-eye-cream-30ml","PURITO Wonder Releaf Centella Eye Cream (30ml)","<p>The PURITO Wonder Releaf Centella Eye Cream (30ml) stands as a testament to Purito\'s gentle yet highly effective approach to K-Beauty, offering soothing relief and long-lasting radiance. A soothing and hydrating cream for the delicate eye area. Purito Wonder Releaf Centella Eye Cream is a gentle eye cream specifically formulated for puffy eyes, fine lines and dark circles.</p><h6>Ingredients</h6><p>Water, Hydrogenated Poly, Glycerin, Cetyl Ethylhexanoate, Caprylic/Capric Triglyceride, Cetyl Alcohol, 1,2-Hexanediol, Butylene Glycol, Dipropylene Glycol, Methyl Trimethicone, Pentaerythrityl Tetraisostearate, Dipentaerythrityl Hexa C5-9 Acid Esters, Potassium Cetyl Phosphate, Sodium Hyaluronate, Butyrospermum Parkii Butter, Panthenol, Palmitoyl Dipeptide-10, Palmitoyl Tripeptide-1, Palmitoyl Tetrapeptide-7, Palmitoyl Hexapeptide-12, Polyglyceryl-2 Stearate, Asiaticoside, Asiatic Acid, Madecassic Acid, Stearic Acid, Glyceryl Stearate, Stearyl Alcohol, Macadamia Ternifolia Seed Oil, Limnanthes Alba Seed Oil, Argania Spinosa Kernel Oil, Caprylyl Glycol, Cetearyl Olivate, Sorbitan Olivate, Camellia Sinensis Leaf Extract, Pancratium Maritimum Extract, Acetyl Glucosamine, Ceramide NP, Acrylates/C10-30 Alkyl Acrylate Crosspolymer, Adenosine, Tromethamine, Carbomer, Disodium EDTA, Lavandula Angustifolia Oil, Citrus Aurantium Bergamia Fruit Oil, Linalool, Limonene.</p>","Purito","Skincare","Imported, TSB, Teemdrop_Auto_Fulfill",TRUE,Title,Default Title,"9170000000009",0,,999,deny,manual,26.83,TRUE,TRUE,"https://cdn.shopify.com/s/files/1/0515/4589/9157/files/PURITO_Wonder_Releaf_Centella_Eye_Cream_30ml_78e23d2b-71de-4298-a4fe-dd4d0db27d9b.png?v=1771869466"
"purito-centella-green-level-calming-toner-200ml","PURITO Centella Green Level Calming Toner (200ml)","<p>The PURITO Centella Green Level Calming Toner (200ml) stands as a testament to Purito\'s gentle yet highly effective approach to K-Beauty, offering soothing relief and long-lasting radiance. An alcohol-free, soothing toner with Centella Asiatica extract for restoring the skin\.</p><h6>Ingredients</h6><p>Water, Centella Asiatica Extract, Butylene Glycol, Pentylene Glycol, Dipropylene Glycol, 1,2-Hexanediol, Sodium Hyaluronate, Panthenol, Portulaca Oleracea Extract, Hamamelis Virginiana (Witch Hazel) Extract, Glycerin, Allantoin, Trehalose, Polyglyceryl-10 Laurate, Carbomer, Polyglyceryl-10 Myristate, Arginine, Ethylhexylglycerin, Disodium EDTA, Citrus Aurantium Bergamia (Bergamot) Fruit Oil, Pelargonium Graveolens Flower Oil, Cananga Odorata Flower Oil, Rose Flower Oil</p>","Purito","Skincare","Imported, TSB, Teemdrop_Auto_Fulfill",TRUE,Title,Default Title,"9170000000010",0,,999,deny,manual,31.93,TRUE,TRUE,"https://cdn.shopify.com/s/files/1/0515/4589/9157/files/PURITO_Centella_Green_Level_Calming_Toner_200ml.png?v=1766304619"
"purito-mighty-bamboo-panthenol-serum-30ml","PURITO Mighty Bamboo Panthenol Serum (30ml)","<p>The PURITO Mighty Bamboo Panthenol Serum (30ml) stands as a testament to Purito\'s gentle yet highly effective approach to K-Beauty, offering soothing relief and long-lasting radiance. A serum c linically shown to improve distressed skin’s moisture and transepidermal water loss PURITO Mighty Bamboo Panthenol Serum repairs the damaged skin barrier, granting the skin a radiant glow with the advanced repair and moisture boost. It highlights 130,000 ppm Panthenol which helps to reduce moisture loss and strengthens the skin with a improved hydration.</p><h6>Ingredients</h6><p>Water, Panthenol, Glycerin, Propanediol, 1,2-Hexanediol, Butylene Glycol, Niacinamide, Squalane, Bambusa Vulgaris Extract, Ectoin, Allantoin, Carbomer, Hydroxyethyl Acrylate/Sodium Acryloyldimethyl Taurate Copolymer, Cetearyl Olivate, Tromethamine, Sorbitan Olivate, Limnanthes Alba (Meadowfoam) Seed Oil, Ethylhexylglycerin, Adenosine, Disodium EDTA, Sorbitan Isostearate, Polyglyceryl-10 Stearate.</p>","Purito","Skincare","Imported, TSB, Teemdrop_Auto_Fulfill",TRUE,Title,Default Title,"9170000000011",0,,999,deny,manual,30.67,TRUE,TRUE,"https://cdn.shopify.com/s/files/1/0515/4589/9157/files/PURITO_Mighty_Bamboo_Panthenol_Serum_30ml_e57a2656-37ce-4bd3-992d-ec7d4c452ea5.png?v=1771869225"
"purito-from-green-avocado-cleansing-balm-100ml","PURITO From Green Avocado Cleansing Balm (100ml)","<p>Care for your skin the purest way with the PURITO From Green Avocado Cleansing Balm (100ml). Purito provides clean, essential ingredients that respect and reinforce the skin barrier. A hydrophilic balm effectively cleanses the skin, dissolving makeup, sunscreen, and other impurities PURITO From Green Avocado Cleansing Balm is a rich and nourishing cleansing balm that gently removes impurities without causing tightness or irritation. This buttery balm blends several nature-based oils, including Watermelon Seed Oil, Baobab Seed Oil, and, of course, Avocado Oil to hydrate, soften, and provide an antioxidant effect, leaving the skin with a healthy and glowy post cleanse.</p><h6>Ingredients</h6><p>Refer to product packaging for full ingredient list.</p>","Purito","Skincare","Imported, TSB, Teemdrop_Auto_Fulfill",TRUE,Title,Default Title,"9170000000012",0,,999,deny,manual,28.77,TRUE,TRUE,"https://cdn.shopify.com/s/files/1/0515/4589/9157/files/Product_Images_92_eee497d6-4841-4e3a-8ad5-5bee01c1b311.png?v=1769087550"
"purito-wonder-releaf-centella-spot-patch-51-pcs","PURITO Wonder Releaf Centella Spot Patch (51 pcs)","<p>The PURITO Wonder Releaf Centella Spot Patch (51 pcs) stands as a testament to Purito\'s gentle yet highly effective approach to K-Beauty, offering soothing relief and long-lasting radiance. Thin and breathable acne patches to help heal active breakouts overnight PURITO Wonder Releaf Centella Spot Patches are popular spot patches made out of high-grade hydrocolloid material. These patches help to create a moist environment and are effective remedies for active breakouts.</p><h6>Ingredients</h6><p>Refer to product packaging for full ingredient list.</p>","Purito","Skincare","Imported, TSB, Teemdrop_Auto_Fulfill",TRUE,Title,Default Title,"9170000000013",0,,999,deny,manual,21.20,TRUE,TRUE,"https://cdn.shopify.com/s/files/1/0515/4589/9157/files/PuritoCentellaMask_1080x_c06790da-d910-46be-be83-8dfe580e67ad.png?v=1741812215"
"purito-wonder-releaf-centella-mini-kit-unscented-3-pcs","PURITO Wonder Releaf Centella Mini Kit Unscented (3 PCs)","<p>Discover mindful skincare with the PURITO Wonder Releaf Centella Mini Kit Unscented (3 PCs). Developed by Purito to deeply nourish without irritation, utilizing nature\'s most respected extracts.</p><h6>Ingredients</h6><p>Water, Butylene Glycol, Pentylene Glycol, Dipropylene Glycol, 1,2-Hexanediol, Centella Asiatica Extract(6,000ppm), Sodium Hyaluronate, Panthenol, Madecassoside, Asiaticoside, Madecassic Acid, Asiatic Acid, Trehalose, Carbomer, Allantoin, Arginine, Ethylhexylglycerin, Disodium EDTA, Portulaca Oleracea Extract.</p>","Purito","Skincare","Imported, TSB, Teemdrop_Auto_Fulfill",TRUE,Title,Default Title,"9170000000014",0,,999,deny,manual,28.77,TRUE,TRUE,"https://cdn.shopify.com/s/files/1/0515/4589/9157/files/Nuse_color_care_balm_226144ff-8eeb-4870-b50d-da44e451db9d.png?v=1768781950"
"purito-mighty-bamboo-panthenol-cleanser-150ml","PURITO Mighty Bamboo Panthenol Cleanser (150ml)","<p>Discover mindful skincare with the PURITO Mighty Bamboo Panthenol Cleanser (150ml). Developed by Purito to deeply nourish without irritation, utilizing nature\'s most respected extracts. An unscented, gentle, low pH gel cleanser suitable for all skin types and daily use PURITO Mighty Bamboo Panthenol Cleanser keeps the skin well-hydrated and soothed during cleansing. It is packed with soothing agents, including bamboo, panthenol and allantoin, which enhances moisture retention, supports a healthy skin barrier and preserves moisture.</p><h6>Ingredients</h6><p>Water, Acrylates/C10-30 Alkyl Acrylate Crosspolymer, Coco-Betaine, Sodium Chloride, Sodium Lauroyl Methyl Isethionate, Sodium Methyl Isethionate, Lauric Acid, Sodium Laurate, Hydroxyacetophenone, Ethylhexylglycerin, Disodium EDTA, Allantoin, Panthenol, Betaine, Tromethamine, 1,2-Hexanediol, Bambusa Vulgaris Extract, Melaleuca Alternifolia (Tea Tree) Leaf Oil.</p>","Purito","Skincare","Imported, TSB, Teemdrop_Auto_Fulfill",TRUE,Title,Default Title,"9170000000015",0,,999,deny,manual,27.51,TRUE,TRUE,"https://cdn.shopify.com/s/files/1/0515/4589/9157/files/PURITO_Mighty_Bamboo_Panthenol_Cleanser_150ml.png?v=1766304623"
"purito-from-green-cleansing-oil-200ml","PURITO From Green Cleansing Oil (200ml)","<p>Care for your skin the purest way with the PURITO From Green Cleansing Oil (200ml). Purito provides clean, essential ingredients that respect and reinforce the skin barrier. A minimal-ingredient, effective cleansing oil to remove dirt and makeup during the first cleansing step. PURITO From Green Cleansing Oil effortlessly lifts dirt and makeup from the skin during the first cleansing step.</p><h6>Ingredients</h6><p>Refer to product packaging for full ingredient list.</p>","Purito","Skincare","Imported, TSB, Teemdrop_Auto_Fulfill",TRUE,Title,Default Title,"9170000000016",0,,999,deny,manual,31.19,TRUE,TRUE,"https://cdn.shopify.com/s/files/1/0515/4589/9157/files/Product_Images_83_be6167dd-ae1e-4584-b330-d4ef60a620a4.png?v=1769056487"
"purito-wonder-releaf-centella-cream-unscented","PURITO Wonder Releaf Centella Cream Unscented","<p>Care for your skin the purest way with the PURITO Wonder Releaf Centella Cream Unscented. Purito provides clean, essential ingredients that respect and reinforce the skin barrier. A gentle and fragrance-free cream that soothes, calms, and hydrates skin without causing irritation. Purito Wonder Releaf Centella Cream Unscented rapidly soothes skin in 10 seconds to reduce redness and irritation.</p><h6>Ingredients</h6><p>Water, Caprylic/Capric Triglyceride, Macadamia Ternifolia Seed Oil, Squalane, Butylene Glycol, Cetearyl Alcohol, Glycerin, Centella Asiatica Extract(29,891ppm), Niacinamide, 1,2-</p>","Purito","Skincare","Imported, TSB, Teemdrop_Auto_Fulfill",TRUE,Title,Default Title,"9170000000017",0,,999,deny,manual,18.41,TRUE,TRUE,"https://cdn.shopify.com/s/files/1/0515/4589/9157/files/centella_cream_unscented-benefit-x2-1.png?v=1734807957"
"purito-luminous-ceramide-moisturizer-100ml","PURITO Luminous Ceramide Moisturizer (100ml)","<p>Discover mindful skincare with the PURITO Luminous Ceramide Moisturizer (100ml). Developed by Purito to deeply nourish without irritation, utilizing nature\'s most respected extracts. Fortify, strengthen and soothe the skin barrier PURITO Dermide Relief Barrier Moisturizer is a skin-relieving moisturizer formulated with 5 different types of ceramides (5,000ppm) to help reduce redness and support the weakened skin barrier by providing soothing and calming properties. The skin-replenishing ingredients allantoin and squalane deliver comfort to the skin while maintaining its protective barrier function.</p><h6>Ingredients</h6><p>Water, Propanediol, Glycerin, Caprylic/Capric Triglyceride, Hydrogenated Poly(C6-14 Olefin), Behenyl Alcohol, Limnanthes Alba (Meadowfoam) Seed Oil, Polyglyceryl-6 Stearate, 1,2-Hexanediol, Cetyl Alcohol, Candida/Garcinia Cambogia Ferment, Ceramide NP, Glyceryl Stearate, Ammonium Acryloyldimethyltaurate/VP Copolymer, Polyglyceryl-6 Behenate, Allantoin, Squalane, Caprylyl Glycol, Panthenol, Macadamia Ternifolia Seed Oil, Xanthan Gum, Butyrospermum Parkii (Shea) Butter, Ethylhexylglycerin, Disodium EDTA, Dipropylene glycol, Hydrogenated lecithin, Ceramide NS, Ceramide AS, Ceramide AP, Cholesterol, Ceramide EOP</p>","Purito","Skincare","Imported, TSB, Teemdrop_Auto_Fulfill",TRUE,Title,Default Title,"9170000000018",0,,999,deny,manual,31.19,TRUE,TRUE,"https://cdn.shopify.com/s/files/1/0515/4589/9157/files/puritoluminousceramide.png?v=1770058965"
"purito-mighty-bamboo-panthenol-cream-100ml","PURITO Mighty Bamboo Panthenol Cream (100ml)","<p>Discover mindful skincare with the PURITO Mighty Bamboo Panthenol Cream (100ml). Developed by Purito to deeply nourish without irritation, utilizing nature\'s most respected extracts. Skin barrier fortifying cream for all seasons PURITO Mighty Bamboo Panthenol Cream is a reformulation of the well-loved B5 Panthenol Re-Barrier Cream. It still features 10% panthenol to strengthen the skin barrier and protect against environmental stressors.</p><h6>Ingredients</h6><p>Water, Panthenol (10%), Squalane, Butylene Glycol, 1,2-Hexanediol, Niacinamide, Bambusa Vulgaris Extract (3,497 ppm), Hydrolyzed Jojoba Esters, Acrylates/C10-30 Alkyl Acrylate Crosspolymer, Ammonium Acryloyldimethyltaurate/VP Copolymer, Hydroxyacetophenone, Tromethamine, Dipotassium Glycyrrhizate, Ethylhexylglycerin, Xanthan Gum, Disodium EDTA, Sodium Hyaluronate, Madecassoside, Asiaticoside, Asiatic Acid, Madecassic Acid, Copper Tripeptide-1</p>","Purito","Skincare","Imported, TSB, Teemdrop_Auto_Fulfill",TRUE,Title,Default Title,"9170000000019",0,,999,deny,manual,30.67,TRUE,TRUE,"https://cdn.shopify.com/s/files/1/0515/4589/9157/files/ED_8C_90_ED_85_8C_EB_86_80_ED_81_AC_EB_A6_BC_benefit_product.png?v=1761766819"
"purito-galacto-niacin-97-power-essence-60ml","PURITO Galacto Niacin 97 Power Essence (60ml)","<p>Care for your skin the purest way with the PURITO Galacto Niacin 97 Power Essence (60ml). Purito provides clean, essential ingredients that respect and reinforce the skin barrier. Soften and smoothen skin texture with galactomyces filtrates Contains 92% of Galactomyces Fermented Filtrate, which makes a rough skin soft, clean, and clear. Niacinamide (5%) brightens the skin improving its texture and elasticity.</p><h6>Ingredients</h6><p>Refer to product packaging for full ingredient list.</p>","Purito","Skincare","Imported, TSB, Teemdrop_Auto_Fulfill",TRUE,Title,Default Title,"9170000000020",0,,999,deny,manual,27.51,TRUE,TRUE,"https://cdn.shopify.com/s/files/1/0515/4589/9157/files/PURITO_Galacto_Niacin_97_Power_Essence_60ml_bee93900-e035-4c12-af7f-c8dc5e279454.png?v=1766304622"
"purito-oat-in-calming-gel-cream-100ml","PURITO Oat-in Calming Gel Cream (100ml)","<p>Care for your skin the purest way with the PURITO Oat-in Calming Gel Cream (100ml). Purito provides clean, essential ingredients that respect and reinforce the skin barrier. A refreshing gel cream with nourishing oat seed water, instantly calming for dry and sensitive skin. PURITO Oat-in Calming Gel Cream is a lightweight gel cream that melts into the skin.</p><h6>Ingredients</h6><p>Water, Ammonium Acryloyldimethyltaurate/VP Copolymer, Squalane, Hydroxyacetophenone, Carbomer, Dipotassium Glycyrrhizate, Panthenol, Tromethamine, Ethylhexylglycerin, Inulin Lauryl Carbamate, Sodium Surfactin, Beta-Glucan</p>","Purito","Skincare","Imported, TSB, Teemdrop_Auto_Fulfill",TRUE,Title,Default Title,"9170000000021",0,,999,deny,manual,26.30,TRUE,TRUE,"https://cdn.shopify.com/s/files/1/0515/4589/9157/files/Oat_Cream_benefit.png?v=1768884465"
"purito-wonder-releaf-centella-toner-unscented-200ml","PURITO Wonder Releaf Centella Toner Unscented (200ml)","<p>Discover mindful skincare with the PURITO Wonder Releaf Centella Toner Unscented (200ml). Developed by Purito to deeply nourish without irritation, utilizing nature\'s most respected extracts. A gentle and fragrance-free toner that soothes, calms, and hydrates skin without causing irritation. Purito Wonder Releaf Centella Toner Unscented is a gentle, unscented toner suitable for even the most sensitive skin types.</p><h6>Ingredients</h6><p>Water, Butylene Glycol, Pentylene Glycol, Dipropylene Glycol, 1,2-Hexanediol, Centella Asiatica Extract(6,000ppm), Sodium Hyaluronate, Panthenol, Madecassoside, Asiaticoside, Madecassic Acid, Asiatic Acid, Trehalose, Carbomer, Allantoin, Arginine, Ethylhexylglycerin, Disodium EDTA, Portulaca Oleracea Extract</p>","Purito","Skincare","Imported, TSB, Teemdrop_Auto_Fulfill",TRUE,Title,Default Title,"9170000000022",0,,999,deny,manual,31.93,TRUE,TRUE,"https://cdn.shopify.com/s/files/1/0515/4589/9157/files/PURITO_Wonder_Releaf_Centella_Toner_Unscented_200ml.png?v=1766304621"
"purito-wonder-releaf-centella-unscented-serum","PURITO Wonder Releaf Centella Unscented Serum","<p>Care for your skin the purest way with the PURITO Wonder Releaf Centella Unscented Serum. Purito provides clean, essential ingredients that respect and reinforce the skin barrier. Unscented formulation of the popular Purito Centella Serum Purito Wonder Releaf Centella Unscented Serum is the unscented version of the well-loved Wonder Releaf Centella Unscented Serum. It is a rapid-acting soothing serum that soothes and comforts irritated skin.</p><h6>Ingredients</h6><p>Water, Glycerin, Dipropylene Glycol, Propanediol, Centella Asiatica Extract(34,860ppm), Butylene Glycol, Niacinamide, 1,2-Hexanediol, Sodium Hyaluronate, Panthenol, Madecassoside, Asiaticoside, Madecassic Acid, Asiatic Acid, Centella Asiatica Callus Extracellular Vesicles(10ppm), Allantoin, Palmitoyl Tetrapeptide-7, Palmitoyl Hexapeptide-12, Palmitoyl Tripeptide-1, Palmitoyl Dipeptide-10, Carbomer, Polyglyceryl-10 Laurate, Polyglyceryl-10 Myristate, Hydrolyzed Jojoba Esters, Tromethamine, Ethylhexylglycerin, Xanthan Gum, Dipotassium Glycyrrhizate, Adenosine, Disodium EDTA, Sucrose Stearate, Glyceryl Stearate, Hydrogenated lecithin, Polyglyceryl-10 Stearate, Ceramide NP, Camellia Sinensis Leaf Extract, Pancratium Maritimum Extract</p>","Purito","Skincare","Imported, TSB, Teemdrop_Auto_Fulfill",TRUE,Title,Default Title,"9170000000023",0,,999,deny,manual,18.41,TRUE,TRUE,"https://cdn.shopify.com/s/files/1/0515/4589/9157/files/centella_serum_unscented-thumb-x2.png?v=1712337309"
"purito-luminous-ceramide-sleeping-pack-100ml","PURITO Luminous Ceramide Sleeping Pack (100ml)","<p>The PURITO Luminous Ceramide Sleeping Pack (100ml) stands as a testament to Purito\'s gentle yet highly effective approach to K-Beauty, offering soothing relief and long-lasting radiance. This sleeping pack helps to soothe the skin exhausted from damaging UV rays and other environmental stressors overnight. It is formulated with skin-identical ingredients like Hyaluronic Acid and Ceramide, which strengthen the skin barrier and protect it from the harmful environmental stressors.</p><h6>Ingredients</h6><p>Water, Caprylic/Capric Triglyceride, Glycerin, Squalane, Simmondsia Chinensis (Jojoba) Seed Oil, Cetearyl Alcohol, Centella Asiatica Extract(15,000 ppm), Potassium Cetyl Phosphate, Helianthus Annuus (Sunflower) Seed Oil, Butylene Glycol, Polyglyceryl-3 Methylglucose Distearate, 1,2-Hexanediol, Panthenol, Hydroxyacetophenone, Sodium Carbomer, Hydrogenated Lecithin, Ceramide NP, Hydroxyethylcellulose, Camellia Sinensis Leaf Extract, Sodium Hyaluronate, Madecassoside(0.03 ppm), Asiaticoside(0.02 ppm), Madecassic Acid(0.002 ppm), Asiatic Acid(0.002 ppm)</p>","Purito","Skincare","Imported, TSB, Teemdrop_Auto_Fulfill",TRUE,Title,Default Title,"9170000000024",0,,999,deny,manual,29.46,TRUE,TRUE,"https://cdn.shopify.com/s/files/1/0515/4589/9157/files/PURITO_Luminous_Ceramide_Sleeping_Pack_100ml.png?v=1771869390"
"purito-pure-vitamin-c-serum-60ml","PURITO Pure Vitamin C Serum (60ml)","<p>The PURITO Pure Vitamin C Serum (60ml) stands as a testament to Purito\'s gentle yet highly effective approach to K-Beauty, offering soothing relief and long-lasting radiance. Pure Vitamin C serum with 5% Ascorbic acid helps brighten the complexion and improve uneven skin tone. It helps fade the appearance of sun damage and hyperpigmentation while visibly addressing dullness and loss of firmness, making skin look healthy and radiant.</p><h6>Ingredients</h6><p>Refer to product packaging for full ingredient list.</p>","Purito","Skincare","Imported, TSB, Teemdrop_Auto_Fulfill",TRUE,Title,Default Title,"9170000000025",0,,999,deny,manual,29.98,TRUE,TRUE,"https://cdn.shopify.com/s/files/1/0515/4589/9157/files/PURITO_Pure_Vitamin_C_Serum_60ml_bd3682f2-27c4-444b-99d4-1ad167b983f7.png?v=1771869310"
"purito-deep-sea-pure-water-cream-50g","PURITO Deep Sea Pure Water Cream (50g)","<p>Discover mindful skincare with the PURITO Deep Sea Pure Water Cream (50g). Developed by Purito to deeply nourish without irritation, utilizing nature\'s most respected extracts. When it comes to dehydrated skin, it’s time to hydrate! This lightweight water cream contains all the moisture packed ingredients your parched skin will need. It contains 60% deep sea water, panthenol , sodium hyaluronate, and a plethora of marine ingredients like green caviar and seaweed extract help to quench even the thirstiest of skin cells.</p><h6>Ingredients</h6><p>Refer to product packaging for full ingredient list.</p>","Purito","Skincare","Imported, TSB, Teemdrop_Auto_Fulfill",TRUE,Title,Default Title,"9170000000026",0,,999,deny,manual,31.19,TRUE,TRUE,"https://cdn.shopify.com/s/files/1/0515/4589/9157/files/PURITO_Deep_Sea_Pure_Water_Cream_50g.png?v=1766304622"
"rosy-rosa-make-up-sponge-egg-2pc","ROSY ROSA Make Up Sponge - Egg (2pc)","<p>Smooth egg-shaped s ponge made of NBR ROSY ROSA Makeup Sponge - Egg is an egg shaped sponge made of NBR synthetic rubber. This material has a smooth, durable texture and is perfect for applying foundation smoothly. Features Made of NBR rubber with a smooth, durable texture Egg-shaped sponge Suitable for powder or liquid makeup Measures 70 x 50 mm, with 10 mm thickness Skin Types All skin types Made In China How to use Use sponge to pick up product Pat away excess product before lightly patting product onto skin. TIP: When the sponge becomes dirty, dissolve some mild kitchen detergent in lukewarm water and wash it by hand. After rinsing thoroughly, remove excess water and dry in the shade. When the sponge becomes rough, it is time to replace it.</p><h6>Ingredients</h6><p>Refer to product packaging.</p>","ROSY ROSA","Tools","Imported, TSB, Teemdrop_Auto_Fulfill",TRUE,Title,Default Title,"9090580480236",0,,999,deny,manual,6.00,TRUE,TRUE,"https://cdn.shopify.com/s/files/1/0515/4589/9157/files/RosyRosaMakeupSpongeEgg.png?v=1765407069"
"rosy-rosa-moist-sponge-square-l","ROSY ROSA Moist Sponge - Square L","<p>Smooth elongated square shaped s ponge made of NBR ROSY ROSA Moist Sponge - Square L is a makeup sponge with a soft, moist texture that gently adheres to the skin. Suitable not only for powder foundation but also for liquid and cream foundations. The rectangular shape fits easily into a compact case. Features Made of NBR rubber with a smooth, moist texture Elongated square shape Suitable for powder or liquid makeup Measures 52 x 45 mm, with 9 mm thickness Skin Types All skin types Made In China How to use Use sponge to pick up product Pat away excess product before lightly patting product onto skin. TIP: When the sponge becomes dirty, dissolve some mild kitchen detergent in lukewarm water and wash it by hand. After rinsing thoroughly, remove excess water and dry in the shade. When the sponge becomes rough, it is time to replace it.</p><h6>Ingredients</h6><p>Refer to product packaging.</p>","ROSY ROSA","Tools","Imported, TSB, Teemdrop_Auto_Fulfill",TRUE,Title,Default Title,"9090579890412",0,,999,deny,manual,6.52,TRUE,TRUE,"https://cdn.shopify.com/s/files/1/0515/4589/9157/files/Rosy_Rosa_Moist_Sponge_Square_L.png?v=1765484549"
"rosy-rosa-makeup-sponge-n-square-l-2pcs","ROSY ROSA Makeup Sponge - N Square L (2pcs)","<p>Smooth elongated square sponge made of NBR ROSY ROSA Makeup Sponge - N Square L is a elongated square shaped sponge made of NBR synthetic rubber. This material has a smooth, durable texture and is perfect for applying foundation smoothly. Features Made of NBR rubber with a smooth, durable texture Elongated square shape Suitable for foundation or liquid makeup Measures 52 x 45 mm with 8mm thickness Skin Types All skin types Made In China How to use Use sponge to pick up product Pat away excess product before lightly patting product onto skin. TIP: When the sponge becomes dirty, dissolve some mild kitchen detergent in lukewarm water and wash it by hand. After rinsing thoroughly, remove excess water and dry in the shade. When the sponge becomes rough, it is time to replace it.</p><h6>Ingredients</h6><p>Refer to product packaging.</p>","ROSY ROSA","Tools","Imported, TSB, Teemdrop_Auto_Fulfill",TRUE,Title,Default Title,"9090579333356",0,,999,deny,manual,85.95,TRUE,TRUE,"https://cdn.shopify.com/s/files/1/0515/4589/9157/files/Rosy_Rosa_Makeup_Sponge_N_Square_L_8c0219a4-0cb9-4611-97f7-b1b90d199371.png?v=1765396562"
"rosy-rosa-jelly-touch-sponge-house-6pc","ROSY ROSA Jelly Touch Sponge - House (6pc)","<p>Water-loving sponge to achieve a dewy, luminous finish with clear radiance. ROSY ROSA Jelly Touch Sponge is a house-shaped sponge that plumps up when soaked in water to help achieve a dewy, luminous finish with clear radiance. The fine-textured sponge helps foundation adhere smoothly to the skin and provides even, streak-free coverage. It spreads product easily and applies a light, natural layer for a transparent, glowing complexion. The soft, jiggly texture feels pleasant on the skin, offering a gentle and cushiony touch. Features Made of soft, jiggly polyurethane House-shaped sponge Achieves louminous, streak-free makeup application Measures 30x45mm, thickness of 18mm Skin Types All skin types Made In China How to use Moisten sponge and squeeze out excess water Pick up appropriate amount of makeup product and glide on skin Alternatively, put makeup on face and blend with sponge TIP: Avoid putting makeup directly onto sponge When the sponge becomes dirty, dissolve some mild kitchen detergent in lukewarm water and wash it by hand. Do not soak in cleansing oils or hot water. After rinsing thoroughly, gently remove excess water and dry in the shade. When the sponge becomes rough, it is time to replace it.</p><h6>Ingredients</h6><p>Refer to product packaging.</p>","ROSY ROSA","Tools","Imported, TSB, Teemdrop_Auto_Fulfill",TRUE,Title,Default Title,"9090875949292",0,,999,deny,manual,9.99,TRUE,TRUE,"https://cdn.shopify.com/s/files/1/0515/4589/9157/files/Rosy_Rosa_Jelly_Touch.png?v=1765491230"
"rosy-rosa-natural-sea-sponge-s-2pc","ROSY ROSA Natural Sea Sponge S (2pc)","<p>Natural sea sponge for cleaning and makeup application ROSY ROSA Natural Sea Sponge S is a natural sea sponge (silk-type) that becomes soft when soaked in water. It can be used for a wide range of purposes such as facial cleansing and makeup application. Please note that there may be natural impurities such as shell fragments or seaweed but it does not affect the quality or safety. Features Natural sea sponge Soft and silky texture Can be used for facial cleansing or makeup May expand up to 55mm in size Skin Types All skin types Made In Philippines How to use Facial cleansing: moisten the natural sea sponge with water to soften it, apply facial cleanser, lather well, and gently wash your face. Foundation: fully soak the sponge with water, wring it out lightly, and then proceed with makeup application TIP: When the sponge becomes dirty, dissolve some mild kitchen detergent in lukewarm water and wash it by hand. Do not soak in cleansing oils or hot water. After rinsing thoroughly, gently remove excess water and dry in the shade. When the sponge becomes rough, it is time to replace it.</p><h6>Ingredients</h6><p>Refer to product packaging.</p>","ROSY ROSA","Tools","Imported, TSB, Teemdrop_Auto_Fulfill",TRUE,Title,Default Title,"9090875654380",0,,999,deny,manual,9.99,TRUE,TRUE,"https://cdn.shopify.com/s/files/1/0515/4589/9157/files/RosyRosaNaturalSeaSponge.png?v=1765490845"
"rosy-rosa-value-sponge-n-wedge-30pcs","ROSY ROSA Value Sponge - N Wedge (30pcs)","<p>Wedge-shaped sponge, available in a value package. ROSY ROSA Value Sponge - N Wedge is a soft-touch SBR makeup sponge designed to suit different applications. It has many small angles that fit perfectly into detailed areas such as around the eyes and the sides of the nose. This makeup sponge is recommended for spot coverage of blemishes and uneven skin tone. Features Made of SBR synthetic rubber Wedge-shaped sponge Fits into small crevices and suitable for blending Measures 50 x 25mm, with thickness 20mm Skin Types All skin types Made In South Korea How to use Foundation/Concealer/Liquid Makeup: apply directly onto skin using fingers. Use sponge to spread and blend into skin Powder: Press sponge onto powdered makeup, tap off excess and then press onto skin. TIP: Avoid applying liquid or cream foundation directly onto the sponge. When the sponge becomes dirty, dissolve some mild kitchen detergent in lukewarm water and wash it by hand. After rinsing thoroughly, remove excess water and dry in the shade. When the sponge becomes rough, it is time to replace it.</p><h6>Ingredients</h6><p>Refer to product packaging.</p>","ROSY ROSA","Tools","Imported, TSB, Teemdrop_Auto_Fulfill",TRUE,Title,Default Title,"9090581397740",0,,999,deny,manual,9.52,TRUE,TRUE,"https://cdn.shopify.com/s/files/1/0515/4589/9157/files/Rosy_Rosa_Value_Sponge_Wedge.png?v=1765904377"
"rosy-rosa-charcoal-makeup-sponge-6pcs","ROSY ROSA Charcoal Makeup Sponge (6pcs)","<p>Charcoal infused multi-purpose makeup sponge ROSY ROSA Charcoal Makeup Sponges are infused with charcoal and come in a unique fan shape to blend all the hard-to-reach areas of the face. Use the wider part for cheeks and forehead and the corners for eye and nose area. It can be used dry or wet and can be used with powder or liquid makeup. Additionally, it can be used alone to absorb excess facial oil. Features Charcoal infused makeup sponge Fan-shaped to reach all corners of the face Suitable for powder or liquid makeup Can be used alone to absorb excess oil Measures 50×25×33 mm Skin Types All skin types Made In China How to use Liquid / Cream Foundation: Place foundation on the forehead, nose, cheeks, etc. with your fingers, then blend it into the skin using the sponge. Powder Foundation: Dry use: Pick up an appropriate amount of foundation with the sponge and glide it over the skin. Wet use: If using the sponge damp, soak it in water, wring it out well, then apply. Lightly patting the skin at the end will give a more translucent finish. Concealer: Apply concealer to blemishes, acne marks, or other areas of concern, then lightly pat with the corner of the sponge to blend. Finishing Base Makeup: Gently tap the sponge over areas where excess foundation remains to help it blend in and reduce shine. TIP: When the sponge becomes dirty, dissolve some mild kitchen detergent in lukewarm water and wash it by hand. Do not soak in cleansing oils or hot water. After rinsing thoroughly, gently remove excess water and dry in the shade. When the sponge becomes rough, it is time to replace it.</p><h6>Ingredients</h6><p>Refer to product packaging.</p>","ROSY ROSA","Tools","Imported, TSB, Teemdrop_Auto_Fulfill",TRUE,Title,Default Title,"9090580807916",0,,999,deny,manual,7.00,TRUE,TRUE,"https://cdn.shopify.com/s/files/1/0515/4589/9157/files/Rosy_Rosa_Charcoal_Sponge.png?v=1765489495"
"rosy-rosa-real-look-mirror-1pc","ROSY ROSA Real Look Mirror (1pc)","<p>High reflectivity mirror that reveals true skin tone for easier makeup application ROSY ROSA Real Look Mirror reveals true skin tone using a silver-plated mirror with a reflectivity of 95%. Regular mirrors with low reflectivity tends to make your skin look dull, which can lead to applying more foundation than necessary and cause makeup mistakes. Say goodbye to thick, washed-out foundation and create a beautiful, distinctive look with the RealLook Mirror. Available in several sizes: Regular: 105 x 6 x 140 mm Compact: 94 x 6 x 103 mm Features High reflectivity (95%) silver-plated mirror Reveals true skin tone Minimizes makeup mistakes and unnecessarily heavy makeup Regular: 105 x 6 x 140 mm Compact: 94 x 6 x 103 mm Made In Japan How to use Use it when applying makeup or checking your appearance.</p><h6>Ingredients</h6><p>Refer to product packaging.</p>","ROSY ROSA","Tools","Imported, TSB, Teemdrop_Auto_Fulfill",TRUE,Title,Default Title,"9090877653228",0,,999,deny,manual,12.99,TRUE,TRUE,"https://cdn.shopify.com/s/files/1/0515/4589/9157/files/RosyRosaMirror.png?v=1766721092"
"rosy-rosa-100-natural-cotton-72pcs","ROSY ROSA 100% Natural Cotton (72pcs)","<p>Soft and smooth natural cotton! ROSY ROSA 100% Natural Cotton is made with c arefully selected</p><h6>Ingredients</h6><p>layered in multiple layers to create a soft, fluffy, and smooth feel. Compressed and fixed without the use of any adhesives, it creates a fluffy, smooth feel. Rosy Rosa cotton meets the strictest standards of the international textile product standard \</p>","ROSY ROSA","Tools","Imported, TSB, Teemdrop_Auto_Fulfill",TRUE,Title,Default Title,"9090877489388",0,,999,deny,manual,5.52,TRUE,TRUE,"https://cdn.shopify.com/s/files/1/0515/4589/9157/files/Rosy_Rosa_Cotton.png?v=1766722757"
"rosy-rosa-flocky-puff-2pcs","ROSY ROSA Flocky Puff (2pcs)","<p>Soft puff for pressed powder ROSY ROSA Flocky Puff is a light and s oft, flocked puff that is perfect for pressing powder. Features Made of soft polyurethane Perfect for pressed powder Measures 55 x 55 mm with thickness of 7mm Skin Types All skin types Made In China How to use Moisten sponge and squeeze out excess water Pick up appropriate amount of makeup product and glide on skin Alternatively, put makeup on face and blend with sponge TIP: Avoid putting makeup directly onto sponge When the sponge becomes dirty, dissolve some mild kitchen detergent in lukewarm water and wash it by hand. Do not soak in cleansing oils or hot water. After rinsing thoroughly, gently remove excess water and dry in the shade. When the sponge becomes rough, it is time to replace it.</p><h6>Ingredients</h6><p>Refer to product packaging.</p>","ROSY ROSA","Tools","Imported, TSB, Teemdrop_Auto_Fulfill",TRUE,Title,Default Title,"9090876899564",0,,999,deny,manual,94.94,TRUE,TRUE,"https://cdn.shopify.com/s/files/1/0515/4589/9157/files/Rosy_Rosa_Flocky_Puffs.png?v=1765908513"
"rosy-rosa-smooth-fit-sponge-1pc","ROSY ROSA Smooth Fit Sponge (1pc)","<p>Water-loving sponge that applies a thin, radiant layer of makeup ROSY ROSA Smooth Fit Sponge plumps up when soaked in water and feels soft against the skin! It spreads foundation in a thin, even layer and improves adherence to the skin. Its easy-to-hold, user-friendly shape helps you achieve a luminous, translucent finish with less effort. Features Made of soft polyurethane Must be used wet Applies a thin, even layer of makeup with a radiant finish Measures 60 × 28 × 55 mm Skin Types All skin types Made In China How to use Moisten sponge and squeeze out excess water Pick up appropriate amount of makeup product and glide on skin Alternatively, put makeup on face and blend with sponge TIP: Avoid putting makeup directly onto sponge When the sponge becomes dirty, dissolve some mild kitchen detergent in lukewarm water and wash it by hand. Do not soak in cleansing oils or hot water. After rinsing thoroughly, gently remove excess water and dry in the shade. When the sponge becomes rough, it is time to replace it.</p><h6>Ingredients</h6><p>Refer to product packaging.</p>","ROSY ROSA","Tools","Imported, TSB, Teemdrop_Auto_Fulfill",TRUE,Title,Default Title,"9090876211436",0,,999,deny,manual,8.52,TRUE,TRUE,"https://cdn.shopify.com/s/files/1/0515/4589/9157/files/RosyRosaSmoothFitSponge.png?v=1765492967"
"rosy-rosa-fiber-brush-1pcs","ROSY ROSA Fiber Brush (1pcs)","<p>Ultra-fine fiber brush with a smooth, gentle feel on the skin! ROSY ROSA Fiber Brush is made with soft, smooth ultra-fine fibers, ideal for powder foundation and loose powder. It has a luxuriously soft feel that’s kind to the skin. Features Includes brush and case Ultra smooth and soft bristles Ideal for powder use application Material PBT bristles Made In China How to use Take powder onto the brush and adjust the amount by removing excess with a tissue or similar. Gently sweep the brush over the skin to apply the powder.</p><h6>Ingredients</h6><p>Refer to product packaging.</p>","ROSY ROSA","Tools","Imported, TSB, Teemdrop_Auto_Fulfill",TRUE,Title,Default Title,"9090883748076",0,,999,deny,manual,13.52,TRUE,TRUE,"https://cdn.shopify.com/s/files/1/0515/4589/9157/files/RosyRosaFiberL.png?v=1766601278"
"rosy-rosa-double-ended-concealer-brush-1pcs","ROSY ROSA Double-Ended Concealer Brush (1pcs)","<p>Double-ended concealer brush for eye and face use. ROSY ROSA Double-Ended Concealer Brush conveniently features two different sizes of concealer brush suitable for large and small areas. The large brush features a flat brush with a sharp tip, making it easy to use along delicate areas such as the lower lash line. It is recommended for covering larger areas like dark circles and uneven skin tone. The small brush features a firm flat brush, making it ideal for precise, spot coverage on small areas such as blemishes and around the sides of the nose. Features Double-sided concealer brush Large side suitable for under eye and uneven skin Small side suitable for blemishes and crevices Skin Types All skin types Made In China How to use Take concealer onto the brush. Apply small amounts of concealer to the area you want to cover using the brush. TIP: Before applying concealer, adjust the amount on the back of your hand or with a tissue. Gently blend outward from the surrounding area to match your skin tone, and apply to the center of the area last. For additional coverage, repeat in the same way, layering gradually.</p><h6>Ingredients</h6><p>Refer to product packaging.</p>","ROSY ROSA","Tools","Imported, TSB, Teemdrop_Auto_Fulfill",TRUE,Title,Default Title,"9090878865644",0,,999,deny,manual,9.99,TRUE,TRUE,"https://cdn.shopify.com/s/files/1/0515/4589/9157/files/Rosy_Rosa_Concealer_Brush.png?v=1766723902"
"rosy-rosa-slide-lip-brush-mini-pink-1pc","ROSY ROSA Slide Lip Brush Mini - Pink (1pc)","<p>Ultra-fine nylon lip brush with sliding case ROSY ROSA Slide Lip Brush Mini is a lip brush made with ultra-fine nylon bristles that are flexible yet firm. The slide-type design makes it compact and convenient for carrying. The flat, fine brush tip makes it easy to draw precise lip lines. Features Ultra-fine nylon bristles Sliding case for convenient and hygienic storage Draws precise lip lines Skin Types All skin types Made In South Korea How to use When first using, gently loosen the bristles. You may see a white powder-like substance (glue used to shape the bristles); remove it with a tissue before use. Draw a line from the edge of the lips toward the center, then fill in the inner part to complete.</p><h6>Ingredients</h6><p>Refer to product packaging.</p>","ROSY ROSA","Tools","Imported, TSB, Teemdrop_Auto_Fulfill",TRUE,Title,Default Title,"9090878505196",0,,999,deny,manual,8.00,TRUE,TRUE,"https://cdn.shopify.com/s/files/1/0515/4589/9157/files/Rosy_Rosa_Lip_Brush.png?v=1766724212"
"rosy-rosa-multi-use-brush-face","ROSY ROSA Multi Use Brush - Face","<p>A face brush with an ergonomically designed handle ROSY ROSA Multi Use Brush - Face features soft, fluffy bristles that feel gentle on the skin. It is multipurpose and can be used for all types of powder makeup. The angled cut with varying bristle lengths makes it suitable to fit facial contours. You can use it for all-over powder, blush, highlighter, or contour! The ergonomically designed handle provides stability and makes makeup application easier. Features Ergonomic multi-purpose facial brush Can be used for powder, blush, highlight or contour makeup Suitable for powder makeup Soft and fluffy bristles Made In China How to use Take an appropriate amount of powder onto the brush, adjust the amount with tissue paper, etc., and then gently apply it to your skin with the brush.</p><h6>Ingredients</h6><p>Refer to product packaging.</p>","ROSY ROSA","Tools","Imported, TSB, Teemdrop_Auto_Fulfill",TRUE,Title,Default Title,"9090878177516",0,,999,deny,manual,16.52,TRUE,TRUE,"https://cdn.shopify.com/s/files/1/0515/4589/9157/files/Rosy_Rosa_Face_Brush.png?v=1766724661"
"rosy-rosa-eye-shadow-tip-6pcs","ROSY ROSA Eye Shadow Tip (6pcs)","<p>Hygienic, dual-sided eyeshadow tips for perfecting eye makeup looks ROSY ROSA Eye Shadow Tip is a dual-type eyeshadow brush for perfecting eye makeup! The thin tip is perfect for dark shadows and shading eyeliner. It comes with six tips, allowing you to use different tips for different colors. Features Includes 6 double-sided eyeshadow tips Perfect for applying and bending dark eyeshadows Tip made of urethane Size: W60 × D10 × H210mm Skin Types All skin types Made In South Korea How to use Use the thin tip to blend dark shadows or eyeliner. Dispose and replace when dirty</p><h6>Ingredients</h6><p>Refer to product packaging.</p>","ROSY ROSA","Tools","Imported, TSB, Teemdrop_Auto_Fulfill",TRUE,Title,Default Title,"9090884403436",0,,999,deny,manual,6.52,TRUE,TRUE,"https://cdn.shopify.com/s/files/1/0515/4589/9157/files/RosyRosaEyeShadowTip.png?v=1765298127"
"rosy-rosa-eyebrow-brush-set-mini-3pcs","ROSY ROSA Eyebrow Brush Set - Mini (3pcs)","<p>Mini eyebrow brush set for defined and natural brows. ROSY ROSA Eyebrow Brush Set - Mini allows you to achieve your ideal eyebrows. With a set of three eyebrow brushes, each has a purpose to help you create a naturally defined eyebrows. Available in a convenient size and pouch, you can bring this daily for on-the-go makeup application and touch-ups. Features Includes large eyebrow brush, small eyebrow brush, screw brush and case Small brush helps with defining and drawing individual brow hair Large brush helps with blending or creating a natural look Screw brush helps tidy brow hairs and blur front of brows Skin Types All skin types Made In China How to use Use the large or small eyebrow brush to apply powder eyebrow. Remove excess powder with tissue paper or similar before applying to your skin. For a sharp finish, draw the bristles of the small eyebrow brush horizontally against the skin on the line above the eyebrows and at the end of the eyebrows. Use the large eyebrow brush perpendicular to your skin to draw the eyebrows to your desired width, or to softly blend the entire eyebrow. Use screw brush to naturally blend the beginning of your eyebrows!</p><h6>Ingredients</h6><p>Refer to product packaging.</p>","ROSY ROSA","Tools","Imported, TSB, Teemdrop_Auto_Fulfill",TRUE,Title,Default Title,"9090884174060",0,,999,deny,manual,21.99,TRUE,TRUE,"https://cdn.shopify.com/s/files/1/0515/4589/9157/files/RosyRosaEyebrowBrushSet.png?v=1765323358"
"rosy-rosa-multi-use-brush-point-1pc","ROSY ROSA Multi Use Brush - Point (1pc)","<p>A face brush with an ergonomically designed handle ROSY ROSA Multi Use Brush - Point features soft, tapered bristles that allow for easy pinpoint application. This brush fits perfectly into fine facial contours for application of eyeshadow, under-eye bags, and lipstick. With tapered bristles, it can be used to draw thin or broad lines. The ergonomically designed handle also provides a stable grip, making it easy to apply makeup. Features Ergonomic multi-purpose point brush Can be used for eye, under eye or lip makeup Soft and firm, tapered bristles Capable of thin or thick lines Skin Types All skin types Made In China How to use Take an appropriate amount of powder onto the brush, adjust the amount with tissue paper, etc., and then gently apply it to your skin with the brush.</p><h6>Ingredients</h6><p>Refer to product packaging.</p>","ROSY ROSA","Tools","Imported, TSB, Teemdrop_Auto_Fulfill",TRUE,Title,Default Title,"9102799798508",0,,999,deny,manual,10.99,TRUE,TRUE,"https://cdn.shopify.com/s/files/1/0515/4589/9157/files/RosyRosaPoint.png?v=1766723294"
"rosy-rosa-value-sponge-n-square-l-12pcs","ROSY ROSA Value Sponge - N Square L (12pcs)","<p>Elongated square shaped sponge, available in a value package. ROSY ROSA Value Sponge - N Square L is a soft-touch SBR makeup sponge that can be used for various purposes. It is a rectangular sponge that can be stored compactly and used easily. Features Made of SBR synthetic rubber Elongated square shape Suitable for detailed use around nose and eye contours Measures 55 x 42 mm, with thickness of 7mm Skin Types All skin types Made In China How to use Foundation/Concealer/Liquid Makeup: apply directly onto skin using fingers. Use sponge to spread and blend into skin Powder: Press sponge onto powdered makeup, tap off excess and then press onto skin. TIP: Avoid applying liquid or cream foundation directly onto the sponge. When the sponge becomes dirty, dissolve some mild kitchen detergent in lukewarm water and wash it by hand. After rinsing thoroughly, remove excess water and dry in the shade. When the sponge becomes rough, it is time to replace it.</p><h6>Ingredients</h6><p>Refer to product packaging.</p>","ROSY ROSA","Tools","Imported, TSB, Teemdrop_Auto_Fulfill",TRUE,Title,Default Title,"9102782431468",0,,999,deny,manual,7.52,TRUE,TRUE,"https://cdn.shopify.com/s/files/1/0515/4589/9157/files/RosyRosaValueSpongeNSquareL.png?v=1765908199"
"rosy-rosa-fiber-eyeshadow-brush-set-2pcs","ROSY ROSA Fiber Eyeshadow Brush Set (2pcs)","<p>Ultra-fine fiber brushes with a smooth, gentle feel on the skin! ROSY ROSA Fiber Eye Shadow Brush Set has a luxuriously soft feel that’s kind to the skin. These makeup brushes are made with soft, smooth ultra-fine fibers, ideal for powder eyeshadow. It comes with two sizes to suit your needs. Features Includes large and small eyeshadow brush with case Ultra soft and smooth fibers Ideal for powder eyeshadow application Skin Types All skin types Made In China How to use Take eyeshadow onto the brush and adjust the amount by removing excess with a tissue or similar. Gently sweep the brush over the skin to apply the powder.</p><h6>Ingredients</h6><p>Refer to product packaging.</p>","ROSY ROSA","Tools","Imported, TSB, Teemdrop_Auto_Fulfill",TRUE,Title,Default Title,"9101411418348",0,,999,deny,manual,9.99,TRUE,TRUE,"https://cdn.shopify.com/s/files/1/0515/4589/9157/files/RosyRosaEyeshadowBrushSet.png?v=1766723494"
"rosy-rosa-point-makeup-brush-set-2pcs","ROSY ROSA Point Makeup Brush Set (2pcs)","<p>Set of 2 brushes for easy point makeup application. ROSY ROSA Point Makeup Brush Set is made with ultra-fine fibers that are soft on the skin. They are easy to use for powder eyeshadow, under-eye bag makeup, concealer, and other point makeup. This handy two-brush set is a must-have. Features Includes convex brush and extra-small flat brush Excellent for precise makeup application around the eyes Can be used for eyeshadow and concealer Material PBT bristles Made In China How to use Convex Brush: Use for applying eyeshadow into crease/eye socket or point concealer application Extra-Small Flat Brush: Use for under eye makeup or applying darker eyeshadow shades Wipe away makeup residue with a tissue after each use. For deeper cleaning, rinse gently under lukewarm water mixed with mild dish soap, working the solution through the bristles. Rinse completely until water runs clear, squeeze out excess moisture, reshape the brush tips, and lay flat to air dry in a shaded area.</p><h6>Ingredients</h6><p>Refer to product packaging.</p>","ROSY ROSA","Tools","Imported, TSB, Teemdrop_Auto_Fulfill",TRUE,Title,Default Title,"9090884534508",0,,999,deny,manual,7.00,TRUE,TRUE,"https://cdn.shopify.com/s/files/1/0515/4589/9157/files/Rosy_Rosa_Point_Brush_Set.png?v=1764974636"
"rosy-rosa-value-sponge-n-house-s-30pcs","ROSY ROSA Value Sponge - N House S (30pcs)","<p>House-shaped sponge, available in a value package. ROSY ROSA Value Sponge - N House S is a soft-touch SBR makeup sponge that you can choose based on your needs. With its many surfaces and angles, this versatile makeup sponge handles everything from base application to detailed, targeted use. Features Made of SBR synthetic rubber House-shaped sponge Multipurpose, versatile makeup sponge Measures 40 x 20mm, with thickness 25mm Skin Types All skin types Made In China How to use Foundation/Concealer/Liquid Makeup: apply directly onto skin using fingers. Use sponge to spread and blend into skin Powder: Press sponge onto powdered makeup, tap off excess and then press onto skin. TIP: Avoid applying liquid or cream foundation directly onto the sponge. When the sponge becomes dirty, dissolve some mild kitchen detergent in lukewarm water and wash it by hand. After rinsing thoroughly, remove excess water and dry in the shade. When the sponge becomes rough, it is time to replace it.</p><h6>Ingredients</h6><p>Refer to product packaging.</p>","ROSY ROSA","Tools","Imported, TSB, Teemdrop_Auto_Fulfill",TRUE,Title,Default Title,"9102827782380",0,,999,deny,manual,9.52,TRUE,TRUE,"https://cdn.shopify.com/s/files/1/0515/4589/9157/files/RosyRosaValueSpongeHouse.png?v=1765904821"
"rosy-rosa-multi-use-foundation-puff-2pcs","ROSY ROSA Multi Use Foundation Puff (2pcs)","<p>Plush, multipurpose foundation puff ROSY ROSA Multi Use Foundation Puff is a set of two makeup puffs with a smooth, gentle feel, compatible with all types of foundation (powder, cushion, liquid, cream foundations, and face powder). The plush, richly cushioned thickness helps press foundation into pores, creating a smooth, even finish. Recommended for finishing base makeup and for touch-ups. Features Made of plush polyurethane Compatible with all foundation formulations Helps with smooth, even application Measures 59 x 59 mm with 17 mm thickness Skin Types All skin types Made In China How to use Use sponge to pick up product Pat away excess product before lightly patting product onto skin. TIP: When the sponge becomes dirty, dissolve some mild kitchen detergent in lukewarm water and wash it by hand. After rinsing thoroughly, remove excess water and dry in the shade. When the sponge becomes rough, it is time to replace it.</p><h6>Ingredients</h6><p>Refer to product packaging.</p>","ROSY ROSA","Tools","Imported, TSB, Teemdrop_Auto_Fulfill",TRUE,Title,Default Title,"9102815297772",0,,999,deny,manual,10.52,TRUE,TRUE,"https://cdn.shopify.com/s/files/1/0515/4589/9157/files/RosyRosaMultiUseFoundationPuff.png?v=1766592503"
"rosy-rosa-marshmallow-mousse-touch-puff","ROSY ROSA Marshmallow Mousse Touch Puff","<p>Soft and plush makeup puff for liquid and powder makeup ROSY ROSA Marshmallow Mousse Touch Puff is a makeup puff with a perfectly balanced, soft and springy texture that feels gentle on the skin. It helps prevent powder foundation from looking cakey and allows it to adhere evenly to the skin. Large size with a ribbon for a stable and comfortable grip. Features Made of SBR rubber with a soft, plush texture Suitable for liquid or powder makeup Measures 90 x 90mm with thickness of 18mm Skin Types All skin types Made In China How to use Foundation/Concealer/Liquid Makeup: apply directly onto skin using fingers. Use sponge to spread and blend into skin Powder: Press sponge onto powdered makeup, tap off excess and then press onto skin. TIP: Avoid applying liquid or cream foundation directly onto the sponge. When the sponge becomes dirty, dissolve some mild kitchen detergent in lukewarm water and wash it by hand. After rinsing thoroughly, remove excess water and dry in the shade. When the sponge becomes rough, it is time to replace it.</p><h6>Ingredients</h6><p>Refer to product packaging.</p>","ROSY ROSA","Tools","Imported, TSB, Teemdrop_Auto_Fulfill",TRUE,Title,Default Title,"9102815035628",0,,999,deny,manual,8.99,TRUE,TRUE,"https://cdn.shopify.com/s/files/1/0515/4589/9157/files/RosyRosaMarshmallowPuff.png?v=1766601037"
"rosy-rosa-airy-touch-puff","ROSY ROSA Airy Touch Puff","<p>Meltingly smooth puff on the skin ROSY ROSA Airy Touch Puff melts into your skin with a smooth feel. The specially designed puff contains air, ensuring the foundation adheres evenly to your skin. It has an incredibly light and smooth texture. Features Made of NBR rubber with a smooth, durable texture Elongated square shape Suitable for foundation or liquid makeup Measures 52 x 45 mm with 16mm thickness Skin Types All skin types Made In Japan How to use Foundation/Concealer/Liquid Makeup: apply directly onto skin using fingers. Use sponge to spread and blend into skin Powder: Press sponge onto powdered makeup, tap off excess and then press onto skin. TIP: Avoid applying liquid or cream foundation directly onto the sponge. When the sponge becomes dirty, dissolve some mild kitchen detergent in lukewarm water and wash it by hand. After rinsing thoroughly, remove excess water and dry in the shade. When the sponge becomes rough, it is time to replace it.</p><h6>Ingredients</h6><p>Refer to product packaging.</p>","ROSY ROSA","Tools","Imported, TSB, Teemdrop_Auto_Fulfill",TRUE,Title,Default Title,"9102814839020",0,,999,deny,manual,9.52,TRUE,TRUE,"https://cdn.shopify.com/s/files/1/0515/4589/9157/files/Rosy_Rosa_Airy_Touch_Puff.png?v=1765929095"
"rosy-rosa-value-sponge-n-assorted-nbr-20pcs","ROSY ROSA Value Sponge - N Assorted NBR (20pcs)","<p>Assortment of NBR sponges in different sizes and shape ROSY ROSA Value Sponge - N Assorted NBR is a pack of assorted makeup sponges, made of NBR to be durable, long-lasting, and are smooth to the touch. These are more durable and stay firm even after washing! They come in an assortment pack with a wide variety of shapes, thicknesses, and colors Features Made of NBR synthetic rubber Variety of shapes and thicknesses Durable and soft, multipurpose sponges Skin Types All skin types Made In China How to use Foundation/Concealer/Liquid Makeup: apply directly onto skin using fingers. Use sponge to spread and blend into skin Powder: Press sponge onto powdered makeup, tap off excess and then press onto skin. TIP: Avoid applying liquid or cream foundation directly onto the sponge. When the sponge becomes dirty, dissolve some mild kitchen detergent in lukewarm water and wash it by hand. After rinsing thoroughly, remove excess water and dry in the shade. When the sponge becomes rough, it is time to replace it.</p><h6>Ingredients</h6><p>Refer to product packaging.</p>","ROSY ROSA","Tools","Imported, TSB, Teemdrop_Auto_Fulfill",TRUE,Title,Default Title,"9102829158636",0,,999,deny,manual,13.52,TRUE,TRUE,"https://cdn.shopify.com/s/files/1/0515/4589/9157/files/Rosy_Rosa_Assorted_NBR_20.png?v=1765908098"
"rosy-rosa-value-sponge-n-assorted-nbr-30pcs","ROSY ROSA Value Sponge - N Assorted NBR (30pcs)","<p>Assortment of round and square shaped NBR sponges ROSY ROSA Value Sponge - N Assorted NBR is a pack of assorted makeup sponges, made of NBR to be durable, long-lasting, and are smooth to the touch. They come in an assortment of round and square shapes. Features Made of NBR synthetic rubber Round and diamond shaped sponges Durable and soft, multipurpose sponges Square: Measures 55 x 45 mm, thickness 6 mm Round type: Measures 45mm or 55mm, thickness 5 mm Skin Types All skin types Made In China How to use Foundation/Concealer/Liquid Makeup: apply directly onto skin using fingers. Use sponge to spread and blend into skin Powder: Press sponge onto powdered makeup, tap off excess and then press onto skin. TIP: Avoid applying liquid or cream foundation directly onto the sponge. When the sponge becomes dirty, dissolve some mild kitchen detergent in lukewarm water and wash it by hand. After rinsing thoroughly, remove excess water and dry in the shade. When the sponge becomes rough, it is time to replace it.</p><h6>Ingredients</h6><p>Refer to product packaging.</p>","ROSY ROSA","Tools","Imported, TSB, Teemdrop_Auto_Fulfill",TRUE,Title,Default Title,"9102828929260",0,,999,deny,manual,7.52,TRUE,TRUE,"https://cdn.shopify.com/s/files/1/0515/4589/9157/files/RosyRosaAssortedNBR.png?v=1765908212"
"rosy-rosa-value-sponge-diamond-m-6pcs","ROSY ROSA Value Sponge - Diamond M (6pcs)","<p>Large diamond-shaped sponge, available in a value package. ROSY ROSA Value Sponge - Diamond M is a plush, diamond-shaped sponge with a rich thickness and a soft, fluffy texture that can be used for multiple applications, including liquid and cream foundation, powder foundation (with or without water), and concealer. It can also be used damp by moistening with water. Features Made of natural and SBR synthetic rubber Large, diamond-shaped sponge that can be used wet or dry Suitable for detailed use around nose and eye contours Measures 45 x 70 mm, with thickness of 23mm Skin Types All skin types Made In South Korea How to use Foundation/Concealer/Liquid Makeup: apply directly onto skin using fingers. Use sponge to spread and blend into skin Powder: Press sponge onto powdered makeup, tap off excess and then press onto skin. TIP: Avoid applying liquid or cream foundation directly onto the sponge. When the sponge becomes dirty, dissolve some mild kitchen detergent in lukewarm water and wash it by hand. After rinsing thoroughly, remove excess water and dry in the shade. When the sponge becomes rough, it is time to replace it.</p><h6>Ingredients</h6><p>Refer to product packaging.</p>","ROSY ROSA","Tools","Imported, TSB, Teemdrop_Auto_Fulfill",TRUE,Title,Default Title,"9102828798188",0,,999,deny,manual,9.99,TRUE,TRUE,"https://cdn.shopify.com/s/files/1/0515/4589/9157/files/RosyRosaValueSpongeDiamondM.png?v=1765905186"
"rosy-rosa-value-sponge-n-diamond-s-30pcs","ROSY ROSA Value Sponge - N Diamond S (30pcs)","<p>Diamond-shaped sponge, available in a value package. ROSY ROSA Value Sponge - N Diamond S is a soft-touch SBR makeup sponge designed to suit different applications. It's small angles make it easy to use on detailed areas such as around the nose and along the eye contours. This diamond-shaped sponge is ideal for targeted application, helping create a natural-looking base makeup finish. Features Made of SBR synthetic rubber Diamond-shaped sponge Suitable for detailed use around nose and eye contours Measures 48 x 28mm, with thickness of 20mm Skin Types All skin types Made In China How to use Foundation/Concealer/Liquid Makeup: apply directly onto skin using fingers. Use sponge to spread and blend into skin Powder: Press sponge onto powdered makeup, tap off excess and then press onto skin. TIP: Avoid applying liquid or cream foundation directly onto the sponge. When the sponge becomes dirty, dissolve some mild kitchen detergent in lukewarm water and wash it by hand. After rinsing thoroughly, remove excess water and dry in the shade. When the sponge becomes rough, it is time to replace it.</p><h6>Ingredients</h6><p>Refer to product packaging.</p>","ROSY ROSA","Tools","Imported, TSB, Teemdrop_Auto_Fulfill",TRUE,Title,Default Title,"9102828601580",0,,999,deny,manual,9.52,TRUE,TRUE,"https://cdn.shopify.com/s/files/1/0515/4589/9157/files/Rosy_Rosa_Value_Sponge_Diamond_S.png?v=1765904967"
"s-nature-aqua-oasis-toner-300ml","S.NATURE Aqua Oasis Toner (300ml)","<p>Discover this amazing product at The Skin Boutique.</p><h6>Ingredients</h6><p>Refer to product packaging.</p>","S.NATURE","Toners","Imported, TSB, Teemdrop_Auto_Fulfill",TRUE,Title,Default Title,"9157090869484",0,,999,deny,manual,27.98,TRUE,TRUE,"https://cdn.shopify.com/s/files/1/0515/4589/9157/files/S.NATUREAquaOasisToner300ml-1.png?v=1770754127"
"s-nature-aqua-rice-cleansing-oil-200ml","S.NATURE Aqua Rice Cleansing Oil (200ml)","<p>Discover this amazing product at The Skin Boutique.</p><h6>Ingredients</h6><p>Refer to product packaging.</p>","S.NATURE","Cleansers","Imported, TSB, Teemdrop_Auto_Fulfill",TRUE,Title,Default Title,"9157093785836",0,,999,deny,manual,27.98,TRUE,TRUE,"https://cdn.shopify.com/s/files/1/0515/4589/9157/files/S.NATUREAquaRiceCleansingOilRice_LHA200ml-1.png?v=1771854345"
"s-nature-aqua-squalane-moisturizing-cream","S.NATURE Aqua Squalane Moisturizing Cream","<p>Discover this amazing product at The Skin Boutique.</p><h6>Ingredients</h6><p>Refer to product packaging.</p>","S.NATURE","Moisturizers","Imported, TSB, Teemdrop_Auto_Fulfill",TRUE,Title,Default Title,"9157107155180",0,,999,deny,manual,29.98,TRUE,TRUE,"https://cdn.shopify.com/s/files/1/0515/4589/9157/files/S.NatureAquaSqualaneMoisturizingCreamDirectBeauty.png?v=1770752591"
"s-nature-aqua-squalane-serum","S.NATURE Aqua Squalane Serum","<p>Discover this amazing product at The Skin Boutique.</p><h6>Ingredients</h6><p>Refer to product packaging.</p>","S.NATURE","Serums","Imported, TSB, Teemdrop_Auto_Fulfill",TRUE,Title,Default Title,"9157093425388",0,,999,deny,manual,25.98,TRUE,TRUE,"https://cdn.shopify.com/s/files/1/0515/4589/9157/files/S.NatureAquaSqualaneSerumDirectBeauty.png?v=1771501515"
"madagascar-centella-poremizing-quick-clay-stick-mask-27g","Madagascar Centella Poremizing Quick Clay Stick Mask (27g)","<p>A revolutionary clay stick that delivers deep pore purification with zero mess. This Madagascar Centella-infused formula combines five types of mineral-rich clays—including Kaolin and Bentonite—to instantly absorb excess sebum and dissolve blackheads. The innovative stick format allows for precise application, while the soothing Centella Asiatica ensures your skin remains hydrated and calm, revealing a refined, clear, and perfectly matte complexion in just minutes.</p><h6>Ingredients</h6><p>Centella Asiatica Extract, Kaolin, Bentonite, Magnesium Aluminum Silicate, Illite, Montmorillonite, Calamine, Panthenol, Hyaluronic Acid.</p>","Skin1004","Masks","Imported, TSB, Teemdrop_Auto_Fulfill",TRUE,Title,Default Title,"9158815711468",0,,999,deny,manual,28.93,TRUE,TRUE,"https://cdn.shopify.com/s/files/1/0515/4589/9157/files/skin1004-madagascar-centella-poremizing-quick-clay-stick-mask-27g-1000x1000.webp?v=1771443379"
"madagascar-centella-ampoule-55ml","Madagascar Centella Ampoule (55ml)","<p>The gold standard of skin calming. This world-renowned ampoule features 100% pure Madagascar Centella Asiatica extract, harvested with meticulous care to preserve its potent healing properties. Designed for sensitive and compromised skin, it instantly repairs the moisture barrier, neutralizes redness, and promotes collagen synthesis for a firm, resilient finish. Its weightless, non-sticky texture absorbs deeply to balance oil and moisture levels, leaving your skin serene and perfectly hydrated.</p><h6>Ingredients</h6><p>Centella Asiatica Extract (100%).</p>","Skin1004","Serums","Imported, TSB, Teemdrop_Auto_Fulfill",TRUE,Title,Default Title,"5528",0,,999,deny,manual,25.25,TRUE,TRUE,"https://cdn.shopify.com/s/files/1/0515/4589/9157/files/SKIN1004_Madagascar_Centella_Ampoule.png?v=1766403403"
"tea-trica-spot-cover-patch-22pcs","Tea Trica Spot Cover Patch (22pcs)","<p>Your invisible shield against active breakouts. These medical-grade hydrocolloid patches are infused with a specialized 'Tea-Trica' complex to protect blemishes while extracting impurities. The ultra-thin, tapered edges ensure a seamless, near-invisible fit under makeup or on bare skin. By creating a moist, sterile environment, they prevent secondary infection and scarring, dramatically accelerating the healing cycle for clear, healthy skin.</p><h6>Ingredients</h6><p>Hydrocolloid, Melaleuca Alternifolia (Tea Tree) Leaf Oil, Centella Asiatica Extract.</p>","Skin1004","Treatments","Imported, TSB, Teemdrop_Auto_Fulfill",TRUE,Title,Default Title,"5539",0,,999,deny,manual,9.47,TRUE,TRUE,"https://cdn.shopify.com/s/files/1/0515/4589/9157/files/skin1004-mask-pad-1-pack-22ea-tea-trica-spot-cover-patch-38642934939894_1800x1800_f900f932-2c99-497e-bc32-64ee26da93d7.png?v=1718047174"
"centella-poremizing-deep-cleansing-foam-125ml","Centella Poremizing Deep Cleansing Foam (125ml)","<p>A purifying powerhouse that targets deep-seated impurities without compromising the skin's moisture barrier. This creamy, high-density foam utilizes fine Himalayan Pink Salt and Papain enzymes to gently dissolve sebum and dead skin cells, refining texture and minimizing the appearance of pores. Infused with Madagascar Centella, it provides a refreshing, low-irritation cleanse that leaves skin soft, clean, and perfectly balanced.</p><h6>Ingredients</h6><p>Water, Potassium Hydroxide, Stearic Acid, Glyceryl Stearate, Palmitic Acid, Centella Asiatica Extract, Mineral Salts (Himalayan Pink Salt), Papain, Vinegar.</p>","Skin1004","Cleansers","Imported, TSB, Teemdrop_Auto_Fulfill",TRUE,Title,Default Title,"5551",0,,999,deny,manual,22.09,TRUE,TRUE,"https://cdn.shopify.com/s/files/1/0515/4589/9157/files/SKIN1004_Centella_Poremizing_Deep_Cleansing_Foam_125ml.png?v=1766403402"
"madagascar-centella-soothing-cream-75ml","Madagascar Centella Soothing Cream (75ml)","<p>A restorative moisture barrier cream designed to mimic the skin's natural lipid structure. This lightweight gel-cream utilizes a sophisticated 'Triple-Lipid' system—combining Ceramide, Fatty Acids, and Cholesterol—to instantly repair and fortify the epidermal shield. Enriched with skin-soothing Madagascar Centella, it provides intense hydration and calming relief for irritated, heat-reactive, or sensitive skin, leaving it supple, soft, and shielded from environmental stressors.</p><h6>Ingredients</h6><p>Centella Asiatica Extract (72%), Glycerin, Propanediol, Ceramide NP, Ceramide EOP, Ceramide NS, Ceramide AS, Ceramide AP, Cholesterol, Stearic Acid.</p>","Skin1004","Moisturizers","Imported, TSB, Teemdrop_Auto_Fulfill",TRUE,Title,Default Title,"5553",0,,999,deny,manual,28.93,TRUE,TRUE,"https://cdn.shopify.com/s/files/1/0515/4589/9157/files/skin1004-cream-centella-soothing-cream-38642833588470_1600x_b9bad36f-e3a2-4b36-bfd0-55635b00e038.png?v=1723441608"
"madagascar-centella-probio-cica-enrich-cream-50ml","Madagascar Centella Probio-Cica Enrich Cream (50ml)","<p>The ultimate solution for dry, damaged skin barriers. This high-performance enrichment cream features 'Probio-Cica'—a synergy of fermented Madagascar Centella and vegan-certified probiotics—to aggressively repair the moisture barrier and enhance elasticity. Its luxurious, silky texture melts into the skin, delivering deep nourishment with Ceramide NP and skin-friendly seed oils. Perfect for night transformation or intense day shielding, it leaves the skin with a radiant, plush, and healthy-glow finish.</p><h6>Ingredients</h6><p>Lactobacillus/Centella Asiatica Extract Ferment Filtrate, Centella Asiatica Extract, Ceramide NP, Phytosphingosine, Macadamia Ternifolia Seed Oil, Moringa Oleifera Seed Oil.</p>","Skin1004","Moisturizers","Imported, TSB, Teemdrop_Auto_Fulfill",TRUE,Title,Default Title,"5554",0,,999,deny,manual,35.77,TRUE,TRUE,"https://cdn.shopify.com/s/files/1/0515/4589/9157/files/SKIN1004MadagascarCentellaProbio-CicaEnrichCream.png?v=1714934858"
"centella-probio-cica-bakuchiol-eye-cream-20ml","Centella Probio-Cica Bakuchiol Eye Cream (20ml)","<p>Elevate your eye care with the power of nature's retinol alternative. This advanced eye cream combines the firming benefits of Bakuchiol with restorative 'Probio-Cica' (fermented Centella) to target fine lines, dark circles, and loss of elasticity. Formulated with a low-molecular-weight Hyaluronic Acid and Niacinamide, it provides intensive hydration and brightening for the delicate eye area. Its non-greasy, fast-absorbing formula ensures your gaze remains youthful, rested, and vibrant.</p><h6>Ingredients</h6><p>Lactobacillus/Centella Asiatica Extract Ferment Filtrate, Bakuchiol, Panthenol, Hyaluronic Acid, Ceramide NP, Niacinamide, Adenosine.</p>","Skin1004","Eye Care","Imported, TSB, Teemdrop_Auto_Fulfill",TRUE,Title,Default Title,"5555",0,,999,deny,manual,27.35,TRUE,TRUE,"https://cdn.shopify.com/s/files/1/0515/4589/9157/files/SKIN1004_Centella_Probio_Cica_Bakuchiol_Eye_Cream_20ml_PNG.png?v=1769614531"
"centella-tea-trica-purifying-toner-210ml","Centella Tea-Trica Purifying Toner (210ml)","<p>A professional-grade clarifying toner for oily and acne-prone skin. This purifying sanctuary utilizes a potent blend of Tea Tree Leaf Water and Madagascar Centella to instantly calm inflammation and regulate sebum production. Infused with a mild BHA (Salicylic Acid), it gently exfoliates away pore-clogging debris and dead skin cells, refining texture and preventing future breakouts. Its low-irritation formula ensures a clear, matte, and refreshed complexion without compromising essential moisture.</p><h6>Ingredients</h6><p>Chamaecyparis Obtusa Water, Tea Tree Leaf Water (12%), Centella Asiatica Extract (9.8%), Salicylic Acid, Lavandula Angustifolia (Lavender) Flower Extract.</p>","Skin1004","Toners","Imported, TSB, Teemdrop_Auto_Fulfill",TRUE,Title,Default Title,"5570",0,,999,deny,manual,25.77,TRUE,TRUE,"https://cdn.shopify.com/s/files/1/0515/4589/9157/files/SKIN1004_Centella_Tea_Trica_Purifying_Toner_210ml.png?v=1766403400"
"centella-hyalu-cica-blue-serum-50ml","Centella Hyalu-Cica Blue Serum (50ml)","<p>A hydration oasis for thirsty, heat-reactive skin. This elite gel-serum features a specialized 'Hyalu-Cica' complex—a golden ratio of Hyaluronic Acid and Madagascar Centella—to deliver deep, multi-level moisture while instantly soothing irritation. Fortified with Niacinamide and Adenosine, it brightens the complexion and improves the appearance of fine lines. Its weightless, fast-absorbing texture leaves skin plump, dewy, and revitalized with zero stickiness.</p><h6>Ingredients</h6><p>Centella Asiatica Leaf Water (38%), Niacinamide, Glycerin, Sodium Hyaluronate, Hydrolyzed Hyaluronic Acid, Hyaluronic Acid, Ceramide NP.</p>","Skin1004","Serums","Imported, TSB, Teemdrop_Auto_Fulfill",TRUE,Title,Default Title,"5579",0,,999,deny,manual,27.35,TRUE,TRUE,"https://cdn.shopify.com/s/files/1/0515/4589/9157/files/SKIN1004_Centella_Hyalu_Cica_Blue_Serum_50ml.png?v=1766403399"
"centella-tone-brightening-capsule-cream-75ml","Centella Tone Brightening Capsule Cream (75ml)","<p>Experience the ultimate brightening breakthrough. This high-density cream features patented 'MadeWhite' capsules—concentrated Madecassoside suspended in a soothing cream base—to target hyperpigmentation and uneven skin tone from the first application. Powered by 4% Niacinamide and 2% Tranexamic Acid, it aggressively neutralizes dullness and dark spots while the Madagascar Centella core ensures constant calming. Reveal a transparent, radiant, and luminous complexion with every application.</p><h6>Ingredients</h6><p>Niacinamide (4%), Tranexamic Acid (2%), Madecassoside, Centella Asiatica Extract, Squalane, Panthenol, Bisabolol.</p>","Skin1004","Moisturizers","Imported, TSB, Teemdrop_Auto_Fulfill",TRUE,Title,Default Title,"5581",0,,999,deny,manual,30.51,TRUE,TRUE,"https://cdn.shopify.com/s/files/1/0515/4589/9157/files/SKIN1004_Centella_Tone_Brightening_Capsule_Cream_75ml_PNG_69cfd577-c1a2-45f7-9f87-b1ca85927e89.png?v=1769695070"
"centella-tea-trica-relief-ampoule-100ml","Centella Tea-Trica Relief Ampoule (100ml)","<p>The ultimate SOS sanctuary for acne-prone and inflamed skin. This massive 100ml ampoule features a potent concentration of 55% Madagascar Centella and a specialized Pine Tree Complex to provide immediate calming relief. Centered on 'Tea-Trica' technology, it neutralizes acne-causing bacteria and reduces thermal irritation while fortifying the moisture barrier. Its non-comedogenic, weightless formula penetrates instantly to soothe active flare-ups and prevent future congestion.</p><h6>Ingredients</h6><p>Centella Asiatica Extract (55%), Tea Tree Leaf Water (9.4%), Pinus Palustris Leaf Extract, Oenothera Biennis (Evening Primrose) Flower Extract.</p>","Skin1004","Serums","Imported, TSB, Teemdrop_Auto_Fulfill",TRUE,Title,Default Title,"5582",0,,999,deny,manual,34.19,TRUE,TRUE,"https://cdn.shopify.com/s/files/1/0515/4589/9157/files/SKIN1004_Centella_Tea_Trica_Relief_Ampoule_100ml.png?v=1766403401"
"centella-probio-cica-intensive-ampoule-50ml","Centella Probio-Cica Intensive Ampoule (50ml)","<p>A professional-grade repair serum that bridges the gap between traditional Cica and advanced bio-fermentation. This intensive ampoule features 'Probio-Cica'—a proprietary blend of fermented Madagascar Centella and plant-derived probiotics—to aggressively restore a compromised moisture barrier. Its milky, nutrient-dense formula plumps the skin with hydration while smoothing texture and enhancing elasticity. Designed for those requiring deep rescue and rejuvenation, it leaves the skin resilient, glowing, and profoundly calm.</p><h6>Ingredients</h6><p>Lactobacillus/Centella Asiatica Extract Ferment Filtrate, Centella Asiatica Extract, Ceramide NP, TECA (Asiaticoside, Asiatic Acid, Madecassic Acid), Macadamia Ternifolia Seed Oil.</p>","Skin1004","Serums","Imported, TSB, Teemdrop_Auto_Fulfill",TRUE,Title,Default Title,"5583",0,,999,deny,manual,32.61,TRUE,TRUE,"https://cdn.shopify.com/s/files/1/0515/4589/9157/files/SKIN1004_Centella_Probio_Cica_Intensive_Ampoule.png?v=1766402627"
"centella-poremizing-light-gel-cream-75ml","Centella Poremizing Light Gel Cream (75ml)","<p>The ultimate weightless moisturizer for pore perfection. This refreshing gel-cream utilizes high-purity Himalayan Pink Salt to draw out impurities and tighten the appearance of enlarged pores, while a high concentration of Madagascar Centella provides instant calming relief. Its 'Light Gel' technology ensures rapid absorption with zero stickiness, delivering deep hydration and oil control. Perfect for oily and combination skin types, it leaves your complexion refined, matte, and supremely soft.</p><h6>Ingredients</h6><p>Water, Centella Asiatica Extract, Mineral Salts (Himalayan Pink Salt), Niacinamide, Xylitol, Aloe Barbadensis Leaf Extract, Panthenol, Hyaluronic Acid.</p>","Skin1004","Moisturizers","Imported, TSB, Teemdrop_Auto_Fulfill",TRUE,Title,Default Title,"5584",0,,999,deny,manual,25.77,TRUE,TRUE,"https://cdn.shopify.com/s/files/1/0515/4589/9157/files/SKIN1004_Centella_Poremizing_Light_Gel_Cream_75ml_4965b697-459d-4dcd-b1d8-8f69e4f146ff.png?v=1771870061"
"centella-probio-cica-essence-toner-210ml","Centella Probio-Cica Essence Toner (210ml)","<p>Experience the richness of an essence with the refreshing finish of a toner. This high-performance essence-toner features fermented Madagascar Centella and vegan-certified probiotics to instantly soothe and repair the skin barrier post-cleanse. Its unique viscos-liquid texture forces active hydration deep into the skin's layers, neutralizing sensitivity and prepping the complexion for maximum product absorption. A vital first step for those seeking a resilient, hydrated, and ethereal glow.</p><h6>Ingredients</h6><p>Lactobacillus/Centella Asiatica Extract Ferment Filtrate, Centella Asiatica Extract, Ceramide NP, Panthenol, Allantoin, Trehalose, Sodium Hyaluronate.</p>","Skin1004","Toners","Imported, TSB, Teemdrop_Auto_Fulfill",TRUE,Title,Default Title,"5585",0,,999,deny,manual,27.35,TRUE,TRUE,"https://cdn.shopify.com/s/files/1/0515/4589/9157/files/SKIN1004_Centella_Probio-Cica_Essence_Toner_210ml.png?v=1766403399"
"centella-hyalu-cica-sleeping-pack-100ml","Centella Hyalu-Cica Sleeping Pack (100ml)","<p>Wake up to your most radiant skin yet. This elite overnight treatment features the 'Hyalu-Cica' formula—a proprietary golden ratio of Hyaluronic Acid and Madagascar Centella—to deeply hydrate and calm skin during its peak repair cycle. Infused with Pear and Melon fruit extracts, it provides a powerful antioxidant boost while Niacinamide brightens and refines. Its weightless water-gel texture creates a breathable moisture veil that absorbs completely, leaving skin plump, revitalized, and glowing by morning.</p><h6>Ingredients</h6><p>Centella Asiatica Extract, Niacinamide, Sodium Hyaluronate, Hydrolyzed Hyaluronic Acid, Hyaluronic Acid, Pyrus Communis (Pear) Fruit Extract, Melatonin.</p>","Skin1004","Masks","Imported, TSB, Teemdrop_Auto_Fulfill",TRUE,Title,Default Title,"5586",0,,999,deny,manual,28.93,TRUE,TRUE,"https://cdn.shopify.com/s/files/1/0515/4589/9157/files/SKIN1004_Centella_Hyalu_Cica_Sleeping_Pack_100ml.png?v=1771870020"
"centella-hyalu-cica-moisture-cream-75ml","Centella Hyalu-Cica Moisture Cream (75ml)","<p>A hydration sanctuary for dry and compromised skin. This luxurious cream features Phyto-Collagen—holding 500 times its weight in moisture—to provide intense, long-lasting hydration and improved elasticity. Powered by 50% Madagascar Centella, it instantly soothes seasonal sensitivity and fortifies the moisture barrier against environmental stressors. Its plush, velvet-soft texture melts into the skin, delivering the ultimate glass-skin finish with zero heaviness.</p><h6>Ingredients</h6><p>Centella Asiatica Extract (50%), Niacinamide, Adenosine, Phyto-Collagen, Hydrolyzed Hyaluronic Acid, Sodium Hyaluronate, Ceramide NP.</p>","Skin1004","Moisturizers","Imported, TSB, Teemdrop_Auto_Fulfill",TRUE,Title,Default Title,"5590",0,,999,deny,manual,30.51,TRUE,TRUE,"https://cdn.shopify.com/s/files/1/0515/4589/9157/files/SKIN1004_Centella_Hyalu-Cica_Moisture_Cream_75ml_PNG.png?v=1769616877"
"madagascar-centella-tone-brightening-cleansing-gel-foam-125ml","Madagascar Centella Tone Brightening Cleansing Gel Foam (125ml)","<p>A luminosity-boosting cleanse that respects your skin's delicate balance. This premium gel-to-foam cleanser features encapsulated 'MadeWhite' and 3-O-Ethyl Ascorbic Acid to target dullness and hyperpigmentation while you wash. Infused with a high concentration of Madagascar Centella, it provides a profoundly calming experience, ensuring the skin remains hydrated and calm. Naturally derived surfactants gently lift impurities, leaving your complexion refined, transparent, and perfectly prepped for your brightening ritual.</p><h6>Ingredients</h6><p>Centella Asiatica Extract, Niacinamide, 3-O-Ethyl Ascorbic Acid, Madecassoside, Vitis Vinifera (Grape) Fruit Extract, Pyrus Malus (Apple) Fruit Extract.</p>","Skin1004","Cleansers","Imported, TSB, Teemdrop_Auto_Fulfill",TRUE,Title,Default Title,"5642",0,,999,deny,manual,23.67,TRUE,TRUE,"https://cdn.shopify.com/s/files/1/0515/4589/9157/files/skin1004-cleanser-125ml-tone-brightening-cleansing-gel-foam-38642975965430_1800x1800_5ebd01fd-841a-4443-89f1-4abc2cdb2e43.png?v=1686248171"
"madagascar-centella-tone-brightening-capsule-ampoule-50ml","Madagascar Centella Tone Brightening Capsule Ampoule (50ml)","<p>Reveal the ultimate transparency with this high-potency brightening treatment. This specialized ampoule features patented 'MadeWhite' capsules—concentrated Madecassoside suspended in a soothing core of Madagascar Centella. Powered by a Triple-Brightening complex of Niacinamide, Tranexamic Acid, and Vitamin C, it aggressively targets stubborn hyperpigmentation and post-acne marks. Its watery, fast-absorbing texture delivers active ingredients deep into the skin, resulting in a luminous, even, and crystal-clear complexion.</p><h6>Ingredients</h6><p>Centella Asiatica Extract (77%), Niacinamide, Tranexamic Acid, 3-O-Ethyl Ascorbic Acid, Madecassoside, Xylitylglucoside, Panthenol.</p>","Skin1004","Serums","Imported, TSB, Teemdrop_Auto_Fulfill",TRUE,Title,Default Title,"5643",0,,999,deny,manual,30.51,TRUE,TRUE,"https://cdn.shopify.com/s/files/1/0515/4589/9157/files/SKIN1004_Madagascar_Centella_Tone_Brightening_Capsule_Ampoule_50mL.png?v=1771609633"
"madagascar-centella-tone-brightening-boosting-toner-210ml","Madagascar Centella Tone Brightening Boosting Toner (210ml)","<p>The essential first step for a transparent 'Glass Skin' finish. This pH-balancing booster utilizes 'Singreen' technology—a synergy of 4 green fruit extracts—to gently exfoliate dead skin cells and refine texture without irritation. Infused with Madagascar Centella and Madecassoside, it provides instant calming while prepping the skin for deep product absorption. Watch as it neutralizes dullness and enhances clarity, leaving your skin supple, bright, and perfectly balanced.</p><h6>Ingredients</h6><p>Centella Asiatica Extract (90%), Niacinamide, Madecassoside, Prunus Mume Fruit Extract, Pyrus Malus (Apple) Fruit Extract, Carica Papaya Fruit Extract.</p>","Skin1004","Toners","Imported, TSB, Teemdrop_Auto_Fulfill",TRUE,Title,Default Title,"5644",0,,999,deny,manual,27.35,TRUE,TRUE,"https://cdn.shopify.com/s/files/1/0515/4589/9157/files/skin1004-toner-210ml-tone-brightening-boosting-toner-38642937135350_1800x1800_86102e68-b9fb-4caf-aa8c-d072ab9c31b8.png?v=1723442202"
"madagascar-centella-poremizing-fresh-ampoule-100ml","Madagascar Centella Poremizing Fresh Ampoule (100ml)","<p>A colossal 100ml solution for pore perfection and structural resilience. This high-performance ampoule utilizes rare Himalayan Pink Salt to draw out deep-seated impurities and debris from enlarged pores, while a specialized Peptide-9 complex enhances skin elasticity to prevent 'sagging' pores. Infused with the calming power of Madagascar Centella, it provides a refreshing, non-sticky finish that balances oil production and refines texture. Experience a visibly smoother, tighter, and more radiant complexion.</p><h6>Ingredients</h6><p>Centella Asiatica Extract, Mineral Salts, Peptide-9 Complex, Niacinamide, Adenosine, Panthenol, Hyaluronic Acid.</p>","Skin1004","Serums","Imported, TSB, Teemdrop_Auto_Fulfill",TRUE,Title,Default Title,"5645",0,,999,deny,manual,34.19,TRUE,TRUE,"https://cdn.shopify.com/s/files/1/0515/4589/9157/files/skin1004-ampoule-serum-100ml-poremizing-fresh-ampoule-38642870780150_1800x1800_fbffc478-8182-4fad-a0e7-44e30feaa038.png?v=1723441824"
"madagascar-centella-poremizing-clear-toner-210ml","Madagascar Centella Poremizing Clear Toner (210ml)","<p>Experience the ultimate pore-refining sanctuary. This advanced exfoliating toner features a proprietary 4-HA Complex (AHA, BHA, PHA, LHA) to gently dissolve dead skin cells and regulate sebum production across all skin layers. Powered by mineral-rich Himalayan Pink Salt and Madagascar Centella, it deeply purifies pores while providing instant calming relief. Its weightless formula preps the skin perfectly, leaving it refreshed, clear, and exceptionally smooth.</p><h6>Ingredients</h6><p>Centella Asiatica Extract, Mineral Salts, Salicylic Acid (BHA), Gluconolactone (PHA), Citric Acid (AHA), Capryloyl Salicylic Acid (LHA).</p>","Skin1004","Toners","Imported, TSB, Teemdrop_Auto_Fulfill",TRUE,Title,Default Title,"5646",0,,999,deny,manual,27.35,TRUE,TRUE,"https://cdn.shopify.com/s/files/1/0515/4589/9157/files/SKIN1004_Madagascar_Centella_Poremizing_Clear_Toner_210ml.png?v=1771870280"
"madagascar-centella-hyalu-cica-first-ampoule-100ml","Madagascar Centella Hyalu-Cica First Ampoule (100ml)","<p>The 'Step 0' essential for transformative hydration. Designed to be used immediately after cleansing, this massive 100ml ampoule locks in moisture before it can evaporate. Featuring the elite 'Hyalu-Cica' formula—a golden ratio of Hyaluronic Acid and Madagascar Centella—it provides an instant moisture boost while calming deep-seated sensitivity. Its watery, fast-absorbing texture creates the perfect hydrated foundation, ensuring all subsequent skincare steps penetrate deeper and work harder.</p><h6>Ingredients</h6><p>Centella Asiatica Extract, Sodium Hyaluronate, Hydrolyzed Hyaluronic Acid, Hyaluronic Acid, Niacinamide, Adenosine, Panthenol.</p>","Skin1004","Serums","Imported, TSB, Teemdrop_Auto_Fulfill",TRUE,Title,Default Title,"5647",0,,999,deny,manual,34.19,TRUE,TRUE,"https://cdn.shopify.com/s/files/1/0515/4589/9157/files/skin1004-ampoule-serum-hyalu-cica-first-ampoule-38642852888822_1800x1800_f79a0106-a392-45cc-9544-52f5a14d96a4.png?v=1723442038"
"madagascar-centella-hyalu-cica-brightening-toner-210ml","Madagascar Centella Hyalu-Cica Brightening Toner (210ml)","<p>A luminous hydration booster that gently refines while it calms. This multi-tasking toner utilizes mild AHA and LHA exfoliants to sweep away dulling surface cells, revealing a transparent glow. Infused with the 'Hyalu-Cica' complex and Ceramide Biom technology, it delivers deep-reaching moisture while fortifying the skin's protective shield. Experience the perfect balance of clarity and comfort, resulting in a supple, radiant complexion that's profoundly hydrated.</p><h6>Ingredients</h6><p>Centella Asiatica Extract (74%), Sodium Hyaluronate, Ceramide NP, Citric Acid (AHA), Capryloyl Salicylic Acid (LHA), Niacinamide, Adenosine.</p>","Skin1004","Toners","Imported, TSB, Teemdrop_Auto_Fulfill",TRUE,Title,Default Title,"5648",0,,999,deny,manual,25.77,TRUE,TRUE,"https://cdn.shopify.com/s/files/1/0515/4589/9157/files/skin1004-toner-hyalu-cica-brightening-toner.png?v=1723441283"
"madagascar-centella-watergel-sheet-ampoule-mask-1pc","Madagascar Centella Watergel Sheet Ampoule Mask (1pc)","<p>Experience the ultimate hydration surge with this high-performance watergel mask. Crafted from natural Tencel and Bamboo fibers, the unique tightly-woven sheet holds three times the standard amount of essence, forcing active ingredients deep into the dermis. Soaked in a potent concentration of Madagascar Centella, it provides immediate relief for irritated, heat-reactive skin while delivering intense moisture. A professional-grade treatment that leaves your face plump, chilled, and exceptionally radiant.</p><h6>Ingredients</h6><p>Centella Asiatica Extract (51%), Glycerin, Sodium Hyaluronate, Arginine, Panthenol, Allantoin, Glycyrrhiza Glabra (Licorice) Root Extract.</p>","Skin1004","Masks","Imported, TSB, Teemdrop_Auto_Fulfill",TRUE,Title,Default Title,"5649",0,,999,deny,manual,84.95,TRUE,TRUE,"https://cdn.shopify.com/s/files/1/0515/4589/9157/files/skin1004-mask-pad-centella-watergel-sheet-ampoule-mask-38642839388406_1800x1800_8d71fb90-0ead-47c5-9796-3666cfbebe85.png?v=1686247910"
"madagascar-centella-toning-toner-210ml","Madagascar Centella Toning Toner (210ml)","<p>The daily exfoliating staple for sensitive 'Glass Skin' seekers. This award-winning toner utilizes PHA—a high-molecular-weight chemical exfoliant—to gently dissolve dead skin cells without the irritation associated with traditional acids. Powered by 84% pure Madagascar Centella, it provides constant calming and hydration while Niacinamide brightens and balances. Its watery, low-pH formula ensures your skin remains resilient, refined, and perfectly prepped for your entire skincare routine.</p><h6>Ingredients</h6><p>Centella Asiatica Extract (84%), Niacinamide, Gluconolactone (PHA), Adenosine, Hyaluronic Acid, Betaine, Dipotassium Glycyrrhizate.</p>","Skin1004","Toners","Imported, TSB, Teemdrop_Auto_Fulfill",TRUE,Title,Default Title,"5650",0,,999,deny,manual,25.25,TRUE,TRUE,"https://cdn.shopify.com/s/files/1/0515/4589/9157/files/SKIN1004_Madagascar_Centella_Toning_Toner_400ml_-_1.jpg?v=1737845188"
"madagascar-centella-light-cleansing-oil-200ml","Madagascar Centella Light Cleansing Oil (200ml)","<p>Effortlessly dissolve the day with this elite all-in-one cleansing oil. Utilizing specialized micellar particles suspended in a weightless blend of Madagascar Centella and coconut-derived MCT oil, it melts away heavy makeup, stubborn sunscreen, and deep-seated sebum in seconds. This award-winning formula provides a refreshing cleanse that never leaves a greasy film, while active Cica ensures the moisture barrier remains intact and calm. The essential first step for clear, supple, and healthy skin.</p><h6>Ingredients</h6><p>Ethylhexyl Stearate, Cetyl Ethylhexanoate, Centella Asiatica Extract (10%), Helianthus Annuus (Sunflower) Seed Oil, Simmondsia Chinensis (Jojoba) Seed Oil, Rosa Canina Fruit Oil.</p>","Skin1004","Cleansers","Imported, TSB, Teemdrop_Auto_Fulfill",TRUE,Title,Default Title,"5651",0,,999,deny,manual,27.35,TRUE,TRUE,"https://cdn.shopify.com/s/files/1/0515/4589/9157/files/skin1004-cleanser-centella-light-cleansing-oil-38642994282742_1800x1800_085b9b27-25e3-4117-af16-05ad73b39368.png?v=1717012566"
"madagascar-centella-cream-75ml","Madagascar Centella Cream (75ml)","<p>A restorative barrier sanctuary designed to heal and shield. This all-in-one moisturizer utilizes a synergy of 4 plant-derived ceramides to instantly fortify the skin's lipid shield and prevent moisture loss. Infused with a high concentration of Madagascar Centella, it provides immediate calming relief for environmental sensitivity and inflammation. Its plush, non-oily texture adheres seamlessly to the skin, delivering deep nourishment and a healthy, resilient glow that lasts all day.</p><h6>Ingredients</h6><p>Centella Asiatica Extract (10%), Ceramide NP, Ceramide EOP, Ceramide NS, Ceramide AS, Ceramide AP, Squalane, Niacinamide, Shea Butter, Macadamia Ternifolia Seed Oil.</p>","Skin1004","Moisturizers","Imported, TSB, Teemdrop_Auto_Fulfill",TRUE,Title,Default Title,"5652",0,,999,deny,manual,28.93,TRUE,TRUE,"https://cdn.shopify.com/s/files/1/0515/4589/9157/files/SKIN1004_Madagascar_Centella_Cream.png?v=1766402627"
"madagascar-centella-ampoule-foam-125ml","Madagascar Centella Ampoule Foam (125ml)","<p>Elevate your daily ritual with this ultra-fine, pH-balanced cleansing foam. Formulated with a specialized concentration of Madagascar Centella and naturally sourced coconut surfactants, it creates a rich, cushiony lather that gently lifts impurities and micro-dust without stripping essential oils. At an ideal pH of 5.5, it maintains your skin's acid mantle while delivering a profoundly calming wash. Infused with fine Soda powder to purify deep within pores, it leaves skin exceptionally soft, clean, and perfectly balanced.</p><h6>Ingredients</h6><p>Centella Asiatica Extract (33%), Sodium Methyl Cocoyl Taurate, Coco-Betaine, Glycerin, Sodium Bicarbonate, Coptis Chinensis Root Extract, Sodium Hyaluronate.</p>","Skin1004","Cleansers","Imported, TSB, Teemdrop_Auto_Fulfill",TRUE,Title,Default Title,"5653",0,,999,deny,manual,22.09,TRUE,TRUE,"https://cdn.shopify.com/s/files/1/0515/4589/9157/files/632C5062-7214-417B-8844-7831CCCDC2DE.png?v=1720636849"
"skin1004-madagascar-centella-tone-brightening-dark-spot-ampoule-pad-60-pads","SKIN1004 Madagascar Centella Tone Brightening Dark Spot Ampoule Pad (60 pads)","<p>A soothing masterpiece developed by Skin1004. The SKIN1004 Madagascar Centella Tone Brightening Dark Spot Ampoule Pad (60 pads) is engineered with high-fidelity Centella Asiatica extracts to calm irritation, fortify the skin barrier, and reveal an exceptionally healthy and luminous finish. Crescent shaped pads to brighten complexion and add radiance. SKIN1004 Madagascar Centella Tone Brightening Dark Spot Ampoule Pads are soaked in a powerful brightening formula featuring Vitamin C Complex, Kojic Acid, and Glutathione to target dark spots and reveal radiant, luminous skin instantly.</p><h6>Ingredients</h6><p>Water, Niacinamide, Butylene Glycol, 1,2-Hexanediol, Panthenol, Erythritol, Centella Asiatica Extract, Hydroxyethyl Urea, Carbomer, Arginine, Ethylhexylglycerin, Polyglyceryl-4 Caprate, Ammonium Acryloyldimethyltaurate/VP Copolymer, Sodium Phytate, Melia Azadirachta Flower Extract, Ocimum Sanctum Leaf Extract, Melia Azadirachta Leaf Extract, Curcuma Longa (Turmeric) Root Extract, Corallina Officinalis Extract, 3-O-Ethyl Ascorbic Acid, Ascorbic Acid, Citric Acid, Ferulic Acid, Kojic Acid, Pentylene Glycol, Sodium Hyaluronate, Glutathione, Hydrogenated Lecithin, Madecassoside, Decyl Glucoside, Caprylyl Glycol, Hydroxypropyltrimonium Hyaluronate, Disodium EDTA, Ceramide NP, Hydrolyzed Hyaluronic Acid, Sodium Acetylated Hyaluronate, Hyaluronic Acid, Hydrolyzed Sodium Hyaluronate, Sodium Hyaluronate Crosspolymer, Potassium Hyaluronate</p>","Skin1004","Skincare","Imported, TSB, Teemdrop_Auto_Fulfill",TRUE,Title,Default Title,"9130000000000",0,,999,deny,manual,23.93,TRUE,TRUE,"https://cdn.shopify.com/s/files/1/0515/4589/9157/files/SKIN1004_Ampoule_Pad_9e20beb8-0219-44b8-a0c1-559becbe98a4.png?v=1765398511"
"skin1004-madagascar-centella-matrixyl-10-boosting-shot-ampoule-30ml","SKIN1004 Madagascar Centella Matrixyl 10 Boosting Shot Ampoule (30ml)","<p>A soothing masterpiece developed by Skin1004. The SKIN1004 Madagascar Centella Matrixyl 10 Boosting Shot Ampoule (30ml) is engineered with high-fidelity Centella Asiatica extracts to calm irritation, fortify the skin barrier, and reveal an exceptionally healthy and luminous finish. Hydrating plumping ampoule from deep within the skin SKIN1004 Madagascar Centella Matrixyl 10 Boosting Shot Ampoule is a deeply hydrating ampoule featuring 10% Matrixyl 3000®, Madagascar Centella, and Panthenol, delivered through micro-sized spicules (avg. 13μm)—smaller than the average pore size—for optimized absorption and performance.</p><h6>Ingredients</h6><p>Water, Butylene Glycol, Hydrogenated Polyisobutene, Glycerin, 1,2-Hexanediol, Glyceryl Stearate SE, Cetearyl Alcohol, Sorbitan Stearate, Carbomer, Cetearyl Olivate, Sorbitan Olivate, Tromethamine, Sodium Lactate, Inulin Lauryl Carbamate, Polysorbate 20, Hydrolyzed Sponge, Adenosine, Disodium EDTA, Hydrolyzed Hyaluronic acid, Anemarrhena Asphodeloides Root Extract, Palmitoyl Tripeptide-1, Palmitoyl Tetrapeptide-7, Panthenol, Madecassoside, Centella Asiatica Extract</p>","Skin1004","Skincare","Imported, TSB, Teemdrop_Auto_Fulfill",TRUE,Title,Default Title,"9130000000001",0,,999,deny,manual,26.30,TRUE,TRUE,"https://cdn.shopify.com/s/files/1/0515/4589/9157/files/SKIN1004_Matrixyl_10.png?v=1755636328"
"skin1004-madagascar-centella-niacinamide-10-boosting-shot-ampoule-30ml","SKIN1004 Madagascar Centella Niacinamide 10 Boosting Shot Ampoule (30ml)","<p>Experience the pure soothing power of Madagascar\'s finest botanical excellence with the SKIN1004 Madagascar Centella Niacinamide 10 Boosting Shot Ampoule (30ml). Formulated to deliver intense barrier repair, this masterpiece restores your complexion to a serene, glass-like radiance. Daily Toning Ampoule for Radiance Boost and Targeted Pore Care SKIN1004 Madagascar Centella Niacinamide 10 Boosting Shot Ampoule is f ormulated with Niacinamide to help refine pores and improve overall skin tone, Tranexamic Acid to enhance skin texture and strengthen the skin barrier, and a Boosting Shot system to improve absorption—delivering a more even, healthy-looking glow. This high-performance ampoule combines the active ingredients in micro-sized spicules (avg.</p><h6>Ingredients</h6><p>Water, Butylene Glycol, Niacinamide, 1,2-Hexanediol, Ascorbyl Glucoside, Propanediol, Carbomer, Methylpropanediol, Tromethamine, Xanthan Gum, Tranexamic Acid, Centella Asiatica Extract, Polyglutamic Acid, Hydrolyzed Sponge, Disodium EDTA, Citric Acid, Sodium DNA, Ethylhexylglycerin, Tocopheryl Acetate, Panthenol, Madecassoside</p>","Skin1004","Skincare","Imported, TSB, Teemdrop_Auto_Fulfill",TRUE,Title,Default Title,"9130000000002",0,,999,deny,manual,23.41,TRUE,TRUE,"https://cdn.shopify.com/s/files/1/0515/4589/9157/files/SKIN1004Niacinamide10.png?v=1755637121"
"skin1004-madagascar-centella-retinol-0-2-boosting-shot-ampoule-30ml","SKIN1004 Madagascar Centella Retinol 0.2 Boosting Shot Ampoule (30ml)","<p>A soothing masterpiece developed by Skin1004. The SKIN1004 Madagascar Centella Retinol 0.2 Boosting Shot Ampoule (30ml) is engineered with high-fidelity Centella Asiatica extracts to calm irritation, fortify the skin barrier, and reveal an exceptionally healthy and luminous finish. Elasticity and Barrier Solution Firming Elasticity Ampoule SKIN1004 Madagascar Centella Retinol 0.2 Boosting Shot Ampoule is a powerful blend of Retinol and Retinal to improve firmness and texture, delivered through a Boosting Shot system for deeper absorption and visibly stronger skin.</p><h6>Ingredients</h6><p>Water, Glycerin, 1,2-Hexanediol, Cetearyl Olivate, Squalane, Sorbitan Olivate, Carbomer, Retinol, Caprylic/Capric Triglyceride, Hippophae Rhamnoides Fruit Extract, Tromethamine, Phaseolus Radiatus Seed Extract, Hydrogenated Lecithin, Inulin Lauryl Carbamate, Sodium Polyacrylate, Retinal, Hydrolyzed Sponge, Adenosine, Sodium Hyaluronate, Disodium EDTA, Tocopheryl Acetate, Pentaerythrityl Tetra-di-t-butyl Hydroxyhydrocinnamate, Ethylhexylglycerin, Rosmarinus Officinalis (Rosemary) Leaf Extract, Panthenol, Madecassoside, Centella Asiatica Extract</p>","Skin1004","Skincare","Imported, TSB, Teemdrop_Auto_Fulfill",TRUE,Title,Default Title,"9130000000003",0,,999,deny,manual,24.46,TRUE,TRUE,"https://cdn.shopify.com/s/files/1/0515/4589/9157/files/SKIN1004Retinol0.2.png?v=1755716051"
"skin1004-madagascar-centella-probio-cica-nourishing-mask","SKIN1004 Madagascar Centella Probio-Cica Nourishing Mask","<p>Experience the pure soothing power of Madagascar\'s finest botanical excellence with the SKIN1004 Madagascar Centella Probio-Cica Nourishing Mask. Formulated to deliver intense barrier repair, this masterpiece restores your complexion to a serene, glass-like radiance. A highly concentrated probiotic serum in mask form Madagascar Centella Probio-Cica Nourishing Mask is designed to deeply firm and strengthen the skin while enjoying the hydrating and barrier-strengthening benefits of fermented Madagascan Centella. With 9 types of Peptides, this mask is effective in improving skin elasticity and dryness.</p><h6>Ingredients</h6><p>Water, Methylpropanediol, Glycereth-26, Niacinamide, Cetyl Ethylhexanoate, Centella Asiatica Extract (10,350 ppm), Caprylic/Capric Triglyceride, Hydrogenated Poly(C6-14 Olefin), Polyglyceryl-6 Stearate, Dipropylene Glycol, Butylene Glycol, Sorbitan Stearate, 1,2-Hexanediol, Hydroxyacetophenone, Carbomer, Glycerin, Arginine, Caprylyl Glycol, Polyglyceryl-6 Behenate, Xanthan Gum, Adenosine, Ethylhexylglycerin, Betaine, Macadamia Integrifolia Seed Oil, Sodium Hyaluronate, Panthenol, Hydrogenated Lecithin, Lactobacillus Ferment (20 ppm), Madecassic Acid(16 ppm), Asiaticoside (16 ppm), Dipotassium Glycyrrhizate, Asiatic Acid (8 ppm), Tocopherol, Moringa Oleifera Seed Oil, Lactobacillus Ferment Lysate(1 ppm), Polyglyceryl-10 Laurate, Ceramide NP, Phytosphingosine, Tripeptide-1, Maltodextrin, Hydrolyzed Lupine Protein, Hydrolyzed Vegetable Protein, Acetyl Tetrapeptide-5, Copper Tripeptide-1, Persea Gratissima (Avocado) Fruit Extract, Palmitoyl Tripeptide-1, Hexapeptide-9, Hexapeptide-11, Lepidium Meyenii Root Extract, Acetyl Tetrapeptide-2, Saccharide Hydrolysate, Palmitoyl Pentapeptide-4, Palmitoyl Tripeptide-5, Disodium EDTA.</p>","Skin1004","Skincare","Imported, TSB, Teemdrop_Auto_Fulfill",TRUE,Title,Default Title,"9130000000004",0,,999,deny,manual,18.41,TRUE,TRUE,"https://cdn.shopify.com/s/files/1/0515/4589/9157/files/SKIN1004_Madagascar_Centella_Probio-Cica_Nourishing_Mask.png?v=1766402627"
"skin1004-madagascar-centella-tea-trica-b5-cream-75ml","SKIN1004 Madagascar Centella Tea-Trica B5 Cream (75ml)","<p>Achieve clinical-grade calming and hydration with the SKIN1004 Madagascar Centella Tea-Trica B5 Cream (75ml). This advanced formula seamlessly integrates botanical purity with dermatological efficacy for unparalleled skin resilience. A moisturizer that perfectly soothes acne-prone and sensitive skin SKIN1004 Madagascar Centella Tea-Trica B5 Cream is a powerful formula in promoting skin renewal. It strengthens the skin\.</p><h6>Ingredients</h6><p>Water, Water, Tea Tree Leaf Water (9.4%), Butylene Glycol, Panthenol (5%), Dimethicone, Glycerin, Niacinamide, 1,2-Hexanediol, Polyacrylate-13, Cyclopentasiloxane, Titanium Dioxide, Hydrogenated Polyisobutene, Pine Royal Leaf Extract, Silica, Propanediol, Glycereth-26, Dimethicone, Polyglyceryl-10 Laurate, Ethylhexyl Palmitate, Sorbitan Isostearate, Ethylhexylglycerol, Tea Tree Leaf Oil (500 ppm), Pentylene Glycol, Hydrolyzed Gardenia Extract, Hydrolyzed Malt Extract, Hydrolyzed Red Clover Extract, Aluminum Hydroxide, Caprylyl Glycol, Caprylic/Capric Triglyceride, Disodium EDTA, Triethoxycaprylylsilane, Ceramide NP, Ammonium Polyacryloyldimethyltaurate, Hydrogenated Lecithin, Hyaluronic Acid, Hydrolyzed Hyaluronic Acid, Sodium Hyaluronate, Centella Asiatica Extract (10 ppm), Mandelic Acid, Centella Asiatica Leaf Extract (2 ppm).</p>","Skin1004","Skincare","Imported, TSB, Teemdrop_Auto_Fulfill",TRUE,Title,Default Title,"9130000000005",0,,999,deny,manual,23.41,TRUE,TRUE,"https://cdn.shopify.com/s/files/1/0515/4589/9157/files/SKIN1004_Madagascar_Centella_Tea-Trica_B5_Cream_75ml.png?v=1766403400"
"skin1004-madagascar-centella-quick-calming-pad-70-pads","SKIN1004 Madagascar Centella Quick Calming Pad (70 Pads)","<p>Experience the pure soothing power of Madagascar\'s finest botanical excellence with the SKIN1004 Madagascar Centella Quick Calming Pad (70 Pads). Formulated to deliver intense barrier repair, this masterpiece restores your complexion to a serene, glass-like radiance. Crescent shaped calming pads to hydrate and rejuvenate the skin in under 5 mins SKIN1004 Madagascar Centella Quick Calming Pads are designed to gently removes dead skin cells from the skin and fill it with moisture. It is enriched with 49% Centella Asiatica Extract and Sodium Hyaluronate, to soothe and promote long-lasting moisture retention.</p><h6>Ingredients</h6><p>Refer to product packaging for full ingredient list.</p>","Skin1004","Skincare","Imported, TSB, Teemdrop_Auto_Fulfill",TRUE,Title,Default Title,"9130000000006",0,,999,deny,manual,23.93,TRUE,TRUE,"https://cdn.shopify.com/s/files/1/0515/4589/9157/files/SKIN1004_Madagascar_Centella_Quick_Calming_Pad_70_Pads_19934720-8497-49cc-aa70-0d76d647cd27.png?v=1771870512"
"skin1004-madagascar-centella-ampoule-kit-4-pcs","SKIN1004 Madagascar Centella Ampoule Kit (4 PCs)","<p>Experience the pure soothing power of Madagascar\'s finest botanical excellence with the SKIN1004 Madagascar Centella Ampoule Kit (4 PCs). Formulated to deliver intense barrier repair, this masterpiece restores your complexion to a serene, glass-like radiance. A mini sampler set of the Skin1004 top-selling ampoules! Skin1004 Madagascar Centella Ampoule Kit is a limited edition set containing all the top selling ampoules for you to discover your favorite ampoule. Each of the four mi ni-sized ampoule kit targets different skin concerns such as Soothing, Dark spot correcting, Acne care, Pore tightening.</p><h6>Ingredients</h6><p>Water, Glycerin, Butylene Glycol, Centella Asiatica Extract, 1,2-Hexanediol, Cellulose Gum, Ethylhexylglycerin</p>","Skin1004","Skincare","Imported, TSB, Teemdrop_Auto_Fulfill",TRUE,Title,Default Title,"9130000000007",0,,999,deny,manual,30.51,TRUE,TRUE,"https://cdn.shopify.com/s/files/1/0515/4589/9157/files/SKIN1004_Madagascar_Centella_Ampoule_Kit_4_PCs.png?v=1766403399"
"skin1004-madagascar-centella-ampoule","SKIN1004 Madagascar Centella Ampoule","<p>Experience the pure soothing power of Madagascar\'s finest botanical excellence with the SKIN1004 Madagascar Centella Ampoule. Formulated to deliver intense barrier repair, this masterpiece restores your complexion to a serene, glass-like radiance. A soothing ampoule that helps calm and restore imbalance in the skin caused by harsh environments. Madagascar Centella Ampoule is Skin1004\.</p><h6>Ingredients</h6><p>Refer to product packaging for full ingredient list.</p>","Skin1004","Skincare","Imported, TSB, Teemdrop_Auto_Fulfill",TRUE,Title,Default Title,"9130000000008",0,,999,deny,manual,20.67,TRUE,TRUE,"https://cdn.shopify.com/s/files/1/0515/4589/9157/files/SKIN1004_Madagascar_Centella_Ampoule.png?v=1766403403"
"skin1004-tea-trica-spot-cover-patch-22pcs","SKIN1004 Tea Trica Spot Cover Patch (22pcs)","<p>The SKIN1004 Tea Trica Spot Cover Patch (22pcs) is your ultimate defense against environmental stressors. Featuring premium Madagascar Centella, it delivers continuous hydration and profound soothing for sensitive, compromised skin. An effective hydrocolloid patch to protect and promote healing of acne. SKIN1004 Tea Trica Spot Cover Patch effectively and hygienically treats and protects pimples.</p><h6>Ingredients</h6><p>Refer to product packaging for full ingredient list.</p>","Skin1004","Skincare","Imported, TSB, Teemdrop_Auto_Fulfill",TRUE,Title,Default Title,"9130000000009",0,,999,deny,manual,18.41,TRUE,TRUE,"https://cdn.shopify.com/s/files/1/0515/4589/9157/files/skin1004-mask-pad-1-pack-22ea-tea-trica-spot-cover-patch-38642934939894_1800x1800_f900f932-2c99-497e-bc32-64ee26da93d7.png?v=1718047174"
"skin1004-centella-poremizing-deep-cleansing-foam-125ml","SKIN1004 Centella Poremizing Deep Cleansing Foam (125ml)","<p>Experience the pure soothing power of Madagascar\'s finest botanical excellence with the SKIN1004 Centella Poremizing Deep Cleansing Foam (125ml). Formulated to deliver intense barrier repair, this masterpiece restores your complexion to a serene, glass-like radiance. A creamy foam cleanser that removes dirt, makeup and sunscreen with the help of Himalayan salt and Papaya Papain SKIN1004 Centella Poremizing Deep Cleansing Foam is a purifying marvel suitable for oily and combination skin. Infused with centella asiatica extract and tea tree oil, this foaming cleanser deeply purifies pores, reducing excess oil and impurities without causing dryness.</p><h6>Ingredients</h6><p>Water, Potassium Hydroxide, Stearic Acid, Glyceryl Stearate, Palmitic Acid, Cocamidopropyl Betaine, Sodium C14-16 Olefin Sulfonate, Butylene Glycol, Glucose, 1,2-Hexanediol, Sodium Chloride, Sorbitol, Acrylates/C10-30 Alkyl Acrylate Crosspolymer, Rosmarinus Officinalis (Rosemary) Leaf Oil, Cetearyl Alcohol, Potassium Benzoate, Polyquaternium-67, Papain, Hydrogenated Polydecene, Arachidic Acid, Lauric Acid, Aloe Barbadensis Leaf Extract, Sodium Citrate, Propanediol, Citrus Limon (Lemon) Fruit Extract, Pyrus Malus (Apple) Fruit Extract, Vinegar, Coccinia Indica Fruit Extract, Eclipta Prostrata Extract, Trisodium Ethylenediamine Disuccinate, Oleic Acid, Kaolin (CI 77004), Mineral Salts, Citric Acid, Oenothera Biennis (Evening Primrose) Flower Extract, Pueraria Lobata Root Extract, Pinus Palustris Leaf Extract, Ulmus Davidiana Root Extract, Disodium EDTA.</p>","Skin1004","Skincare","Imported, TSB, Teemdrop_Auto_Fulfill",TRUE,Title,Default Title,"9130000000010",0,,999,deny,manual,22.09,TRUE,TRUE,"https://cdn.shopify.com/s/files/1/0515/4589/9157/files/SKIN1004_Centella_Poremizing_Deep_Cleansing_Foam_125ml.png?v=1766403402"
"skin1004-madagascar-centella-soothing-cream","SKIN1004 Madagascar Centella Soothing Cream","<p>The SKIN1004 Madagascar Centella Soothing Cream is your ultimate defense against environmental stressors. Featuring premium Madagascar Centella, it delivers continuous hydration and profound soothing for sensitive, compromised skin. A soothing cream that contains three lipid components of the epidermic layer to help repair the skin barrier. SKIN1004 Madagascar Centella Soothing Cream is soothing and replanishing for the skin.</p><h6>Ingredients</h6><p>Refer to product packaging for full ingredient list.</p>","Skin1004","Skincare","Imported, TSB, Teemdrop_Auto_Fulfill",TRUE,Title,Default Title,"9130000000011",0,,999,deny,manual,23.41,TRUE,TRUE,"https://cdn.shopify.com/s/files/1/0515/4589/9157/files/skin1004-cream-centella-soothing-cream-38642833588470_1600x_b9bad36f-e3a2-4b36-bfd0-55635b00e038.png?v=1723441608"
"skin1004-madagascar-centella-probio-cica-enrich-cream","SKIN1004 Madagascar Centella Probio-Cica Enrich Cream","<p>A soothing masterpiece developed by Skin1004. The SKIN1004 Madagascar Centella Probio-Cica Enrich Cream is engineered with high-fidelity Centella Asiatica extracts to calm irritation, fortify the skin barrier, and reveal an exceptionally healthy and luminous finish. A highly concentrated cream with an advanced formula that leaves skin with a silky finish. SKIN1004 Centella Probio-Cica Enrich Cream contains fermented Madagascan Centella Asiatica and specially formulated Probio-Cica and TECA ™ to provide maximized calming effects.</p><h6>Ingredients</h6><p>Water, Polyglyceryl-3 Distearate, Caprylic/Capric Triglyceride, Neopentyl Glycol Diheptanoate, Isostearyl Isostearate, Pentaerythrityl Tetraisostearate, Hydrogenated Poly(C6-14 Olefin), Heptyl Undecylenate, Lactobacillus/Centella Asiatica Extract Ferment Filtrate, Bis-Diglyceryl Polyacyladipate-2, Glyceryl Stearate, C14-22 Alcohols, Cetearyl Alcohol, Butyrospermum Parkii (Shea) Butter, Polyglyceryl-2 Stearate, Sodium Acrylate/Sodium Acryloyldimethyl Taurate Copolymer, Glyceryl Stearate Citrate, Arginine, Stearyl Alcohol, Polyisobutene, C12-20 Alkyl Glucoside, Squalane, Sodium Surfactin, Sodium Polyacrylate, Acrylates/C10-30 Alkyl Acrylate Crosspolymer, Carbomer, Hydroxystearic Acid, Ethylhexylglycerin, Adenosine, Hydrogenated Lecithin, Sorbitan Oleate, Caprylyl/Capryl Glucoside, Macadamia Ternifolia Seed Oil, Sodium Hyaluronate, Moringa Oleifera Seed Oil, Sodium Phytate, Ceramide NP, Dextrin, Theobroma Cacao (Cocoa) Extract, Glyceryl Acrylate/Acrylic Acid Copolymer, Polyglyceryl-10 Myristate, Glucose, Stearic Acid, Phytosphingosine, Madecassic Acid, Asiaticoside, Sucrose Distearate, Asiatic Acid, Lauric Acid, Phytosterols, Polyglutamic Acid</p>","Skin1004","Skincare","Imported, TSB, Teemdrop_Auto_Fulfill",TRUE,Title,Default Title,"9130000000012",0,,999,deny,manual,18.41,TRUE,TRUE,"https://cdn.shopify.com/s/files/1/0515/4589/9157/files/SKIN1004MadagascarCentellaProbio-CicaEnrichCream.png?v=1714934858"
"skin1004-centella-probio-cica-bakuchiol-eye-cream-20ml","SKIN1004 Centella Probio Cica Bakuchiol Eye Cream (20ml)","<p>Experience the pure soothing power of Madagascar\'s finest botanical excellence with the SKIN1004 Centella Probio Cica Bakuchiol Eye Cream (20ml). Formulated to deliver intense barrier repair, this masterpiece restores your complexion to a serene, glass-like radiance. A gentle but effective anti-aging eye cream. SKIN1004 Centella Probio Cica Bakuchiol Eye Cream is formulated with bakuchiol, an anti-aging ingredient that helps to lift and firm the skin around the eye area, improving the appearance of fine lines and wrinkles.</p><h6>Ingredients</h6><p>Water, Polyglyceryl-3 Distearate, Cetearyl Alcohol, Caprylic/Capric Triglyceride, Betaine, Butyrospermum Parkii (Shea) Butter, Heptyl Undecylenate, Lactobacillus/Centella Asiatica Extract Ferment Filtrate, Glyceryl Stearate, Bakuchiol, Panthenol, Acrylates/C10-30 Alkyl Acrylate Crosspolymer, Palmitic Acid, Tromethamine, Stearic Acid, Glyceryl Stearate Citrate, Carbomer, Ethylhexylglycerin, Adenosine, Macadamia Ternifolia Seed Oil, Sodium Phytate, Sodium Hyaluronate, Hydrogenated Lecithin, Ceramide NP, Glyceryl Acrylate/Acrylic Acid Copolymer, Dextrin, Theobroma Cacao (Cocoa) Extract, Polyglyceryl-10 Myristate, Phytosphingosine, Madecassic Acid, Asiaticoside, Hydrolyzed Extensin, Sucrose Distearate, Asiatic Acid, Lauric Acid, Phytosterols, Hydrolyzed Hyaluronic Acid, Caprylyl Glycol, Acetyl Hexapeptide-8</p>","Skin1004","Skincare","Imported, TSB, Teemdrop_Auto_Fulfill",TRUE,Title,Default Title,"9130000000013",0,,999,deny,manual,22.09,TRUE,TRUE,"https://cdn.shopify.com/s/files/1/0515/4589/9157/files/SKIN1004_Centella_Probio_Cica_Bakuchiol_Eye_Cream_20ml_PNG.png?v=1769614531"
"skin1004-centella-tea-trica-purifying-toner-210ml","SKIN1004 Centella Tea Trica Purifying Toner (210ml)","<p>The SKIN1004 Centella Tea Trica Purifying Toner (210ml) is your ultimate defense against environmental stressors. Featuring premium Madagascar Centella, it delivers continuous hydration and profound soothing for sensitive, compromised skin. A gentle toner that exfoliates away pore-clogging dead skin cells and stops excessive sebum production SKIN1004 Centella Tea Trica Purifying Toner is a sanctuary for those grappling with oily or acne-prone skin, offering a powerful blend of natural ingredients designed to refine skin texture, regulate sebum production, and soothe irritation. Its gentle exfoliation prowess reveals a smoother, clearer complexion, making it an indispensable part of your skincare regimen.</p><h6>Ingredients</h6><p>Water, Chamaecyparis Obtusa Water, Melaleuca Alternifolia (Tea Tree) Leaf Water(12%), Butylene Glycol, Centella Asiatica Extract(9.8%), Propanediol, Pinus Palustris Leaf Extract, Methyl Gluceth-20, 1,2-Hexanediol, Hydroxyacetophenone, Carbomer, Polyglyceryl-10 Laurate, Tromethamine, Pentylene Glycol, Ethylhexylglycerin, Caprylyl Glycol, Citric Acid, Disodium EDTA, Melaleuca Alternifolia Leaf Oil(200 PPM), Sodium Citrate, Salicylic Acid, Castanea Crenata Shell Extract, Lavandula Angustifolia (Lavender) Flower Extract.</p>","Skin1004","Skincare","Imported, TSB, Teemdrop_Auto_Fulfill",TRUE,Title,Default Title,"9130000000014",0,,999,deny,manual,26.72,TRUE,TRUE,"https://cdn.shopify.com/s/files/1/0515/4589/9157/files/SKIN1004_Centella_Tea_Trica_Purifying_Toner_210ml.png?v=1766403400"
"skin1004-centella-hyalu-cica-blue-serum-50ml","SKIN1004 Centella Hyalu Cica Blue Serum (50ml)","<p>Achieve clinical-grade calming and hydration with the SKIN1004 Centella Hyalu Cica Blue Serum (50ml). This advanced formula seamlessly integrates botanical purity with dermatological efficacy for unparalleled skin resilience. A g el-type serum that absorbs quickly and provides deep hydration without stickiness SKIN1004 Centella Hyalu Cica Blue Serum minimizes skin irritation and helps soothe & revitalize the skin. It is deeply hydrating and clinically proven to be non-comedogenic, and suitable for all skin types, including sensitive skin.</p><h6>Ingredients</h6><p>Water, Centella Asiatica Leaf Water(38%), Butylene Glycol, 1,2-Hexanediol, Niacinamide, Glycerin, Pantolactone, Hibiscus Esculentus Fruit Extract, Sodium Hyaluronate, Hydrolyzed Hyaluronic Acid, Hyaluronic Acid, Methylpropanediol, Panthenol, Cetearyl Olivate, Carbomer, Arginine, Sorbitan Olivate, Caprylic/Capric Triglyceride, Pyrus Communis (Pear) Fruit Extract, Pentylene Glycol, Adenosine, Polyglutamic Acid, Rosa Damascena Flower Water, Artemisia Princeps Leaf Extract, Cucumis Melo (Melon) Fruit Extract, Iris Florentina Root Extract, Ethyl Hexyl Glycerin, Hedera Helix (Ivy) Leaf/Stem Extract, Sodium Phytate, Xanthan Gum, Maltodextrin, Hydrolyzed Gardenia Florida Fruit Extract, Hydrogenated Lecithin, Ceramide-NP, Sodium Hyaluronate Crosspolymer, Hydrolyzed Sodium Hyaluronate</p>","Skin1004","Skincare","Imported, TSB, Teemdrop_Auto_Fulfill",TRUE,Title,Default Title,"9130000000015",0,,999,deny,manual,23.41,TRUE,TRUE,"https://cdn.shopify.com/s/files/1/0515/4589/9157/files/SKIN1004_Centella_Hyalu_Cica_Blue_Serum_50ml.png?v=1766403399"
"skin1004-centella-tone-brightening-capsule-cream-75ml","SKIN1004 Centella Tone Brightening Capsule Cream (75ml)","<p>The SKIN1004 Centella Tone Brightening Capsule Cream (75ml) is your ultimate defense against environmental stressors. Featuring premium Madagascar Centella, it delivers continuous hydration and profound soothing for sensitive, compromised skin. A soothing cream that brightens dull skin while also calming irritation SKIN1004 Madagascar Centella Tone Brightening Capsule Cream is designed to provide a brighter and more even complexion. With a high concentration of the patented MadeWhite ingredient (madecassoside and niacinamide), this product offers an effective approach to revitalize dull skin while diminishing the appearance of dark spots, packed within it\.</p><h6>Ingredients</h6><p>Water, Butylene Glycol, Propanediol, Niacinamide, Isotridecyl Isononanoate, Phenyl Trimethicone, 1,2-Hexanediol, Tranexamic Acid, Diglycerin, Squalane, Butyrospermum Parkii (Shea) Butter, Polyglyceryl-3 Distearate, Xylitylglucoside, Cetyl Alcohol, Acrylates/C10-30 Alkyl Acrylate Crosspolymer, Anhydroxylitol, Polyacrylate Crosspolymer-6, Arginine, Trehalose, Zea Mays (Corn) Starch, Xylitol, Panthenol, Pentylene Glycol, Microcrystalline Cellulose, Mannitol, Glyceryl Stearate Citrate, Ethylhexylglycerin, Hydroxyethyl Urea, Glycerin, Glucose, Madecassoside, Sodium Hyaluronate, Bisabolol, Hydrogenated Lecithin, Glyceryl Acrylate/Acrylic Acid Copolymer, Pyrus Communis (Pear) Flower Extract, Lactobacillus Ferment.</p>","Skin1004","Skincare","Imported, TSB, Teemdrop_Auto_Fulfill",TRUE,Title,Default Title,"9130000000016",0,,999,deny,manual,25.77,TRUE,TRUE,"https://cdn.shopify.com/s/files/1/0515/4589/9157/files/SKIN1004_Centella_Tone_Brightening_Capsule_Cream_75ml_PNG_69cfd577-c1a2-45f7-9f87-b1ca85927e89.png?v=1769695070"
"skin1004-centella-tea-trica-relief-ampoule-100ml","SKIN1004 Centella Tea Trica Relief Ampoule (100ml)","<p>Achieve clinical-grade calming and hydration with the SKIN1004 Centella Tea Trica Relief Ampoule (100ml). This advanced formula seamlessly integrates botanical purity with dermatological efficacy for unparalleled skin resilience. A non-comedogenic ampoule ana a perfect SOS treatment for acne prone skin SKIN1004 Madagascar Centella Tea-Trica Relief Ampoule contains 55% Centella Asiatica to repair damaged skin, reduce irritation, and build the skin\.</p><h6>Ingredients</h6><p>Water, Melaleuca Alternifolia (Tea Tree) Leaf Water(9.4%), Pinus Palustris Leaf Extract, Glycerin, Butylene Glycol, Methyl Gluceth-20, Dipropylene Glycol, Glycereth-26, 1,2-Hexanediol, Water, Hydroxyacetophenone, Ammonium Acryloyldimethyltaurate/VP Copolymer, Propanediol, Polyglyceryl-10 Laurate, Ethylhexylglycerin, Pentylene Glycol, Caprylyl Glycol, Disodium EDTA, Melaleuca Alternifolia (Tea Tree) Leaf Oil(200ppm), Oenothera Biennis (Evening Primrose) Flower Extract, Pueraria Lobata Root Extract, Ulmus Davidiana Root Extract.</p>","Skin1004","Skincare","Imported, TSB, Teemdrop_Auto_Fulfill",TRUE,Title,Default Title,"9130000000017",0,,999,deny,manual,26.72,TRUE,TRUE,"https://cdn.shopify.com/s/files/1/0515/4589/9157/files/SKIN1004_Centella_Tea_Trica_Relief_Ampoule_100ml.png?v=1766403401"
"skin1004-centella-probio-cica-intensive-ampoule","SKIN1004 Centella Probio Cica Intensive Ampoule","<p>The SKIN1004 Centella Probio Cica Intensive Ampoule is your ultimate defense against environmental stressors. Featuring premium Madagascar Centella, it delivers continuous hydration and profound soothing for sensitive, compromised skin. A lightweight but highly concentrated ampoule with fermented cica extract that hydrates, plumps, and strengthens the skin\.</p><h6>Ingredients</h6><p>Water, Propanediol, Caprylic/ Capric Triglyceride, Niacinamide, Lactobacillus/Centella Asiatica Extract Ferment Filtrate, 1,2-Hexa-nediol, Dipropylene Glycol, Polyglyceryl-3 Distearate, Acrylates/C10-30 Alkyl Acrylate Crosspolymer, C14-22 Alcohols, Arginine, Hydrogenated Lecithin, Betaine, Allantoin, Panthenol, Hydroxystearic Acid, Ethylhexylglycerin, Hydroxyethyl Acrylate/Sodium Acryloy-Idimethyl Taurate Copolymer, Glyceryl Stearate Citrate, Sodium Po-lyacrylate, Adenosine, C12-20 Alkyl Glucoside, Cetearyl Alcohol, Xanthan Gum, Macadamia Ternifolla Seed Oil, Sodium Phytate, Sodium Hyaluronate, Stearic Acid, Ceramide NP, Glyceryl Acrylate/Acrylic Acid Copolymer, Sorbitan Isostearate, Polyglyceryl-10 Myristate, Madecassic Acid, Asiaticoside, Phytosphingosine;Asiatic Acid, Sucrose Distearate, Polyglutamic Acid, Glucose, Lauric Acid, Phytosterols.</p>","Skin1004","Skincare","Imported, TSB, Teemdrop_Auto_Fulfill",TRUE,Title,Default Title,"9130000000018",0,,999,deny,manual,20.67,TRUE,TRUE,"https://cdn.shopify.com/s/files/1/0515/4589/9157/files/SKIN1004_Centella_Probio_Cica_Intensive_Ampoule.png?v=1766402627"
"skin1004-centella-poremizing-light-gel-cream-75ml","SKIN1004 Centella Poremizing Light Gel Cream (75ml)","<p>The SKIN1004 Centella Poremizing Light Gel Cream (75ml) is your ultimate defense against environmental stressors. Featuring premium Madagascar Centella, it delivers continuous hydration and profound soothing for sensitive, compromised skin. A moisture-rich gel formula helps oil control and absorbs quickly into skin without any stickiness. SKIN1004 Madagascar Centella Poremizing Light Gel Cream is a versatile moisturizer that offers multiple benefits.</p><h6>Ingredients</h6><p>Water, Propanediol, Aloe Babadensis Leaf Extract, 1,2-Hexanediol,Niacinamide, Glycerin, Xylitol, Butylene Glycol, Cabomer, Tromethamine, Sodium Polyacryloyldimethyl Taurate, Biosaccharide Gum-1, Betaine, PVP, Sedum Sarmentosum Extract, Hydrogenated Polydecene, Ethylhexylglycerin, Adenosine,Hydroxyethylcellulose, Coccinia Indica Fruit Extract, Eclipta Prostrata Extract, Hydrolyzed Gardenia Florida Extract, Hydrolyzed Malt Extract, Disodium EDTA, Hydrolyzed Viola Tricolor Extract, Melia Azadirachta Flower Extract, Ocimum Sanctum Leaf Extract, Melia Azadirachta Leaf Extract, Trideceth-10, Sea Water, Panthenol, Curcuma Longa (Turmeric) Root Extract, Hyaluronic Acid, Hydrolyzed Hyaluronic Acid, Sodium Hyaluronate, Xylitylglucoside, Corallina Officinalis Extract, Anhydroxylitoll, Oenothera Biennis (Evening Primrose) Flower Extract, Pueraria Lobata Root Extract,Pinus Palustris Leaf Extract, Ulmus Davidiana Root Extract, Castanea Crenata (Chestnut) Shell Extract, Hamamelis Virginiana Leaf Water, Lavandula Angustifolia (Lavender) Flower Extract, Chamaecyparis Obtusa Water, Chenopodium Quinoa Seed Extract, Allatoin, Kaolin, Mineral Salt.</p>","Skin1004","Skincare","Imported, TSB, Teemdrop_Auto_Fulfill",TRUE,Title,Default Title,"9130000000019",0,,999,deny,manual,26.30,TRUE,TRUE,"https://cdn.shopify.com/s/files/1/0515/4589/9157/files/SKIN1004_Centella_Poremizing_Light_Gel_Cream_75ml_4965b697-459d-4dcd-b1d8-8f69e4f146ff.png?v=1771870061"
"skin1004-centella-probio-cica-essence-toner-210ml","SKIN1004 Centella Probio-Cica Essence Toner (210ml)","<p>The SKIN1004 Centella Probio-Cica Essence Toner (210ml) is your ultimate defense against environmental stressors. Featuring premium Madagascar Centella, it delivers continuous hydration and profound soothing for sensitive, compromised skin. A liquid-essence toner that provides the benefits and richness of an essence, but also a refreshing finish like a liquid toner SKIN1004 Madagascar Centella Probio-Cica Essence Toner invigorates the skin post-cleansing. Not only does it hydrate, but it also soothes and repairs damaged skin barriers resulting from external aggressors.</p><h6>Ingredients</h6><p>Water, Butylene Glycol, Glycerin, Polypropanediol, Lactobacillus/Centella Asiatica Extract Ferment Filtrate, Polyglyceryl-10 Laurate, Potassium Acrylates/C10-30 Alkyl Acrylate Crosspolymer, Trehalose, Panthenol, Ethylhexylglycerin, Sodium Citrate, Xanthan Gum, Tromethamine, Dipotassium Glycyrrhizate, Caprylic/Capric Triglyceride, Sodium Phytate, Citric Acid, Hydrogenated Lecithin, Polyglyceryl-10 Myristate, Ceramide NP, Sodium Hyaluronate Crosspolymer, Sucrose Distearate, Madecassic Acid, Asiaticoside, Hydrolyzed Glycosaminoglycans, Lauric Acid, Asiatic Acid, Phytosterols, Sodium Hyaluronate, Betaine, Hydroxystearic Acid, Benzyl Glycol, Hydrolyzed Hyaluronic Acid, Macadamia Ternifolia Seed Oil, Hyaluronic Acid, Raspberry Ketone, Phytosphingosine.</p>","Skin1004","Skincare","Imported, TSB, Teemdrop_Auto_Fulfill",TRUE,Title,Default Title,"9130000000020",0,,999,deny,manual,26.72,TRUE,TRUE,"https://cdn.shopify.com/s/files/1/0515/4589/9157/files/SKIN1004_Centella_Probio-Cica_Essence_Toner_210ml.png?v=1766403399"
"skin1004-centella-hyalu-cica-sleeping-pack-100ml","SKIN1004 Centella Hyalu Cica Sleeping Pack (100ml)","<p>Achieve clinical-grade calming and hydration with the SKIN1004 Centella Hyalu Cica Sleeping Pack (100ml). This advanced formula seamlessly integrates botanical purity with dermatological efficacy for unparalleled skin resilience. A lightweight gel sleeping mask formulated with pear and melon fruit extract to calm and vitalize skin throughout the night. SKIN1004 Madagascar Centella Hyalu-Cica Sleeping Pack is a powerful skincare product that combines the benefits of hyaluronic acid and cica for moisturizing and calming effects.</p><h6>Ingredients</h6><p>Water, Butylene Glycol, Glycerin, 1,2-Hexanediol, Niacinamide, Polyglutamic Acid, Pantolactone, Hibiscus Esculentus Fruit Extract, Carbomer, Panthenol, Sodium Hyaluronate, Hydrolyzed Hyaluronic Acid, Hyaluronic Acid, Cetearyl Olivate, Methylpropanediol, Arginine, Pullulan, Sorbitan Olivate, Caprylic/Capric Triglyceride, Pyrus Communis (Pear) Fruit Extract, Adenosine, Rosa Damascena Flower Water, Cucumis Melo (Melon) Fruit Extract, Iris Florentina Root Extract, Ethylhexylglycerin, Hedera Helix (Ivy) Leaf/Stem Extract, Sodium Phytate, Xanthan Gum, Maltodextrin, Artemisia Princeps Leaf Extract, Hydrolyzed Gardenia Florida Extract, Melatonin, Illicium Verum (Anise) Fruit Extract, Larix Sibirica Wood Extract, Quercus Mongolica Leaf Extract, Persicaria Hydropiper Extract, Rheum Palmatum Root/Stalk Extract, Asarum Sieboldii Root Extract, Chrysanthellum Indicum Extract, Corydalis Turtschaninovii Root Extract, Coptis Japonica Root Extract, Machilus Thunbergii Bark Extract, Pentylene Glycol, Hydrogenated Lecithin, Ceramide NP.</p>","Skin1004","Skincare","Imported, TSB, Teemdrop_Auto_Fulfill",TRUE,Title,Default Title,"9130000000021",0,,999,deny,manual,24.88,TRUE,TRUE,"https://cdn.shopify.com/s/files/1/0515/4589/9157/files/SKIN1004_Centella_Hyalu_Cica_Sleeping_Pack_100ml.png?v=1771870020"
"skin1004-centella-hyalu-cica-moisture-cream-75ml","SKIN1004 Centella Hyalu-Cica Moisture Cream (75ml)","<p>Achieve clinical-grade calming and hydration with the SKIN1004 Centella Hyalu-Cica Moisture Cream (75ml). This advanced formula seamlessly integrates botanical purity with dermatological efficacy for unparalleled skin resilience. A soothing gel-cream formula infused with Phyto collagen, holding 500 times more moisture than regular collagen SKIN1004 Centella Hyalu Cica Moisture Cream is the ultimate moisturizer for those that experience dry skin. It is i nfused with 50% Centella Asiatica extract to calm irritation while reinforcing the protective shield of your skin\.</p><h6>Ingredients</h6><p>Water, Glycerin, 1,2-Hexanediol, Pentaerythrityl Tetraisostearate, Caprylic/Capric Triglyceride, Niacinamide, Cetearyl Alcohol, Glyceryl Stearate, Polyglyceryl-2 Stearate, Butylene Glycol, Stearyl Alcohol, Propanediol, Carbomer, Polyglyceryl-3 Methylglucose Distearate, Sorbitol, Tromethamine, Polyglyceryl-3 Distearate, Sedum Sarmentosum Extract, Ethylhexylglycerin, Citric Acid, Glyceryl Stearate Citrate, Adenosine, Musa Sapientum (Banana) Flower Extract, Rosa Damascena Flower Water, Disodium EDTA, Melia Azadirachta Leaf Extract, Pyrus Communis (Pear) Fruit Extract, Melia Azadirachta Flower Extract, Prunus Domestica Fruit Extract, Biosaccharide Gum-1, Cucumis Melo (Melon) Fruit Extract, Coccinia Indica Fruit Extract, Sodium Hyaluronate(60ppm), Hyaluronic Acid(50ppm), Hydrolyzed Hyaluronic Acid(50ppm), Hedera Helix (Ivy) Leaf/Stem Extract, Hydrolyzed Collagen, Solanum Melongena (Eggplant) Fruit Extract, Adansonia Digitata Seed Extract, Equisetum Arvense Extract, Olea Europaea (Olive) Leaf Extract, Vaccinium Macrocarpon (Cranberry) Fruit Extract, Fructan, Ocimum Sanctum Leaf Extract, Sophora Japonica Flower Extract, Curcuma Longa (Turmeric) Root Extract, Corallina Officinalis Extract.</p>","Skin1004","Skincare","Imported, TSB, Teemdrop_Auto_Fulfill",TRUE,Title,Default Title,"9130000000022",0,,999,deny,manual,25.77,TRUE,TRUE,"https://cdn.shopify.com/s/files/1/0515/4589/9157/files/SKIN1004_Centella_Hyalu-Cica_Moisture_Cream_75ml_PNG.png?v=1769616877"
"skin1004-madagascar-centella-tone-brightening-cleansing-gel-foam-125ml","SKIN1004 Madagascar Centella Tone Brightening Cleansing Gel Foam (125ml)","<p>Experience the pure soothing power of Madagascar\'s finest botanical excellence with the SKIN1004 Madagascar Centella Tone Brightening Cleansing Gel Foam (125ml). Formulated to deliver intense barrier repair, this masterpiece restores your complexion to a serene, glass-like radiance. A gel cleanser that effectively removes makeup and impurities on the skin without stripping the skin. Madagascar Centella Tone Brightening Cleansing Gel Foam is a calming and moisturizing cleanser that effectively removes makeup and gently exfoliates dead skin cells.</p><h6>Ingredients</h6><p>Water, Lauryl Hydroxysultaine, Glycerin, Disodium Cocoamphodiacetate, Potassium Cocoyl Glycinate, Sodium Chloride, Potassium Cocoate, Sodium Lauroyl Glutamate, Vitis Vinifera (Grape) Fruit Extract, Pyrus Malus (Apple) Fruit Extract, Carica Papaya (Papaya) Fruit Extract, Prunus Mume Fruit Extract, Madecassoside, 1,2-Hexanediol, Xylitylglucoside, Anhydroxylitol, Xylitol, Niacinamide, Acrylates/C10-30 Alkyl Acrylate Crosspolymer, 3-O-Ethyl Ascorbic Acid, Trehalose, Butylene Glycol, Panthenol, Agave Tequilana Leaf Extract, Glucose, Caprylic/Capric Triglyceride, Hexylene Glycol, Pentylene Glycol, Citric Acid, Potassium Benzoate, Ethylhexylglycerin, Disodium EDTA</p>","Skin1004","Skincare","Imported, TSB, Teemdrop_Auto_Fulfill",TRUE,Title,Default Title,"9130000000023",0,,999,deny,manual,20.67,TRUE,TRUE,"https://cdn.shopify.com/s/files/1/0515/4589/9157/files/skin1004-cleanser-125ml-tone-brightening-cleansing-gel-foam-38642975965430_1800x1800_5ebd01fd-841a-4443-89f1-4abc2cdb2e43.png?v=1686248171"
"skin1004-madagascar-centella-tone-brightening-capsule-ampoule","SKIN1004 Madagascar Centella Tone Brightening Capsule Ampoule","<p>A soothing masterpiece developed by Skin1004. The SKIN1004 Madagascar Centella Tone Brightening Capsule Ampoule is engineered with high-fidelity Centella Asiatica extracts to calm irritation, fortify the skin barrier, and reveal an exceptionally healthy and luminous finish. A fast absorbing ampoule that will provide you with clear and brightened skin. Madagascar Centella Tone Brightening Capsule Ampoule is a light, watery ampoule that absorbs quickly without leaving a film.</p><h6>Ingredients</h6><p>Water, Betaine, Madecassoside, Hydrogenated Lecithin, Xylitylglucoside, Anhydroxylitol, Xylitol, Panthenol, Zea Mays (Corn) Starch, Arginine, Mannitol, 3-O-Ethyl Ascorbic Acid, Microcrystalline Cellulose, Lactobacillus Ferment, Hydroxyethylcellulose, Pentylene Glycol, Glucose, Ethylhexylglycerin, Acrylates/C10-30 Alkyl Acrylate Crosspolymer, Xanthan Gum</p>","Skin1004","Skincare","Imported, TSB, Teemdrop_Auto_Fulfill",TRUE,Title,Default Title,"9130000000024",0,,999,deny,manual,21.04,TRUE,TRUE,"https://cdn.shopify.com/s/files/1/0515/4589/9157/files/SKIN1004_Madagascar_Centella_Tone_Brightening_Capsule_Ampoule_50mL.png?v=1771609633"
"skin1004-madagascar-centella-tone-brightening-boosting-toner-210ml","SKIN1004 Madagascar Centella Tone Brightening Boosting Toner (210ml)","<p>Experience the pure soothing power of Madagascar\'s finest botanical excellence with the SKIN1004 Madagascar Centella Tone Brightening Boosting Toner (210ml). Formulated to deliver intense barrier repair, this masterpiece restores your complexion to a serene, glass-like radiance. A watery, hydrating toner that sinks in deeply to provide soft and supple skin. Madagascar Centella Tone Brightening Boosting Toner is a watery, pH-balancing formula of this toner is quickly and easily absorbed, leaving the skin refreshed and balanced.</p><h6>Ingredients</h6><p>Water, Glucose, Disodium EDTA, Xanthan Gum, Ethylhexylglycerin</p>","Skin1004","Skincare","Imported, TSB, Teemdrop_Auto_Fulfill",TRUE,Title,Default Title,"9130000000025",0,,999,deny,manual,23.93,TRUE,TRUE,"https://cdn.shopify.com/s/files/1/0515/4589/9157/files/skin1004-toner-210ml-tone-brightening-boosting-toner-38642937135350_1800x1800_86102e68-b9fb-4caf-aa8c-d072ab9c31b8.png?v=1723442202"
"skin1004-madagascar-centella-poremizing-fresh-ampoule-100ml","SKIN1004 Madagascar Centella Poremizing Fresh Ampoule (100ml)","<p>A soothing masterpiece developed by Skin1004. The SKIN1004 Madagascar Centella Poremizing Fresh Ampoule (100ml) is engineered with high-fidelity Centella Asiatica extracts to calm irritation, fortify the skin barrier, and reveal an exceptionally healthy and luminous finish. A clarifying ampoule that will clear pores and minimize pore size. Madagascar Centella Poremizing Fresh Ampoule is designed to minimize enlarged pores and control sebum.</p><h6>Ingredients</h6><p>Refer to product packaging for full ingredient list.</p>","Skin1004","Skincare","Imported, TSB, Teemdrop_Auto_Fulfill",TRUE,Title,Default Title,"9130000000026",0,,999,deny,manual,26.30,TRUE,TRUE,"https://cdn.shopify.com/s/files/1/0515/4589/9157/files/skin1004-ampoule-serum-100ml-poremizing-fresh-ampoule-38642870780150_1800x1800_fbffc478-8182-4fad-a0e7-44e30feaa038.png?v=1723441824"
"skin1004-madagascar-centella-poremizing-clear-toner-210ml","SKIN1004 Madagascar Centella Poremizing Clear Toner (210ml)","<p>The SKIN1004 Madagascar Centella Poremizing Clear Toner (210ml) is your ultimate defense against environmental stressors. Featuring premium Madagascar Centella, it delivers continuous hydration and profound soothing for sensitive, compromised skin. A gentle exfoliating toner that removes dead skin cells and controls sebum production. Madagascar Centella Poremizing Clear Toner preps your skin by gently exfoliating away excess sebum and dead skin cells.</p><h6>Ingredients</h6><p>Refer to product packaging for full ingredient list.</p>","Skin1004","Skincare","Imported, TSB, Teemdrop_Auto_Fulfill",TRUE,Title,Default Title,"9130000000027",0,,999,deny,manual,24.46,TRUE,TRUE,"https://cdn.shopify.com/s/files/1/0515/4589/9157/files/SKIN1004_Madagascar_Centella_Poremizing_Clear_Toner_210ml.png?v=1771870280"
"skin1004-madagascar-centella-hyalu-cica-first-ampoule-100ml","SKIN1004 Madagascar Centella Hyalu-Cica First Ampoule (100ml)","<p>A soothing masterpiece developed by Skin1004. The SKIN1004 Madagascar Centella Hyalu-Cica First Ampoule (100ml) is engineered with high-fidelity Centella Asiatica extracts to calm irritation, fortify the skin barrier, and reveal an exceptionally healthy and luminous finish. A hydrating ampoule that quickly boosts moisture and preps the skin to absorb the next step of skincare. Madagascar Centella Hyalu-Cica First Ampoule is a unique Step 0 ampoule that quickly boosts moisture and prepare the skin to absorb the next step of your skincare routine.</p><h6>Ingredients</h6><p>Water, Hydroxyacetophenone, Carbomer, Glycereth-25 PCA Isostearate, Ethylhexylglycerin, Tromethamine, Sodium Hyaluronate(100.5ppm), Betula Platyphylla Japonica Juice, Melia Azadirachta Leaf Extract, Melia Azadirachta Flower Extract, Propanediol, Musa Sapientum (Banana) Flower Extract, Coccinia Indica Fruit Extract, Rosa Damascena Flower Water, Pyrus Communis (Pear) Fruit Extract, Prunus Domestica Fruit Extract, Aloe Barbadensis Flower Extract, Cucumis Melo (Melon) Fruit Extract, Solanum Melongena (Eggplant) Fruit Extract, Hedera Helix (Ivy) Leaf/Stem Extract, Ocimum Sanctum Leaf Extract, Glycerin, Anastatica Hierochuntica Extract, Corallina Officinalis Extract, Curcuma Longa (Turmeric) Root Extract, Hyaluronic Acid(500ppb), Hydrolyzed Hyaluronic Acid(500ppb), Portulaca Oleracea Extract, Artemisia Princeps Leaf Extract, Rhodiola Rosea Root Extract</p>","Skin1004","Skincare","Imported, TSB, Teemdrop_Auto_Fulfill",TRUE,Title,Default Title,"9130000000028",0,,999,deny,manual,26.72,TRUE,TRUE,"https://cdn.shopify.com/s/files/1/0515/4589/9157/files/skin1004-ampoule-serum-hyalu-cica-first-ampoule-38642852888822_1800x1800_f79a0106-a392-45cc-9544-52f5a14d96a4.png?v=1723442038"
"skin1004-madagascar-centella-hyalu-cica-brightening-toner-210ml","SKIN1004 Madagascar Centella Hyalu-Cica Brightening Toner (210ml)","<p>A soothing masterpiece developed by Skin1004. The SKIN1004 Madagascar Centella Hyalu-Cica Brightening Toner (210ml) is engineered with high-fidelity Centella Asiatica extracts to calm irritation, fortify the skin barrier, and reveal an exceptionally healthy and luminous finish. A highly hydrating toner that helps to gently exfoliate while soothing and brightening the skin. Madagascar Centella Hyalu-Cica Brightening Toner brings a healthy glow by exfoliating, soothing and hydrating the skin.</p><h6>Ingredients</h6><p>Water, Betaine, Sodium Hyaluronate, Hydrolyzed Hyaluronic Acid, Hyaluronic Acid, Hibiscus Esculentus Fruit Extract, Xylitol, Polyglyceryl-10 Oleate, Polyglyceryl-10 Myristate, Polyglyceryl-6 Dioleate, Pyrus Communis (Pear) Fruit Extract, Pentylene Glycol, Polyglyceryl-4 Laurate, Ethylhexylglycerin, Rosa Damascena Flower Water, Adenosine, Cucumis Melo (Melon) Fruit Extract, Iris Florentina Root Extract, Hedera Helix (Ivy) Leaf/Stem Extract, Sodium Phytate, Methylpropanediol, Xanthan Gum, Citric Acid, Artemisia Princeps Leaf Extract, Caprylic/Capric Triglyceride, Polyglutamic Acid, Hydrogenated Lecithin, Ceramide NP, Capryloyl Salicylic Acid</p>","Skin1004","Skincare","Imported, TSB, Teemdrop_Auto_Fulfill",TRUE,Title,Default Title,"9130000000029",0,,999,deny,manual,23.41,TRUE,TRUE,"https://cdn.shopify.com/s/files/1/0515/4589/9157/files/skin1004-toner-hyalu-cica-brightening-toner.png?v=1723441283"
"skin1004-madagascar-centella-watergel-sheet-ampoule-mask","SKIN1004 Madagascar Centella Watergel Sheet Ampoule Mask","<p>Experience the pure soothing power of Madagascar\'s finest botanical excellence with the SKIN1004 Madagascar Centella Watergel Sheet Ampoule Mask. Formulated to deliver intense barrier repair, this masterpiece restores your complexion to a serene, glass-like radiance. A gel sheet mask with three times the standard moisture content to intensely soothe and hydrate the skin. Madagascar Centella Watergel Sheet Ampoule Mask is a thick, watergel sheet mask that delivers deep hydration and soothing benefits to the skin.</p><h6>Ingredients</h6><p>Water, Dipropylene Glycol, Glycereth-26, Glycerin, 1,2-Hexanediol, Betaine, Butylene Glycol, Paeonia Suffruticosa Root Extract, Polyglyceryl-10 Laurate, Chamomilla Recutita (Matricaria) Flower Extract, Glyceryl Caprylate, Carbomer, Xanthan Gum, Arginine, Ethylhexylglycerin, Sodium Hyaluronate, Dextrin, Theobroma Cacao (Cocoa) Extract, Propanediol, Coptis Japonica Root Extract, Mentha Arvensis Leaf Oil, Sodium Hyaluronate Crosspolymer, Hydrolyzed Glycosaminoglycans, Benzyl Glycol, Hydrolyzed Hyaluronic Acid, Hyaluronic Acid, Raspberry Ketone, Disodium EDTA</p>","Skin1004","Skincare","Imported, TSB, Teemdrop_Auto_Fulfill",TRUE,Title,Default Title,"9130000000030",0,,999,deny,manual,18.41,TRUE,TRUE,"https://cdn.shopify.com/s/files/1/0515/4589/9157/files/skin1004-mask-pad-centella-watergel-sheet-ampoule-mask-38642839388406_1800x1800_8d71fb90-0ead-47c5-9796-3666cfbebe85.png?v=1686247910"
"skin1004-madagascar-centella-toning-toner","SKIN1004 Madagascar Centella Toning Toner","<p>A soothing masterpiece developed by Skin1004. The SKIN1004 Madagascar Centella Toning Toner is engineered with high-fidelity Centella Asiatica extracts to calm irritation, fortify the skin barrier, and reveal an exceptionally healthy and luminous finish. A gentle exfoliating toner that can be used daily to help exfoliate dead skin cells and is suitable for sensitive skin. Madagascar Centella Toning Toner is a hydrating and soothing toner that is perfect for sensitive skin.</p><h6>Ingredients</h6><p>Water, Dipropylene Glycol, 1,2-Hexanediol, Niacinamide, Gluconolactone, Tromethamine, Carbomer, Sodium Citrate, Adenosine, Disodium EDTA, Dipotassium Glycyrrhizate, Betaine, Hyaluronic Acid, Ethylhexylglycerin</p>","Skin1004","Skincare","Imported, TSB, Teemdrop_Auto_Fulfill",TRUE,Title,Default Title,"9130000000031",0,,999,deny,manual,18.41,TRUE,TRUE,"https://cdn.shopify.com/s/files/1/0515/4589/9157/files/SKIN1004_Madagascar_Centella_Toning_Toner_400ml_-_1.jpg?v=1737845188"
"skin1004-madagascar-centella-light-cleansing-oil-200ml","SKIN1004 Madagascar Centella Light Cleansing Oil (200ml)","<p>Experience the pure soothing power of Madagascar\'s finest botanical excellence with the SKIN1004 Madagascar Centella Light Cleansing Oil (200ml). Formulated to deliver intense barrier repair, this masterpiece restores your complexion to a serene, glass-like radiance. A lightweight, oil-based cleanser that gently melts away makeup, dirt, oils and sunscreen . Madagascar Centella Light Cleansing Oil is an award-winning all-in-one cleansing oil that\.</p><h6>Ingredients</h6><p>Refer to product packaging for full ingredient list.</p>","Skin1004","Skincare","Imported, TSB, Teemdrop_Auto_Fulfill",TRUE,Title,Default Title,"9130000000032",0,,999,deny,manual,26.72,TRUE,TRUE,"https://cdn.shopify.com/s/files/1/0515/4589/9157/files/skin1004-cleanser-centella-light-cleansing-oil-38642994282742_1800x1800_085b9b27-25e3-4117-af16-05ad73b39368.png?v=1717012566"
"skin1004-madagascar-centella-cream","SKIN1004 Madagascar Centella Cream","<p>Achieve clinical-grade calming and hydration with the SKIN1004 Madagascar Centella Cream. This advanced formula seamlessly integrates botanical purity with dermatological efficacy for unparalleled skin resilience. A moisturizer that helps calm, hydrate and nourish skin damaged by harmful external environments. Madagascar Centella Cream is an all-in-one moisturizer that hydrates, soothes brightens and provides wrinkle care.</p><h6>Ingredients</h6><p>Water, Centella Asiatica Extract(9.8%), Cetyl Ethylhexanoate, Glycerin, Pentylene Glycol, Hydrogenated Lecithin, Niacinamide, Macadamia Ternifolia Seed Oil, Butyrospermum Parkii (Shea) Butter, Limnanthes Alba (Meadowfoam) Seed Oil, Squalane, Carbomer, Caprylyl Glycol, 1,2-Hexanediol, Tromethamine, Panthenol, Sodium Carbomer, Erythritol, Trehalose, Betaine, Butylene Glycol, Caprylhydroxamic Acid, Caprylic/Capric Triglyceride, Adenosine, Xanthan Gum, Olea Europaea (Olive) Fruit Oil, Lavandula Angustifolia (Lavender) Oil, Hydroxyethylcellulose, Citrus Aurantium Dulcis (Orange) Oil, Madecassoside, Biosaccharide Gum-1, Asiaticoside, Madecassic Acid, Asiatic Acid, Glycine Soja (Soybean) Sprout Extract, Glycyrrhiza Glabra (Licorice) Root Extract, Ceramide NP, Chamomilla Recutita (Matricaria) Flower Extract, Linoleic Acid, Ethylhexylglycerin, Sodium Hyaluronate, Linolenic Acid, Hexyl Cinnamal, Linalool</p>","Skin1004","Skincare","Imported, TSB, Teemdrop_Auto_Fulfill",TRUE,Title,Default Title,"9130000000033",0,,999,deny,manual,18.41,TRUE,TRUE,"https://cdn.shopify.com/s/files/1/0515/4589/9157/files/SKIN1004_Madagascar_Centella_Cream.png?v=1766402627"
"skin1004-madagascar-centella-ampoule-foam-125ml","SKIN1004 Madagascar Centella Ampoule Foam (125ml)","<p>A soothing masterpiece developed by Skin1004. The SKIN1004 Madagascar Centella Ampoule Foam (125ml) is engineered with high-fidelity Centella Asiatica extracts to calm irritation, fortify the skin barrier, and reveal an exceptionally healthy and luminous finish. A rich, foaming cleanser that effectively removes makeup and impurities without stripping the skin. Madagascar Centella Ampoule Foam transforms into a rich foamy lather to remove impurities without stripping the skin of its natural oils.</p><h6>Ingredients</h6><p>Water, Sodium Methyl Cocoyl Taurate, Coco-Betaine, Potassium Cocoyl Glycinate, 1,2-Hexanediol, Sodium Chloride, Potassium Cocoate, Potassium Benzoate, Polyquaternium-67, Citric Acid, Dextrin, Sodium Bicarbonate, Theobroma Cacao (Cocoa) Extract, Disodium EDTA, Sodium Acetate, Butylene Glycol, Coptis Chinensis Root Extract, Sodium Hyaluronate, Eclipta Prostrata Extract, Coccinia Indica Fruit Extract</p>","Skin1004","Skincare","Imported, TSB, Teemdrop_Auto_Fulfill",TRUE,Title,Default Title,"9130000000034",0,,999,deny,manual,23.41,TRUE,TRUE,"https://cdn.shopify.com/s/files/1/0515/4589/9157/files/632C5062-7214-417B-8844-7831CCCDC2DE.png?v=1720636849"
"skinfood-rice-brightening-serum-55ml","SKINFOOD Rice Brightening Serum (55ml)","<p>A serum for those aiming for clear, glowing, glass skin while caring for the pores SKINFOOD Rice Brightening Serum is the ultimate Korean pore-tightening serum for clear, radiant skin. Clinically tested for pore care, this formula targets seven major concerns—pore size, volume, elasticity, filling, density, depth, and number—revealing a smoother, more refined complexion. The Rice Pore Complex deeply hydrates, lifts, and enhances clarity, creating a luminous finish. Perfect for K-beauty lovers and anyone seeking a high-performance serum for glass skin. Features Rice bran water and 17 amino acids Gentle exfoliation Smooths, brightens and hydrates Improves skin elasticity and addresses enlarged pores Skin Concerns Dullness Rough Skin Dryness Uneven Skin Enlarged Pores Dark Spots Anti-Aging Skin Types Suitable for all skin types, even sensitive skin Made In South Korea How to use After cleansing and applying toner, gently massage the serum into your skin, following its natural texture for optimal absorption. Key Ingredient Rice Pore Complex : To improve skin elasticity and enlarged pores for smoother skin. Niacinamide : Brightening, barrier-strengthening, and anti-aging ingredient. Ingredient Highlights Alcohol-Free Sulfate-Free Paraben-Free Silicone-Free Mineral Oil-Free</p><h6>Ingredients</h6><p>Full list of ingredients Water, Butylene Glycol, Glycerin, Isopentyldiol, Polyglycerin-3, 1,2-Hexanediol, Niacinamide, Caprylic/Capric Triglyceride, Cetearyl Olivate, Betaine, Ammonium Acryloyldimethyltaurate/VP Copolymer, Sorbitan Olivate, Glyceryl Stearate, Ethylhexylglycerin, Xanthan Gum, Adenosine, Oryza Sativa (Rice) Extract, Oryza Sativa (Rice) Bran Water, Oryza Sativa (Rice) Seed Water, Aspergillus Ferment, Dipotassium Glycyrrhizate, Glycine, Serine, Glutamic Acid, Aspartic Acid, Leucine, Alanine, Lysine, Arginine, Tyrosine, Phenylalanine, Proline, Threonine, Valine, Isoleucine, Histidine, Methionine, Cysteine, Hydrolyzed Rice Protein, Gluconolactone, Caprylhydroxamic Acid, Trehalose, sh-Oligopeptide-1, Protease, Disodium EDTA, Fragrance. Ingredients subject to change at manufacturer's discretion. Please refer to the product packaging for the most up-to-date ingredients list.</p>","SKINFOOD","Serums","Imported, TSB, Teemdrop_Auto_Fulfill",TRUE,Title,Default Title,"9024573309164",0,,999,deny,manual,27.98,TRUE,TRUE,"https://cdn.shopify.com/s/files/1/0515/4589/9157/files/SKINFOODRiceBrighteningSerum55ml-1_600x600_1d6ebe4f-e4f1-4db0-a109-a75619cb6f18.png?v=1759433464"
"skinfood-rice-brightening-mask","SKINFOOD Rice Brightening Mask","<p>A transparent, highly adhesive cellulose sheet that quickly and easily cares for clear skin texture SKINFOOD Rice Brightening Masks are brightening sheets soaked in rice essence to effectively deliver moisture to the pores for a clear and transparent complexion. IIt is enriched with Rice Pore Complex to improve skin elasticity and infused with PHA and Prorease to help remove dead skin cells and even skin tone. Soft, eco-friendly, vegan-certified sheets for daily skincare. Features Ultra-adhering cellulose sheet Provides lasting hydration and helps to smooth and clarify skin texture PHA to help remove dead skin cells Skin Concerns Clogged Pores Rough Skin Uneven Skin Irritation Dullness Skin Types Suitable for all skin types, including sensitive skin Made In South Korea How to use After washing your face and toning. Apply the mask evenly and leave it on for 20 to 30 minutes. Remove the sheet and lightly pat the remaining essence to absorb. Key Ingredients Icheon Rice : Provides high-quality plant protein and vitamin to help with skin brightening and anti-pore care. PHA : Strengthens skin barrier and removes dead skin cells, evening out skin tone. Dipotassium Glycyrrhizate : Effective control of sebum and clears skin. Protease : Alleviates old dead skin cells and provides smooth skin texture. Ingredient Highlights Mineral Oil-Free Silicon-Free Alcohol-Free Sulfate-Free Paraben-Free</p><h6>Ingredients</h6><p>Full list of ingredients Water, Glycerin, Methylpropanediol, Niacinamide, Cetyl Ethylhexanoate, Propanediol, Caprylic/Capric Triglyceride, Polyglyceryl-6 Stearate, Dipropylene Glycol, Butyrospermum Parkii (Shea) Butter, Sorbitan Stearate, Hydrogenated Poly(C6-14 Olefin), Hydroxyacetophenone, Polyglycerin-3, Arginine, Carbomer, Caprylyl Glycol, Betaine, Polyglyceryl-6 Behenate, Ammonium Acryloyldimethyltaurate/Vp Copolymer, Adenosine, Ethylhexylglycerin, Xanthan Gum, 1,2-Hexanediol, Sodium Hyaluronate, Panthenol, Oryza Sativa (Rice) Bran Water, Oryza Sativa (Rice) Seed Water, Butylene Glycol, Polyquaternium-51, Oryza Sativa (Rice) Extract, Dipotassium Glycyrrhizate, Glycine, Serine, Glutamic Acid, Gluconolactone, Aspartic Acid, Leucine, Tocopherol, Aspergillus Ferment, Alanine, Lysine, Tyrosine, Phenylalanine, Threonine, Valine, Proline, Isoleucine, Histidine, Methionine, Cysteine, Hydrolyzed Rice Protein, Caprylhydroxamic Acid, Protease, Trehalose, Sh-Oligopeptide-1, Disodium Edta, Fragrance. Ingredients subject to change at manufacturer's discretion. Please refer to the product packaging for the most up-to-date ingredients list.</p>","SKINFOOD","Masks","Imported, TSB, Teemdrop_Auto_Fulfill",TRUE,Title,Default Title,"9024550174956",0,,999,deny,manual,94.94,TRUE,TRUE,"https://cdn.shopify.com/s/files/1/0515/4589/9157/files/download_5d912325-3cba-437a-b46a-1b618dd6d52f.png?v=1759419696"
"sulwhasoo-essential-revitalizing-set-6pcs","SULWHASOO Essential Revitalizing Set (6pcs)","<p>A foundational anti-aging travel-friendly gift set crafted with the finest , reflecting Sulwhasoo's commitment to holistic beauty. Discover the ultimate skincare indulgence with the Sulwhasoo Essential Revitalizing Routine Set. This beautifully curated set is designed to elevate your daily skincare ritual, offering everything you need for nourished, balanced skin. Ideal for all skin types, this luxurious collection contains essential products that hydrate, balance, and rejuvenate. Includes: Essential Revitalizing Water Ex 150ml/5.07oz Essential Revitalizing Water Ex 15ml/0.5oz Essential Revitalizing Emulsion Ex 125ml/4.22oz Essential Revitalizing Emulsion Ex 15ml/0.5oz First Care Activating Serum VI 8ml/0.27oz Essential Firming Cream Ex 15ml/0.5oz Features A proprietary blend of five meticulously selected Korean herbs Deeply hydrates and soothes to alleviate dryness and discomfort Restores skin's optimal oil-water balance for a healthy complexion Hypoallergenic tested, suitable for sensitive skin Skin Concerns Fine Lines &amp; Wrinkles Dullness Dehydrated Skin Skin types All skin types Sensitive skin Made In SOUTH KOREA 🇰🇷 How to use Start with the Essential Comfort Balancing Water all over the skin to prepare the skin for the next steps. Follow it with the Essential Comfort Balancing Emulsion to lock in moisture, ensuring your complexion remains supple throughout the day. Enhance your routine with the First Care Activating Serum, patting it into the skin until fully absorbed. Finally, seal it all in with the Essential Comfort Firming Cream. Ingredients Key Ingredients JAUM Moisturizing Complex™ : Works to soothe irritated skin, replenish deep moisture, and strengthen the skin's barrier against external stressors. Ingredient Highlights Paraben-Free</p><h6>Ingredients</h6><p>Full list of ingredients Balancing Water: Water/Aqua/Eau, Alcohol Denat., Betaine, Butylene Glycol, Glyceryl Polymethacrylate, Glycerin, 1,2-Hexanediol, PEG/PPG-17/6 Copolymer, Glycereth-26, PEG-60 Hydrogenated Castor Oil, Bis-PEG-18 Methyl Ether Dimethyl Silane, Propanediol, Honey/Mel/Miel, Acrylates/C10-30 Alkyl Acrylate Crosspolymer, Ziziphus Jujuba Fruit Extract, Ethylhexylglycerin, Diphenylsiloxy Phenyl Trimethicone, Portulaca Oleracea Extract, Dioscorea Japonica Root Extract, Crataegus Pinnatifida Fruit Extract, Potassium Hydroxide, Fragrance/Parfum, Disodium EDTA, Limonene, Biosaccharide Gum-1, Pentylene Glycol, Narcissus Tazetta Bulb Extract, Pueraria Thunbergiana Flower/Leaf/Stem Extract, Morus Alba Leaf Extract, Linalool, Rehmannia Glutinosa Root Extract, Glycyrrhiza Uralensis (Licorice) Root Extract, Paeonia Lactiflora Root Extract, Lilium Candidum Bulb Extract, Polygonatum Odoratum Rhizome Extract, Nelumbo Nucifera Flower Extract, Tocopherol, Beta-Glucan. Emulsion : Water/Aqua/Eau, Butylene Glycol, Hydrogenated Poly(C6-14 Olefin), Octyldodecyl Myristate, Glycerin, Polyglyceryl-3 Methylglucose Distearate, Cetyl Ethylhexanoate, Limnanthes Alba (Meadowfoam) Seed Oil, Hydrogenated Vegetable Oil, Cetearyl Alcohol, 1,2-Hexanediol, Glyceryl Stearate, Mangifera Indica (Mango) Seed Butter, Dimethicone, Glyceryl Stearate Citrate, Stearic Acid, Palmitic Acid, Ziziphus Jujuba Fruit Extract, Propanediol, Honey/Mel/Miel, Hydroxyethyl Acrylate/Sodium Acryloyldimethyl Taurate Copolymer, Carbomer, Butyrospermum Parkii (Shea) Butter, Glyceryl Caprylate, Tromethamine, Ethylhexylglycerin, Fragrance/Parfum, Disodium EDTA, Alcohol, Limonene, Portulaca Oleracea Extract, Dioscorea Japonica Root Extract, Crataegus Pinnatifida Fruit Extract, Narcissus Tazetta Bulb Extract, Sodium Hyaluronate, Sorbitan Isostearate, Polysorbate 60, Linalool, Beta-Glucan, Natto Gum, Pueraria Thunbergiana Flower/Leaf/Stem Extract, Morus Alba Leaf Extract, Rehmannia Glutinosa Root Extract, Glycyrrhiza Uralensis (Licorice) Root Extract, Citronellol, Paeonia Lactiflora Root Extract, Lilium Candidum Bulb Extract, Myristic Acid, Arachidic Acid, Polygonatum Odoratum Rhizome Extract, Citral, Geraniol, Nelumbo Nucifera Flower Extract, TBHQ, Tocopherol. Serum : Water/Aqua/Eau, Alcohol Denat., Butylene Glycol, Betaine, 1,2-Hexanediol, Bis-PEG-18 Methyl Ether Dimethyl Silane, Glyceryl Polymethacrylate, Carbomer, PEG-60 Hydrogenated Castor Oil, Tromethamine, Propanediol, Glyceryl Caprylate, Juglans Regia (Walnut) Seed Extract, Dextrin, Theobroma Cacao (Cocoa) Extract, Scutellaria Baicalensis Root Extract, Fragrance/Parfum, Ethylhexylglycerin, Adenosine, Limonene, Methyl Trimethicone, Disodium EDTA, Xanthan Gum, Cellulose Gum, Carrageenan, Honey/Mel/Miel, Madecassoside, Rehmannia Glutinosa Root Extract, Pentylene Glycol, Ophiopogon Japonicus Root Extract, Paeonia Lactiflora Root Extract, Lilium Candidum Bulb Extract, Linalool, Lycium Chinense Fruit Extract, Polygonatum Odoratum Rhizome Extract, Biosaccharide Gum-1, Propylene Glycol, Ziziphus Jujuba Fruit Extract, Nelumbo Nucifera Flower Extract, Pueraria Lobata Root Extract, Natto Gum, Glycyrrhiza Uralensis (Licorice) Root Extract, Prunus Mume Fruit Extract, Citronellol, Citral, Geraniol, Hydrogenated Lecithin, BHT, Citric Acid, Lentinus Edodes Extract, Tocopherol, Hydrolyzed Soybean Extract, Paeonia Albiflora Root Extract, Zingiber Officinale (Ginger) Root Extract. Firming Cream : Water/Aqua/Eau, Butylene Glycol, Glycerin, Butylene Glycol Dicaprylate/Dicaprate, Cetyl Ethylhexanoate, Caprylic/Capric Triglyceride, Cyclopentasiloxane, Diisostearyl Malate, 1,2-Hexanediol, Glyceryl Stearate, Polyglyceryl-3 Methylglucose Distearate, Cyclohexasiloxane, PEG-100 Stearate, Cetearyl Alcohol, Hydroxyethyl Acrylate/Sodium Acryloyldimethyl Taurate Copolymer, Polyacrylate-13, Polymethylsilsesquioxane, Polyisobutene, Fragrance/Parfum, Honey/Mel/Miel, Ziziphus Jujuba Fruit Extract, Glyceryl Caprylate, Limonene, Lycium Chinense Fruit Extract, Sorbitan Isostearate, Propanediol, Ethylhexylglycerin, Disodium EDTA, Adenosine, Polysorbate 20, Pueraria Lobata Root Extract, Polysorbate 60, Dioscorea Japonica Root Extract, Crataegus Pinnatifida Fruit Extract, Linalool, Narcissus Tazetta Bulb Extract, Pueraria Thunbergiana Flower/Leaf/Stem Extract, Citronellol, Dextrin, Theobroma Cacao (Cocoa) Extract, Morus Alba Leaf Extract, Citral, Geraniol, Rehmannia Glutinosa Root Extract, Glycyrrhiza Uralensis (Licorice) Root Extract, Paeonia Lactiflora Root Extract, Lilium Candidum Bulb Extract, Polygonatum Odoratum Rhizome Extract, Benzyl Benzoate, Nelumbo Nucifera Flower Extract, Hydrolyzed Soybean Extract, Tocopherol.</p>","Sulwhasoo","Moisturizers","Imported, TSB, Teemdrop_Auto_Fulfill",TRUE,Title,Default Title,"8343858315500",0,,999,deny,manual,10.47,TRUE,TRUE,"https://cdn.shopify.com/s/files/1/0515/4589/9157/files/Sulwhasoo_Set.png?v=1765911453"
"sungboon-editor-deep-collagen-cica-teatree-soothing-mask-4-pcs","Sungboon Editor Deep Collagen Cica Teatree Soothing Mask (4 PCs)","<p>An effective jelly-type mask pack that intensely soothes skin The Sungboon Editor Cica Teatree Soothing Mask is infused with 2,160,000 ppb of ultra-fine collagen that deeply penetrates deeply to enhance your skin’s natural elasticity and hydration, restoring its firmness and glow by dawn. Featuring 10,780 ppm of Centella Asiatica, i t enhances skin resilience to provide a protective layer that locks in moisture and promotes a healthy, glowing complexion. It is designed to calm irritated skin and reduce redness while you sleep by delivering intense soothing care. Free from fragrance and colorants, its gentle formula is perfect for sensitive skin, delivering soothing care without irritation. Features Has 2,160,000ppb of collagen Improves fine lines and wrinkles Comfortable no-mess jelly mask Features Centella Asiatica and Tea Tree Extracts Intensely soothes irritated skin Skin Concerns Dehydrated Skin Redness &amp; Irritation Anti-Aging Skin Types Suitable for all skin types, including sensitive skin Made In KOREA 🇰🇷 How to use After cleansing, use a toner to refine skin texture. Open the pouch and carefully apply the sheet to fit your face. After approximately 30-40 minutes or even overnight, remove the mask and gently pat the remaining essence onto the skin for absorption. Key Ingredients Centellasome-M: improves skin barrier and hydrates damaged skin Tea Tree Leaf Extract: soothing and calming Ingredient Highlights Sulfate-Free Silicone-Free Alcohol-Free Paraben-Free Fragrance-Free Mineral Oil-Free</p><h6>Ingredients</h6><p>Full list of ingredients Water, Glycerin, Dipropylene Glycol, Caprylic/Capric Triglyceride, Methylpropanediol, Niacinamide, 1,2-Hexanediol, Centella Asiatica Leaf Water, Ceratonia Siliqua (Carob) Gum, Chondrus Crispus Powder, Chondrus Crispus, Cellulose Gum, Collagen, Butyrospermum Parkii (Shea) Butter, Potassium Chloride, Sodium Polyacrylate, Glyceryl Stearate, Jojoba Esters, Sorbitan Sesquioleate, Cetyl Alcohol, Stearyl Alcohol, Hydrogenated Polydecene, Sucrose, Hydroxyacetophenone, Sodium Stearoyl Glutamate, Helianthus Annuus (Sunflower) Seed Wax, Adenosine, Caprylyl Glycol, Trideceth-6, Hydrolyzed Hyaluronic Acid, Glyceryl Glucoside, C11-13 Isoalkane, Polyglycerin-3, Melaleuca Alternifolia (Tea Tree) Leaf Oil, Melaleuca Alternifolia (Tea Tree) Leaf Water, Butylene Glycol, Dipotassium Glycyrrhizate, Hydrogenated Phosphatidylcholine, Tocopherol, Sucrose Stearate, Melaleuca Alternifolia (Tea Tree) Extract, Melaleuca Alternifolia (Tea Tree) Leaf Extract, Madecassic Acid, Asiaticoside, Centella Asiatica Extract, Asiatic Acid, Cholesterol, Madecassoside, Disodium EDTA Ingredients subject to change at manufacturer's discretion. For the most complete and up-to-date list of ingredients, please refer to product packaging.</p>","Sungboon Editor","Masks","Imported, TSB, Teemdrop_Auto_Fulfill",TRUE,Title,Default Title,"9008008200428",0,,999,deny,manual,25.98,TRUE,TRUE,"https://cdn.shopify.com/s/files/1/0515/4589/9157/files/Frame_3_be209cfb-4ac7-40fe-871c-c79fa5f90cfb.png?v=1758292494"
"tirtir-mask-fit-ai-filter-cushion-18g","TIRTIR Mask Fit AI Filter Cushion (18g)","<p>Discover this amazing product at The Skin Boutique.</p><h6>Ingredients</h6><p>Refer to product packaging.</p>","TIRTIR","Makeup","Imported, TSB, Teemdrop_Auto_Fulfill",TRUE,Title,Default Title,"9141969584364",0,,999,deny,manual,24.93,TRUE,TRUE,"https://cdn.shopify.com/s/files/1/0515/4589/9157/files/1b6ebbec5a8befb4246f29414f16d9a7.png?v=1769197917"
"tirtir-mask-fit-all-cover-cushion-18g","TIRTIR Mask Fit All-Cover Cushion (18g)","<p>Discover this amazing product at The Skin Boutique.</p><h6>Ingredients</h6><p>Refer to product packaging.</p>","TIRTIR","Makeup","Imported, TSB, Teemdrop_Auto_Fulfill",TRUE,Title,Default Title,"9141970534636",0,,999,deny,manual,24.93,TRUE,TRUE,"https://cdn.shopify.com/s/files/1/0515/4589/9157/files/13N.png?v=1769792034"
"tirtir-mask-fit-aura-cushion-18g","TIRTIR Mask Fit Aura Cushion (18g)","<p>Discover this amazing product at The Skin Boutique.</p><h6>Ingredients</h6><p>Refer to product packaging.</p>","TIRTIR","Makeup","Imported, TSB, Teemdrop_Auto_Fulfill",TRUE,Title,Default Title,"9141971812588",0,,999,deny,manual,24.93,TRUE,TRUE,"https://cdn.shopify.com/s/files/1/0515/4589/9157/files/8809928136837_1_20250924180500.png?v=1769791757"
"tirtir-mask-fit-waterproof-setting-spray-80ml","TIRTIR Mask Fit Waterproof Setting Spray (80ml)","<p>Discover this amazing product at The Skin Boutique.</p><h6>Ingredients</h6><p>Refer to product packaging.</p>","TIRTIR","Makeup","Imported, TSB, Teemdrop_Auto_Fulfill",TRUE,Title,Default Title,"9142667608300",0,,999,deny,manual,17.99,TRUE,TRUE,"https://cdn.shopify.com/s/files/1/0515/4589/9157/files/img_4407.png?v=1769811460"
"tocobo-vita-glazed-lip-mask-20ml","TOCOBO Vita Glazed Lip Mask (20ml)","<p>A highly moisturizing overnight lip mask that provides care to dehydrated lips TOCOBO Vita Glazed Lip Mask is f ormulated with vitamin-rich like Vitamin E, which deeply revitalizes your lips overnight by forming a moisture barrier. It is ideal for those combating dryness and flakiness, as it also includes ingredients such as Jojoba Oil and Sea Buckthorn Oil to enhance the lip mask's hydrating power, ensuring soft, supple lips by morning. It's glossy glazed texture makes it ideal as a lip gloss during the day! Features For a luxurious, effective lip care routine High in vitamin rich ingredients to moisturize and nourish Can be used as a lip balm in the day as it has a glossy finish Exfoliates and deeply hydrates Skin Concerns Dryness Skin Types Suitable for all skin types Made In South Korea How to use Use the spatula to apply an even layer on lips before sleep. Ingredients Key Ingredients Vitamin E : Creates powerful moisture locking shield and strengthens moisture barrier. Olive Oil : Soothes, exfoliates and moisturizes Pomegranate Extract : Prevents loss of moisture on the surface. Ingredient Highlights Sulfate-Free Mineral-Oil Free Alcohol-Free Paraben-Free Vegan</p><h6>Ingredients</h6><p>Full list of ingredients Hydrogenated Polyisobutene, Phytosteryl/Isostearyl/Cetyl/Stearyl/Behenyl Dimer Dilinoleate, Diisostearyl Malate, Polyglyceryl-2 Triisostearate, Hydrogenated Poly(C6-14 Olefin), Microcrystalline Wax, Bis-Behenyl/Isostearyl/Phytosteryl Dimer Dilinoleyl Dimer Dilinoleate, Olea Europaea Fruit Oil, Polyethylene, Ethylene/Propylene/Styrene Copolymer, Silica Dimethyl Silylate, Sorbitan Sesquioleate, Tocopheryl Acetate, Eclipta Prostrata Extract, Hippophae Rhamnoides Fruit Oil, Butylene/Ethylene/Styrene Copolymer, Parfum, Dehydroacetic Acid, Dimethicone, Melia Azadirachta Leaf Extract, Raspberry Seed Oil/Tocopheryl Succinate Aminopropanediol Esters, Simmondsia Chinensis Seed Oil, Moringa Oleifera Seed Oil, Pentaerythrityl Tetra-Di-T-Butyl Hydroxyhydrocinnamate, Punica Granatum Flower Extract, Aqua, Butylene Glycol, 1,2-Hexanediol, Lactobionic Acid.</p>","Tocobo","Lip Care","Imported, TSB, Teemdrop_Auto_Fulfill",TRUE,Title,Default Title,"8225463894252",0,,999,deny,manual,22.99,TRUE,TRUE,"https://cdn.shopify.com/s/files/1/0515/4589/9157/files/TOCOBO_Vita_Glazed_Lip_Mask_20ml.png?v=1766311976"
"dive-in-low-molecular-hyaluronic-acid-serum-50ml","Dive-In Low Molecular Hyaluronic Acid Serum (50ml)","<p>Experience the industry-leading standard for deep-core hydration. This award-winning serum is engineered with a proprietary 5D-Complex Hyaluronic Acid, blending five different molecular sizes to penetrate every dermal layer with clinical precision. Formulated with high-fidelity Panthenol and Allantoin, it provides immediate relief to dehydrated skin while reinforcing the moisture barrier. The ultra-lightweight, non-sticky texture leaves a clean, dew-drenched finish, making it the perfect foundation for a high-performance skincare routine.</p><h6>Ingredients</h6><p>Water, Butylene Glycol, Glycerin, 1,2-Hexanediol, Sodium Hyaluronate (5D Complex), Panthenol, Allantoin, Trehalose, Madecassoside.</p>","Torriden","Skin Care","Imported, TSB, Teemdrop_Auto_Fulfill",TRUE,Title,Default Title,"9113943343340",0,,999,deny,manual,34.19,TRUE,TRUE,"https://cdn.shopify.com/s/files/1/0515/4589/9157/files/Torriden_Serum.png?v=1768103328"
"dive-in-hyaluronic-acid-soothing-cream-100ml","Dive-In Hyaluronic Acid Soothing Cream (100ml)","<p>Seal in high-fidelity moisture with this elite soothing cream. Designed for those who demand intensive hydration without the weight, this water-gel formula features a clinical-grade 5D-Complex Hyaluronic Acid system. It provides a cooling, 'water-burst' sensation upon application, instantly calming sensitive skin while building a protective moisture shield. Ideal for both oily and combination skin types, it leaves the complexion feeling exceptionally revitalized, calm, and perfectly balanced.</p><h6>Ingredients</h6><p>Water, Glycerin, 5D Hyaluronic Acid, Trehalose, Panthenol, Centella Asiatica Extract, Madecassoside, Allantoin.</p>","Torriden","Skin Care","Imported, TSB, Teemdrop_Auto_Fulfill",TRUE,Title,Default Title,"9113943245036",0,,999,deny,manual,34.19,TRUE,TRUE,"https://cdn.shopify.com/s/files/1/0515/4589/9157/files/Torriden_Soothing_Cream.png?v=1768103138"
"unove-volume-up-curling-essence-147ml","UNOVE Volume Up Curling Essence (147ml)","<p>UNOVE Volume Up Curling Essence is a lightweight rinse-free treatment designed specifically for curly or permed hair that is dry and damaged. Infused with 31 types of proteins and amino acids, this fast-absorbing essence deeply nourishes while five plant-based oils lock in moisture for visibly shinier, bouncier curls. This nutrient-dense treatment works to replenish moisture, amplify your curl's natural fullness, and bring out the radiant, healthy-looking waves you've always wanted.</p><h6>Ingredients</h6><p>Refer to product packaging.</p>","Unove","Hair Care","Imported, TSB, Teemdrop_Auto_Fulfill",TRUE,Title,Default Title,"9142123233516",0,,999,deny,manual,21.93,TRUE,TRUE,"https://cdn.shopify.com/s/files/1/0515/4589/9157/files/735b3567-2397-4e11-8009-91bc6ed53fbe.webp?v=1769795342"
"unove-water-essence-mist-200ml","UNOVE Water Essence Mist (200ml)","<p>Discover this amazing product at The Skin Boutique.</p><h6>Ingredients</h6><p>Refer to product packaging.</p>","Unove","Hair Care","Imported, TSB, Teemdrop_Auto_Fulfill",TRUE,Title,Default Title,"9142057500908",0,,999,deny,manual,26.98,TRUE,TRUE,"https://cdn.shopify.com/s/files/1/0515/4589/9157/files/Unove_Water_Essence_Mist.png?v=1769635695"
"village-11-factory-hydro-boost-serum-50ml","Village 11 Factory Hydro Boost Serum (50ml)","<p>Skin quenching hydration boost in a bottle! Village 11 Factory Hydro Boost Serum is an ultr-hydrating facial serum formulated to provide deep and long-lasting hydration thanks to its combination of 8 types of hyaluronic acid . This complex of hyaluronic acids hydrates every layer of the epidermis, keeping the skin elastic and smooth, and helping to reduce the signs of aging. Its formula contains 91% natural and 11% patented V11 complex, which protects the skin from damage caused by the external environment and strengthens the skin barrier. The presence of jojoba extracts (0.1%) provides additional nourishment without weighing down the skin, making this serum ideal even for those with oily or combination skin. Features 91% natural ingredients making it safe and gentle for all skin types Nourishing without weighing down Strengthens and restores the skin's natural barrier Protects skin from environmental damage Helps reduce the appearance of wrinkles and signs of aging Skin Concerns Anti-Aging Dullness Dryness Skin Types All skin types, including sensitive skin Ideal for oily skin Made In KOREA 🇰🇷 How to use After cleansing and toning your face, apply an appropriate amount of serum and gently massage your face in circular upward motions until completely absorbed. Use morning and evening for best results. Ingredients Key Ingredients 8 Types of Hyaluronic Acid : Multi-level hydration at various layers of the skin. Jojoba Esters (0.1%) : Light and balanced nutrition for the skin. Village 11™ Complex (11%) : Protection and strengthening of the skin barrier. Ingredient Highlights Sulfate-Free Paraben-Free Mineral-Oil Free Silicone-Free Alcohol-Free Fragrance-Free</p><h6>Ingredients</h6><p>Full list of ingredients Water, Glycerin, Butylene Glycol, Dipropylene Glycol, 1,2-Hexanediol, Methyl Gluceth-20, Pentylene Glycol, Betaine, Adansonia Digitata Seed Extract, Lavandula Angustifolia Flower Extract, Hamamelis Virginiana Leaf Extract, Hydrolyzed Jojoba Esters, Octyldodeceth-16, Carbomer, Panthenol, Xanthan Gum, Chamomilla Recutita Flower Extract, Tromethamine, Himanthalia Elongata Extract, Myrciaria Dubia Fruit Extract, Melaleuca Alternifolia Leaf Extract, Fucus Vesiculosus Extract, Cetraria Islandica Extract, Gelidium Cartilagineum Extract, Laminaria Japonica Extract, Glycyrrhiza Uralensis Root Extract, Ethylhexylglycerin, Disodium Edta, Propanediol, Biosaccharide Gum-1, Hydrolyzed Glycosaminoglycans, Sodium Hyaluronate, Sodium Hyaluronate Crosspolymer, Hydrolyzed Hyaluronic Acid, Tocopherol, Hydroxypropyltrimonium Hyaluronate, Hyaluronic Acid, Sodium Acetylated Hyaluronate.</p>","Village 11 Factory","Serums","Imported, TSB, Teemdrop_Auto_Fulfill",TRUE,Title,Default Title,"9008019210476",0,,999,deny,manual,25.98,TRUE,TRUE,"https://cdn.shopify.com/s/files/1/0515/4589/9157/files/Village_11_Factory_Hydro_Boost_Serum_50ml.png?v=1766326782"
"vt-collagen-reedle-shot-100-2-step-hydrogel-mask-1-pc","VT Collagen Reedle Shot 100 2-Step Hydrogel Mask (1 PC)","<p>The mask combo with Cica Reti-A, which moisturizes and soothes the skin VT Cica Reti-A All-In-One 3-Step Mask is designed to create smooth and luminous skin. With three levels of concentrated care, this mask targets dry and rough skin, utilizing retinol that improve overall stability even for those who have sensitive skin. It also assists with pore care, calming the skin, and hydrating it. Follow all 3 steps to promote firmer and smoother skin. Features D eeper, faster and better absorption of skin care ingredients Faster skin results Improves skin texture, elasticity, dullness, hydration, pore size and more Soothes and strengthens skin barrier Moisturizing essence cleanses, exfoliates, and provides a skin-boosting effect Skin Concerns Irritation Anti-aging Dullness &amp; Dryness Rough Skin Clogged Pores Skin Types Suitable for all skin types, including sensitive skin Made In South Korea How to use After cleansing, apply STEP1 to the entire face. Keep STEP2 close to the entire face, avoiding the eye and mouth areas. After 10-20 minutes, remove the mask pack and gently massage the remaining serum into your skin. Massage STEP3 onto the eye area, cheekbones, and chin to lift and define those areas. Ingredients Key Ingredients Cica Hyalon ™ : A proprietary blend that enhances skin brightening and radiance. Panthenol &amp; Ceremides : Moisturizes and protects the skin barrier Hydrolyzed Elastin &amp; Bakuchiol : Boosts skin elasticity and plumps Ingredient Highlights Alcohol-Free Paraben -Free Sulfate -Free Vegan Mineral Oil-Free</p><h6>Ingredients</h6><p>Full list of ingredients Step 1: Purified Water, Glycerin, Glycereth-26, Maltitol, Sorbitol, 1,2-hexanediol, Hydroxypropyl Starch Phosphate, Sodium Polystyrene Sulfonate, C12-14 Alketh-12, Trehalose, Hydroxyacetophenone , Xanthan Gum, Acrylate/c10-30 Alkyl Acrylate Crosspolymer, Caprylyl Glycol, Arginine, Ethylhexyl Glycerin, Centella Asiatica Extract, Melia Azadirachta Leaf Extract, Disodium Edta, Parfum, Butylene Glycol, Diospyros Kaki Leaf Extract, Vitis Vinifera Fruit Extract, Coffea Arabica Seed Extract, Carthamus Tinctorius Flower Extract, Polygonum Cuspidatum Root Extract, Camellia Sinensis Leaf Extract, Castanea Crenata Shell Extract, Zanthoxylum Piperitum Fruit Extract, Melia Azadirachta Flower Extract, Bakuchiol, Dimethyl Isosorbide, Sodium Hyaluronate, Hydroxypinacolone Retinoate, Polyglyceryl-10 Laurate, Lecithin, Polysorbate 20, Palmitoyl Tripeptide-1, Palmitoylpentapeptide-4, Hexapeptide-9, Acetyl Hexa Peptide-8, Retinol, Madecassoside, Madecassic Acid, Asiaticoside, Asiatic Acid, Propolis Extract, Tripeptide-1, Copper Tripeptide-1. Step 2: Purified Water, Butylene Glycol, Hydrogenated Poly(C6-14 Olefin), 1,2-hexanediol, Niacinamide, Cetyl Ethylhexanoate, Pentaerythrityl Tetraethylhexanoate, Dimethyl Isocarbide, Glyceryl Stearate, Polyglyceryl-3 Methylglucose Distearate, Hydrogenated Vegetable Oil, Behenyl Alcohol, Dimethicone, Cetearyl Alcohol, Stearic Acid, Betaine, Hydroxypinacolone Retinoate, Carbomer, Tromethamine, Polyacrylate-13, Ethylhexylglycerin, Centella Asiatica Extract, Adenosine, Polyisobutene, Sodium Hyaluronate, Allantoin, Moringa Oleifera Seed Extract, Gluconolactone, Bakuchiol, Capryloyl Salicylic Acid, Polysorbate 20, Sorbitan Isostearate, Ceramide Np, Retinol, Bht, Propolis Extract, Madecassoside, Asiaticoside, Asiatic Acid, Madecassic Acid, Baha, Disodium Edta, Parfum. Step 3: Purified Water, Glycerin, Butylene Glycol, Pentaerythrityl Tetraethylhexanoate, Caprylic/capric Triglyceride, Propanediol, Polyglyceryl-6 Stearate, 1,2-hexanediol, Niacinamide , Cyclohexasiloxane, Cetearyl Alcohol, Triethylhexanoin, Synthetic Beeswax, Glyceryl Stearate, Phytosteryl/isostearyl/cetyl/stearyl/behenyl Dimer Dilinoleate, Dimethyl Isosorbide, Sodium Polyacryloyldimethyl Taurate, Polyglyceryl-6behenate, Ethylhexylglycerin, Hydroxypinacolone Retinoate, Centella Asiatica Extract, Adenosine, Sodium Hyaluronate, Hibiscus Sabdariffa Flower Extract, Viola Tricolor Extract, Lavandula Angustifolia Flower Extract, Centaurea Cyanus Flower Extract, Bakuchiol, Polysorbate 20, Retinol, Hydrolyzed collagen, Bht, Madecassoside, Madecassic Acid, Asiaticoside, Asiatic Acid, Propolis Extract , Bha, Disodium Edta, Parfum. Ingredients may change at manufacturer's discretion. For the most accurate and up-to-date ingredients list, please refer to the product packaging.</p>","VT Cosmetics","Masks","Imported, TSB, Teemdrop_Auto_Fulfill",TRUE,Title,Default Title,"9098267230444",0,,999,deny,manual,8.00,TRUE,TRUE,"https://cdn.shopify.com/s/files/1/0515/4589/9157/files/b7e08d72-9c24-4308-8f2f-a55b159061ad.png?v=1770146691"
"vt-reti-a-reedle-shot-100-2-step-hydrogel-mask-1-pc","VT Reti-A Reedle Shot 100 2-Step Hydrogel Mask (1 PC)","<p>The mask combo with Cica Reti-A, which moisturizes and soothes the skin VT Cica Reti-A All-In-One 3-Step Mask is designed to create smooth and luminous skin. With three levels of concentrated care, this mask targets dry and rough skin, utilizing retinol that improve overall stability even for those who have sensitive skin. It also assists with pore care, calming the skin, and hydrating it. Follow all 3 steps to promote firmer and smoother skin. Features D eeper, faster and better absorption of skin care ingredients Faster skin results Improves skin texture, elasticity, dullness, hydration, pore size and more Soothes and strengthens skin barrier Moisturizing essence cleanses, exfoliates, and provides a skin-boosting effect Skin Concerns Irritation Anti-aging Dullness &amp; Dryness Rough Skin Clogged Pores Skin Types Suitable for all skin types, including sensitive skin Made In South Korea How to use After cleansing, apply STEP1 to the entire face. Keep STEP2 close to the entire face, avoiding the eye and mouth areas. After 10-20 minutes, remove the mask pack and gently massage the remaining serum into your skin. Massage STEP3 onto the eye area, cheekbones, and chin to lift and define those areas. Ingredients Key Ingredients Cica Hyalon ™ : A proprietary blend that enhances skin brightening and radiance. Panthenol &amp; Ceremides : Moisturizes and protects the skin barrier Hydrolyzed Elastin &amp; Bakuchiol : Boosts skin elasticity and plumps Ingredient Highlights Alcohol-Free Paraben -Free Sulfate -Free Vegan Mineral Oil-Free</p><h6>Ingredients</h6><p>Full list of ingredients Step 1: Purified Water, Glycerin, Glycereth-26, Maltitol, Sorbitol, 1,2-hexanediol, Hydroxypropyl Starch Phosphate, Sodium Polystyrene Sulfonate, C12-14 Alketh-12, Trehalose, Hydroxyacetophenone , Xanthan Gum, Acrylate/c10-30 Alkyl Acrylate Crosspolymer, Caprylyl Glycol, Arginine, Ethylhexyl Glycerin, Centella Asiatica Extract, Melia Azadirachta Leaf Extract, Disodium Edta, Parfum, Butylene Glycol, Diospyros Kaki Leaf Extract, Vitis Vinifera Fruit Extract, Coffea Arabica Seed Extract, Carthamus Tinctorius Flower Extract, Polygonum Cuspidatum Root Extract, Camellia Sinensis Leaf Extract, Castanea Crenata Shell Extract, Zanthoxylum Piperitum Fruit Extract, Melia Azadirachta Flower Extract, Bakuchiol, Dimethyl Isosorbide, Sodium Hyaluronate, Hydroxypinacolone Retinoate, Polyglyceryl-10 Laurate, Lecithin, Polysorbate 20, Palmitoyl Tripeptide-1, Palmitoylpentapeptide-4, Hexapeptide-9, Acetyl Hexa Peptide-8, Retinol, Madecassoside, Madecassic Acid, Asiaticoside, Asiatic Acid, Propolis Extract, Tripeptide-1, Copper Tripeptide-1. Step 2: Purified Water, Butylene Glycol, Hydrogenated Poly(C6-14 Olefin), 1,2-hexanediol, Niacinamide, Cetyl Ethylhexanoate, Pentaerythrityl Tetraethylhexanoate, Dimethyl Isocarbide, Glyceryl Stearate, Polyglyceryl-3 Methylglucose Distearate, Hydrogenated Vegetable Oil, Behenyl Alcohol, Dimethicone, Cetearyl Alcohol, Stearic Acid, Betaine, Hydroxypinacolone Retinoate, Carbomer, Tromethamine, Polyacrylate-13, Ethylhexylglycerin, Centella Asiatica Extract, Adenosine, Polyisobutene, Sodium Hyaluronate, Allantoin, Moringa Oleifera Seed Extract, Gluconolactone, Bakuchiol, Capryloyl Salicylic Acid, Polysorbate 20, Sorbitan Isostearate, Ceramide Np, Retinol, Bht, Propolis Extract, Madecassoside, Asiaticoside, Asiatic Acid, Madecassic Acid, Baha, Disodium Edta, Parfum. Step 3: Purified Water, Glycerin, Butylene Glycol, Pentaerythrityl Tetraethylhexanoate, Caprylic/capric Triglyceride, Propanediol, Polyglyceryl-6 Stearate, 1,2-hexanediol, Niacinamide , Cyclohexasiloxane, Cetearyl Alcohol, Triethylhexanoin, Synthetic Beeswax, Glyceryl Stearate, Phytosteryl/isostearyl/cetyl/stearyl/behenyl Dimer Dilinoleate, Dimethyl Isosorbide, Sodium Polyacryloyldimethyl Taurate, Polyglyceryl-6behenate, Ethylhexylglycerin, Hydroxypinacolone Retinoate, Centella Asiatica Extract, Adenosine, Sodium Hyaluronate, Hibiscus Sabdariffa Flower Extract, Viola Tricolor Extract, Lavandula Angustifolia Flower Extract, Centaurea Cyanus Flower Extract, Bakuchiol, Polysorbate 20, Retinol, Hydrolyzed collagen, Bht, Madecassoside, Madecassic Acid, Asiaticoside, Asiatic Acid, Propolis Extract , Bha, Disodium Edta, Parfum. Ingredients may change at manufacturer's discretion. For the most accurate and up-to-date ingredients list, please refer to the product packaging.</p>","VT Cosmetics","Masks","Imported, TSB, Teemdrop_Auto_Fulfill",TRUE,Title,Default Title,"9098267820268",0,,999,deny,manual,8.00,TRUE,TRUE,"https://cdn.shopify.com/s/files/1/0515/4589/9157/files/11913_reti-a-reedle-shot-100-mask-photoroom--1.png?v=1770649723"
"w-dressroom-moisturizing-perfume-hand-cream-50ml","W. DRESSROOM Moisturizing Perfume Hand Cream (50ml)","<p>Discover this amazing product at The Skin Boutique.</p><h6>Ingredients</h6><p>Refer to product packaging.</p>","W. DRESSROOM","Bath & Body","Imported, TSB, Teemdrop_Auto_Fulfill",TRUE,Title,Default Title,"9102712340716",0,,999,deny,manual,11.99,TRUE,TRUE,"https://cdn.shopify.com/s/files/1/0515/4589/9157/files/5282585d0fc16474f55d5dafa05867d0e781362d1b515cf58f524254fd174bf2.png?v=1768512742"
"w-dressroom-perfume-hand-nail-cream-set-3x30ml","W. DRESSROOM Perfume Hand & Nail Cream Set (3x30ml)","<p>A premium hand cream moisturizer in a variety of captivating fragrances. W. DRESSROOM Perfume Hand &amp; Nail Cream Set nourishes your hands and cuticles as they were designed to support nail strength and skin hydration. This set combines Biotin, Argan Kernel Oil, and 35,000PPM Shea Butter to reinforce the moisture barrier and soften rough skin. The lightweight texture sinks in quickly, avoiding any sticky feel while you go about your day. With three distinct scents—fresh April Cotton, sweet Peach Blossom, and clean White Soap—this set provides a practical way to keep your hands comfortable and your nails resilient. Features Perfumed hand creams Contains Shea Butter, Hyaluronic Acid, Sunflower Seed Extract Convenient, portable packaging for on-the-go Skin Types All skin types Made In South Korea How to use Apply evenly to hands and let the formula absorb into the skin. Ingredient Highlights Alcohol-Free Mineral Oil Free Paraben-Free Silicone-Free</p><h6>Ingredients</h6><p>Full list of ingredients Water, Cetyl Ethylhexanoate, Glycerin, Cetearyl Alcohol, Butylene Glycol, Glyceryl Stearate SE, Hydrogenated Coco-Glycerides, Fragrance(Parfum), Butyrospermum Parkii (Shea) Butter, Limnanthes Alba (Meadowfoam) Seed Oil, Pentylene Glycol, 1,2-Hexanediol, Glyceryl Stearate, Silica, Acrylates/C10-30 Alkyl Acrylate Crosspolymer, Tromethamine, Caprylyl Glycol, Caprylic/Capric Triglyceride, Tocopherol, Citric Acid, Lauroyl Lysine, Sodium Phytate, Hydrogenated Lecithin, Helianthus Annuus (Sunflower) Seed Oil, Cholesterol, Propanediol, Lupinus Albus Seed Extract, Sodium Hyaluronate Crosspolymer, Hydrolyzed Glycosaminoglycans, Sodium Hyaluronate, Benzyl Glycol, Hydrolyzed Hyaluronic Acid, Ethylhexylglycerin, Hyaluronic Acid This list of ingredients represents all options or variants of this product. Actual ingredients in a given product option may vary from this list. Ingredients subject to change at manufacturer's discretion. For the most complete and up-to-date list of ingredients, please refer to product packaging.</p>","W. DRESSROOM","Bath & Body","Imported, TSB, Teemdrop_Auto_Fulfill",TRUE,Title,Default Title,"9102722826476",0,,999,deny,manual,16.99,TRUE,TRUE,"https://cdn.shopify.com/s/files/1/0515/4589/9157/files/wdressroomwdressroom-perfume-hand-nail-cream-setoceanbuy-beauty-2507631.png?v=1768510921"
"wasosen-adlay-hatomugi-peeling-gel-200g","Wasosen Adlay Hatomugi Peeling Gel (200g)","<p>A Japanese peeling gel that leaves skin radiant and smooth. Wasosen Adlay Peeling Gel is formulated with Hatomugi pearl barley extract. The gel absorbs excess sebum and removes dead skin cells and dirty without excessive skin irritation. Features Exfoliates without irritation Leaves skin smooth and radiant Hatomugi pearl barley extract Skin Concern Rough Skin Dullness Skin types Suitable for all skin types Made In JAPAN 🇯🇵 How to Use 1. Take an appropriate amount on clean skin, spread it thinly over the entire face except for the eyes and lips, and gently massage it to make it sticky, s 2. Wash product off thoroughly. Follow with regular skin care routine. It is recommended to use this product 1-2 times per week. Ingredient Highlights Oil-Free Silicone-Free Paraben-Free</p><h6>Ingredients</h6><p>Full list of ingredients Water, BG, (acrylates/alkyl acrylate (C10-30)) crosspolymer, dicocodimonium chloride, steartrimonium bromide, pearl barley seed extract, malic acid, glycolic acid, salicylic acid, lactic acid, papain, squalane, hyaluronic acid Na, hydrolyzed collagen, hawthorn extract, hamamelis leaf extract, isopropanol, dextrin, fragrance</p>","Wasosen","Exfoliants","Imported, TSB, Teemdrop_Auto_Fulfill",TRUE,Title,Default Title,"8499855229164",0,,999,deny,manual,10.99,TRUE,TRUE,"https://cdn.shopify.com/s/files/1/0515/4589/9157/files/wasosen2.jpg?v=1717196481"
"wasosen-body-milk-500ml","Wasosen Body Milk (500ml)","<p>A Japanese ultra-moisturizing milky body lotion that is perfect for dry skin. Experience the luxurious wa so sen Hatomugi Body Milk by Oka International, your ultimate solution for body care. Enriched with the moisturizing power of hatomugi seed extract, this body milk effortlessly transforms your skin, leaving it fresh, beautiful, and deeply hydrated. Its velvety-smooth texture seamlessly absorbs into dry skin, ensuring long-lasting moisture without any sticky residue. With a generous size of 500ml, indulge in this ample supply of nourishment. Delicately scented with gentle natural essential oils, this body milk provides a truly indulgent and rejuvenating experience for your skin. Elevate your body care routine with the wa so sen Hatomugi Body Milk and embrace the beauty of well-nourished skin. It contains 3 types of Ceramide and is fragrance free, coloring free and alcohol free. Features Comes in a pump bottle Large volume of 500ml Easily blends smoothly into the skin non-greasy finish Skin Concern Dryness Dullness Skin types Dry Combination Sensitive Made In JAPAN 🇯🇵 How to Use Take an appropriate amount and apply it to the entire body. Active Ingredients Ceramide AP Yuzu fruit extract Aloe Vera leaf extract Ingredient Highlights Fragrance-Free Alcohol Free Three types of ceramides</p><h6>Ingredients</h6><p>Full list of ingredients Water, glycerin, mineral oil, BG, honeybee seed extract, ceramide AP, ceramide NP, ceramide EOP, yuzu fruit extract, phytosphingocin, Na hyaluronate, Na acetylhyaluronate, hydrolyzed Na hyaluronate, succinoyl atelocollagen, soybean seed Extract, glutamic acid, aloe vera leaf extract, lemon fruit extract, rosemary leaf extract, hop extract, blue pine bulb extract, sugina extract, PCA-Na, serine, lysine, glycine, alanine, arginine, treonine, proline, betaine, allantin , Sorbitol, hydrolyzed collagen, water-soluble proteoglycan, cholesterol, EDTA-2Na, xanthan gum, lauroyl lactylate Na, carbomer, PEG-15 glyceryl stearate, glyceryl stearate (SE), sorbitan stearate, dimethicone, stearic acid, behenyl alcohol , Di (phytosteryl / octyldodecyl) lauroyl glutamate, K hydroxide, (Na acrylate / Na acryloyldimethyltaurine) copolymer, (Eicosandioic acid / tetradecanedioic acid) polyglyceryl-10, tocopherol acetate, isohexadecane, polysorbate 80 (wheat) Origin), hydrogenated lecithin, methylparaben, propylparaben</p>","Wasosen","Bath & Body","Imported, TSB, Teemdrop_Auto_Fulfill",TRUE,Title,Default Title,"7649510162668",0,,999,deny,manual,13.99,TRUE,TRUE,"https://cdn.shopify.com/s/files/1/0515/4589/9157/files/wasosen.jpg?v=1717196326"