Brand,Product Name,SKU / ID,Image Link,Target Sale Price (ZAR)
"Abib","Gummy Sheet Mask Madecassoside Sticker","ABIB-8693776515308","https://cdn.shopify.com/s/files/1/0515/4589/9157/files/Abib_Gummy_Sheet_Mask_Madecassoside_Sticker.png?v=1772983005",1615
"Abib","Collagen Eye Patch Jericho Rose Jelly (30 Pairs / 60 pcs)","ABIB-8658393301228","https://cdn.shopify.com/s/files/1/0515/4589/9157/files/Abib-Collagen-eye-patch-Jericho-rose-jelly-60ea-90g.png?v=1769993318",580
"Abib","Heartleaf Crème Calming Tube (75ml)","ABIB-8097324761324","https://cdn.shopify.com/s/files/1/0515/4589/9157/files/ProductPhotos_3_3029e8f0-bb1f-4e0b-9b82-35f332cea54f.png?v=1700939330",495
"ANUA","Heartleaf Centella Red Spot Cream (30g)","ANUA-8995681272044","https://cdn.shopify.com/s/files/1/0515/4589/9157/files/ANUA_Heartleaf_Centella_Red_Spot_Cream_30g.png?v=1772983941",450
"ANUA","Airy Sun Cream SPF 50+ PA++++ (50ml)","ANUA-8933180276972","https://cdn.shopify.com/s/files/1/0515/4589/9157/files/ANUA_Airy_Sun_Cream_SPF_50_PA_50ml.png?v=1772983546",650
"ANUA","Azelaic Acid 10 Hyaluron Soothing Serum (30ml)","ANUA-8755559891180","https://cdn.shopify.com/s/files/1/0515/4589/9157/files/ANUA-43-01_1.webp?v=1766074516",600
"ANUA","ANUA Peach Niacin Serum Mask","ANUA-8716254773484","https://cdn.shopify.com/s/files/1/0515/4589/9157/files/ANUA_Peach_Niacin_Serum_Mask.png?v=1772984285",1615
"ANUA","ANUA Heartleaf 87 Low pH Deep Cleansing Water (500g)","ANUA-8716302516460","https://cdn.shopify.com/s/files/1/0515/4589/9157/files/Product_Images_90_a9406654-4d10-4d2f-b157-240a6edca7c9.png?v=1769082342",550
"ANUA","ANUA Rice 70 Glow Milky Toner (250ml)","ANUA-8585797894380","https://cdn.shopify.com/s/files/1/0515/4589/9157/files/processed_cmd0t3j2g04qan5u6o2xp93my_1752359403622.png?v=1752359408",550
"ANUA","ANUA Heartleaf 70% Soothing Cream (100ml)","ANUA-8493012877548","https://cdn.shopify.com/s/files/1/0515/4589/9157/files/ANUA_Heartleaf_70__Soothing_Cream__100m_PNG.png?v=1769695652",595
"ANUA","ANUA Heartleaf Pore Control Cleansing Oil (200ml)","ANUA-7964008579308","https://cdn.shopify.com/s/files/1/0515/4589/9157/files/anua_3.png?v=1752361023",550
"ANUA","ANUA Peach 70% Niacin Serum (30ml)","ANUA-8140955484396","https://cdn.shopify.com/s/files/1/0515/4589/9157/files/processed_cmd0t21in04pwn5u6utqmb6i8_1752359308889.png?v=1752359313",550
"ANUA","ANUA Heartleaf LHA Moisture Peeling Gel (120ml)","ANUA-8141043171564","https://cdn.shopify.com/s/files/1/0515/4589/9157/files/lha_EDITED.png?v=1765403648",450
"ANUA","ANUA Niacinamide 10% + TXA 4% Dark Spot Correcting Serum (30ml)","ANUA-8204922290412","https://cdn.shopify.com/s/files/1/0515/4589/9157/files/Anua_Niacinamide_10_TXA_4_Direct_Beauty.png?v=1771503079",580
"ANUA","ANUA Heartleaf 77% Soothing Sheet Mask","ANUA-8148536590572","https://cdn.shopify.com/s/files/1/0515/4589/9157/files/anua-us-sheet-mask-10ea-heartleaf-77-soothing-sheet-mask-1161173116.png?v=1754147915",1615
"ANUA","ANUA Heartleaf 70% Intense Calming Cream","ANUA-8147284820204","https://cdn.shopify.com/s/files/1/0515/4589/9157/files/Anua_70_Intense_Calming_Cream.png?v=1771859847",520
"ANUA","ANUA Peach 77% Niacin Conditioning Milk (150ml)","ANUA-8147248054508","https://cdn.shopify.com/s/files/1/0515/4589/9157/files/processed_cmd0t173y04pon5u662lkxjnv_1752359209469.png?v=1752359213",550
"ANUA","ANUA Heartleaf 77% Clear Pad (70pcs)","ANUA-8031572918508","https://cdn.shopify.com/s/files/1/0515/4589/9157/files/ANUA_Heartleaf_77_Clear_Pad.png?v=1754404858",550
"ANUA","ANUA Heartleaf Quercetinol Pore Deep Cleansing Foam (150ml)","ANUA-7969926906092","https://cdn.shopify.com/s/files/1/0515/4589/9157/files/anua_q_2.png?v=1752372549",350
"ANUA","ANUA Heartleaf 70% Daily Lotion","ANUA-7965277454572","https://cdn.shopify.com/s/files/1/0515/4589/9157/files/processed_cmd0szv5b04pcn5u6mes84uos_1752358532920.png?v=1752358537",520
"ANUA","ANUA Heartleaf 77% Soothing Toner","ANUA-7963906769132","https://cdn.shopify.com/s/files/1/0515/4589/9157/files/anua_2.png?v=1752359036",550
"ANUA","ANUA Heartleaf 80% Soothing Ampoule","ANUA-7965274046700","https://cdn.shopify.com/s/files/1/0515/4589/9157/files/processed_cmd0sznet04pan5u6zb1swi30_1752358486345.png?v=1752358526",620
"ANUA","ANUA PDRN Hyaluronic Acid Capsule 100 Serum (30ml)","ANUA-8756130447596","https://cdn.shopify.com/s/files/1/0515/4589/9157/files/ANUA_PDRN_Hyaluronic_Acid_Capsule_100_Serum_30ml.png?v=1772984035",650
"ANUA","ANUA 7 Rice Ceramide Hydrating Barrier Serum (50ml)","ANUA-8585851076844","https://cdn.shopify.com/s/files/1/0515/4589/9157/files/ANUA_7_Rice_Ceramide_Hydrating_Barrier_Serum_50ml.png?v=1772983389",650
"ARIUL","Smooth & Pure Foot Mask Special Care Set Tea Tree & Aloe (2 Pairs)","ARIUL-9024611254508","https://cdn.shopify.com/s/files/1/0515/4589/9157/files/AriulTeaTree_Aloe.png?v=1759108697",195
"Ashirira","Ashirira Foot Relax Sheet: Ginger (1 BOX / 30 PCs)","ASHIRIRA-7918044217580","https://cdn.shopify.com/s/files/1/0515/4589/9157/files/Ashirira_Foot_Relax_Sheet_Ginger_1_BOX_30_PCs.png?v=1772984959",475
"AXIS-Y","Biome Recharging Night Renewal Set (2pcs)","AXIS-Y-7915099783404","https://cdn.shopify.com/s/files/1/0515/4589/9157/files/Biome_Recharging_Night_Renewal_Set.png?v=1767587562",620
"AXIS-Y","TXA 2.5% Intensive Brightening Cream (50ml)","AXIS-Y-9063434027244","https://cdn.shopify.com/s/files/1/0515/4589/9157/files/TXACream_Thumbnail_1-Photoroom.png?v=1762189560",450
"BCL","BCL Saborino Morning Facial Sheet Mask Moisture Rich (30pcs)","BCL-8478619402476","https://cdn.shopify.com/s/files/1/0515/4589/9157/files/Screenshot_2024-05-24_at_9.31.51_PM.png?v=1716600722",323
"BCL","BCL Saborino Morning Facial Sheet Mask (32pcs)","BCL-8478618386668","https://cdn.shopify.com/s/files/1/0515/4589/9157/files/BCL_Saborino_Morning_Facial_Sheet_Mask__32pcs_-removebg-preview.png?v=1766163501",323
"BCL","BCL Saborino Good Night Facial Sheet Mask (30pcs)","BCL-8478599086316","https://cdn.shopify.com/s/files/1/0515/4589/9157/files/Untitleddesign_2.png?v=1716601086",323
"Biodance","Rejuvenating Caviar PDRN Real Deep Mask","BIODANCE-9134907064556","https://cdn.shopify.com/s/files/1/0515/4589/9157/files/Biodance_Rejuvenating_PDRN_Real_Deep_Mask.png?v=1769205309",150
"Biodance","Collagen Gel Toner Pads (60 PCs)","BIODANCE-9120823640300","https://cdn.shopify.com/s/files/1/0515/4589/9157/files/Collagen_Gel_Toner_Pad-nobg-preview.png?v=1768322592",695
"Biodance","Sea Kelp Gel Toner Pads (60 PCs)","BIODANCE-9120821477612","https://cdn.shopify.com/s/files/1/0515/4589/9157/files/Sea_Kelp_Gel_Toner_Pads_Hero_Image_1200x1200_e435cc33-14e4-4647-b8d7-8e34bfa01cd0.png?v=1768321901",690
"Celimax","celimax Pore+Dark Spot Brightening Pad (40pcs)","CELIMAX-8699539783916","https://cdn.shopify.com/s/files/1/0515/4589/9157/files/Abib_Calming_Pads_1.png?v=1754420895",474
"Celimax","celimax Pore+Dark Spot Brightening Cream (35ml)","CELIMAX-9085294313708","https://cdn.shopify.com/s/files/1/0515/4589/9157/files/Celimax_Pore_Dark_Spot_Cream_PNG.png?v=1769697353",474
"Celimax","celimax Pore+Dark Spot Brightening Pad","CELIMAX-9085293494508","https://cdn.shopify.com/s/files/1/0515/4589/9157/files/Celimax_Pore_Dark_Spot_Brightening_Pad.png?v=1764258528",379
"Celimax","celimax Pore+Dark Spot Brightening Serum (30ml)","CELIMAX-9085292806380","https://cdn.shopify.com/s/files/1/0515/4589/9157/files/sy0162.png?v=1764257365",474
"COSRX","COSRX Propolis Nourishing Magnet Sheet Mask (1 PC)","COSRX-9140000000000","https://cdn.shopify.com/s/files/1/0515/4589/9157/files/propolis-nourishing-magnet-sheet-mask-2-Photoroom.png?v=1755271471",300
"COSRX","COSRX Hydrium Triple Hyaluronic Moisture Ampoule (40ml)","COSRX-9140000000001","https://cdn.shopify.com/s/files/1/0515/4589/9157/files/COSRX_Hydrium_Triple_Hyaluronic_Moisture_Ampoule_40ml.png?v=1772995520",607
"COSRX","COSRX The 6 Peptide Skin Booster Serum (150ml)","COSRX-9140000000002","https://cdn.shopify.com/s/files/1/0515/4589/9157/files/COSRXThe6PeptideSkinBoosterSerum.png?v=1728923613",592
"COSRX","COSRX Hydrium Green Tea Aqua Soothing Gel Cream (50ml)","COSRX-9140000000003","https://cdn.shopify.com/s/files/1/0515/4589/9157/files/COSRX_Hydrium_Green_Tea_Aqua_Soothing_Gel_Cream__50ml_PNG_f21221c8-ed48-4bea-9ecd-0237a5efe904.png?v=1769697013",592
"COSRX","COSRX Low pH Niacinamide Micellar Cleansing Water (400ml)","COSRX-9140000000004","https://cdn.shopify.com/s/files/1/0515/4589/9157/files/cosrx-low-ph-niacinamide-micellar-cleansing-water-400ml-1000x1000.webp?v=1689394868",494
"COSRX","COSRX Full Fit Propolis Light Cream (65ml)","COSRX-9140000000005","https://cdn.shopify.com/s/files/1/0515/4589/9157/files/COSRX_Full_Fit_Propolis_Light_Cream__65ml_PNG2.png?v=1769695637",650
"COSRX","COSRX Centella Blemish Cream (30g)","COSRX-9140000000006","https://cdn.shopify.com/s/files/1/0515/4589/9157/files/COSRXCentellaBlemishCream_HD_AI_enhanced.png?v=1768490941",448
"COSRX","COSRX Oil-Free Ultra Moisturizing Lotion (100ml)","COSRX-9140000000007","https://cdn.shopify.com/s/files/1/0515/4589/9157/files/COSRX_Oil-Free_Ultra_Moisturizing_Lotion__100ml_-removebg-preview.png?v=1766170435",592
"COSRX","COSRX Centella Water Alcohol-Free Toner (150ml)","COSRX-9140000000008","https://cdn.shopify.com/s/files/1/0515/4589/9157/files/COSRX_Centella_Water_Alcohol-Free_Toner_150ml.png?v=1772995137",475
"COSRX","COSRX Galactomyces 95 Tone Balancing Essence (100ml)","COSRX-9140000000009","https://cdn.shopify.com/s/files/1/0515/4589/9157/products/Galactomyces_95_Tone_Balancing_Essence_800x_d0ec3201-bf1d-4495-82d1-cb80fa79ea77.png?v=1654734774",580
"COSRX","COSRX Hydrium Moisture Power Enriched Cream (50ml)","COSRX-9140000000010","https://cdn.shopify.com/s/files/1/0515/4589/9157/files/COSRX_Hydrium_Moisture_Power_Enriched_Cream_50ml__PNG.png?v=1769697172",599
"COSRX","COSRX Hyaluronic Acid Hydra Power Essence (100ml)","COSRX-9140000000011","https://cdn.shopify.com/s/files/1/0515/4589/9157/files/COSRX_Hyaluronic_Acid_Hydra_Power_Essence__100ml_-removebg-preview.png?v=1766170441",592
"COSRX","COSRX Advanced Snail Mucin Gel Cleanser (150ml)","COSRX-9140000000012","https://cdn.shopify.com/s/files/1/0515/4589/9157/files/COSRX_Advanced_Snail_Mucin_Gel_Cleanser_150ml.png?v=1772994731",483
"COSRX","COSRX Advanced Snail Radiance Dual Essence (80ml)","COSRX-9140000000013","https://cdn.shopify.com/s/files/1/0515/4589/9157/products/COSRX_AdvancedSnailRadianceDualEssence_800x_b9dfca10-7cf5-4819-a6ba-23efcef5e958.png?v=1673312465",642
"COSRX","COSRX Full Fit Propolis Light Ampoule (30ml)","COSRX-9140000000014","https://cdn.shopify.com/s/files/1/0515/4589/9157/files/COSRX_Full_Fit_Propolis_Light_Ampoule_30ml.png?v=1772995321",642
"COSRX","COSRX Full Fit Propolis Synergy Toner (150ml)","COSRX-9140000000015","https://cdn.shopify.com/s/files/1/0515/4589/9157/files/COSRX_Full_Fit_Propolis_Synergy_Toner.png?v=1772995411",545
"COSRX","COSRX Advanced Snail Hydrogel Eye Patch (30 Pairs)","COSRX-9140000000016","https://cdn.shopify.com/s/files/1/0515/4589/9157/files/COSRX_Advanced_Snail_Hydrogel_Eye_Patch_30_Pairs.png?v=1772994643",642
"COSRX","COSRX Hyaluronic Acid Intensive Cream (100g)","COSRX-9140000000017","https://cdn.shopify.com/s/files/1/0515/4589/9157/files/COSRX_Hyaluronic_Acid_Intensive_Cream__100g_-removebg-preview.png?v=1766170438",592
"COSRX","COSRX Two in One Poreless Power Liquid (100ml)","COSRX-9140000000018","https://cdn.shopify.com/s/files/1/0515/4589/9157/files/COSRX_Two_in_One_Poreless_Power_Liquid_100ml.png?v=1772996243",592
"COSRX","COSRX Ultimate Nourishing Rice Spa Overnight Mask (60ml)","COSRX-9140000000019","https://cdn.shopify.com/s/files/1/0515/4589/9157/files/ultimate-moisturizing-rice-overnight-mask_1_530x_2x_d46fd1ce-776a-46ae-831c-3297d0efa8bc.png?v=1689691226",483
"COSRX","COSRX The Vitamin C 13 Serum (20ml)","COSRX-9140000000020","https://cdn.shopify.com/s/files/1/0515/4589/9157/files/COSRX_Vitamin_C13_Serum.png?v=1774375634",529
"COSRX","COSRX The Retinol 0.5 Oil (20ml)","COSRX-9140000000021","https://cdn.shopify.com/s/files/1/0515/4589/9157/files/COSRX_The_Retinol_0.5_Oil__20ml_-removebg-preview.png?v=1766170432",627
"COSRX","COSRX The Retinol 0.1 Cream (20ml)","COSRX-9140000000022","https://cdn.shopify.com/s/files/1/0515/4589/9157/files/COSRX_The_Retinol_0.1_Cream__20ml_PNG.png?v=1769615266",627
"COSRX","COSRX The Niacinamide 15 Serum (20ml)","COSRX-9140000000023","https://cdn.shopify.com/s/files/1/0515/4589/9157/files/COSRX_The_Niacinamide_15_Serum__20ml_-removebg-preview.png?v=1766170433",592
"COSRX","COSRX The Vitamin C 23 Serum (20g)","COSRX-9140000000024","https://cdn.shopify.com/s/files/1/0515/4589/9157/files/COSRX_The_Vitamin_C_23_Serum_20g.png?v=1772996161",592
"COSRX","COSRX The Hyaluronic Acid 3 Serum (20ml)","COSRX-9140000000025","https://cdn.shopify.com/s/files/1/0515/4589/9157/files/COSRX_The_Hyaluronic_Acid_3_Serum__20ml_-removebg-preview.png?v=1766170433",529
"COSRX","COSRX Salicylic Acid Daily Gentle Cleanser (150ml)","COSRX-9140000000026","https://cdn.shopify.com/s/files/1/0515/4589/9157/products/salicylic-acid-daily-gentle-cleanser_1.webp?v=1668371626",397
"COSRX","COSRX BHA Blackhead Power Liquid (100ml)","COSRX-9140000000027","https://cdn.shopify.com/s/files/1/0515/4589/9157/files/COSRX_BHA_Blackhead_Power_Liquid_100ml.png?v=1772994925",599
"COSRX","COSRX Low pH Good Morning Gel Cleanser (150ml)","COSRX-9140000000028","https://cdn.shopify.com/s/files/1/0515/4589/9157/files/COSRX_Low_pH_Good_Morning_Gel_Cleanser__150ml_-removebg-preview.png?v=1766170435",413
"COSRX","COSRX Acne Pimple Master Patch (24 Patches)","COSRX-9140000000029","https://cdn.shopify.com/s/files/1/0515/4589/9157/files/COSRX_Acne_Pimple_Master_Patch_24_Patches.png?v=1772994529",300
"COSRX","COSRX AHA BHA Clarifying Treatment Toner (150ml)","COSRX-9140000000030","https://cdn.shopify.com/s/files/1/0515/4589/9157/files/COSRX_AHA_BHA_Clarifying_Treatment_Toner_150ml.png?v=1772994823",518
"COSRX","COSRX Advanced Snail Peptide Eye Cream (25ml)","COSRX-9140000000031","https://cdn.shopify.com/s/files/1/0515/4589/9157/files/Product_Images_-_2026-01-22T221256.538.png?v=1769091276",642
"COSRX","COSRX Advanced Snail 92 All In One Cream (100g)","COSRX-9140000000032","https://cdn.shopify.com/s/files/1/0515/4589/9157/files/Product_Images_97_86a93fe5-bdb4-4975-b58f-193b2913e474.png?v=1769089233",529
"COSRX","COSRX Advanced Snail 96 Mucin Power Essence (100ml)","COSRX-9140000000033","https://cdn.shopify.com/s/files/1/0515/4589/9157/files/cosrx_1.png?v=1752361982",448
"Cow Brand","COW BRAND Bouncia Premium Moist Body Soap Refill - Silky Blossom (340ml)","COWBRAND-8008950153452","https://cdn.shopify.com/s/files/1/0515/4589/9157/files/COW_BRAND_Bouncia_Premium_Moist_Body_Soap_Refill_-_Silky_Blossom__340ml_-removebg-preview.png?v=1766171095",171
"Cow Brand","COW BRAND Soaps (2 pcs)","COWBRAND-9110764191980","https://cdn.shopify.com/s/files/1/0515/4589/9157/files/4901525011297.png?v=1768404495",114
"Cow Brand","COW BRAND Shizen Gokochi Facial Cleansing Bar Soap (80g)","COWBRAND-9102733869292","https://cdn.shopify.com/s/files/1/0515/4589/9157/files/Product_Images_31_1664989c-7b3b-44d0-92d6-de4891523b48.png?v=1767889894",124
"Curél","Curél Shampoo Pump (420ml)","CURÉL-7671177937132","https://cdn.shopify.com/s/files/1/0515/4589/9157/files/Curel_Shampoo_Pump__420ml_-removebg-preview.png?v=1766172246",437
"Curél","Curél Conditioner Pump (420ml)","CURÉL-7671177085164","https://cdn.shopify.com/s/files/1/0515/4589/9157/files/Product_Images_27_105685f8-9c0e-4f4b-8a77-0c35eec5cd9e.png?v=1767888072",456
"Cure","Cure Natural Aqua Gel (250g) - Japanese Version","CURE-7841260765420","https://cdn.shopify.com/s/files/1/0515/4589/9157/files/Product_Images_89_c5daf67d-aeae-4282-9d1c-59a01839ca60.png?v=1769081544",569
"d'Alba","d'Alba White Truffle Double Moisture Cream (60ml)","D-9094674677996","https://cdn.shopify.com/s/files/1/0515/4589/9157/files/d_Alba_White_Truffle_Double_Moisture_Cream.png?v=1770233970",1139
"d'Alba","d'Alba White Truffle Double Layer Revitalizing Serum (30ml)","D-8894328930540","https://cdn.shopify.com/s/files/1/0515/4589/9157/files/DALBA-White-Truffle-Double-Layer-Revitalizing-Serum-30ml-Korean-Serum-For-Firming-And-Wrinkles-For-Dullness-and-Anti-Aging-PURESEOUL-UK-KBeauty-Shop.png?v=1747778930",1044
"d'Alba","d'Alba White Truffle Prime Intensive Serum (100ml)","D-9050762838252","https://cdn.shopify.com/s/files/1/0515/4589/9157/files/kshopbeauty.vn-dAlba-White-Truffle-Prime-Intensive-Solution-Serum.png?v=1761840441",626
"d'Alba","d'Alba White Truffle Royal Intensive Serum (100ml)","D-9049820365036","https://cdn.shopify.com/s/files/1/0515/4589/9157/files/4rzkd3tzksa84h6hctphwdhddv3j.webp?v=1761583274",626
"Dr. G","Dr.G Mild Up Sunscreen SPF50+ PA++++ (50ml)","DR.G-7529164341484","https://cdn.shopify.com/s/files/1/0515/4589/9157/products/1300_Green_Mild_Up_Sun_Plus_50ml_01_light-800x800.jpg?v=1655334149",684
"Dr. Reju-All","Dr. Reju-All Advanced Retino-Mela Serum (30ml)","DR.REJU-ALL-9144693260524","https://cdn.shopify.com/s/files/1/0515/4589/9157/files/Dr._Reju-All_Advanced_Retino-Mela_Serum.png?v=1771612886",873
"Dr. Reju-All","Dr. Reju-All Advanced LC-Ceramide Barrier Cream (50ml)","DR.REJU-ALL-9144693522668","https://cdn.shopify.com/s/files/1/0515/4589/9157/files/Dr.Reju-AllAdvancedLC-CeramideBarrierCream.png?v=1769547463",740
"Dr. Reju-All","Dr. Reju-All Advanced PDRN Rejuvenating Cream","DR.REJU-ALL-9120818299116","https://cdn.shopify.com/s/files/1/0515/4589/9157/files/Dr._Reju-All_PDRN_Cream.png?v=1769204901",797
"Eqqualberry","Eqqualberry Purple Rice Pack Cleanser (130g)","EQQUALBERRY-9073049665772","https://cdn.shopify.com/s/files/1/0515/4589/9157/files/8809875456019-1-png_d8a9832c-0888-46fb-8beb-5912041d63a2.png?v=1765988660",418
"Eqqualberry","Eqqualberry Purple Rice Cleansing Oil (200ml)","EQQUALBERRY-9073049469164","https://cdn.shopify.com/s/files/1/0515/4589/9157/files/cze_pl_EQQUALBERRY-Purple-Rice-Pore-Smoothing-Cleansing-Oil-Odlicovaci-olej-200-ml-25205_1.webp?v=1762526002",418
"Eqqualberry","Eqqualberry Hyaltoin Flooding Serum (30ml)","EQQUALBERRY-9073078337772","https://cdn.shopify.com/s/files/1/0515/4589/9157/files/EQQUALBERRY__HYALTOIN_FLOODING_SERUM_30ml_2_PNG.png?v=1770912041",493
"Eqqualberry","Eqqualberry Aloe PDRN Calming Serum (30ml)","EQQUALBERRY-9073048649964","https://cdn.shopify.com/s/files/1/0515/4589/9157/files/hxvo29dc9tfavkoemr56ewv7r5qg.webp?v=1763417490",531
"Eqqualberry","Eqqualberry NAD+ Peptide Boosting Serum (30ml)","EQQUALBERRY-9073047077100","https://cdn.shopify.com/s/files/1/0515/4589/9157/files/Eqqualberry_NAD__Peptide_Boosting_Serum__30ml_-removebg-preview.png?v=1766176539",588
"FarmStay","FarmStay Essential Foot Mask (1 pair)","FARMSTAY-9102731149548","https://cdn.shopify.com/s/files/1/0515/4589/9157/files/Adobe_Express_-_file.png?v=1765987557",1805
"FarmStay","FarmStay Essential Foot Peeling Mask (1 pair)","FARMSTAY-9102729806060","https://cdn.shopify.com/s/files/1/0515/4589/9157/files/farmstay-essential-foot-peeling-mask-1-pair-926518.png?v=1765988247",114
"FarmStay","FarmStay Essential Hand Mask (1 pair)","FARMSTAY-9102729085164","https://cdn.shopify.com/s/files/1/0515/4589/9157/files/597740__farmstay_essential_maska_do_dloni_1_szt_profile_1317335_WB_j.png?v=1765988366",1805
"fwee","fwee Pocket Eye Palette (6.6g)","FWEE-9106765644012","https://cdn.shopify.com/s/files/1/0515/4589/9157/files/fweepocketeye.png?v=1767223051",550
"fwee","fwee Pocket Cheek Palette (9.6g)","FWEE-9106765250796","https://cdn.shopify.com/s/files/1/0515/4589/9157/files/fwee_pocket_cheek.png?v=1767221297",550
"fwee","fwee Lip & Cheek Blurry Pudding Pot (5g)  ","FWEE-9024574587116","https://cdn.shopify.com/s/files/1/0515/4589/9157/files/Fwee_Blurry_Pudding_Pot_1.png?v=1759950430",398
"fwee","fwee Lip & Cheek Glowy Pudding Pot (5g)","FWEE-9024578814188","https://cdn.shopify.com/s/files/1/0515/4589/9157/files/Fwee_Glowy_Pudding_Pot_1.png?v=1760471508",455
"fwee","fwee Pink Obsession Stay-Fit Lip Tint (3.8g)","FWEE-9024583500012","https://cdn.shopify.com/s/files/1/0515/4589/9157/files/FweePinkObsessionStay-FitLipTint.png?v=1760555424",379
"fwee","fwee 3D Voluming Gloss (5.3g)","FWEE-9024585269484","https://cdn.shopify.com/s/files/1/0515/4589/9157/files/FWEE-3d-voluming-gloss-30-vanillah-1000x1000.webp?v=1760625652",341
"fwee","fwee 3D Changing Gloss (5.3g)","FWEE-9024599392492","https://cdn.shopify.com/s/files/1/0515/4589/9157/files/FWEE-3d-changing-gloss-00-clear-1000x1000.webp?v=1760629387",341
"fwee","fwee Glitz Stone Highlighter (4.6-6g)","FWEE-9024601653484","https://cdn.shopify.com/s/files/1/0515/4589/9157/files/194bb944-b96c-4761-8d8d-23826f603a10.webp?v=1760657971",436
"fwee","fwee 3D Voluming Tint (3.8g)","FWEE-9024607158508","https://cdn.shopify.com/s/files/1/0515/4589/9157/files/Fwee3DTint.png?v=1760755971",341
"Haruharu Wonder","Haruharu Wonder Black Rice 5 Ceramide Barrier Moisturizing Cream (50ml)","HARUHARUWONDER-9075169460460","https://cdn.shopify.com/s/files/1/0515/4589/9157/files/haruharu-wonder-black-rice-5-ceramide-barrier-moisturizing-cream-1000x1000.webp?v=1764717022",646
"Haruharu Wonder","Haruharu Wonder Black Rice Night Knight Retinol Serum (20ml)","HARUHARUWONDER-9075167822060","https://cdn.shopify.com/s/files/1/0515/4589/9157/files/HaruharuBackRiceNightKnightRetinolSerum.png?v=1763650089",646
"Heimish","HEIMISH Bulgarian Rose Water Hydrogel Eye Patch (30 Pairs)","HEIMISH-7942474203372","https://cdn.shopify.com/s/files/1/0515/4589/9157/files/HEIMISH_Bulgarian_Rose_Water_Hydrogel_Eye_Patch__30_Pairs_-removebg-preview.png?v=1766244317",361
"&honey","&honey Pure Moist Foaming Body Wash (500ml + 440ml)","&HONEY-9134336508140","https://cdn.shopify.com/s/files/1/0515/4589/9157/files/vicrea-honey-body-wash-bubble-pure.png?v=1769113456",722
"&honey","&honey Herb Smooth Treatment (440ml)","&HONEY-9083751334124","https://cdn.shopify.com/s/files/1/0515/4589/9157/files/honey_Herb_Smooth_Treatment_440ml.png?v=1772982084",493
"&honey","&honey Herb Smooth Shampoo (440ml)","&HONEY-9083751137516","https://cdn.shopify.com/s/files/1/0515/4589/9157/files/honey_Herb_Smooth_Shampoo_440ml.png?v=1772981873",493
"I'M FROM","I'M FROM Honey Mask (120g)","I-7933143810284","https://cdn.shopify.com/s/files/1/0515/4589/9157/files/I_m_From_Honey_Mask.png?v=1764949677",664
"I'M FROM","I'M FROM Mugwort Essence (150ml)","I-9094673432812","https://cdn.shopify.com/s/files/1/0515/4589/9157/files/I_E2_80_99m_from__MUGWORT_ESSENCE_150ml_2.png?v=1764717646",664
"ILLIYOON","ILLIYOON Ultra Repair Intensive Care Cream (200ml)","ILLIYOON-9098311794924","https://cdn.shopify.com/s/files/1/0515/4589/9157/files/ILLIYOONUltraRepairIntensiveCareCream200ml.png?v=1766438786",551
"ILLIYOON","ILLIYOON Ultra Repair Lotion (350ml)","ILLIYOON-9098311172332","https://cdn.shopify.com/s/files/1/0515/4589/9157/files/1_f3426ca9-c406-4f57-bde6-22794989f292.png?v=1766438002",551
"ILSO","ILSO Natural Mild Clear Nose Patch (5 PCs)","ILSO-9144532730092","https://cdn.shopify.com/s/files/1/0515/4589/9157/files/614bRYiheYL.png?v=1769810349",418
"ILSO","ILSO Super Melting Sebum Cleansing Oil (200ml)","ILSO-9155976298732","https://cdn.shopify.com/s/files/1/0515/4589/9157/files/d14bc3e4-e1a1-4629-8596-c2c91935fd1a.png?v=1771012683",570
"ILSO","ILSO No Problem Spot Patch (72 PCs)","ILSO-9155976528108","https://cdn.shopify.com/s/files/1/0515/4589/9157/files/ilso_No_problem_Spot_Patch.png?v=1771615286",285
"ILSO","ILSO No Problem Spot Softener + 1/3 Saving Cotton Pad (150g + 40pcs)","ILSO-9155977740524","https://cdn.shopify.com/s/files/1/0515/4589/9157/files/283ed3cf8827b6cb17a258c6236b5e5a_750x750_6bed5fc0-f9ab-4ce5-ab8d-b3a099862439.png?v=1771014133",608
"ILSO","ILSO Clean Up Wash Off Mud Cream (100g)","ILSO-9155975938284","https://cdn.shopify.com/s/files/1/0515/4589/9157/files/XXL_p0202421425.png?v=1770992951",474
"IPSA","IPSA The Time Reset Aqua (200ml)","IPSA-6363062108309","https://cdn.shopify.com/s/files/1/0515/4589/9157/files/IPSA_The_Time_Reset_Aqua__200ml_-removebg-preview.png?v=1766247604",1805
"Ishizawa","ISHIZAWA KEANA Nadeshiko Baking Soda Cleansing Gel (100g)","ISHIZAWA-7733814788332","https://cdn.shopify.com/s/files/1/0515/4589/9157/files/ISHIZAWA_KEANA_Nadeshiko_Baking_Soda_Cleansing_Gel__100g_-removebg-preview.png?v=1766247607",380
"ISNTREE","ISNTREE Hyaluronic Acid Low PH Cleansing Foam (150ml)","ISNTREE-8002367226092","https://cdn.shopify.com/s/files/1/0515/4589/9157/files/ISNTREE_Hyaluronic_Acid_Low_PH_Cleansing_Foam__150ml_-removebg-preview.png?v=1766247603",475
"ITS Skin","ITS SKIN Hyaluronic Acid Moisture Cream Duo Set","ITSSKIN-9083752317164","https://cdn.shopify.com/s/files/1/0515/4589/9157/files/55AP0GCEZI_65344495_front.png?v=1764192120",475
"ITS Skin","ITS SKIN Prestige Snail Mask (1 PC)","9083751596268","https://cdn.shopify.com/s/files/1/0515/4589/9157/files/niacin_PNG.png?v=1770998047",722
"ITS Skin","ITS SKIN Hyaluronic Acid Moisture Cream (50ml)","ITSSKIN-8166606110956","https://cdn.shopify.com/s/files/1/0515/4589/9157/files/ITS_SKIN_Hyaluronic_Acid_Moisture_Cream__50ml_-removebg-preview.png?v=1766248725",418
"IZEZE","IZEZE Black Cumin NSA Enrich Cream (50ml)","IZEZE-9035315413228","https://cdn.shopify.com/s/files/1/0515/4589/9157/files/BLACKCUMIN_a95dee9f-54c8-48be-acfe-902c1b22dbf1.png?v=1762185876",379
"IZEZE","IZEZE Black Cumin NDA Pudding Gel Cream (50ml)","IZEZE-9035313283308","https://cdn.shopify.com/s/files/1/0515/4589/9157/files/BLACKCUMIN.png?v=1762186430",474
"JM Solution","JMsolution Honey Luminous Royal Propolis Hand Cream Set (100ml+50ml)","JMSOLUTION-9102736752876","https://cdn.shopify.com/s/files/1/0515/4589/9157/files/JM_Solution_Honey_Propolis_Hand_Cream_1.png?v=1769479287",171
"JM Solution","JMsolution Water Luminous Avocado Nourishing Hand Cream Set (100ml+50ml)","JMSOLUTION-9102735802604","https://cdn.shopify.com/s/files/1/0515/4589/9157/files/JMSolutionAvocadoHandCream.png?v=1769208144",171
"JMELLA","JMELLA In France Favorite Perfume Hand Cream (50ml)","JMELLA-8112044703980","https://cdn.shopify.com/s/files/1/0515/4589/9157/files/7c3d4c6285965bf43de0708e5d182e76.png?v=1766176436",1786
"JMELLA","JMELLA In France Favorite Perfume Hair Treatment (500ml)","JMELLA-8014719582444","https://cdn.shopify.com/s/files/1/0515/4589/9157/files/JME71649_1000x_9ee2345a-baa0-42ae-af3a-68c96cc69b64.jpg?v=1695664829",170
"JMELLA","JMELLA In France Signature Perfume Hair Shampoo (500ml)","JMELLA-8014860484844","https://cdn.shopify.com/s/files/1/0515/4589/9157/files/s_c07d9bf0-8dd7-4919-ba9a-3663f96e60aa.png?v=1766436973",170
"JMELLA","JMELLA IN FRANCE Favorite Perfume Body Wash (500ml)","JMELLA-8015175155948","https://cdn.shopify.com/s/files/1/0515/4589/9157/files/8809711716895-photoroom_f131d142560c42139ee56e14df9e5cf5_master.png?v=1766176682",170
"JOOCYEE","JOOCYEE Glazed Rouge 2.0 Ultra Shine Lipstick (3.5g)","JOOCYEE-9168755491052","https://cdn.shopify.com/s/files/1/0515/4589/9157/files/JOOCYEEGlazedRougeLipstick2.0.png?v=1772336771",398
"JOOCYEE","JOOCYEE Glazed Rouge Lipstick (3.5g)","JOOCYEE-9151930663148","https://cdn.shopify.com/s/files/1/0515/4589/9157/files/JOOCYEE_Glazed_Rouge_Lipstick.png?v=1772254673",398
"JOOCYEE","JOOCYEE Happy Me Day Crystal Gloss (8ml)","JOOCYEE-9168759783660","https://cdn.shopify.com/s/files/1/0515/4589/9157/files/JOOCYEE_Crystal_Gloss.png?v=1772255028",360
"JOOCYEE","JOOCYEE 12 Shades Eyeshadow Palette (14g)","JOOCYEE-9151928172780","https://cdn.shopify.com/s/files/1/0515/4589/9157/files/JOOCYEE12ShadesEyeshadowPalette.png?v=1771962965",759
"JUDYDOLL","JUDYDOLL Liquid Contour & Under Eye Brightening Duo (4.8g)","JUDYDOLL-9158846939372","https://cdn.shopify.com/s/files/1/0515/4589/9157/files/tao-khoi-dang-kem-judydoll-liquid-highlighter-contour-duo-0.png?v=1772551022",284
"JUDYDOLL","JUDYDOLL Dual Flash Watery Lip Gloss (2.4g)","JUDYDOLL-9158846120172","https://cdn.shopify.com/s/files/1/0515/4589/9157/files/JudydollDualFinishWateryLipGloss2_18.png?v=1772230320",284
"JUDYDOLL","JUDYDOLL Little Pearl Highlighting Concealer Cushion (8g)","JUDYDOLL-9158835863788","https://cdn.shopify.com/s/files/1/0515/4589/9157/files/42e78b1dc0e8d98b74897a7dd81df23e_6f1d5cde-d44c-4a2a-99de-1118518e66c6.png?v=1772125815",360
"JUDYDOLL","JUDYDOLL 2-in-1 Blush Highlight Palette (9g)","JUDYDOLL-9158820135148","https://cdn.shopify.com/s/files/1/0515/4589/9157/files/6976436772535-3.png?v=1772051960",360
"JUDYDOLL","JUDYDOLL 3D Dual-Ended Brow Pencil","JUDYDOLL-9158819283180","https://cdn.shopify.com/s/files/1/0515/4589/9157/files/screenshot-2024-10-21-154427-1.png?v=1771969027",170
"JUDYDOLL","JUDYDOLL Liquid Eyeshadow (3g)","JUDYDOLL-9158817218796","https://cdn.shopify.com/s/files/1/0515/4589/9157/files/17285547015501.png?v=1771616428",246
"JUDYDOLL","JUDYDOLL Sport Chic Liquid Blush (4.5g)","JUDYDOLL-9157068062956","https://cdn.shopify.com/s/files/1/0515/4589/9157/files/6976436773044-2.png?v=1771615234",246
"JUDYDOLL","JUDYDOLL Lip Oil (6.5g)","JUDYDOLL-9158850380012","https://cdn.shopify.com/s/files/1/0515/4589/9157/files/JUDYDOLLLipOil5.png?v=1772574109",170
"JUDYDOLL","JUDYDOLL Liquid Highlighter (4.8g)","JUDYDOLL-9158858211564","https://cdn.shopify.com/s/files/1/0515/4589/9157/files/76ABB5A80EEE8D74_362df8ba-7052-4c82-aa29-070d3235102c.png?v=1772575885",246
"JUDYDOLL","JUDYDOLL Pretty Blush Powder (2g)","JUDYDOLL-9158826426604","https://cdn.shopify.com/s/files/1/0515/4589/9157/files/6975242800425_900x900_ef3e23f4-4254-4d6e-bd68-89602ee8de66.png?v=1772053593",151
"JUDYDOLL","JUDYDOLL Eyeliner Gel (7.5g)","JUDYDOLL-8778505781484","https://cdn.shopify.com/s/files/1/0515/4589/9157/files/JUDYDOLL_Eyeliner_Gel__7.5g_-removebg-preview.png?v=1766249843",322
"KAO","KAO MegRhythm Steam Eye Mask (12pcs)","KAO-9060430348524","https://cdn.shopify.com/s/files/1/0515/4589/9157/files/Unscented.png?v=1762462865",399
"KISSME","KISSME Speedy Mascara Remover","KISSME-7617990754540","https://cdn.shopify.com/s/files/1/0515/4589/9157/files/KISSME_Speedy_Mascara_Remover-removebg-preview.png?v=1766251678",342
"KRACIE Ichikami","KRACIE Ichikami Shampoo & Conditioner Set - Limited Spring Edition (480ml + 480g)","KRACIEICHIKAMI-9170205475052","https://cdn.shopify.com/s/files/1/0515/4589/9157/files/Kracie_Ichikami_Spring_Limited_Edition_Set.png?v=1772551498",513
"KUNDAL","KUNDAL Airy Volume Hyaluron Hair Care Set (2x300ml)","KUNDAL-9041425367276","https://cdn.shopify.com/s/files/1/0515/4589/9157/files/Kundal_Airy_Volume_Hyaluron_Set.png?v=1760988786",854
"KUNDAL","KUNDAL 10X Caffeine Strengthening Scalp Serum (10ml)","KUNDAL-9041425989868","https://cdn.shopify.com/s/files/1/0515/4589/9157/files/10XCaffeineStrengtheningScalpSerum1.png?v=1761238604",684
"KUNDAL","KUNDAL Airy Volume Hyaluron Serum (50ml)","9041426743532","https://cdn.shopify.com/s/files/1/0515/4589/9157/files/Kundal_Airy_Hydra_Hyaluron.png?v=1762036026",512
"KUNDAL","KUNDAL Protein Bonding Treatment (250ml)","KUNDAL-8757736931564","https://cdn.shopify.com/s/files/1/0515/4589/9157/files/KUNDAL_Protein_Bonding_Treatment_250ml.png?v=1766255227",550
"KUNDAL","KUNDAL Honey & Macadamia Hair Care Set (2x500ml)","KUNDAL-9041422811372","https://cdn.shopify.com/s/files/1/0515/4589/9157/files/Kundal_White_Musk.png?v=1762037119",911
"KUNDAL","KUNDAL Honey & Macadamia Pure Body Wash + Body Lotion Set (2x500ml)","KUNDAL-9061960253676","https://cdn.shopify.com/s/files/1/0515/4589/9157/files/Kundal_Pink_Grapefruit.png?v=1762036505",911
"KUNDAL","KUNDAL Caffeine Shampoo (500ml)","KUNDAL-8757764227308","https://cdn.shopify.com/s/files/1/0515/4589/9157/files/Caffeine_Shampoo.png?v=1754431722",607
"KUNDAL","KUNDAL Tea Tree & Macadamia Deep Cleansing Shampoo (500ml)","KUNDAL-8757776548076","https://cdn.shopify.com/s/files/1/0515/4589/9157/files/500.png?v=1735333660",474
"KUNDAL","KUNDAL Protein Bonding Shampoo (500ml)","KUNDAL-8757730377964","https://cdn.shopify.com/s/files/1/0515/4589/9157/files/Protein_Shampoo.png?v=1754431922",683
"KUNDAL","KUNDAL Airy Volume Hyaluron Treatment (500ml)","KUNDAL-8757747745004","https://cdn.shopify.com/s/files/1/0515/4589/9157/files/Remove_background_project.png?v=1735326654",512
"KUNDAL","KUNDAL Protein Bonding No Wash Treatment (130ml)","KUNDAL-8757738406124","https://cdn.shopify.com/s/files/1/0515/4589/9157/files/KUNDAL_Protein_Bonding_No_Wash_Treatment_130ml.png?v=1766255227",569
"KUNDAL","KUNDAL Head Spa & Scalp Care+ Scalp Tonic (100ml)","KUNDAL-8757727166700","https://cdn.shopify.com/s/files/1/0515/4589/9157/files/KUNDAL_Head_Spa_Scalp_Care_Scalp_Tonic_100ml.png?v=1771864599",607
"KUNDAL","KUNDAL Dandruff Relief Shampoo (500ml)","KUNDAL-8757753970924","https://cdn.shopify.com/s/files/1/0515/4589/9157/files/KUNDAL_Dandruff_Relief_Shampoo_500ml.png?v=1766255225",607
"KUNDAL","KUNDAL Airy Volume Hyaluron Shampoo (500ml)","KUNDAL-8757750726892","https://cdn.shopify.com/s/files/1/0515/4589/9157/files/file_4.png?v=1735326619",512
"KUNDAL","KUNDAL Macadamia Hair Serum (100ml)","KUNDAL-8757388804332","https://cdn.shopify.com/s/files/1/0515/4589/9157/files/KUNDAL_Macadamia_Hair_Serum_100ml_1.png?v=1766255227",474
"KUNDAL","KUNDAL Honey & Macadamia Pure Body Wash (500ml)","KUNDAL-8757373796588","https://cdn.shopify.com/s/files/1/0515/4589/9157/files/KUNDAL_Honey_Macadamia_Pure_Body_Wash_500ml.png?v=1766255226",474
"KUNDAL","KUNDAL Honey & Macadamia Shampoo","KUNDAL-8756097548524","https://cdn.shopify.com/s/files/1/0515/4589/9157/files/KUNDAL_Honey_Macadamia_Shampoo.png?v=1766255226",132
"KUNDAL","KUNDAL Honey & Macadamia Protein Treatment","KUNDAL-8757552218348","https://cdn.shopify.com/s/files/1/0515/4589/9157/files/ORIG_KUNDAL_Honey___Macadamia_Protein_Treatment-removebg-preview.png?v=1766255226",474
"LANEIGE","Bouncy & Firm Sleeping Mask (60ml)","LANEIGE-9120818102508","https://cdn.shopify.com/s/files/1/0515/4589/9157/files/LANEIGE_Bouncy_Firm_Sleeping_Mask_60ml.png?v=1771866375",795
"LANEIGE","Water Bank Blue Hyaluronic Intensive Moisture Cream (50ml)","LANEIGE-9050763919596","https://cdn.shopify.com/s/files/1/0515/4589/9157/files/LANEIGE_Water_Bank_Hyaluronic_Intensive_Moisture_Cream_50ml.png?v=1771866293",950
"LANEIGE","Water Bank Blue Hyaluronic Intensive Gel Cream (50ml)","LANEIGE-9050763264236","https://cdn.shopify.com/s/files/1/0515/4589/9157/files/LANEIGE_Water_Bank_Hyaluronic_Intensive_Gel_Cream_50ml.png?v=1771866707",950
"LANEIGE","Water Sleeping Mask (70ml)","LANEIGE-5707","https://cdn.shopify.com/s/files/1/0515/4589/9157/files/LANEIGE_Water_Sleeping_Mask_70ml.png?v=1766256201",650
"LANEIGE","Lip Sleeping Mask [Berry] (20g)","LANEIGE-5708","https://cdn.shopify.com/s/files/1/0515/4589/9157/files/Laneige_Berry.png?v=1757301542",450
"LANEIGE","Cica Sleeping Mask (60ml)","LANEIGE-5714","https://cdn.shopify.com/s/files/1/0515/4589/9157/files/LANEIGE_Cica_Sleeping_Mask_60ml.png?v=1766256200",650
"Lululun","LULULUN Premium Kyoto Green Tea Sheet Mask - Kyoto Limited Release","LULULUN-8630537191660","https://cdn.shopify.com/s/files/1/0515/4589/9157/files/tea-product1_2_1680x_a2f3d333-00e4-4057-97d6-dca6cc2c1e96.jpg?v=1724336281",133
"Lululun","LULULUN Aura Bright Face Mask","LULULUN-9073609343212","https://cdn.shopify.com/s/files/1/0515/4589/9157/files/LULULUN_Aura_Bright_Face_Mask.png?v=1771866121",190
"Lululun","LULULUN Strawberry Face Mask - Tochigi Limited Release","LULULUN-8635028799724","https://cdn.shopify.com/s/files/1/0515/4589/9157/files/15_88a8219c-af97-411f-8341-dbbb37bbad7c.png?v=1724691758",133
"MEDI FLOWER","MEDI FLOWER Bonita Garden Hand Cream Set (75gx6)","MEDIFLOWER-9110764486892","https://cdn.shopify.com/s/files/1/0515/4589/9157/files/medi-flower-bonita-garden-hand-cream-set-8809116503465-7284582.png?v=1766178398",475
"Medicube","Collagen Lifting Mask (1 PC)","MEDICUBE-8814728839404","https://cdn.shopify.com/s/files/1/0515/4589/9157/files/Medicube_Collagen_Lifting_Mask.png?v=1760116580",1615
"Medicube","Azelaic Acid 16 BB Soothing Serum (30ml)","MEDICUBE-9139608813804","https://cdn.shopify.com/s/files/1/0515/4589/9157/files/medicube_azelaic_acid_serum.png?v=1769483860",499
"Medicube","PDRN Pink Cica Soothing Toner (250ml)","MEDICUBE-8743771341036","https://cdn.shopify.com/s/files/1/0515/4589/9157/files/Medicube_PDRN_Pink_Cica_Soothing_Toner_250ml_a2f43e9e-c827-42f8-b6e5-cccb710d6f6d.png?v=1771867788",450
"Medicube","PDRN Pink Vita Coating Mask (1 PC)","MEDICUBE-8814727758060","https://cdn.shopify.com/s/files/1/0515/4589/9157/files/Product_Images_3_1eba1f1b-7c70-4d84-b84a-1b68c432fa53.png?v=1754428695",1805
"Medicube","PDRN Pink Peptide Cream (50ml)","MEDICUBE-8743041007852","https://cdn.shopify.com/s/files/1/0515/4589/9157/files/PDRNRose_00_PNG.png?v=1769696661",520
"Medicube","Retinol NMN Boosting Serum (30ml)","MEDICUBE-9100339708140","https://cdn.shopify.com/s/files/1/0515/4589/9157/files/Medicube_Retinol_Boosting_Serum.png?v=1767022275",595
"Medicube","PDRN Pink Collagen Bubble Serum (95ml)","MEDICUBE-9100178489580","https://cdn.shopify.com/s/files/1/0515/4589/9157/files/20250731_ME_nukki111698copy.png?v=1767028262",650
"Medicube","PDRN Pink Collagen Glow Jelly Mist Serum (100ml)","MEDICUBE-9100176949484","https://cdn.shopify.com/s/files/1/0515/4589/9157/files/Medicube_PDRN_Pink_Collagen_Glow_Jelly_Mist_Serum.png?v=1767028694",580
"Medicube","PDRN Pink Caffeine Night Wrapping Mask (75ml)","MEDICUBE-9100175573228","https://cdn.shopify.com/s/files/1/0515/4589/9157/files/MedicubePinkCaffeineWrappingMask.png?v=1767035662",620
"Medicube","Triple Collagen Serum 4.0 (55ml)","MEDICUBE-8622443692268","https://cdn.shopify.com/s/files/1/0515/4589/9157/files/20240830_ME_nukki75249_copy.png?v=1754368166",550
"Medicube","Medicube Rosemary PDRN Scalp Serum (20ml)","MEDICUBE-9120000000000","https://cdn.shopify.com/s/files/1/0515/4589/9157/files/Medicube_Rosemary_PDRN_serum.png?v=1774875188",384
"Medicube","Medicube Red Succinic Acid Clarifying Serum (30ml)","MEDICUBE-9120000000001","https://cdn.shopify.com/s/files/1/0515/4589/9157/files/Medicube_Red_Succinic_Acid_Serum.png?v=1774800124",444
"Medicube","Medicube Red Acne Succinic Acid Peel (40g)","MEDICUBE-9120000000002","https://cdn.shopify.com/s/files/1/0515/4589/9157/files/Medicube_Red_Acne_Succinic_Acid_Peel.png?v=1774800373",474
"Medicube","Medicube Hyaluronic Ceramide Jelly Cream (50ml)","MEDICUBE-9120000000003","https://cdn.shopify.com/s/files/1/0515/4589/9157/files/Medicube_Hyaluronic_Ceramide_Jelly_Cream.png?v=1773869194",444
"Medicube","Medicube Azelaic Acid 16 BB Calming Serum Mask (1 PC)","MEDICUBE-9120000000004","https://cdn.shopify.com/s/files/1/0515/4589/9157/files/MedicubeAzelaicAcid16BBSerumMask.png?v=1773869748",350
"Medicube","Medicube Hypochlorous Acid Daily Facial Spray","MEDICUBE-9120000000005","https://cdn.shopify.com/s/files/1/0515/4589/9157/files/26c366ee-65dc-441f-98b3-96eb594415dc.jpg?v=1773072950",350
"Medicube","Medicube Hyaluronic Moisturizing Capsule Cream (55g)","MEDICUBE-9120000000006","https://cdn.shopify.com/s/files/1/0515/4589/9157/files/Medicube_Hyaluronic_Moisturizing_Capsule_Cream.png?v=1773687602",581
"Medicube","Medicube PDRN Collagen Glow Jelly Serum (30ml)","MEDICUBE-9120000000007","https://cdn.shopify.com/s/files/1/0515/4589/9157/files/MedicubePDRNCollagenGlowJellySerum.png?v=1773779397",491
"Medicube","Medicube PDRN Pink Glutathione Capsule Cleansing Foam (120g)","MEDICUBE-9120000000008","https://cdn.shopify.com/s/files/1/0515/4589/9157/files/MedicubePDRNPinkGlutathioneCapsuleCleansingFoam.png?v=1773771945",491
"Medicube","Medicube Collagen Milk Toning Wrapping Mask (75ml)","MEDICUBE-9120000000009","https://cdn.shopify.com/s/files/1/0515/4589/9157/files/MedicubeCollagenMilktoningWrappingMask.png?v=1773769344",581
"Medicube","Medicube Kojic Acid Turmeric Vita Eye Gel Serum (30ml)","MEDICUBE-9120000000010","https://cdn.shopify.com/s/files/1/0515/4589/9157/files/Medicube_Kojic_Acid_Turmeric_Vita_Eye_Gel_Serum_1a4c8699-4ad2-4ca4-8601-4a326e7b4440.png?v=1773769098",521
"Medicube","Medicube Kojic Acid Turmeric Vita Capsule Cream (53g)","MEDICUBE-9120000000011","https://cdn.shopify.com/s/files/1/0515/4589/9157/files/MedicubeKojicAcidTurmericVitaCapsuleCream.png?v=1773680920",594
"Medicube","Medicube Kojic Acid Turmeric Vita Jelly Mist Serum (100ml)","MEDICUBE-9120000000012","https://cdn.shopify.com/s/files/1/0515/4589/9157/files/Medicube_Kojic_Acid_Turmeric_Vita_Jelly_Mist_Serum.png?v=1773075131",474
"Medicube","Medicube Deep Vita C Capsule Serum (30ml)","MEDICUBE-9120000000013","https://cdn.shopify.com/s/files/1/0515/4589/9157/files/medicubedeepvitaccapsuleserum.png?v=1773499388",414
"Medicube","Medicube Exosome Cica Toner (210ml)","MEDICUBE-9120000000014","https://cdn.shopify.com/s/files/1/0515/4589/9157/files/Untitled_design_-_2024-09-15T165809.795.png?v=1754159778",487
"Medicube","Medicube Azelaic Acid 16 BB Soothing Serum","MEDICUBE-9120000000015","https://cdn.shopify.com/s/files/1/0515/4589/9157/files/medicube_azelaic_acid_serum.png?v=1769483860",521
"Medicube","Medicube Booster Pro Mini Velvet Pouch","MEDICUBE-9120000000016","https://cdn.shopify.com/s/files/1/0515/4589/9157/files/20241106_ME_mini80674copy_1080x_e1b8ddea-eac2-442c-a5eb-62d03e6c850f.png?v=1759267744",350
"Medicube","Medicube Kojic Acid Turmeric Resurfacing Toner (250ml)","MEDICUBE-9120000000017","https://cdn.shopify.com/s/files/1/0515/4589/9157/files/MedicubeKojicAcidTurmericToner.png?v=1758414843",444
"Medicube","Medicube PDRN Pink Collagen Toning Gel Toner Pad","MEDICUBE-9120000000018","https://cdn.shopify.com/s/files/1/0515/4589/9157/files/Medicube_PDRN_Pink_Collagen_Toner_Pad.png?v=1758916430",393
"Medicube","Medicube Azelaic Acid Exosome Shot Pore Ampoule 7500 (30ml)","MEDICUBE-9120000000019","https://cdn.shopify.com/s/files/1/0515/4589/9157/files/MedicubeAzelaicAcid7500.png?v=1757300533",504
"Medicube","Medicube Zero Pore Serum 2.0 (37ml)","MEDICUBE-9120000000020","https://cdn.shopify.com/s/files/1/0515/4589/9157/files/Medicube_Zero_Pore_Serum_2.0_37ml.png?v=1766405395",551
"Medicube","Medicube Zero Pore Cream 2.0 (50ml)","MEDICUBE-9120000000021","https://cdn.shopify.com/s/files/1/0515/4589/9157/files/medicube-zero-pore-cream-front.png?v=1756843717",534
"Medicube","Medicube Booster Pro Panda Head Case","MEDICUBE-9120000000022","https://cdn.shopify.com/s/files/1/0515/4589/9157/files/Medicube_Booster_Pro_Panda_Head_Case.png?v=1766407458",397
"Medicube","Medicube One Day Exosome Shot Pore Ampoule 25000 (13ml)","MEDICUBE-9120000000023","https://cdn.shopify.com/s/files/1/0515/4589/9157/files/Medicube_One_Day_Exosome_Shot_Pore_Ampoule_25000_13ml.png?v=1766405388",397
"Medicube","Medicube Azelaic Acid Exosome Shot Pore Ampoule 2000 (30ml)","MEDICUBE-9120000000024","https://cdn.shopify.com/s/files/1/0515/4589/9157/files/Product_Images_4.png?v=1753799487",504
"Medicube","Medicube Azelaic Acid Niacinamide Clear Toner","MEDICUBE-9120000000025","https://cdn.shopify.com/s/files/1/0515/4589/9157/files/medicube_azelaic_acid_toner.png?v=1753808043",350
"Medicube","Medicube Exosome Cica Calming Pad","MEDICUBE-9120000000026","https://cdn.shopify.com/s/files/1/0515/4589/9157/files/MEDICUBEExosomeCicaCalmingPad100pads_1.png?v=1754157696",350
"Medicube","Medicube PDRN Pink One Day Serum (10 x 1.5ml)","MEDICUBE-9120000000027","https://cdn.shopify.com/s/files/1/0515/4589/9157/files/PDRN_One-Day_Serum.png?v=1754366656",384
"Medicube","Medicube Zero Pore Toner (250ml)","MEDICUBE-9120000000028","https://cdn.shopify.com/s/files/1/0515/4589/9157/files/manyo_1.png?v=1753815271",397
"Medicube","Medicube Zero Pore Blackhead Deep Cleansing Oil","MEDICUBE-9120000000029","https://cdn.shopify.com/s/files/1/0515/4589/9157/files/ProductImages_6.png?v=1753817802",350
"Medicube","Medicube Multi Blackhead Pore Brush (20g)","MEDICUBE-9120000000030","https://cdn.shopify.com/s/files/1/0515/4589/9157/files/159.png?v=1753808479",350
"Medicube","Medicube PDRN Pink Collagen Capsule Cream (55g)","MEDICUBE-9120000000031","https://cdn.shopify.com/s/files/1/0515/4589/9157/files/PDRNPinkCollagenCapsuleCream1.png?v=1751989403",551
"Medicube","Medicube Azelaic Acid Niacinamide Deep Clean Foam Cleanser (120g)","MEDICUBE-9120000000032","https://cdn.shopify.com/s/files/1/0515/4589/9157/files/Product_Images_7.png?v=1753805551",414
"Medicube","Medicube Age-R Vita K Refining Cream","MEDICUBE-9120000000033","https://cdn.shopify.com/s/files/1/0515/4589/9157/files/Medicube_Age-R_Vita_K_Refining_Cream.png?v=1766405392",457
"Medicube","Medicube TXA Niacinamide Capsule Cream (55g)","MEDICUBE-9120000000034","https://cdn.shopify.com/s/files/1/0515/4589/9157/files/TXANIACINAMAIDECAPSULECREAM.png?v=1750787982",551
"Medicube","Medicube Age-R Vita C Pro Ampoule (20ml)","MEDICUBE-9120000000035","https://cdn.shopify.com/s/files/1/0515/4589/9157/files/medicube-age-r-vita-c-pro-ampoule-20ml-korean-k-beauty-864.png?v=1753396383",474
"Medicube","Medicube Age-R Glutathione Glow Toner (140ml)","MEDICUBE-9120000000036","https://cdn.shopify.com/s/files/1/0515/4589/9157/files/Medicube_Age-R_Glutathione_Glow_Toner_140ml_a7d4e3f8-2700-438b-a75e-0b955e140658.png?v=1771867908",487
"Medicube","Medicube Age-R Glutathione Glow Cream (50ml)","MEDICUBE-9120000000037","https://cdn.shopify.com/s/files/1/0515/4589/9157/files/medicube_3_fbed3f53-ea50-46f4-805a-79bcfec5113a.png?v=1768840137",594
"Medicube","Medicube Age-R Glutathione Glow Serum (30g)","MEDICUBE-9120000000038","https://cdn.shopify.com/s/files/1/0515/4589/9157/files/Medicube_Age-R_Glutathione_Glow_Serum_30g.png?v=1766405391",521
"Medicube","Medicube Age-R Booster Pro Mini","MEDICUBE-9120000000039","https://cdn.shopify.com/s/files/1/0515/4589/9157/files/Medicube_Age-R_Booster_Pro_Mini.png?v=1766405396",950
"Medicube","Medicube PDRN Pink Niacinamide Whip Cleanser","MEDICUBE-9120000000040","https://cdn.shopify.com/s/files/1/0515/4589/9157/files/medicube_2_989068d1-ff34-4745-89b6-03af9f3bb734.png?v=1768830518",414
"Medicube","Medicube PDRN Lip Sleeping Mask (10g)","MEDICUBE-9120000000041","https://cdn.shopify.com/s/files/1/0515/4589/9157/files/Medicube_PDRN_Lip_Sleeping_Mask_10g.png?v=1766405389",397
"Medicube","Medicube TXA Niacinamide 15% Serum (30ml)","MEDICUBE-9120000000042","https://cdn.shopify.com/s/files/1/0515/4589/9157/files/Medicube_TXA_Niacinamide_15_Serum_30ml.png?v=1766405391",487
"Medicube","Medicube Hyaluronic Multi Peptide Serum (30ml)","MEDICUBE-9120000000043","https://cdn.shopify.com/s/files/1/0515/4589/9157/files/Product_Images_1_7fd9686c-2714-4a20-910b-dd621fb0fce3.png?v=1754427135",521
"Medicube","Medicube Zero Pore Clearing Capsule Cleansing Foam (120g)","MEDICUBE-9120000000044","https://cdn.shopify.com/s/files/1/0515/4589/9157/files/Zero_Pore_SA_Capsle.png?v=1754369293",504
"Medicube","Medicube PDRN Pink Niacinamide Milky Toner","MEDICUBE-9120000000045","https://cdn.shopify.com/s/files/1/0515/4589/9157/files/Medicube_PDRN_Pink_Niacinamide_Milky_Toner.png?v=1760116843",457
"Medicube","Medicube Zero Pore Cooling Mask (1 PC)","MEDICUBE-9120000000046","https://cdn.shopify.com/s/files/1/0515/4589/9157/files/Zero_Pore_Cooling_Mask.png?v=1754431255",350
"Medicube","Medicube Deep Peptide Radiance Mask (1 PC)","MEDICUBE-9120000000047","https://cdn.shopify.com/s/files/1/0515/4589/9157/files/Medicube_Deep_Peptide_Radiance_Mask_1_PC.png?v=1766405388",350
"Medicube","Medicube Deep Lifting Age-Repair Cream (30ml)","MEDICUBE-9120000000048","https://cdn.shopify.com/s/files/1/0515/4589/9157/files/Medicube_Deep_Lifting_Age-Repair_Cream_30ml.png?v=1766405389",350
"Medicube","Medicube PDRN Pink Peptide Serum","MEDICUBE-9120000000049","https://cdn.shopify.com/s/files/1/0515/4589/9157/files/Medicube_PDRN_Pink_Peptide_Serum.png?v=1771607283",474
"Medicube","Medicube PDRN Pink Exosome Shot Serum 7500 (30ml)","MEDICUBE-9120000000050","https://cdn.shopify.com/s/files/1/0515/4589/9157/files/PDRN_Pink_Exosome_7500.png?v=1754428945",551
"Medicube","Medicube PDRN Pink Exosome Shot Serum 2000","MEDICUBE-9120000000051","https://cdn.shopify.com/s/files/1/0515/4589/9157/files/PDRN_Pink_Exosome_2000.png?v=1754428914",350
"Medicube","Medicube Kojic Acid Turmeric Night Wrapping Mask (75ml)","MEDICUBE-9120000000052","https://cdn.shopify.com/s/files/1/0515/4589/9157/files/20250107_nukki85847_copy.png?v=1760116321",551
"Medicube","Medicube Deep Vita A Retinol Serum (30ml)","MEDICUBE-9120000000053","https://cdn.shopify.com/s/files/1/0515/4589/9157/files/Medicube_Deep_Vita_A_Serum.png?v=1741290410",504
"Medicube","Medicube Deep Vita C Daily Quick Mask (30 PCs)","MEDICUBE-9120000000054","https://cdn.shopify.com/s/files/1/0515/4589/9157/files/Product_Images_b012a075-1b36-4280-8bdc-6861592aff21.png?v=1754423293",736
"Medicube","Medicube Zero Pore One Day Cream (50ml)","MEDICUBE-9120000000055","https://cdn.shopify.com/s/files/1/0515/4589/9157/files/Medicube_Zero_Pore_One_Day_Cream_50ml.png?v=1766405393",504
"Medicube","Medicube Zero Pore One Day Peptide Serum (30ml)","MEDICUBE-9120000000056","https://cdn.shopify.com/s/files/1/0515/4589/9157/files/Medicube_Zero_Pore_One_Day_Peptide_Serum_5c48a292-ed74-47bb-ad4b-70073a4084df.png?v=1774994283",444
"Medicube","Medicube Zero Pore Madecassoside Pad - Mild (70 PCs)","MEDICUBE-9120000000057","https://cdn.shopify.com/s/files/1/0515/4589/9157/files/Medicube_Zero_Pore_Madecassoside_Pad_-_Mild_70_PCs.png?v=1766407516",504
"Medicube","Medicube Deep Vita C Pad","MEDICUBE-9120000000058","https://cdn.shopify.com/s/files/1/0515/4589/9157/files/07_64a3d7ac-3e2d-455d-a49b-e1e216e4b639.png?v=1733416136",350
"Medicube","Medicube Deep Lifting Peptide Eye Cream (30ml)","MEDICUBE-9120000000059","https://cdn.shopify.com/s/files/1/0515/4589/9157/files/Product_Images_-_2026-01-22T220934.458.png?v=1769091032",504
"Medicube","Medicube Age-R Booster Pro","MEDICUBE-9120000000060","https://cdn.shopify.com/s/files/1/0515/4589/9157/files/Medicube_Age-R_Booster_Pro.png?v=1766407515",950
"Medicube","Medicube PDRN Pink Hyaluronic Moisturizing Cream","MEDICUBE-9120000000061","https://cdn.shopify.com/s/files/1/0515/4589/9157/files/Medicube_PDRN_Pink_Hyaluronic_Moisturizing_Cream_50ml_PNG.png?v=1769614447",427
"Medicube","Medicube Kojic Acid Turmeric Brightening Gel Mask (1 PC)","MEDICUBE-9120000000062","https://cdn.shopify.com/s/files/1/0515/4589/9157/files/Medicube_Turmeric_b88c3563-c69e-49e3-9bf4-41a47919d064.png?v=1734146990",350
"Medicube","Medicube PDRN Pink Collagen Gel Mask (1 PC)","MEDICUBE-9120000000063","https://cdn.shopify.com/s/files/1/0515/4589/9157/files/medicube_PDRN_Pink_Collagen_Gel_Mask.png?v=1771958354",350
"Medicube","Medicube Jelly Brush (20g)","MEDICUBE-9120000000064","https://cdn.shopify.com/s/files/1/0515/4589/9157/files/Medicube_Jelly_Brush_20g.png?v=1766405388",350
"Medicube","Medicube PDRN Booster Gel (300ml)","MEDICUBE-9120000000065","https://cdn.shopify.com/s/files/1/0515/4589/9157/files/Medicube_PDRN_Booster_Gel_300ml_PNG.png?v=1769615798",427
"Medicube","Medicube PDRN Pink Peptide Toner (250ml)","MEDICUBE-9120000000066","https://cdn.shopify.com/s/files/1/0515/4589/9157/files/Medicube_PDRN_Pink_Peptide_Toner_250ml.png?v=1766407515",504
"Medicube","Medicube Collagen Glow Booster Serum (15ml)","MEDICUBE-9120000000067","https://cdn.shopify.com/s/files/1/0515/4589/9157/files/Medicube_Collagen_Glow_Booster_Serum_15ml.png?v=1766405392",504
"Medicube","Medicube Triple Collagen Toner (140ml)","MEDICUBE-9120000000068","https://cdn.shopify.com/s/files/1/0515/4589/9157/files/MEDICUBE-Triple-Collagen-Toner-4.0-140ml-PURESEOUL-UK-KBeauty-Shop.png?v=1733855789",427
"Medicube","Medicube Zero Foam Cleanser (120ml)","MEDICUBE-9120000000069","https://cdn.shopify.com/s/files/1/0515/4589/9157/files/Medicube_Zero_Foam_Cleanser_120ml.png?v=1766405395",384
"Medicube","Medicube Zero Pore Blackhead Mud Mask (100g)","MEDICUBE-9120000000070","https://cdn.shopify.com/s/files/1/0515/4589/9157/files/Medicube_Zero_Pore_Blackhead_Mud_Mask_100g.png?v=1766405394",491
"Medicube","Medicube One Day Exosome Shot Pore Ampoule 7500 (30ml)","MEDICUBE-9120000000071","https://cdn.shopify.com/s/files/1/0515/4589/9157/files/Medicube_One_Day_Exosome_Shot_Pore_Ampoule_7500_30ml.png?v=1766405390",487
"Medicube","Medicube Deep Vita C Capsule Cream (55g)","MEDICUBE-9120000000072","https://cdn.shopify.com/s/files/1/0515/4589/9157/files/Deep_Vita_C_Capsule_Cream.png?v=1754368372",564
"Medicube","Medicube Collagen Night Wrapping Mask (75ml)","MEDICUBE-9120000000073","https://cdn.shopify.com/s/files/1/0515/4589/9157/files/20241030_ME_nukki79479_copy.png?v=1760019311",594
"Medicube","Medicube Zero Pore Pads 2.0","MEDICUBE-9120000000074","https://cdn.shopify.com/s/files/1/0515/4589/9157/files/Abib_Calming_Pads_2.png?v=1765233739",350
"Medicube","Medicube One Day Exosome Shot Pore Ampoule 2000 (30ml)","MEDICUBE-9120000000075","https://cdn.shopify.com/s/files/1/0515/4589/9157/files/Medicube_One_Day_Exosome_Shot_Pore_Ampoule_2000_30ml.png?v=1766405395",504
"Medicube","Medicube Collagen Jelly Cream","MEDICUBE-9120000000076","https://cdn.shopify.com/s/files/1/0515/4589/9157/files/Collagen_Jelly_Cream_1.png?v=1762960417",397
"Mediheal","Hyaluronate Essential Mask - Ultra Hydration (10 PCs)","MEDIHEAL-10-HYA","https://cdn.shopify.com/s/files/1/0515/4589/9157/files/Mediheal_Hyaluronate.png?v=1768170686",550
"Mediheal","Teatree Essential Mask - Calming Moisture (10 PCs)","MEDIHEAL-10-TEA","https://cdn.shopify.com/s/files/1/0515/4589/9157/files/Mediheal_Tea_Tree_1.png?v=1768109110",550
"Mediheal","Madecassoside Essential Mask - Blemish Repair (10 PCs)","MEDIHEAL-10-MAD","https://cdn.shopify.com/s/files/1/0515/4589/9157/files/Mediheal_Madecassoside.png?v=1767715638",550
"Mediheal","Retinol Collagen Ampoule Lifting Mask (4 PCs)","MEDIHEAL-4-RET","https://cdn.shopify.com/s/files/1/0515/4589/9157/files/RetinolCollagenCreamLiftigMask.png?v=1764717765",450
"Mediheal","PDRN Lifting Pad (100 PCs)","MEDIHEAL-PAD-PDRN","https://cdn.shopify.com/s/files/1/0515/4589/9157/files/Untitled_design_73.png?v=1761236499",695
"Mediheal","MEDIHEAL Rose PDRN Essential Mask (10 PCs)","MEDIHEAL-9150000000000","https://cdn.shopify.com/s/files/1/0515/4589/9157/files/Mediheal_Rose_PDRN.png?v=1755636203",437
"Mediheal","MEDIHEAL Vita C Brightening Sleeping Mask (20ml)","MEDIHEAL-9150000000001","https://cdn.shopify.com/s/files/1/0515/4589/9157/files/MEDIHEAL_Vita_C_Brightening_Sleeping_Mask_20ml_32486a65-c899-4d0d-9f22-30b824031213.png?v=1771866942",300
"Mediheal","MEDIHEAL Hyaluron Hydrating Sleeping Mask (20ml)","MEDIHEAL-9150000000002","https://cdn.shopify.com/s/files/1/0515/4589/9157/files/MEDIHEAL_Hyaluron_Hydrating_Sleeping_Mask_20ml_d451b66b-2634-47c5-a636-9ceb9000fee0.png?v=1771867105",300
"Mediheal","MEDIHEAL Cica AC Calming Sleeping Mask (20ml)","MEDIHEAL-9150000000003","https://cdn.shopify.com/s/files/1/0515/4589/9157/files/MEDIHEAL_Cica_AC_Calming_Sleeping_Mask_20ml.png?v=1771867186",300
"Mediheal","MEDIHEAL Collagen Anti-Aging Sleeping Mask (20ml)","MEDIHEAL-9150000000004","https://cdn.shopify.com/s/files/1/0515/4589/9157/files/MEDIHEAL_Collagen_Anti-Aging_Sleeping_Mask_20ml.png?v=1771867257",300
"Mediheal","MEDIHEAL Vital Firming Mask (1 PC)","MEDIHEAL-9150000000005","https://cdn.shopify.com/s/files/1/0515/4589/9157/files/MEDIHEAL_Vital_Firming_Mask_1_PC.png?v=1766257540",300
"Mediheal","MEDIHEAL Pure Calming Mask (1 PC)","MEDIHEAL-9150000000006","https://cdn.shopify.com/s/files/1/0515/4589/9157/files/MEDIHEAL_Pure_Calming_Mask_1_PC.png?v=1766257303",300
"Mediheal","MEDIHEAL Hydra Soothing Mask (1 PC)","MEDIHEAL-9150000000007","https://cdn.shopify.com/s/files/1/0515/4589/9157/files/MEDIHEAL_Hydra_Soothing_Mask_1_PC.png?v=1766257539",300
"Mediheal","MEDIHEAL Centella Niacin Ampoule Mask (10 PCs)","MEDIHEAL-9150000000008","https://cdn.shopify.com/s/files/1/0515/4589/9157/files/MEDIHEAL_Centella_Niacin_Ampoule_Mask_10_PCs.png?v=1766257125",497
"Mediheal","MEDIHEAL Vita Toning Essence Mask (5 PCs)","MEDIHEAL-9150000000009","https://cdn.shopify.com/s/files/1/0515/4589/9157/files/MEDIHEAL_Vita_Toning_Essence_Mask_5_PCs.png?v=1766257539",330
"Mediheal","MEDIHEAL Cica Calming Ampoule Mask (10 PCs)","MEDIHEAL-9150000000010","https://cdn.shopify.com/s/files/1/0515/4589/9157/files/MEDIHEAL_Cica_Calming_Ampoule_Mask_10_PCs.png?v=1766257125",353
"Mediheal","MEDIHEAL Aqua Soothing Ampoule Mask (10 PCs)","MEDIHEAL-9150000000011","https://cdn.shopify.com/s/files/1/0515/4589/9157/files/ORIG_MEDIHEAL_Aqua_Soothing_Ampoule_Mask_10_PCs.png?v=1766257125",353
"Mediheal","MEDIHEAL Vita Clear Ampoule Mask (10 PCs)","MEDIHEAL-9150000000012","https://cdn.shopify.com/s/files/1/0515/4589/9157/files/1_ae6237ca-e1bc-4c31-a092-96278846c29b.png?v=1738002079",353
"Mediheal","MEDIHEAL Derma Clear Teatree Treatment Spot Patch (44 PCs)","MEDIHEAL-9150000000013","https://cdn.shopify.com/s/files/1/0515/4589/9157/files/MEDIHEAL_Derma_Clear_Teatree_Treatment_Spot_Patch_44_PCs.png?v=1766257125",300
"Mediheal","MEDIHEAL Derma Layer Hand Mask","MEDIHEAL-9150000000014","https://cdn.shopify.com/s/files/1/0515/4589/9157/files/MEDIHEAL_Derma_Layer_Hand_Mask.png?v=1766257127",300
"Mediheal","MEDIHEAL Labocare Pantenolips (10ml)","MEDIHEAL-9150000000015","https://cdn.shopify.com/s/files/1/0515/4589/9157/files/Image_MedihealLabocarePantenolipsHealbalm00_e484c6c5-7502-4416-900c-4806acfb72b4.png?v=1734913551",300
"Mediheal","MEDIHEAL Derma Layer Foot Mask","MEDIHEAL-9150000000016","https://cdn.shopify.com/s/files/1/0515/4589/9157/files/MEDIHEAL_Derma_Layer_Foot_Mask_79da7bb7-aff0-4113-bd9e-737af998c0f6.png?v=1771866871",300
"Mediheal","MEDIHEAL Derma Synergy Wrapping Mask - Madecassoside x Vitamin C","MEDIHEAL-9150000000017","https://cdn.shopify.com/s/files/1/0515/4589/9157/files/MEDIHEAL_Madecassoside_x_Vit_C.png?v=1760115887",500
"Mediheal","MEDIHEAL Retinol Collagen Lifting Pad (100 PCs)","MEDIHEAL-9150000000018","https://cdn.shopify.com/s/files/1/0515/4589/9157/files/Retinol.png?v=1706054604",507
"Mediheal","MEDIHEAL Vitamide Brightening Pad (100 PCs)","MEDIHEAL-9150000000019","https://cdn.shopify.com/s/files/1/0515/4589/9157/files/Image_MedihealAmpoulePad_1800x1800_1_600x_d27a4451-2eac-4cb1-bd02-9d67fe939f3c.png?v=1698941625",510
"Mediheal","MEDIHEAL Watermide Toner Pad (100 PCs)","MEDIHEAL-9150000000020","https://cdn.shopify.com/s/files/1/0515/4589/9157/files/Image_MedihealTonerPad_1200x_dc01b6b2-37ae-4b58-88f9-88aaea01ea0e.png?v=1686026891",510
"Mediheal","MEDIHEAL Teatree Trouble Pad (100 PCs)","MEDIHEAL-9150000000021","https://cdn.shopify.com/s/files/1/0515/4589/9157/files/Image_MedihealTroublePad_600x_687fce59-7a13-4d05-ad8d-e65c1b6223ed.png?v=1685994972",507
"Mediheal","MEDIHEAL Madecassoside Blemish Pad (100 PCs)","MEDIHEAL-9150000000022","https://cdn.shopify.com/s/files/1/0515/4589/9157/files/Image_MedihealBlemishPad_1800x1800_4d469b0a-4434-4830-82ab-9f2b3af8140c.png?v=1685997754",497
"Mediheal","MEDIHEAL Collagen Ampoule Pad (100 PCs)","MEDIHEAL-9150000000023","https://cdn.shopify.com/s/files/1/0515/4589/9157/files/Image_MedihealAmpoulePad_1200x_5c0cd55b-bc6a-4a85-8ab6-05d4d1502dcb.png?v=1686026663",510
"Mediheal","MEDIHEAL Teatree Essential Mask (10 PCs)","MEDIHEAL-9150000000024","https://cdn.shopify.com/s/files/1/0515/4589/9157/files/Image_MedihealTeatreeEssentialMaskR_1800x1800_f13f6114-5c81-48e7-b6f1-c5f4e088a4f4.png?v=1685968224",437
"Mediheal","MEDIHEAL Madecassoside Essential Mask (10 PCs)","MEDIHEAL-9150000000025","https://cdn.shopify.com/s/files/1/0515/4589/9157/files/Mediheal_Madecassoside_881102b4-d7fa-4e8b-b81f-b38f239bc820.png?v=1774017083",437
"Mediheal","MEDIHEAL Collagen Essential Mask (10 PCs)","MEDIHEAL-9150000000026","https://cdn.shopify.com/s/files/1/0515/4589/9157/files/MedihealCollagenEssentialMask_800x_b5eb0d6b-2d5a-4813-8437-f07df1174436.png?v=1685938061",437
"Mediheal","MEDIHEAL Vita Essential Mask (10 PCs)","MEDIHEAL-9150000000027","https://cdn.shopify.com/s/files/1/0515/4589/9157/files/Image_MedihealVitaEssentialMask_600x_7e1d7c14-d42e-465b-a1e7-402a67b82230.png?v=1685972216",400
"Mediheal","MEDIHEAL Placenta Essential Mask (10 PCs)","MEDIHEAL-9150000000028","https://cdn.shopify.com/s/files/1/0515/4589/9157/files/Image_MedihealPlacentaEssentialMask_1000x1000_a47ed88e-d37e-42db-85f6-bb001b3d757e.png?v=1685972638",437
"MEDIPEEL","MEDIPEEL Red Lacto Collagen Wrapping Mask (70ml)","9083753234668","https://cdn.shopify.com/s/files/1/0515/4589/9157/files/MEDIPEEL_Red_Lacto_Collagen_Wrapping_Mask_70ml.png?v=1771867524",512
"MEDIPEEL","MEDIPEEL Phyto Exosome PDRN Lifting Shot Eye Cream (40ml)","9083753103596","https://cdn.shopify.com/s/files/1/0515/4589/9157/files/Phyto_PDRN_Lifting_Shot.png?v=1765402813",493
"MEDIPEEL","MEDIPEEL Premium 3.0 Collagen Naite Thread Neck Cream (100ml)","MEDIPEEL-9083752939756","https://cdn.shopify.com/s/files/1/0515/4589/9157/files/Medipeel_Collagen_Naite_Thread.png?v=1765910565",474
"MEDIPEEL","MEDIPEEL Retinol Collagen Lifting Cream (50ml)","MEDIPEEL-9083752710380","https://cdn.shopify.com/s/files/1/0515/4589/9157/files/MEDIPEEL_Retinol_Collagen_Lifting_Cream_50ml.png?v=1771607611",474
"MEDITHERAPY","MEDITHERAPY Tranexamic Acid Skin Booster Cream + Booster Cap (100ml)","9009780916460","https://cdn.shopify.com/s/files/1/0515/4589/9157/files/Meditherapy_Tranexamic_Acid_Skin_Booster.png?v=1759262632",1709
"MEDITHERAPY","MEDITHERAPY Tension Up Mask","MEDITHERAPY-9009779409132","https://cdn.shopify.com/s/files/1/0515/4589/9157/files/Meditherapy_Tension_Up_Mask.png?v=1759254012",626
"MEDITHERAPY","MEDITHERAPY Wrinkle-Fit Mask (7 PCs)","9009777213676","https://cdn.shopify.com/s/files/1/0515/4589/9157/files/Meditherapy_Wrinkle-Fit_Mask.png?v=1759413395",626
"MEDITHERAPY","MEDITHERAPY Retinal Skin Booster Serum (150ml)","MEDITHERAPY-9009778917612","https://cdn.shopify.com/s/files/1/0515/4589/9157/files/Meditherapy_Retinal_Skin_Booster_Serum.png?v=1759251172",626
"MEDITHERAPY","MEDITHERAPY Wrinkle-Fit Tangle Eye Patch (4 Pairs)","MEDITHERAPY-9009777836268","https://cdn.shopify.com/s/files/1/0515/4589/9157/files/Meditherapy_Wrinkle-Fit_Tangle_Eye_Patch.png?v=1759412240",417
"MIXSOON","MIXSOON Bean Cream (50ml)","MIXSOON-8048681648364","https://cdn.shopify.com/s/files/1/0515/4589/9157/files/MIXSOON_Bean_Cream_50ml_6a79abaf-f701-49e1-8ae5-79e142e1a7e4.png?v=1771867360",759
"MIZON","MIZON Hyaluronic Acid Eye Gel Patch (30 Pairs)","MIZON-9008018555116","https://cdn.shopify.com/s/files/1/0515/4589/9157/files/MIZON_Hydrozelowe_platki_pod_oczy_z_kwasem_hialuronowym_Hyaluronic_Acid_Eye_Gel_Patch_60szt..png?v=1759947406",532
"MIZON","MIZON Peptide 500 (30ml)","MIZON-9008018194668","https://cdn.shopify.com/s/files/1/0515/4589/9157/files/mizon-peptide-500-ampoule-30ml-1000x1000.webp?v=1759878863",608
"MIZON","MIZON Snail Repair Intensive Gold Eye Gel Patch (30 Pairs)","MIZON-9008017178860","https://cdn.shopify.com/s/files/1/0515/4589/9157/files/MIZON_Snail_Repair_Intensive_Gold_Eye_Gel_Patch_30_Pairs.png?v=1771867661",532
"MIZON","MIZON All in One Snail Repair Cream (75g)","MIZON-9008015835372","https://cdn.shopify.com/s/files/1/0515/4589/9157/files/8809663751654-2.png?v=1759518005",874
"MIZON","MIZON Collagen 100 (30ml)","MIZON-9008013279468","https://cdn.shopify.com/s/files/1/0515/4589/9157/files/MIZON_Collagen_100_30ml.png?v=1766258876",532
"numbuzin","No.9 NAD+ Collagen Under Eye Patches (5 Pairs)","NUMBUZIN-9113946849516","https://cdn.shopify.com/s/files/1/0515/4589/9157/files/pykg34kjojl565by9t3xua811ggl.webp?v=1769101979",580
"numbuzin","No.3 Super Glowing Essence Toner (200ml)","NUMBUZIN-7931345174764","https://cdn.shopify.com/s/files/1/0515/4589/9157/files/Numbuzin_No3_Toner.png?v=1768884286",495
"numbuzin","No.9 NAD Bio Lifting-Sil Essence (50ml)","NUMBUZIN-8902560874732","https://cdn.shopify.com/s/files/1/0515/4589/9157/files/numbuzin_No.9_NAD_Bio_Lifting-Sil_Essence_50ml.png?v=1771868099",595
"numbuzin","No.1 Pantothenic B5 Active Soothing Serum (50ml)","NUMBUZIN-8689243881708","https://cdn.shopify.com/s/files/1/0515/4589/9157/files/numbuzin_No.1_Pantothenic_B5_Active_Soothing_Serum_50ml_47f426cf-55c0-4167-9b06-315991f0428e.png?v=1771868487",580
"numbuzin","No.1 Centella Re-Leaf Green Toner Pad (70 PCs)","NUMBUZIN-9034570170604","https://cdn.shopify.com/s/files/1/0515/4589/9157/files/numbuzin_No.1_Centella_Re-Leaf_Green_Toner_Pad_70_PCs.png?v=1771868587",580
"numbuzin","No.9 NAD Bio Lifting Full Cover Facial Mask","NUMBUZIN-9030322421996","https://cdn.shopify.com/s/files/1/0515/4589/9157/files/Numbuzin_No_9_NMN_BIO.png?v=1759864174",150
"numbuzin","numbuzin No.2 Rose PDRN Collagen 2X Plumping Serum (30mL)","NUMBUZIN-9160000000000","https://cdn.shopify.com/s/files/1/0515/4589/9157/files/numbuzinNo.2RosePDRNCollagen2XPlumpingSerum.png?v=1773941482",727
"numbuzin","numbuzin No.2 Rose PDRN Collagen Plumping Serum Duo (1.2ml x 10)","NUMBUZIN-9160000000001","https://cdn.shopify.com/s/files/1/0515/4589/9157/files/numbuzinNo.2RosePDRNCollagenPlumpingSerumDuo_1.2mlx10.png?v=1773943040",587
"numbuzin","numbuzin No.3 Blue Bio-Retinol Pore Refining Serum","NUMBUZIN-9160000000002","https://cdn.shopify.com/s/files/1/0515/4589/9157/files/Numbuzin_No.3_Blue_Bio-Retinol_Pore_Refining_Serum_901557e0-a19e-4d0f-8b44-42cb62f16b23.png?v=1773244352",727
"numbuzin","numbuzin No.2 Rose PDRN Collagen Plumping Serum (30ml)","NUMBUZIN-9160000000003","https://cdn.shopify.com/s/files/1/0515/4589/9157/files/NumbuzinNo.2RosePDRNCollagenPlumpingSerum_30ml.png?v=1773226633",699
"numbuzin","numbuzin No.4 Ceramide AHA Glazed Skin Prep Serum","NUMBUZIN-9160000000004","https://cdn.shopify.com/s/files/1/0515/4589/9157/files/numbuzin_No.4_Ceramide_AHA_Glazed_Skin_Prep_Serum_v2.png?v=1773772057",699
"numbuzin","numbuzin No.4 Hydrating Glow Mineral Toner (200ml)","NUMBUZIN-9160000000005","https://cdn.shopify.com/s/files/1/0515/4589/9157/files/NumbuzinNo.4HydratingGlowMineralToner_200ml.png?v=1773329478",629
"numbuzin","numbuzin No.4 Pore Zero Peeled Egg Toner Pad (70 PCs)","NUMBUZIN-9160000000006","https://cdn.shopify.com/s/files/1/0515/4589/9157/files/NumbuzinNo.4PoreZeroPeeledEggTonerPad_70pcs.png?v=1773411747",672
"numbuzin","numbuzin No.2 Deep Clean Fresh Cream Cleanser (120ml)","NUMBUZIN-9160000000007","https://cdn.shopify.com/s/files/1/0515/4589/9157/files/NumbuzinNo.2DeepCleanFreshCreamCleanser_120ml.png?v=1773422205",532
"numbuzin","numbuzin No.1 Pantothenic Skincare 100 Powder (7g)","NUMBUZIN-9160000000008","https://cdn.shopify.com/s/files/1/0515/4589/9157/files/NumbuzinNo.1PantothenicSkincare100Powder_7g.png?v=1773434644",587
"numbuzin","numbuzin No.2 Cica Ceramide Repair Cream (60ml)","NUMBUZIN-9160000000009","https://cdn.shopify.com/s/files/1/0515/4589/9157/files/numbuzinNo.2CicaCeramideRepairCream_60ml.png?v=1773492130",727
"numbuzin","numbuzin No.3 Velvet Beauty Cream (60ml)","NUMBUZIN-9160000000010","https://cdn.shopify.com/s/files/1/0515/4589/9157/files/numbuzinNo.3VelvetBeautyCream_60ml.png?v=1773494050",699
"numbuzin","Numbuzin No.5+ Glutathione Vitamin Dark Spot Cream (50ml)","NUMBUZIN-9160000000011","https://cdn.shopify.com/s/files/1/0515/4589/9157/files/NumbuzinNo.5_GlutathioneVitaminDarkSpotCream_50ml.png?v=1773503659",727
"numbuzin","numbuzin No.1 Pantothenic B5 Hyaluronic Active Clear Mask","NUMBUZIN-9160000000012","https://cdn.shopify.com/s/files/1/0515/4589/9157/files/numbuzinNo.1PantothenicB5HyaluronicActiveClearMask.png?v=1774024574",400
"numbuzin","numbuzin No.2 Rose PDRN Collagen Plumping Sheet Mask","NUMBUZIN-9160000000013","https://cdn.shopify.com/s/files/1/0515/4589/9157/files/Numbzuin_No_2_Rose_PDRN_Plumping.png?v=1774024484",400
"numbuzin","numbuzin No.4 Icy Soothing Sheet Mask","NUMBUZIN-9160000000014","https://cdn.shopify.com/s/files/1/0515/4589/9157/files/Numbzuin_No_4_Icy_Soothing_Sheet_Mask.png?v=1774281231",400
"numbuzin","numbuzin No.3 Pore Reset Ampoule (25ml)","NUMBUZIN-9160000000015","https://cdn.shopify.com/s/files/1/0515/4589/9157/files/numbuzinNo.3PoreResetAmpoule_25ml.png?v=1773680985",727
"numbuzin","numbuzin No.2 Rose PDRN Overnight Collagen Mask","NUMBUZIN-9160000000016","https://cdn.shopify.com/s/files/1/0515/4589/9157/files/Numbzuin_No_2_Rose_PDRN_Overnight_Mask.png?v=1774017702",400
"numbuzin","numbuzin No.1 Pure-Full Calming Herb Toner (300ml)","NUMBUZIN-9160000000017","https://cdn.shopify.com/s/files/1/0515/4589/9157/files/NUMBUZIN_No.1_Pure-full_Calming_Herb_Toner_Korean_face_toner__13438.1691316664.jpg?v=1718737182",672
"numbuzin","numbuzin No.9 NAD Bio Lifting-sil Full Face Mask","NUMBUZIN-9160000000018","https://cdn.shopify.com/s/files/1/0515/4589/9157/files/Numbuzin_No_9_NMN_BIO.png?v=1759864174",400
"numbuzin","numbuzin No.8 Glossy Essence Serum (50ml)","NUMBUZIN-9160000000019","https://cdn.shopify.com/s/files/1/0515/4589/9157/files/numbuzin_No.8_Glossy_Essence_Serum_50ml.png?v=1766300053",699
"numbuzin","numbuzin No.1 Pantothenic B5 Active Soothing Cream (80ml)","NUMBUZIN-9160000000020","https://cdn.shopify.com/s/files/1/0515/4589/9157/files/numbuzin_No.1_Pantothenic_B5_Active_Soothing_Cream_80ml.png?v=1766300049",727
"numbuzin","numbuzin No.5 Vitamin Boosting Essence Toner (200ml)","NUMBUZIN-9160000000021","https://cdn.shopify.com/s/files/1/0515/4589/9157/files/numbuzin_No.5_Vitamin_Boosting_Essence_Toner_200ml.png?v=1766300052",645
"numbuzin","numbuzin No.1 Easy Peasy Cleansing Oil (200ml)","NUMBUZIN-9160000000022","https://cdn.shopify.com/s/files/1/0515/4589/9157/files/numbuzin_No.1_Easy_Peasy_Cleansing_Oil_200ml.png?v=1766300049",672
"numbuzin","numbuzin No.3 Radiance Glowing Jumbo Essence Pad (70 PCs)","NUMBUZIN-9160000000023","https://cdn.shopify.com/s/files/1/0515/4589/9157/files/numbuzin_No.3_Radiance_Glowing_Jumbo_Essence_Pad_70_PCs_4ef3a0f4-c6eb-42e9-9ff1-d00d5a2b1ec2.png?v=1771868936",645
"numbuzin","numbuzin No.5+ Vitamin Niacinamide Concentrated Pads (70pcs)","NUMBUZIN-9160000000024","https://cdn.shopify.com/s/files/1/0515/4589/9157/files/numbuzin_No.5_Vitamin_Niacinamide_Concentrated_Pads_70pcs.png?v=1766300052",672
"numbuzin","numbuzin No.5+ Glutathione Vitamin Concentrated Serum (30ml)","NUMBUZIN-9160000000025","https://cdn.shopify.com/s/files/1/0515/4589/9157/files/Numbuzin_5_Glutathione_Vitamin_Concentrated_Serum.png?v=1770145465",672
"numbuzin","numbuzin No.5 Goodbye Blemish Serum (50ml)","NUMBUZIN-9160000000026","https://cdn.shopify.com/s/files/1/0515/4589/9157/files/numbuzin_No.5_Goodbye_Blemish_Serum_50ml.png?v=1771868171",699
"numbuzin","numbuzin No.3 Skin Softening Serum (50ml)","NUMBUZIN-9160000000027","https://cdn.shopify.com/s/files/1/0515/4589/9157/files/numbuzin_No.3_Skin_Softening_Serum_50ml_59849d83-971c-4c85-b34c-09cddb0d268b.png?v=1771868001",629
"nuse","nuse Mousse Care Cheek Handy (10g)","NUSE-9098300457196","https://cdn.shopify.com/s/files/1/0515/4589/9157/files/NuseMousseCareCheekHandy.png?v=1768320551",246
"nuse","nuse Mousse Care Cheek (16ml)","NUSE-9098301997292","https://cdn.shopify.com/s/files/1/0515/4589/9157/files/Nuse_Mousse_Care_Cheek_7fcbd099-1a60-4a2b-926f-75d68fcb3d34.png?v=1768276921",360
"nuse","nuse Liquid Care Cheek (16ml)","NUSE-9098299801836","https://cdn.shopify.com/s/files/1/0515/4589/9157/files/Nuse_Liquid_Care_Cheek.png?v=1768337382",360
"nuse","nuse Color Care Lip Balm (4.3g)","NUSE-9098217750764","https://cdn.shopify.com/s/files/1/0515/4589/9157/files/Nuse_color_care_balm.png?v=1768500974",303
"nuse","nuse Mousse Liptual (4.5g)","NUSE-9098216669420","https://cdn.shopify.com/s/files/1/0515/4589/9157/files/NuseMousseLiptual.png?v=1768848376",341
"nuse","nuse Care Liptual (4.5g)","NUSE-9098203889900","https://cdn.shopify.com/s/files/1/0515/4589/9157/files/NuseCareLiptual.png?v=1768851318",341
"nuse","nuse Reju Lip Gloss (10.5g)","NUSE-9098309370092","https://cdn.shopify.com/s/files/1/0515/4589/9157/files/Nuse_Reju_Lip_Gloss.png?v=1767800024",303
"nuse","nuse Care Tone-Up Handy (20ml)","NUSE-9098308485356","https://cdn.shopify.com/s/files/1/0515/4589/9157/files/Nuse_Care_Tone-Up_Milk.png?v=1767718849",341
"nuse","nuse Care Tone-Up (30ml)","NUSE-9098306683116","https://cdn.shopify.com/s/files/1/0515/4589/9157/files/Nuse_Care_Tone-Up_Peach.png?v=1767720705",398
"OFF & RELAX","OFF & RELAX SPA Hair Mask (150g)","OFF&RELAX-7693727826156","https://cdn.shopify.com/s/files/1/0515/4589/9157/files/OFF_RELAX_SPA_Hair_Mask_150g.png?v=1766301500",437
"OFF & RELAX","OFF & RELAX 2.0 Spa Treatment Fluffy Refresh (460ml)","OFF&RELAX-9060424909036","https://cdn.shopify.com/s/files/1/0515/4589/9157/files/Off_Relax_2.0_Fluffy_Refresh_Treatment.png?v=1762198112",551
"OFF & RELAX","OFF & RELAX 2.0 Spa Shampoo Fluffy Refresh (460ml)","OFF&RELAX-9060428513516","https://cdn.shopify.com/s/files/1/0515/4589/9157/files/Off_Relax_2.0_Fluffy_Refresh_Shampoo_4a97684d-e836-45a1-8f58-e12af0af9794.png?v=1765401633",551
"OFF & RELAX","OFF & RELAX 2.0 Spa Treatment Glossy Moisture (460ml)","OFF&RELAX-9060421763308","https://cdn.shopify.com/s/files/1/0515/4589/9157/files/Off_Relax2.0GlossyMoistureTreatment.png?v=1762196536",551
"OFF & RELAX","OFF & RELAX 2.0 Spa Shampoo Glossy Moisture (460ml)","OFF&RELAX-9060414095596","https://cdn.shopify.com/s/files/1/0515/4589/9157/files/Off_Relax_2.0_Glossy_Moisture_Shampoo.png?v=1762196147",551
"OFF & RELAX","OFF & RELAX Spa Shampoo + Hair Treatment Lychee & Rose Limited Set (2x460ml)","OFF&RELAX-9024536641772","https://cdn.shopify.com/s/files/1/0515/4589/9157/files/OFF_RELAX_Spa_Shampoo_Hair_Treatment_Lychee_Rose_Limited_Set_2x460ml.png?v=1771608285",816
"OFF & RELAX","OFF & RELAX Spa Shampoo + Hair Treatment Lemon & Magnolia Limited Set (2x460ml)","OFF&RELAX-9024536117484","https://cdn.shopify.com/s/files/1/0515/4589/9157/files/Product_Images_34_6a033655-8faa-43a7-9b38-f84973ce641a.png?v=1767921577",892
"OFF & RELAX","OFF & RELAX Spa Shampoo + Hair Treatment Earl Grey & Cucumber Scent Limited Set (2x460ml)","OFF&RELAX-8744054423788","https://cdn.shopify.com/s/files/1/0515/4589/9157/files/OFF_RELAX_Spa_Shampoo_Hair_Treatment_Earl_Grey_Cucumber_Scent_Limited_Set_2x460ml_652fdca9-df4b-45ff-9dd4-67449eee5b5e.png?v=1771609186",892
"PERIPERA","PERIPERA Syrupy Tok Cheek (9g)","PERIPERA-9073608098028","https://cdn.shopify.com/s/files/1/0515/4589/9157/files/8800255686828_1200x_9c28befd-eb16-4f2d-980d-a04785b55f27.png?v=1762625511",285
"PERIPERA","PERIPERA Ink Mood Glowy Tint (4g)","PERIPERA-9073607704812","https://cdn.shopify.com/s/files/1/0515/4589/9157/files/30_Happy_Berry.png?v=1762624648",266
"PUREDERM","PUREDERM Instant Softening Heel Mask (1 pair)","PUREDERM-8886223175916","https://cdn.shopify.com/s/files/1/0515/4589/9157/files/Purederm_Instant_Softening_Heel_Mask.webp?v=1771612508",1292
"PUREDERM","PUREDERM Exfoliating Foot Mask (1 pair)","PUREDERM-8886220783852","https://cdn.shopify.com/s/files/1/0515/4589/9157/files/PUREDERM_Exfoliating_Foot_Mask_1_pair.png?v=1766301496",1634
"PUREDERM","PUREDERM P/D Heating Moisture Foot Mask (1 pair)","PUREDERM-8886224748780","https://cdn.shopify.com/s/files/1/0515/4589/9157/files/PUREDERM_PD_Heating_Moisture_Foot_Mask_1_pair.png?v=1766301495",1292
"PUREDERM","PUREDERM Black Food MG: Gel Eye Zone Mask (1 pair)","PUREDERM-8886226223340","https://cdn.shopify.com/s/files/1/0515/4589/9157/files/PUREDERM_Black_Food_MG_Gel_Eye_Zone_Mask_1_pair_f8bd0cb2-ebc6-46d4-9180-0097c7361732.png?v=1771685823",912
"Purito","PURITO Fermented Complex 94 Boosting Essence (150ml)","PURITO-9137343824108","https://cdn.shopify.com/s/files/1/0515/4589/9157/files/Purito_Fermented_Complex.png?v=1768849651",570
"Purito","PURITO Clear Code Superfruit Cleanser (150ml)","PURITO-9119996313836","https://cdn.shopify.com/s/files/1/0515/4589/9157/files/PURITO_Clear_Code_Superfruit_Cleanser_150ml.png?v=1771869144",475
"Purito","PURITO Clear Code Superfruit Serum (30ml)","8135363133676","https://cdn.shopify.com/s/files/1/0515/4589/9157/files/Clear-Code-Superfruit-Serum-30-ml-785x785.webp?v=1767406197",494
"Purito","PURITO Timeless Bloom Bakuchiol Serum (30ml)","PURITO-9119996117228","https://cdn.shopify.com/s/files/1/0515/4589/9157/files/PURITO-SEOUL-timeless-bloom-bakuchiol-serum-30ml-PURESEOUL-UK-KBeauty-Shop.png?v=1767712092",570
"Purito","PURITO Timeless Bloom Retinol Spot Cream (30ml)","PURITO-9119996018924","https://cdn.shopify.com/s/files/1/0515/4589/9157/files/Purito_-_Timeless_Bloom_Retinol_Spot_Cream_30ml-1400x1400_jpg.png?v=1767408657",551
"Purito","PURITO Hypochlorous Acid Rescue Spray (100ml)","PURITO-9119996739820","https://cdn.shopify.com/s/files/1/0515/4589/9157/files/benefit_product.png?v=1767908769",418
"Purito","PURITO Azelaic Acid 10 Kojic Tea Tree Serum (30ml)","PURITO-9063371833580","https://cdn.shopify.com/s/files/1/0515/4589/9157/files/52F93119-CE23-4AD2-9579-8782A5AA11D1.png?v=1762182863",550
"Purito","PURITO TXA 6 Niacinamide 10 Retinal Serum (30ml)","PURITO-9055757598956","https://cdn.shopify.com/s/files/1/0515/4589/9157/files/A4969EC1-2FED-4404-81A8-957C5854A6B9.png?v=1761856943",550
"Purito","PURITO Oat PDRN Gentle Refining Toner (200ml)","PURITO-9170000000000","https://cdn.shopify.com/s/files/1/0515/4589/9157/files/Oat_Cleanser_benefit_1179ac54-bf8d-414d-a9bf-6c9017495a63.png?v=1756845364",570
"Purito","PURITO Oat-In Gentle Exfoliating Face Cleanser (150ml)","PURITO-9170000000001","https://cdn.shopify.com/s/files/1/0515/4589/9157/files/Oat_Cleanser_benefit.png?v=1756844469",523
"Purito","PURITO Sea Buckthorn Vital 70 Cream (50ml)","PURITO-9170000000002","https://cdn.shopify.com/s/files/1/0515/4589/9157/products/54331ef0145afe28a0d6d616a59fd7fd.png?v=1771502819",547
"Purito","PURITO Wonder Releaf Centella Serum","PURITO-9170000000003","https://cdn.shopify.com/s/files/1/0515/4589/9157/files/centella_serum-benefit-x2-1.png?v=1750279780",607
"Purito","PURITO From Green Deep Foaming Cleanser (150ml)","PURITO-9170000000004","https://cdn.shopify.com/s/files/1/0515/4589/9157/files/PURITO_From_Green_Deep_Foaming_Cleanser_150ml.png?v=1766304622",487
"Purito","PURITO Hydro Wave Deep Sea Serum (60ml)","PURITO-9170000000005","https://cdn.shopify.com/s/files/1/0515/4589/9157/files/PURITO_Hydro_Wave_Deep_Sea_Serum_60ml_2a6027f0-ee48-4321-9503-6b74a438c814.png?v=1766304622",500
"Purito","PURITO Cica Clearing BB Cream (30ml) - #31 Deep Warm","PURITO-9170000000006","https://cdn.shopify.com/s/files/1/0515/4589/9157/files/PURITO_Cica_Clearing_BB_Cream_30ml_-_31_Deep_Warm.png?v=1771869045",393
"Purito","PURITO Wonder Releaf Centella Cream (50ml)","PURITO-9170000000007","https://cdn.shopify.com/s/files/1/0515/4589/9157/files/PURITO_Wonder_Releaf_Centella_Cream_50ml.png?v=1766304621",523
"Purito","PURITO Wonder Releaf Centella Eye Cream Unscented (30ml)","PURITO-9170000000008","https://cdn.shopify.com/s/files/1/0515/4589/9157/files/centella_eyecream_unscented-benefits-x2.png?v=1730728578",547
"Purito","PURITO Wonder Releaf Centella Eye Cream (30ml)","PURITO-9170000000009","https://cdn.shopify.com/s/files/1/0515/4589/9157/files/PURITO_Wonder_Releaf_Centella_Eye_Cream_30ml_78e23d2b-71de-4298-a4fe-dd4d0db27d9b.png?v=1771869466",510
"Purito","PURITO Centella Green Level Calming Toner (200ml)","PURITO-9170000000010","https://cdn.shopify.com/s/files/1/0515/4589/9157/files/PURITO_Centella_Green_Level_Calming_Toner_200ml.png?v=1766304619",607
"Purito","PURITO Mighty Bamboo Panthenol Serum (30ml)","PURITO-9170000000011","https://cdn.shopify.com/s/files/1/0515/4589/9157/files/PURITO_Mighty_Bamboo_Panthenol_Serum_30ml_e57a2656-37ce-4bd3-992d-ec7d4c452ea5.png?v=1771869225",583
"Purito","PURITO From Green Avocado Cleansing Balm (100ml)","PURITO-9170000000012","https://cdn.shopify.com/s/files/1/0515/4589/9157/files/Product_Images_92_eee497d6-4841-4e3a-8ad5-5bee01c1b311.png?v=1769087550",547
"Purito","PURITO Wonder Releaf Centella Spot Patch (51 pcs)","PURITO-9170000000013","https://cdn.shopify.com/s/files/1/0515/4589/9157/files/PuritoCentellaMask_1080x_c06790da-d910-46be-be83-8dfe580e67ad.png?v=1741812215",403
"Purito","PURITO Wonder Releaf Centella Mini Kit Unscented (3 PCs)","PURITO-9170000000014","https://cdn.shopify.com/s/files/1/0515/4589/9157/files/Nuse_color_care_balm_226144ff-8eeb-4870-b50d-da44e451db9d.png?v=1768781950",547
"Purito","PURITO Mighty Bamboo Panthenol Cleanser (150ml)","PURITO-9170000000015","https://cdn.shopify.com/s/files/1/0515/4589/9157/files/PURITO_Mighty_Bamboo_Panthenol_Cleanser_150ml.png?v=1766304623",523
"Purito","PURITO From Green Cleansing Oil (200ml)","PURITO-9170000000016","https://cdn.shopify.com/s/files/1/0515/4589/9157/files/Product_Images_83_be6167dd-ae1e-4584-b330-d4ef60a620a4.png?v=1769056487",593
"Purito","PURITO Wonder Releaf Centella Cream Unscented","PURITO-9170000000017","https://cdn.shopify.com/s/files/1/0515/4589/9157/files/centella_cream_unscented-benefit-x2-1.png?v=1734807957",350
"Purito","PURITO Luminous Ceramide Moisturizer (100ml)","PURITO-9170000000018","https://cdn.shopify.com/s/files/1/0515/4589/9157/files/puritoluminousceramide.png?v=1770058965",593
"Purito","PURITO Mighty Bamboo Panthenol Cream (100ml)","PURITO-9170000000019","https://cdn.shopify.com/s/files/1/0515/4589/9157/files/ED_8C_90_ED_85_8C_EB_86_80_ED_81_AC_EB_A6_BC_benefit_product.png?v=1761766819",583
"Purito","PURITO Galacto Niacin 97 Power Essence (60ml)","PURITO-9170000000020","https://cdn.shopify.com/s/files/1/0515/4589/9157/files/PURITO_Galacto_Niacin_97_Power_Essence_60ml_bee93900-e035-4c12-af7f-c8dc5e279454.png?v=1766304622",523
"Purito","PURITO Oat-in Calming Gel Cream (100ml)","PURITO-9170000000021","https://cdn.shopify.com/s/files/1/0515/4589/9157/files/Oat_Cream_benefit.png?v=1768884465",500
"Purito","PURITO Wonder Releaf Centella Toner Unscented (200ml)","PURITO-9170000000022","https://cdn.shopify.com/s/files/1/0515/4589/9157/files/PURITO_Wonder_Releaf_Centella_Toner_Unscented_200ml.png?v=1766304621",607
"Purito","PURITO Wonder Releaf Centella Unscented Serum","PURITO-9170000000023","https://cdn.shopify.com/s/files/1/0515/4589/9157/files/centella_serum_unscented-thumb-x2.png?v=1712337309",350
"Purito","PURITO Luminous Ceramide Sleeping Pack (100ml)","PURITO-9170000000024","https://cdn.shopify.com/s/files/1/0515/4589/9157/files/PURITO_Luminous_Ceramide_Sleeping_Pack_100ml.png?v=1771869390",560
"Purito","PURITO Pure Vitamin C Serum (60ml)","PURITO-9170000000025","https://cdn.shopify.com/s/files/1/0515/4589/9157/files/PURITO_Pure_Vitamin_C_Serum_60ml_bd3682f2-27c4-444b-99d4-1ad167b983f7.png?v=1771869310",570
"Purito","PURITO Deep Sea Pure Water Cream (50g)","PURITO-9170000000026","https://cdn.shopify.com/s/files/1/0515/4589/9157/files/PURITO_Deep_Sea_Pure_Water_Cream_50g.png?v=1766304622",593
"ROSY ROSA","ROSY ROSA Make Up Sponge - Egg (2pc)","ROSYROSA-9090580480236","https://cdn.shopify.com/s/files/1/0515/4589/9157/files/RosyRosaMakeupSpongeEgg.png?v=1765407069",114
"ROSY ROSA","ROSY ROSA Moist Sponge - Square L","ROSYROSA-9090579890412","https://cdn.shopify.com/s/files/1/0515/4589/9157/files/Rosy_Rosa_Moist_Sponge_Square_L.png?v=1765484549",124
"ROSY ROSA","ROSY ROSA Makeup Sponge - N Square L (2pcs)","ROSYROSA-9090579333356","https://cdn.shopify.com/s/files/1/0515/4589/9157/files/Rosy_Rosa_Makeup_Sponge_N_Square_L_8c0219a4-0cb9-4611-97f7-b1b90d199371.png?v=1765396562",1634
"ROSY ROSA","ROSY ROSA Jelly Touch Sponge - House (6pc)","ROSYROSA-9090875949292","https://cdn.shopify.com/s/files/1/0515/4589/9157/files/Rosy_Rosa_Jelly_Touch.png?v=1765491230",190
"ROSY ROSA","ROSY ROSA Natural Sea Sponge S (2pc)","ROSYROSA-9090875654380","https://cdn.shopify.com/s/files/1/0515/4589/9157/files/RosyRosaNaturalSeaSponge.png?v=1765490845",190
"ROSY ROSA","ROSY ROSA Value Sponge - N Wedge (30pcs)","ROSYROSA-9090581397740","https://cdn.shopify.com/s/files/1/0515/4589/9157/files/Rosy_Rosa_Value_Sponge_Wedge.png?v=1765904377",181
"ROSY ROSA","ROSY ROSA Charcoal Makeup Sponge (6pcs)","ROSYROSA-9090580807916","https://cdn.shopify.com/s/files/1/0515/4589/9157/files/Rosy_Rosa_Charcoal_Sponge.png?v=1765489495",133
"ROSY ROSA","ROSY ROSA Real Look Mirror (1pc)","ROSYROSA-9090877653228","https://cdn.shopify.com/s/files/1/0515/4589/9157/files/RosyRosaMirror.png?v=1766721092",247
"ROSY ROSA","ROSY ROSA 100% Natural Cotton (72pcs)","ROSYROSA-9090877489388","https://cdn.shopify.com/s/files/1/0515/4589/9157/files/Rosy_Rosa_Cotton.png?v=1766722757",105
"ROSY ROSA","ROSY ROSA Flocky Puff (2pcs)","ROSYROSA-9090876899564","https://cdn.shopify.com/s/files/1/0515/4589/9157/files/Rosy_Rosa_Flocky_Puffs.png?v=1765908513",1805
"ROSY ROSA","ROSY ROSA Smooth Fit Sponge (1pc)","ROSYROSA-9090876211436","https://cdn.shopify.com/s/files/1/0515/4589/9157/files/RosyRosaSmoothFitSponge.png?v=1765492967",162
"ROSY ROSA","ROSY ROSA Fiber Brush (1pcs)","ROSYROSA-9090883748076","https://cdn.shopify.com/s/files/1/0515/4589/9157/files/RosyRosaFiberL.png?v=1766601278",257
"ROSY ROSA","ROSY ROSA Double-Ended Concealer Brush (1pcs)","ROSYROSA-9090878865644","https://cdn.shopify.com/s/files/1/0515/4589/9157/files/Rosy_Rosa_Concealer_Brush.png?v=1766723902",190
"ROSY ROSA","ROSY ROSA Slide Lip Brush Mini - Pink (1pc)","ROSYROSA-9090878505196","https://cdn.shopify.com/s/files/1/0515/4589/9157/files/Rosy_Rosa_Lip_Brush.png?v=1766724212",152
"ROSY ROSA","ROSY ROSA Multi Use Brush - Face","ROSYROSA-9090878177516","https://cdn.shopify.com/s/files/1/0515/4589/9157/files/Rosy_Rosa_Face_Brush.png?v=1766724661",314
"ROSY ROSA","ROSY ROSA Eye Shadow Tip (6pcs)","ROSYROSA-9090884403436","https://cdn.shopify.com/s/files/1/0515/4589/9157/files/RosyRosaEyeShadowTip.png?v=1765298127",124
"ROSY ROSA","ROSY ROSA Eyebrow Brush Set - Mini (3pcs)","ROSYROSA-9090884174060","https://cdn.shopify.com/s/files/1/0515/4589/9157/files/RosyRosaEyebrowBrushSet.png?v=1765323358",418
"ROSY ROSA","ROSY ROSA Multi Use Brush - Point (1pc)","ROSYROSA-9102799798508","https://cdn.shopify.com/s/files/1/0515/4589/9157/files/RosyRosaPoint.png?v=1766723294",209
"ROSY ROSA","ROSY ROSA Value Sponge - N Square L (12pcs)","ROSYROSA-9102782431468","https://cdn.shopify.com/s/files/1/0515/4589/9157/files/RosyRosaValueSpongeNSquareL.png?v=1765908199",143
"ROSY ROSA","ROSY ROSA Fiber Eyeshadow Brush Set (2pcs)","ROSYROSA-9101411418348","https://cdn.shopify.com/s/files/1/0515/4589/9157/files/RosyRosaEyeshadowBrushSet.png?v=1766723494",190
"ROSY ROSA","ROSY ROSA Point Makeup Brush Set (2pcs)","ROSYROSA-9090884534508","https://cdn.shopify.com/s/files/1/0515/4589/9157/files/Rosy_Rosa_Point_Brush_Set.png?v=1764974636",133
"ROSY ROSA","ROSY ROSA Value Sponge - N House S (30pcs)","ROSYROSA-9102827782380","https://cdn.shopify.com/s/files/1/0515/4589/9157/files/RosyRosaValueSpongeHouse.png?v=1765904821",181
"ROSY ROSA","ROSY ROSA Multi Use Foundation Puff (2pcs)","ROSYROSA-9102815297772","https://cdn.shopify.com/s/files/1/0515/4589/9157/files/RosyRosaMultiUseFoundationPuff.png?v=1766592503",200
"ROSY ROSA","ROSY ROSA Marshmallow Mousse Touch Puff","ROSYROSA-9102815035628","https://cdn.shopify.com/s/files/1/0515/4589/9157/files/RosyRosaMarshmallowPuff.png?v=1766601037",171
"ROSY ROSA","ROSY ROSA Airy Touch Puff","ROSYROSA-9102814839020","https://cdn.shopify.com/s/files/1/0515/4589/9157/files/Rosy_Rosa_Airy_Touch_Puff.png?v=1765929095",181
"ROSY ROSA","ROSY ROSA Value Sponge - N Assorted NBR (20pcs)","ROSYROSA-9102829158636","https://cdn.shopify.com/s/files/1/0515/4589/9157/files/Rosy_Rosa_Assorted_NBR_20.png?v=1765908098",257
"ROSY ROSA","ROSY ROSA Value Sponge - N Assorted NBR (30pcs)","ROSYROSA-9102828929260","https://cdn.shopify.com/s/files/1/0515/4589/9157/files/RosyRosaAssortedNBR.png?v=1765908212",143
"ROSY ROSA","ROSY ROSA Value Sponge - Diamond M (6pcs)","ROSYROSA-9102828798188","https://cdn.shopify.com/s/files/1/0515/4589/9157/files/RosyRosaValueSpongeDiamondM.png?v=1765905186",190
"ROSY ROSA","ROSY ROSA Value Sponge - N Diamond S (30pcs)","ROSYROSA-9102828601580","https://cdn.shopify.com/s/files/1/0515/4589/9157/files/Rosy_Rosa_Value_Sponge_Diamond_S.png?v=1765904967",181
"S.NATURE","S.NATURE Aqua Oasis Toner (300ml)","S.NATURE-9157090869484","https://cdn.shopify.com/s/files/1/0515/4589/9157/files/S.NATUREAquaOasisToner300ml-1.png?v=1770754127",532
"S.NATURE","S.NATURE Aqua Rice Cleansing Oil (200ml)","S.NATURE-9157093785836","https://cdn.shopify.com/s/files/1/0515/4589/9157/files/S.NATUREAquaRiceCleansingOilRice_LHA200ml-1.png?v=1771854345",532
"S.NATURE","S.NATURE Aqua Squalane Moisturizing Cream","S.NATURE-9157107155180","https://cdn.shopify.com/s/files/1/0515/4589/9157/files/S.NatureAquaSqualaneMoisturizingCreamDirectBeauty.png?v=1770752591",570
"S.NATURE","S.NATURE Aqua Squalane Serum","S.NATURE-9157093425388","https://cdn.shopify.com/s/files/1/0515/4589/9157/files/S.NatureAquaSqualaneSerumDirectBeauty.png?v=1771501515",494
"Skin1004","Madagascar Centella Poremizing Quick Clay Stick Mask (27g)","SKIN1004-9158815711468","https://cdn.shopify.com/s/files/1/0515/4589/9157/files/skin1004-madagascar-centella-poremizing-quick-clay-stick-mask-27g-1000x1000.webp?v=1771443379",550
"Skin1004","Madagascar Centella Ampoule (55ml)","SKIN1004-5528","https://cdn.shopify.com/s/files/1/0515/4589/9157/files/SKIN1004_Madagascar_Centella_Ampoule.png?v=1766403403",480
"Skin1004","Tea Trica Spot Cover Patch (22pcs)","SKIN1004-5539","https://cdn.shopify.com/s/files/1/0515/4589/9157/files/skin1004-mask-pad-1-pack-22ea-tea-trica-spot-cover-patch-38642934939894_1800x1800_f900f932-2c99-497e-bc32-64ee26da93d7.png?v=1718047174",180
"Skin1004","Centella Poremizing Deep Cleansing Foam (125ml)","SKIN1004-5551","https://cdn.shopify.com/s/files/1/0515/4589/9157/files/SKIN1004_Centella_Poremizing_Deep_Cleansing_Foam_125ml.png?v=1766403402",420
"Skin1004","Madagascar Centella Soothing Cream (75ml)","SKIN1004-5553","https://cdn.shopify.com/s/files/1/0515/4589/9157/files/skin1004-cream-centella-soothing-cream-38642833588470_1600x_b9bad36f-e3a2-4b36-bfd0-55635b00e038.png?v=1723441608",550
"Skin1004","Madagascar Centella Probio-Cica Enrich Cream (50ml)","SKIN1004-5554","https://cdn.shopify.com/s/files/1/0515/4589/9157/files/SKIN1004MadagascarCentellaProbio-CicaEnrichCream.png?v=1714934858",680
"Skin1004","Centella Probio-Cica Bakuchiol Eye Cream (20ml)","SKIN1004-5555","https://cdn.shopify.com/s/files/1/0515/4589/9157/files/SKIN1004_Centella_Probio_Cica_Bakuchiol_Eye_Cream_20ml_PNG.png?v=1769614531",520
"Skin1004","Centella Tea-Trica Purifying Toner (210ml)","SKIN1004-5570","https://cdn.shopify.com/s/files/1/0515/4589/9157/files/SKIN1004_Centella_Tea_Trica_Purifying_Toner_210ml.png?v=1766403400",490
"Skin1004","Centella Hyalu-Cica Blue Serum (50ml)","SKIN1004-5579","https://cdn.shopify.com/s/files/1/0515/4589/9157/files/SKIN1004_Centella_Hyalu_Cica_Blue_Serum_50ml.png?v=1766403399",520
"Skin1004","Centella Tone Brightening Capsule Cream (75ml)","SKIN1004-5581","https://cdn.shopify.com/s/files/1/0515/4589/9157/files/SKIN1004_Centella_Tone_Brightening_Capsule_Cream_75ml_PNG_69cfd577-c1a2-45f7-9f87-b1ca85927e89.png?v=1769695070",580
"Skin1004","Centella Tea-Trica Relief Ampoule (100ml)","SKIN1004-5582","https://cdn.shopify.com/s/files/1/0515/4589/9157/files/SKIN1004_Centella_Tea_Trica_Relief_Ampoule_100ml.png?v=1766403401",650
"Skin1004","Centella Probio-Cica Intensive Ampoule (50ml)","SKIN1004-5583","https://cdn.shopify.com/s/files/1/0515/4589/9157/files/SKIN1004_Centella_Probio_Cica_Intensive_Ampoule.png?v=1766402627",620
"Skin1004","Centella Poremizing Light Gel Cream (75ml)","SKIN1004-5584","https://cdn.shopify.com/s/files/1/0515/4589/9157/files/SKIN1004_Centella_Poremizing_Light_Gel_Cream_75ml_4965b697-459d-4dcd-b1d8-8f69e4f146ff.png?v=1771870061",490
"Skin1004","Centella Probio-Cica Essence Toner (210ml)","SKIN1004-5585","https://cdn.shopify.com/s/files/1/0515/4589/9157/files/SKIN1004_Centella_Probio-Cica_Essence_Toner_210ml.png?v=1766403399",520
"Skin1004","Centella Hyalu-Cica Sleeping Pack (100ml)","SKIN1004-5586","https://cdn.shopify.com/s/files/1/0515/4589/9157/files/SKIN1004_Centella_Hyalu_Cica_Sleeping_Pack_100ml.png?v=1771870020",550
"Skin1004","Centella Hyalu-Cica Moisture Cream (75ml)","SKIN1004-5590","https://cdn.shopify.com/s/files/1/0515/4589/9157/files/SKIN1004_Centella_Hyalu-Cica_Moisture_Cream_75ml_PNG.png?v=1769616877",580
"Skin1004","Madagascar Centella Tone Brightening Cleansing Gel Foam (125ml)","SKIN1004-5642","https://cdn.shopify.com/s/files/1/0515/4589/9157/files/skin1004-cleanser-125ml-tone-brightening-cleansing-gel-foam-38642975965430_1800x1800_5ebd01fd-841a-4443-89f1-4abc2cdb2e43.png?v=1686248171",450
"Skin1004","Madagascar Centella Tone Brightening Capsule Ampoule (50ml)","SKIN1004-5643","https://cdn.shopify.com/s/files/1/0515/4589/9157/files/SKIN1004_Madagascar_Centella_Tone_Brightening_Capsule_Ampoule_50mL.png?v=1771609633",580
"Skin1004","Madagascar Centella Tone Brightening Boosting Toner (210ml)","SKIN1004-5644","https://cdn.shopify.com/s/files/1/0515/4589/9157/files/skin1004-toner-210ml-tone-brightening-boosting-toner-38642937135350_1800x1800_86102e68-b9fb-4caf-aa8c-d072ab9c31b8.png?v=1723442202",520
"Skin1004","Madagascar Centella Poremizing Fresh Ampoule (100ml)","SKIN1004-5645","https://cdn.shopify.com/s/files/1/0515/4589/9157/files/skin1004-ampoule-serum-100ml-poremizing-fresh-ampoule-38642870780150_1800x1800_fbffc478-8182-4fad-a0e7-44e30feaa038.png?v=1723441824",650
"Skin1004","Madagascar Centella Poremizing Clear Toner (210ml)","SKIN1004-5646","https://cdn.shopify.com/s/files/1/0515/4589/9157/files/SKIN1004_Madagascar_Centella_Poremizing_Clear_Toner_210ml.png?v=1771870280",520
"Skin1004","Madagascar Centella Hyalu-Cica First Ampoule (100ml)","SKIN1004-5647","https://cdn.shopify.com/s/files/1/0515/4589/9157/files/skin1004-ampoule-serum-hyalu-cica-first-ampoule-38642852888822_1800x1800_f79a0106-a392-45cc-9544-52f5a14d96a4.png?v=1723442038",650
"Skin1004","Madagascar Centella Hyalu-Cica Brightening Toner (210ml)","SKIN1004-5648","https://cdn.shopify.com/s/files/1/0515/4589/9157/files/skin1004-toner-hyalu-cica-brightening-toner.png?v=1723441283",490
"Skin1004","Madagascar Centella Watergel Sheet Ampoule Mask (1pc)","SKIN1004-5649","https://cdn.shopify.com/s/files/1/0515/4589/9157/files/skin1004-mask-pad-centella-watergel-sheet-ampoule-mask-38642839388406_1800x1800_8d71fb90-0ead-47c5-9796-3666cfbebe85.png?v=1686247910",1615
"Skin1004","Madagascar Centella Toning Toner (210ml)","SKIN1004-5650","https://cdn.shopify.com/s/files/1/0515/4589/9157/files/SKIN1004_Madagascar_Centella_Toning_Toner_400ml_-_1.jpg?v=1737845188",480
"Skin1004","Madagascar Centella Light Cleansing Oil (200ml)","SKIN1004-5651","https://cdn.shopify.com/s/files/1/0515/4589/9157/files/skin1004-cleanser-centella-light-cleansing-oil-38642994282742_1800x1800_085b9b27-25e3-4117-af16-05ad73b39368.png?v=1717012566",520
"Skin1004","Madagascar Centella Cream (75ml)","SKIN1004-5652","https://cdn.shopify.com/s/files/1/0515/4589/9157/files/SKIN1004_Madagascar_Centella_Cream.png?v=1766402627",550
"Skin1004","Madagascar Centella Ampoule Foam (125ml)","SKIN1004-5653","https://cdn.shopify.com/s/files/1/0515/4589/9157/files/632C5062-7214-417B-8844-7831CCCDC2DE.png?v=1720636849",420
"Skin1004","SKIN1004 Madagascar Centella Tone Brightening Dark Spot Ampoule Pad (60 pads)","SKIN1004-9130000000000","https://cdn.shopify.com/s/files/1/0515/4589/9157/files/SKIN1004_Ampoule_Pad_9e20beb8-0219-44b8-a0c1-559becbe98a4.png?v=1765398511",455
"Skin1004","SKIN1004 Madagascar Centella Matrixyl 10 Boosting Shot Ampoule (30ml)","SKIN1004-9130000000001","https://cdn.shopify.com/s/files/1/0515/4589/9157/files/SKIN1004_Matrixyl_10.png?v=1755636328",500
"Skin1004","SKIN1004 Madagascar Centella Niacinamide 10 Boosting Shot Ampoule (30ml)","SKIN1004-9130000000002","https://cdn.shopify.com/s/files/1/0515/4589/9157/files/SKIN1004Niacinamide10.png?v=1755637121",445
"Skin1004","SKIN1004 Madagascar Centella Retinol 0.2 Boosting Shot Ampoule (30ml)","SKIN1004-9130000000003","https://cdn.shopify.com/s/files/1/0515/4589/9157/files/SKIN1004Retinol0.2.png?v=1755716051",465
"Skin1004","SKIN1004 Madagascar Centella Probio-Cica Nourishing Mask","SKIN1004-9130000000004","https://cdn.shopify.com/s/files/1/0515/4589/9157/files/SKIN1004_Madagascar_Centella_Probio-Cica_Nourishing_Mask.png?v=1766402627",350
"Skin1004","SKIN1004 Madagascar Centella Tea-Trica B5 Cream (75ml)","SKIN1004-9130000000005","https://cdn.shopify.com/s/files/1/0515/4589/9157/files/SKIN1004_Madagascar_Centella_Tea-Trica_B5_Cream_75ml.png?v=1766403400",445
"Skin1004","SKIN1004 Madagascar Centella Quick Calming Pad (70 Pads)","SKIN1004-9130000000006","https://cdn.shopify.com/s/files/1/0515/4589/9157/files/SKIN1004_Madagascar_Centella_Quick_Calming_Pad_70_Pads_19934720-8497-49cc-aa70-0d76d647cd27.png?v=1771870512",455
"Skin1004","SKIN1004 Madagascar Centella Ampoule Kit (4 PCs)","SKIN1004-9130000000007","https://cdn.shopify.com/s/files/1/0515/4589/9157/files/SKIN1004_Madagascar_Centella_Ampoule_Kit_4_PCs.png?v=1766403399",580
"Skin1004","SKIN1004 Madagascar Centella Ampoule","SKIN1004-9130000000008","https://cdn.shopify.com/s/files/1/0515/4589/9157/files/SKIN1004_Madagascar_Centella_Ampoule.png?v=1766403403",393
"Skin1004","SKIN1004 Tea Trica Spot Cover Patch (22pcs)","SKIN1004-9130000000009","https://cdn.shopify.com/s/files/1/0515/4589/9157/files/skin1004-mask-pad-1-pack-22ea-tea-trica-spot-cover-patch-38642934939894_1800x1800_f900f932-2c99-497e-bc32-64ee26da93d7.png?v=1718047174",350
"Skin1004","SKIN1004 Centella Poremizing Deep Cleansing Foam (125ml)","SKIN1004-9130000000010","https://cdn.shopify.com/s/files/1/0515/4589/9157/files/SKIN1004_Centella_Poremizing_Deep_Cleansing_Foam_125ml.png?v=1766403402",420
"Skin1004","SKIN1004 Madagascar Centella Soothing Cream","SKIN1004-9130000000011","https://cdn.shopify.com/s/files/1/0515/4589/9157/files/skin1004-cream-centella-soothing-cream-38642833588470_1600x_b9bad36f-e3a2-4b36-bfd0-55635b00e038.png?v=1723441608",445
"Skin1004","SKIN1004 Madagascar Centella Probio-Cica Enrich Cream","SKIN1004-9130000000012","https://cdn.shopify.com/s/files/1/0515/4589/9157/files/SKIN1004MadagascarCentellaProbio-CicaEnrichCream.png?v=1714934858",350
"Skin1004","SKIN1004 Centella Probio Cica Bakuchiol Eye Cream (20ml)","SKIN1004-9130000000013","https://cdn.shopify.com/s/files/1/0515/4589/9157/files/SKIN1004_Centella_Probio_Cica_Bakuchiol_Eye_Cream_20ml_PNG.png?v=1769614531",420
"Skin1004","SKIN1004 Centella Tea Trica Purifying Toner (210ml)","SKIN1004-9130000000014","https://cdn.shopify.com/s/files/1/0515/4589/9157/files/SKIN1004_Centella_Tea_Trica_Purifying_Toner_210ml.png?v=1766403400",508
"Skin1004","SKIN1004 Centella Hyalu Cica Blue Serum (50ml)","SKIN1004-9130000000015","https://cdn.shopify.com/s/files/1/0515/4589/9157/files/SKIN1004_Centella_Hyalu_Cica_Blue_Serum_50ml.png?v=1766403399",445
"Skin1004","SKIN1004 Centella Tone Brightening Capsule Cream (75ml)","SKIN1004-9130000000016","https://cdn.shopify.com/s/files/1/0515/4589/9157/files/SKIN1004_Centella_Tone_Brightening_Capsule_Cream_75ml_PNG_69cfd577-c1a2-45f7-9f87-b1ca85927e89.png?v=1769695070",490
"Skin1004","SKIN1004 Centella Tea Trica Relief Ampoule (100ml)","SKIN1004-9130000000017","https://cdn.shopify.com/s/files/1/0515/4589/9157/files/SKIN1004_Centella_Tea_Trica_Relief_Ampoule_100ml.png?v=1766403401",508
"Skin1004","SKIN1004 Centella Probio Cica Intensive Ampoule","SKIN1004-9130000000018","https://cdn.shopify.com/s/files/1/0515/4589/9157/files/SKIN1004_Centella_Probio_Cica_Intensive_Ampoule.png?v=1766402627",393
"Skin1004","SKIN1004 Centella Poremizing Light Gel Cream (75ml)","SKIN1004-9130000000019","https://cdn.shopify.com/s/files/1/0515/4589/9157/files/SKIN1004_Centella_Poremizing_Light_Gel_Cream_75ml_4965b697-459d-4dcd-b1d8-8f69e4f146ff.png?v=1771870061",500
"Skin1004","SKIN1004 Centella Probio-Cica Essence Toner (210ml)","SKIN1004-9130000000020","https://cdn.shopify.com/s/files/1/0515/4589/9157/files/SKIN1004_Centella_Probio-Cica_Essence_Toner_210ml.png?v=1766403399",508
"Skin1004","SKIN1004 Centella Hyalu Cica Sleeping Pack (100ml)","SKIN1004-9130000000021","https://cdn.shopify.com/s/files/1/0515/4589/9157/files/SKIN1004_Centella_Hyalu_Cica_Sleeping_Pack_100ml.png?v=1771870020",473
"Skin1004","SKIN1004 Centella Hyalu-Cica Moisture Cream (75ml)","SKIN1004-9130000000022","https://cdn.shopify.com/s/files/1/0515/4589/9157/files/SKIN1004_Centella_Hyalu-Cica_Moisture_Cream_75ml_PNG.png?v=1769616877",490
"Skin1004","SKIN1004 Madagascar Centella Tone Brightening Cleansing Gel Foam (125ml)","SKIN1004-9130000000023","https://cdn.shopify.com/s/files/1/0515/4589/9157/files/skin1004-cleanser-125ml-tone-brightening-cleansing-gel-foam-38642975965430_1800x1800_5ebd01fd-841a-4443-89f1-4abc2cdb2e43.png?v=1686248171",393
"Skin1004","SKIN1004 Madagascar Centella Tone Brightening Capsule Ampoule","SKIN1004-9130000000024","https://cdn.shopify.com/s/files/1/0515/4589/9157/files/SKIN1004_Madagascar_Centella_Tone_Brightening_Capsule_Ampoule_50mL.png?v=1771609633",400
"Skin1004","SKIN1004 Madagascar Centella Tone Brightening Boosting Toner (210ml)","SKIN1004-9130000000025","https://cdn.shopify.com/s/files/1/0515/4589/9157/files/skin1004-toner-210ml-tone-brightening-boosting-toner-38642937135350_1800x1800_86102e68-b9fb-4caf-aa8c-d072ab9c31b8.png?v=1723442202",455
"Skin1004","SKIN1004 Madagascar Centella Poremizing Fresh Ampoule (100ml)","SKIN1004-9130000000026","https://cdn.shopify.com/s/files/1/0515/4589/9157/files/skin1004-ampoule-serum-100ml-poremizing-fresh-ampoule-38642870780150_1800x1800_fbffc478-8182-4fad-a0e7-44e30feaa038.png?v=1723441824",500
"Skin1004","SKIN1004 Madagascar Centella Poremizing Clear Toner (210ml)","SKIN1004-9130000000027","https://cdn.shopify.com/s/files/1/0515/4589/9157/files/SKIN1004_Madagascar_Centella_Poremizing_Clear_Toner_210ml.png?v=1771870280",465
"Skin1004","SKIN1004 Madagascar Centella Hyalu-Cica First Ampoule (100ml)","SKIN1004-9130000000028","https://cdn.shopify.com/s/files/1/0515/4589/9157/files/skin1004-ampoule-serum-hyalu-cica-first-ampoule-38642852888822_1800x1800_f79a0106-a392-45cc-9544-52f5a14d96a4.png?v=1723442038",508
"Skin1004","SKIN1004 Madagascar Centella Hyalu-Cica Brightening Toner (210ml)","SKIN1004-9130000000029","https://cdn.shopify.com/s/files/1/0515/4589/9157/files/skin1004-toner-hyalu-cica-brightening-toner.png?v=1723441283",445
"Skin1004","SKIN1004 Madagascar Centella Watergel Sheet Ampoule Mask","SKIN1004-9130000000030","https://cdn.shopify.com/s/files/1/0515/4589/9157/files/skin1004-mask-pad-centella-watergel-sheet-ampoule-mask-38642839388406_1800x1800_8d71fb90-0ead-47c5-9796-3666cfbebe85.png?v=1686247910",350
"Skin1004","SKIN1004 Madagascar Centella Toning Toner","SKIN1004-9130000000031","https://cdn.shopify.com/s/files/1/0515/4589/9157/files/SKIN1004_Madagascar_Centella_Toning_Toner_400ml_-_1.jpg?v=1737845188",350
"Skin1004","SKIN1004 Madagascar Centella Light Cleansing Oil (200ml)","SKIN1004-9130000000032","https://cdn.shopify.com/s/files/1/0515/4589/9157/files/skin1004-cleanser-centella-light-cleansing-oil-38642994282742_1800x1800_085b9b27-25e3-4117-af16-05ad73b39368.png?v=1717012566",508
"Skin1004","SKIN1004 Madagascar Centella Cream","SKIN1004-9130000000033","https://cdn.shopify.com/s/files/1/0515/4589/9157/files/SKIN1004_Madagascar_Centella_Cream.png?v=1766402627",350
"Skin1004","SKIN1004 Madagascar Centella Ampoule Foam (125ml)","SKIN1004-9130000000034","https://cdn.shopify.com/s/files/1/0515/4589/9157/files/632C5062-7214-417B-8844-7831CCCDC2DE.png?v=1720636849",445
"SKINFOOD","SKINFOOD Rice Brightening Serum (55ml)","SKINFOOD-9024573309164","https://cdn.shopify.com/s/files/1/0515/4589/9157/files/SKINFOODRiceBrighteningSerum55ml-1_600x600_1d6ebe4f-e4f1-4db0-a109-a75619cb6f18.png?v=1759433464",532
"SKINFOOD","SKINFOOD Rice Brightening Mask","SKINFOOD-9024550174956","https://cdn.shopify.com/s/files/1/0515/4589/9157/files/download_5d912325-3cba-437a-b46a-1b618dd6d52f.png?v=1759419696",1805
"Sulwhasoo","SULWHASOO Essential Revitalizing Set (6pcs)","SULWHASOO-8343858315500","https://cdn.shopify.com/s/files/1/0515/4589/9157/files/Sulwhasoo_Set.png?v=1765911453",199
"Sungboon Editor","Sungboon Editor Deep Collagen Cica Teatree Soothing Mask (4 PCs)","SUNGBOONEDITOR-9008008200428","https://cdn.shopify.com/s/files/1/0515/4589/9157/files/Frame_3_be209cfb-4ac7-40fe-871c-c79fa5f90cfb.png?v=1758292494",494
"TIRTIR","TIRTIR Mask Fit AI Filter Cushion (18g)","TIRTIR-9141969584364","https://cdn.shopify.com/s/files/1/0515/4589/9157/files/1b6ebbec5a8befb4246f29414f16d9a7.png?v=1769197917",474
"TIRTIR","TIRTIR Mask Fit All-Cover Cushion (18g)","TIRTIR-9141970534636","https://cdn.shopify.com/s/files/1/0515/4589/9157/files/13N.png?v=1769792034",474
"TIRTIR","TIRTIR Mask Fit Aura Cushion (18g)","TIRTIR-9141971812588","https://cdn.shopify.com/s/files/1/0515/4589/9157/files/8809928136837_1_20250924180500.png?v=1769791757",474
"TIRTIR","TIRTIR Mask Fit Waterproof Setting Spray (80ml)","TIRTIR-9142667608300","https://cdn.shopify.com/s/files/1/0515/4589/9157/files/img_4407.png?v=1769811460",342
"Tocobo","TOCOBO Vita Glazed Lip Mask (20ml)","TOCOBO-8225463894252","https://cdn.shopify.com/s/files/1/0515/4589/9157/files/TOCOBO_Vita_Glazed_Lip_Mask_20ml.png?v=1766311976",437
"Torriden","Dive-In Low Molecular Hyaluronic Acid Serum (50ml)","TORRIDEN-SERUM-50","https://cdn.shopify.com/s/files/1/0515/4589/9157/files/Torriden_Serum.png?v=1768103328",650
"Torriden","Dive-In Hyaluronic Acid Soothing Cream (100ml)","TORRIDEN-CREAM-100","https://cdn.shopify.com/s/files/1/0515/4589/9157/files/Torriden_Soothing_Cream.png?v=1768103138",650
"Unove","UNOVE Volume Up Curling Essence (147ml)","UNOVE-9142123233516","https://cdn.shopify.com/s/files/1/0515/4589/9157/files/735b3567-2397-4e11-8009-91bc6ed53fbe.webp?v=1769795342",417
"Unove","UNOVE Water Essence Mist (200ml)","UNOVE-9142057500908","https://cdn.shopify.com/s/files/1/0515/4589/9157/files/Unove_Water_Essence_Mist.png?v=1769635695",513
"Village 11 Factory","Village 11 Factory Hydro Boost Serum (50ml)","VILLAGE11FACTORY-9008019210476","https://cdn.shopify.com/s/files/1/0515/4589/9157/files/Village_11_Factory_Hydro_Boost_Serum_50ml.png?v=1766326782",494
"VT Cosmetics","VT Collagen Reedle Shot 100 2-Step Hydrogel Mask (1 PC)","VTCOSMETICS-9098267230444","https://cdn.shopify.com/s/files/1/0515/4589/9157/files/b7e08d72-9c24-4308-8f2f-a55b159061ad.png?v=1770146691",152
"VT Cosmetics","VT Reti-A Reedle Shot 100 2-Step Hydrogel Mask (1 PC)","VTCOSMETICS-9098267820268","https://cdn.shopify.com/s/files/1/0515/4589/9157/files/11913_reti-a-reedle-shot-100-mask-photoroom--1.png?v=1770649723",152
"W. DRESSROOM","W. DRESSROOM Moisturizing Perfume Hand Cream (50ml)","W.DRESSROOM-9102712340716","https://cdn.shopify.com/s/files/1/0515/4589/9157/files/5282585d0fc16474f55d5dafa05867d0e781362d1b515cf58f524254fd174bf2.png?v=1768512742",228
"W. DRESSROOM","W. DRESSROOM Perfume Hand & Nail Cream Set (3x30ml)","W.DRESSROOM-9102722826476","https://cdn.shopify.com/s/files/1/0515/4589/9157/files/wdressroomwdressroom-perfume-hand-nail-cream-setoceanbuy-beauty-2507631.png?v=1768510921",323
"Wasosen","Wasosen Adlay Hatomugi Peeling Gel (200g)","WASOSEN-8499855229164","https://cdn.shopify.com/s/files/1/0515/4589/9157/files/wasosen2.jpg?v=1717196481",209
"Wasosen","Wasosen Body Milk (500ml)","WASOSEN-7649510162668","https://cdn.shopify.com/s/files/1/0515/4589/9157/files/wasosen.jpg?v=1717196326",266