#,BRAND,PRODUCT NAME,CATEGORY,RETAIL PRICE (ZAR),SA MARKET PRICE (ZAR),SOURCE PRICE (USD),MAX LANDED COST (ZAR),MARGIN TIER,TARGET GM%,PRICING NOTE,SOURCE URL,DESCRIPTION,INGREDIENTS
1,Mediheal,MEDIHEAL Vitamin C Essential Mask - Clear Toning (10 PCs),Sheet Masks,R702.61,—,$17.00,R175.65,Tier A (Hero),75%,No local comp,https://kiyoko.com/products/mediheal-vitamin-c-essential-mask-clear-toning,"The Skin Boutique Curates: MEDIHEAL Vitamin C Essential Mask - Clear Toning (10 PCs) Revive dull, uneven skin with this brightening mask featuring 99% pure Vitamin C in hyaluronic liposomes for enhanc","Water, Glycerin (Check packaging for full details)"
2,Mediheal,MEDIHEAL Collagen Essential Mask - Core Firming (10 PCs),Sheet Masks,R702.61,—,$17.00,R175.65,Tier A (Hero),75%,No local comp,https://kiyoko.com/products/mediheal-collagen-essential-mask-core-firming,The Skin Boutique Curates: MEDIHEAL Collagen Essential Mask - Core Firming (10 PCs) MEDIHEAL's Core Firming Collagen Mask delivers concentrated lifting and hydration in one sheet. Powered by three col,"Water, Glycerin (Check packaging for full details)"
3,Mediheal,MEDIHEAL Ceramide Essential Mask - Moisture Barrier (10 PCs),Sheet Masks,R702.61,—,$17.00,R175.65,Tier A (Hero),75%,No local comp,https://kiyoko.com/products/mediheal-ceramide-essential-mask-moisture-barrier,"The Skin Boutique Curates: MEDIHEAL Ceramide Essential Mask - Moisture Barrier (10 PCs) MEDIHEAL Ceramide Essential Mask harnesses 90% high-purity ceramides—four types (NP, AP, NS, EOP)—to deeply hydr","Water, Glycerin (Check packaging for full details)"
4,numbuzin,numbuzin No.2 Rose PDRN Collagen Plumping Serum Duo (1.2ml x 10),Serum,R785.27,—,$19.00,R196.32,Tier A (Hero),75%,No local comp,https://kiyoko.com/products/numbuzin-no-2-rose-pdrn-collagen-2x-plumping-serum-copy,The Skin Boutique Curates: numbuzin No.2 Rose PDRN Collagen Plumping Serum Duo (1.2ml x 10) Experience the best of K-Beauty with numbuzin No.2 Rose PDRN Collagen Plumping Serum Duo (1.2ml x 10) by num,"Water, Glycerin (Full ingredients list under review)"
5,Dr. Althea,Dr. Althea Marine Anti-Blemish Mask,Sheet Masks,R629.00,R629,$5.00,R157.25,Tier A (Hero),75%,Single product overlap.,https://kiyoko.com/products/dr-althea-marine-anti-blemish-mask,The Skin Boutique Curates: Dr. Althea Marine Anti-Blemish Mask Dr. Althea Marine Anti-Blemish Mask harnesses the power of Crithmum Maritimum Extract and premium Lactobacillus to gently lift away dead ,"Water, Glycerin (Check packaging for full details)"
6,Mediheal,MEDIHEAL Hyaluronate Essential Mask - Ultra Hydration (10 PCs),Sheet Masks,R702.61,—,$17.00,R175.65,Tier A (Hero),75%,No local comp,https://kiyoko.com/products/mediheal-hyaluronate-essential-mask-ultra-hydration-10-pcs,The Skin Boutique Curates: MEDIHEAL Hyaluronate Essential Mask - Ultra Hydration (10 PCs) Hydrating and cooling with 10 types of hyaluronic acid Authentically sourced and independently curated by The ,"Water, Glycerin (Check packaging for full details)"
7,Mediheal,MEDIHEAL Teatree Essential Mask - Calming Moisture (10 PCs),Sheet Masks,R702.61,—,$17.00,R175.65,Tier A (Hero),75%,No local comp,https://kiyoko.com/products/mediheal-teatree-essential-mask-calming-moisture-10-pcs,"The Skin Boutique Curates: MEDIHEAL Teatree Essential Mask - Calming Moisture (10 PCs) Calm and soothes sensitive, acne-prone skin. Authentically sourced and independently curated by The Skin Boutique","Water, Glycerin (Check packaging for full details)"
8,Mediheal,MEDIHEAL Madecassoside Essential Mask - Blemish Repair (10 PCs),Sheet Masks,R702.61,—,$17.00,R175.65,Tier A (Hero),75%,No local comp,https://kiyoko.com/products/mediheal-madecassoside-essential-mask-blemish-repair-10-pcs,The Skin Boutique Curates: MEDIHEAL Madecassoside Essential Mask - Blemish Repair (10 PCs) Soothing sheet mask for active blemishes and post-blemish marks. Authentically sourced and independently cura,"Water, Glycerin (Check packaging for full details)"
9,Dr. Althea,Dr.Althea Aqua Marine Watery Cream (50ml),Cream,R743.94,—,$18.00,R185.99,Tier A (Hero),75%,No local comp,https://kiyoko.com/products/dr-althea-aqua-marine-watery-cream-50ml,"The Skin Boutique Curates: Dr.Althea Aqua Marine Watery Cream (50ml) Lightweight, watery daily moisturizer to soothe and hydrate Authentically sourced and independently curated by The Skin Boutique — ","Water, Glycerin (Check packaging for full details)"
10,Mediheal,MEDIHEAL Retinol Collagen Ampoule Lifting Mask (4 PCs),Sheet Masks,R537.29,—,$13.00,R134.32,Tier A (Hero),75%,No local comp,https://kiyoko.com/products/mediheal-retinol-collagen-ampoule-lifting-mask-4-pcs,The Skin Boutique Curates: MEDIHEAL Retinol Collagen Ampoule Lifting Mask (4 PCs) Wrinkle relieving firming mask Authentically sourced and independently curated by The Skin Boutique — your trusted des,"Water, Glycerin (Check packaging for full details)"
11,AXIS-Y,AXIS-Y TXA 2.5% Intensive Brightening Cream (50ml),Cream,R785.27,—,$19.00,R196.32,Tier A (Hero),75%,No local comp,https://kiyoko.com/products/axis-y-txa-2-5-intensive-brightening-cream-50ml,The Skin Boutique Curates: AXIS-Y TXA 2.5% Intensive Brightening Cream (50ml) Silicone-free brightening cream to fade dark spots and even skin tone. Authentically sourced and independently curated by ,"Water, Glycerin, Dicaprylyl Ether, Hydrogenated Polydecene, Stearyl Alcohol, Butyrospermum Parkii (Shea) Butter, Niacinamide, Tranexamic Acid(2.5%), Octyldodecanol, Pentaerythrityl Tetraethylhexanoate"
12,ANUA,ANUA Heartleaf Centella Red Spot Cream (30g),Cream,R785.27,—,$19.00,R196.32,Tier A (Hero),75%,No local comp,https://kiyoko.com/products/anua-heartleaf-centella-red-spot-cream-30g,"The Skin Boutique Curates: ANUA Heartleaf Centella Red Spot Cream (30g) A spot treatment that helps treat red spots, with a mild, non-sticky formula. Authentically sourced and independently curated by","Water, Houttuynia Cordata Flower/Leaf/Stem Water, Glycerin, Butylene Glycol, Panthenol, 2,3-Butanediol, Dicaprylyl Carbonate, Methyl Trimethicone, Niacinamide, 1,2-Hexanediol, Pentylene Glycol, Squala"
13,Mediheal,MEDIHEAL Rose PDRN Essential Mask (10 PCs),Sheet Masks,R702.61,—,$17.00,R175.65,Tier A (Hero),75%,No local comp,https://kiyoko.com/products/mediheal-rose-pdrn-essential-mask-10-pcs,The Skin Boutique Curates: MEDIHEAL Rose PDRN Essential Mask (10 PCs) A sheet mask enriched with hydrolyzed collagen to help restore firmness and fight fatigue Authentically sourced and independently ,"Water, Glycerin (Check packaging for full details)"
14,Purito,PURITO Hydro Wave Deep Sea Serum (60ml),Serum,R743.94,—,$18.00,R185.99,Tier A (Hero),75%,No local comp,https://kiyoko.com/products/purito-hydro-wave-deep-sea-serum-60ml,"The Skin Boutique Curates: PURITO Hydro Wave Deep Sea Serum (60ml) A lightweight, non-greasy quench for dehydrated skin. Authentically sourced and independently curated by The Skin Boutique — your tru","Sea Water (66.01%), Butylene Glycol, Propanediol, Glycerin, Water, 1,2-Hexanediol, Caprylic/Capric Triglyceride, Hydrolyzed Glycosaminoglycans, Betaine, Ectoin, Tremella Fuciformis (Mushroom) Extract,"
15,Dr. Althea,Dr.Althea Jelly Seal Repair Mask (4 PCs),Sheet Masks,R454.63,—,$11.00,R113.66,Tier A (Hero),75%,No local comp,https://kiyoko.com/products/dr-althea-jelly-seal-repair-mask-4-pcs,The Skin Boutique Curates: Dr.Althea Jelly Seal Repair Mask (4 PCs) A dual layer jelly mask to nourish and seal in moisture and nutrients Authentically sourced and independently curated by The Skin Bo,"Water, Glycerin (Check packaging for full details)"
16,Dr. Althea,Dr.Althea Cushion Veil Calming Mask (4 PCs),Sheet Masks,R537.29,—,$13.00,R134.32,Tier A (Hero),75%,No local comp,https://kiyoko.com/products/dr-althea-cushion-veil-calming-mask-4-pcs,"The Skin Boutique Curates: Dr.Althea Cushion Veil Calming Mask (4 PCs) A cooling sheet mask for irritated, acne-prone skin. Authentically sourced and independently curated by The Skin Boutique — your ","Water, Glycerin (Check packaging for full details)"
17,Dr. Althea,Dr.Althea Aqua Blue Moisturizing Mask (4 PCs),Sheet Masks,R454.63,—,$11.00,R113.66,Tier A (Hero),75%,No local comp,https://kiyoko.com/products/dr-althea-aqua-blue-moisturizing-mask-4-pcs,The Skin Boutique Curates: Dr.Althea Aqua Blue Moisturizing Mask (4 PCs) Deeply soothing and hydrating face mask for sensitive skin Authentically sourced and independently curated by The Skin Boutique,"Water, Glycerin (Check packaging for full details)"
18,Purito,PURITO Wonder Releaf Centella Cream (50ml),Cream,R785.27,—,$19.00,R196.32,Tier A (Hero),75%,No local comp,https://kiyoko.com/products/purito-wonder-releaf-centella-cream-50ml,The Skin Boutique Curates: PURITO Wonder Releaf Centella Cream (50ml) A soothing and relieving cream with CICA ingredients that strengthens and restores the skin's natural moisture barrier. Authentica,"Water, Caprylic/Capric Triglyceride, Glycerin, Squalane, Cetearyl Alcohol, Butylene Glycol, 1,2-Hexanediol, Niacinamide, Macadamia Ternifolia Seed Oil, Hydrogenated Lecithin, Centella Asiatica Extract"
19,Mediheal,MEDIHEAL Vita Toning Essence Mask (5 PCs),Sheet Masks,R413.30,—,$10.00,R103.33,Tier A (Hero),75%,No local comp,https://kiyoko.com/products/mediheal-vita-toning-essence-mask-5-pcs,The Skin Boutique Curates: MEDIHEAL Vita Toning Essence Mask (5 PCs) An intensive anti-aging treatment mask reduces the appearance of fine lines and wrinkles Authentically sourced and independently cu,"Water, Glycerin (Check packaging for full details)"
20,Mediheal,MEDIHEAL Cica Calming Ampoule Mask (10 PCs),Sheet Masks,R454.63,—,$11.00,R113.66,Tier A (Hero),75%,No local comp,https://kiyoko.com/products/mediheal-cica-calming-ampoule-mask-10-pcs,"The Skin Boutique Curates: MEDIHEAL Cica Calming Ampoule Mask (10 PCs) A calming and soothing sheet mask for troubled, irritated skin. Authentically sourced and independently curated by The Skin Bouti","Water, Glycerin (Check packaging for full details)"
21,Mediheal,MEDIHEAL Aqua Soothing Ampoule Mask (10 PCs),Sheet Masks,R454.63,—,$11.00,R136.39,Tier B (Volume),70%,No local comp,https://kiyoko.com/products/mediheal-aqua-soothing-ampoule-mask-10-pcs,The Skin Boutique Curates: MEDIHEAL Aqua Soothing Ampoule Mask (10 PCs) A moisturizing sheet mask formulated with 4 different types of hyaluronic acid. Authentically sourced and independently curated ,"Water, Glycerin (Check packaging for full details)"
22,Mediheal,MEDIHEAL Vita Clear Ampoule Mask (10 PCs),Sheet Masks,R454.63,—,$11.00,R136.39,Tier B (Volume),70%,No local comp,https://kiyoko.com/products/mediheal-vita-clear-ampoule-mask-10-pcs,"The Skin Boutique Curates: MEDIHEAL Vita Clear Ampoule Mask (10 PCs) A rejuvenating, brightening sheet mask infused with vitamin C derivatives. Authentically sourced and independently curated by The S","Water, Glycerin, Dipropylene Glycol, Chlorphenesin, Polysorbate 80 , Allantoin, Carbomer, Tromethamine, Butylene Glycol, Disodium EDTA, Sodium Ascorbyl Phosphate , Ethylhexylglycerin, Chrysanthemum In"
23,AXIS-Y,AXIS-Y LHA Peel & Fill Pore Balancing Cream (50ml),Cream,R702.61,—,$17.00,R210.78,Tier B (Volume),70%,No local comp,https://kiyoko.com/products/axis-y-lha-peel-fill-pore-balancing-cream-50ml,The Skin Boutique Curates: AXIS-Y LHA Peel & Fill Pore Balancing Cream (50ml) A pore-perfecting cream that gently exfoliates the skin to purify and minimize the appearance of pores. Authentically sour,"Water, Glycerin (Check packaging for full details)"
24,AXIS-Y,AXIS-Y Dark Spot Correcting Glow Cream (50ml),Cream,R702.61,—,$17.00,R210.78,Tier B (Volume),70%,No local comp,https://kiyoko.com/products/axis-y-dark-spot-correcting-glow-cream-50ml,"The Skin Boutique Curates: AXIS-Y Dark Spot Correcting Glow Cream (50ml) Hydrating gel-cream that revitalizes, fortifies and defends the skin. Authentically sourced and independently curated by The Sk","Water, Glycerin, Propanediol, Niacinamide, Butylene Glycol, Alpha-arbutin, Caprylic/Capric Triglyceride, Isohexadecane, Betaine, Ceramide NP, Centella Asiatica Leaf Extract, Adenosine, Sodium Ascorbyl"
25,AXIS-Y,AXIS-Y CALAMINE Pore Control Capsule Serum (50ml),Serum,R371.97,—,$9.00,R111.59,Tier B (Volume),70%,No local comp,https://kiyoko.com/products/axis-y-calamine-pore-control-capsule-serum-50ml,The Skin Boutique Curates: AXIS-Y CALAMINE Pore Control Capsule Serum (50ml) A pore control serum that purifies and improves the appearance of large pores. Authentically sourced and independently cura,"Water, Butylene Glycol, Dipropylene Glycol, 1,2-Hexanediol, Cetyl Ethylhexanoate, Calamine, Bromelain, Iris Versicolor Extract, Hamamelis Virginiana (Witch Hazel) Extract, Sucrose, Mannitol, Zea Mays "
26,Beauty of Joseon,Beauty of Joseon Centella Asiatica Calming Mask (10 pcs),Sheet Masks,R785.27,—,$19.00,R235.58,Tier B (Volume),70%,No local comp,https://kiyoko.com/products/beauty-of-joseon-centella-asiatica-calming-mask-10-pcs-1,"The Skin Boutique Curates: Beauty of Joseon Centella Asiatica Calming Mask (10 pcs) A unique calming Tencel sheet mask designed to soothe, moisturize and deeply hydrate the skin all at once. Authentic","Water, Centella Asiatica Extract, Glycereth-26, Butylene Glycol, Niacinamide, 1,2-Hexanediol, Hydroxyacetophenone, Arginine, Acrylates/C10-30 Alkyl Acrylate Crosspolymer, Hydroxyethylcellulose, Carrag"
27,COSRX,COSRX Centella Blemish Cream (30g),Cream,R661.28,—,$16.00,R198.38,Tier B (Volume),70%,No local comp,https://kiyoko.com/products/cosrx-centella-blemish-cream-30g-1,"The Skin Boutique Curates: COSRX Centella Blemish Cream (30g) A mild, soothing jar type cream that soothes and calms irritated skin. Authentically sourced and independently curated by The Skin Boutiqu","Water, Glycerin (Check packaging for full details)"
28,Beauty of Joseon,Beauty of Joseon Calming Serum (30ml),Serum,R702.61,—,$17.00,R210.78,Tier B (Volume),70%,No local comp,https://kiyoko.com/products/beauty-of-joseon-calming-serum-30ml,The Skin Boutique Curates: Beauty of Joseon Calming Serum (30ml) This lightweight Calming Serum works like a charm to soothe irritated skin and restore skin harmony. Authentically sourced and independ,"Camellia Sinensis Leaf Water (50.9%), Artemisia Capillaris Extract, Panthenol, Glycerin, Butylene Glycol, Water, 1,2-hexanediol, Methylpropanediol, Acrylates/C10-30 Alkyl Acrylate Crosspolymer, Tromet"
29,Beauty of Joseon,Beauty of Joseon Revive Serum: Ginseng + Snail Mucin (30ml),Serum,R619.95,—,$15.00,R185.99,Tier B (Volume),70%,No local comp,https://kiyoko.com/products/beauty-of-joseon-revive-serum-ginseng-snail-mucin-30ml,"The Skin Boutique Curates: Beauty of Joseon Revive Serum: Ginseng + Snail Mucin (30ml) Newly rebranded, the Repair Serum from Beauty of Joseon is now called Revive Serum: Ginseng + Snail Mucin with ne","Panax Ginseng Root Water, Water, Butylene Glycol, Snail Secretion Filtrate, Dipropylene Glycol, 1,2-Hexanediol, Glycerin, Niacinamide, Propanediol, Trehalose, Carbomer, Tromethamine, Xanthan Gum, Cent"
30,Beauty of Joseon,Beauty of Joseon Glow Serum: Propolis & Niacinamide (30ml),Serum,R661.28,—,$16.00,R198.38,Tier B (Volume),70%,No local comp,https://kiyoko.com/products/beauty-of-joseon-glow-serum-propolis-niacinamide-30ml-1,The Skin Boutique Curates: Beauty of Joseon Glow Serum: Propolis & Niacinamide (30ml) A serum that skillfully manages sebum production while ensuring your skin remains hydrated Authentically sourced a,"Propolis Extract, Dipropylene Glycol, Glycerin, Butylene Glycol, Water, Niacinamide, 1,2-Hexanediol, Melia Azadirachta Flower Extract, Melia Azadirachta Leaf Extract, Sodium Hyaluronate, Curcuma Longa"
31,Beauty of Joseon,Beauty of Joseon Glow Deep Serum: Rice + Arbutin (30ml),Serum,R702.61,—,$17.00,R210.78,Tier B (Volume),70%,No local comp,https://kiyoko.com/products/beauty-of-joseon-glow-deep-serum-rice-arbutin-30ml,The Skin Boutique Curates: Beauty of Joseon Glow Deep Serum: Rice + Arbutin (30ml) A serum that works diligently to illuminate and boost the health of your skin. Authentically sourced and independentl,"Oryza Sativa (Rice) Bran Water, Water, Glycerin, Butylene Glycol, 1,2-Hexanediol, Dipropylene Glycol, Arbutin, Methyl Gluceth-20, Panthenol, Polyglycerin-3, Trehalose, Glyceryl Glucoside, Hydrolyzed J"
32,Purito,PURITO Mighty Bamboo Panthenol Cream (100ml),Cream,R785.27,—,$19.00,R235.58,Tier B (Volume),70%,No local comp,https://kiyoko.com/products/purito-mighty-bamboo-panthenol-cream-100ml,The Skin Boutique Curates: PURITO Mighty Bamboo Panthenol Cream (100ml) Skin barrier fortifying cream for all seasons Authentically sourced and independently curated by The Skin Boutique — your truste,"Water, Panthenol (10%), Squalane, Butylene Glycol, 1,2-Hexanediol, Niacinamide, Bambusa Vulgaris Extract (3,497 ppm), Hydrolyzed Jojoba Esters, Acrylates/C10-30 Alkyl Acrylate Crosspolymer, Ammonium A"
33,ANUA,ANUA Heartleaf 70% Intense Calming Cream,Cream,R371.97,—,$9.00,R111.59,Tier B (Volume),70%,No local comp,https://kiyoko.com/products/anua-heartleaf-70-intense-calming-cream-50ml,The Skin Boutique Curates: ANUA Heartleaf 70% Intense Calming Cream Experience the best of K-Beauty with ANUA Heartleaf 70% Intense Calming Cream by ANUA — a premium formula crafted to transform your ,"Water, Glycerin (Full ingredients list under review)"
34,Purito,PURITO Oat-in Calming Gel Cream (100ml),Cream,R743.94,—,$18.00,R223.18,Tier B (Volume),70%,No local comp,https://kiyoko.com/products/purito-oat-in-calming-gel-cream-100ml,"The Skin Boutique Curates: PURITO Oat-in Calming Gel Cream (100ml) A refreshing gel cream with nourishing oat seed water, instantly calming for dry and sensitive skin. Authentically sourced and indepe","Avena Sativa (Oat) Seed Water (77%), Butylene Glycol, Glycerin, 2,3-Butanediol, 1,2-Hexanediol, Aqua/Water, Ammonium Acryloyldimethyltaurate/VP Copolymer, Squalane, Hydroxyacetophenone, Carbomer, Dipo"
35,AXIS-Y,AXIS-Y Heartleaf My Type Calming Cream (60ml),Cream,R785.27,—,$19.00,R235.58,Tier B (Volume),70%,No local comp,https://kiyoko.com/products/axis-y-heartleaf-my-type-calming-cream-60ml,The Skin Boutique Curates: AXIS-Y Heartleaf My Type Calming Cream (60ml) A lightweight gel cream to hydrate and calm irritated skin. Authentically sourced and independently curated by The Skin Boutiqu,"Water, Propanediol, Glycerin, Sodium Hyaluronate, Butylene Glycol, Sorbitol, Isohexadecane, Caprylic/Capric Triglyceride, Houttuynia Cordata Extract, Betaine, Centella Asiatica Extract, Glyceryl Stear"
36,AXIS-Y,AXIS-Y Cera-Heart My Type Duo Cream (60ml),Cream,R413.30,—,$10.00,R123.99,Tier B (Volume),70%,No local comp,https://kiyoko.com/products/axis-y-cera-heart-my-type-duo-cream-60ml,"The Skin Boutique Curates: AXIS-Y Cera-Heart My Type Duo Cream (60ml) An all-in-one duo packaging cream that targets the ""U Zone"" and ""T Zone"" all year round. Authentically sourced and independently c","Water, Glycerin (Check packaging for full details)"
37,COSRX,COSRX The Vitamin C 13 Serum (20ml),Serum,R661.28,—,$16.00,R198.38,Tier B (Volume),70%,No local comp,https://kiyoko.com/products/cosrx-the-vitamin-c-13-serum-20ml,"The Skin Boutique Curates: COSRX The Vitamin C 13 Serum (20ml) A daily vitamin C serum to target blemishes, dark spots, fine lines and collagen production. Authentically sourced and independently cura","Water, Glycerin (Check packaging for full details)"
38,Mediheal,MEDIHEAL Madecassoside Essential Mask (10 PCs),Sheet Masks,R619.95,—,$15.00,R185.99,Tier B (Volume),70%,No local comp,https://kiyoko.com/products/mediheal-madecassoside-essential-mask-10-pcs,"The Skin Boutique Curates: MEDIHEAL Madecassoside Essential Mask (10 PCs) A calming and soothing sheet mask for troubled, irritated skin. Authentically sourced and independently curated by The Skin Bo","Water, Glycerin (Check packaging for full details)"
39,Mediheal,MEDIHEAL Vita Essential Mask (10 PCs),Sheet Masks,R619.95,—,$15.00,R185.99,Tier B (Volume),70%,No local comp,https://kiyoko.com/products/mediheal-vita-essential-mask-10-pcs,"The Skin Boutique Curates: MEDIHEAL Vita Essential Mask (10 PCs) A brightening sheet mask that tightens, smooths and balances skin with 3 types of vitamins. Authentically sourced and independently cur","Water, Glycerin (Check packaging for full details)"
40,Mediheal,MEDIHEAL Placenta Essential Mask (10 PCs),Sheet Masks,R619.95,—,$15.00,R185.99,Tier B (Volume),70%,No local comp,https://kiyoko.com/products/mediheal-placenta-essential-mask-10-pcs,The Skin Boutique Curates: MEDIHEAL Placenta Essential Mask (10 PCs) A nourishing sheet mask that boosts skin elasticity to restore youth and radiance. Authentically sourced and independently curated ,"Water, Glycerin (Check packaging for full details)"
41,SOME BY MI,SOME BY MI Galactomyces Pure Vitamin C Glow Serum (30ml),Serum,R785.27,—,$19.00,R235.58,Tier B (Volume),70%,No local comp,https://kiyoko.com/products/some-by-mi-galactomyces-pure-vitamin-c-glow-serum-30ml,"The Skin Boutique Curates: SOME BY MI Galactomyces Pure Vitamin C Glow Serum (30ml) A multi-functional serum that combines vitamin C and Galactomyces to brighten, firm, and moisturize all-in-one. Auth","Water, Glycerin (Check packaging for full details)"
42,COSRX,COSRX Advanced Snail 92 All In One Cream (100g),Cream,R743.94,—,$18.00,R223.18,Tier B (Volume),70%,No local comp,https://kiyoko.com/products/cosrx-advanced-snail-92-all-in-one-cream-100g,"The Skin Boutique Curates: COSRX Advanced Snail 92 All In One Cream (100g) A lightweight, non-greasy moisturizing cream that contains 92% snail mucin and provides hydrating, soothing and anti-aging be","Water, Glycerin (Check packaging for full details)"
43,Celimax,celimax Pore+Dark Spot Brightening Cream (35ml),Cream,R867.92,—,$21.00,R260.38,Tier B (Volume),70%,No local comp,https://kiyoko.com/products/celimax-pore-dark-spot-brightening-cream-35ml,"The Skin Boutique Curates: celimax Pore+Dark Spot Brightening Cream (35ml) Your all-in-one nourishing so lution for dark spots, uneven tone, and dehydrated skin. Authentically sourced and independentl","Water, Glycerin (Check packaging for full details)"
44,Celimax,celimax Pore+Dark Spot Brightening Serum (30ml),Serum,R867.92,—,$21.00,R260.38,Tier B (Volume),70%,No local comp,https://kiyoko.com/products/celimax-pore-dark-spot-brightening-serum-30ml,"The Skin Boutique Curates: celimax Pore+Dark Spot Brightening Serum (30ml) Multifunctional serum that minimizes pores, lightens blemishes and improves skin tone Authentically sourced and independently","Water, Glycerin (Check packaging for full details)"
45,Dr. Althea,Dr. Althea 345 Relief Cream,Cream,R629.00,R629,$25.00,R188.70,Tier B (Volume),70%,Single product overlap.,https://kiyoko.com/products/dr-althea-345-relief-cream-50ml-renewed,"The Skin Boutique Curates: Dr. Althea 345 Relief Cream 3 ingredients for blemishes, 4 ingredients to nourish, 5 ingredients to soothe Authentically sourced and independently curated by The Skin Boutiq","Water, Glycerin (Check packaging for full details)"
46,Purito,PURITO Sea Buckthorn Vital 70 Cream (50ml),Cream,R867.92,—,$21.00,R260.38,Tier B (Volume),70%,No local comp,https://kiyoko.com/products/purito-sea-buckthorn-vital-70-cream-50ml,"The Skin Boutique Curates: PURITO Sea Buckthorn Vital 70 Cream (50ml) This cream contains 70% of the Sea Buckthorn extract, the fruit of the vitamin tree, which helps brighten and visibly smooth skin’","Hippophae Rhamnoides Fruit Extract (70%) (brightening), Methylpropanediol (humectants), Glycerin (humectants), Cetyl Ethylhexanoate (occlusive), Jojoba oil (occlusive), Niacinamide (brightening), Poly"
47,Mediheal,MEDIHEAL Centella Niacin Ampoule Mask (10 PCs),Sheet Masks,R867.92,—,$21.00,R260.38,Tier B (Volume),70%,No local comp,https://kiyoko.com/products/mediheal-centella-niacin-ampoule-mask-10-pcs,The Skin Boutique Curates: MEDIHEAL Centella Niacin Ampoule Mask (10 PCs) A mask that illuminates and calms the skin Authentically sourced and independently curated by The Skin Boutique — your trusted,"Water, Glycerin (Check packaging for full details)"
48,Dr. Althea,Dr.Althea Vitamin C Boosting Serum (30ml),Serum,R867.92,—,$21.00,R260.38,Tier B (Volume),70%,No local comp,https://kiyoko.com/products/dr-althea-vitamin-c-boosting-serum-30ml,"The Skin Boutique Curates: Dr.Althea Vitamin C Boosting Serum (30ml) Say goodbye to dull, uneven skin tone with this Vitamin C boosting complex! Authentically sourced and independently curated by The ","Water, Glycerin (Check packaging for full details)"
49,Beauty of Joseon,Beauty of Joseon Light On Serum Centella + Vita C (30ml),Serum,R826.59,—,$20.00,R247.98,Tier B (Volume),70%,No local comp,https://kiyoko.com/products/beauty-of-joseon-light-on-serum-centella-vita-c-30ml,The Skin Boutique Curates: Beauty of Joseon Light On Serum Centella + Vita C (30ml) A brightening and soothing serum featuring superstars like Centella Asiatica extract and Vitamin C as main ingredien,"Water, Glycerin (Check packaging for full details)"
50,Celimax,celimax Dual Barrier Skin Wearable Cream (50ml),Cream,R867.92,—,$21.00,R260.38,Tier B (Volume),70%,No local comp,https://kiyoko.com/products/celimax-dual-barrier-skin-wearable-cream-50ml,The Skin Boutique Curates: celimax Dual Barrier Skin Wearable Cream (50ml) A lightweight yet potent formula enriched with Aquatide Authentically sourced and independently curated by The Skin Boutique ,"Water, Glycerin (Check packaging for full details)"
51,Dr. Althea,Dr.Althea Gentle Vitamin C Serum (30ml),Serum,R867.92,—,$21.00,R303.77,Tier C (Long-tail),65%,No local comp,https://kiyoko.com/products/dr-althea-gentle-vitamin-c-serum-30ml,The Skin Boutique Curates: Dr.Althea Gentle Vitamin C Serum (30ml) A beginner-friendly Vitamin C that is gentle and safe for acne and fungal acne prone skin Authentically sourced and independently cur,"Water, Glycerin (Check packaging for full details)"
52,SOME BY MI,SOME BY MI Retinol Intense Reactivating Serum (30ml),Serum,R867.92,—,$21.00,R303.77,Tier C (Long-tail),65%,No local comp,https://kiyoko.com/products/some-by-mi-retinol-intense-reactivating-serum-30ml,The Skin Boutique Curates: SOME BY MI Retinol Intense Reactivating Serum (30ml) A mild yet effective anti-aging serum that promotes skin elasticity and a firm and smooth skin appearance. Authentically,"Water, Cyclohexasiloxane, Dicaprylyl Carbonate, Glycerin, Methylpropanediol, 1,2-Hexanediol, Niacinamide, Hydrogenated Poly(C6-14 Olefin), Panthenol, Tocopheryl Acetate, Centella Asiatica Extract, Pan"
53,ANUA,ANUA Peach 70% Niacin Serum,Serum,R826.59,—,$20.00,R289.31,Tier C (Long-tail),65%,No local comp,https://kiyoko.com/products/anua-peach-70-niacin-serum-30ml,The Skin Boutique Curates: ANUA Peach 70% Niacin Serum For instant and long-term glass skin appearance! Authentically sourced and independently curated by The Skin Boutique — your trusted destination ,"Prunus Persica (Peach) Fruit Extract, Glycerin, Niacinamide, Butylene Glycol, Diethoxyethyl Succinate, Water, 1,2-Hexanediol, Lactobacillus Ferment, Sodium Hyaluronate, Sphingomonas Ferment Extract, A"
54,ANUA,ANUA Niacinamide 10% + TXA 4% Dark Spot Correcting Serum (30ml),Serum,R826.59,—,$20.00,R289.31,Tier C (Long-tail),65%,No local comp,https://kiyoko.com/products/anua-niacinamide-10-txa-4-dark-spot-correcting-serum-30ml,"The Skin Boutique Curates: ANUA Niacinamide 10% + TXA 4% Dark Spot Correcting Serum (30ml) A lightweight, fragrance-free serum that fades dark spots to promote a brighter complexion. Authentically sou","Water, Glycerin, Niacinamide, Tranexamic Acid, Butylene Glycol, Diethoxyethyl Succinate, 1,2-Hexanediol, Arbutin, Sodium Hyaluronate, Alpha-Arbutin, Coccinia Indica Fruit Extract, Eclipta Prostrata Ex"
55,COSRX,COSRX The Retinol 0.5 Oil (20ml),Serum,R867.92,—,$21.00,R303.77,Tier C (Long-tail),65%,No local comp,https://kiyoko.com/products/cosrx-the-retinol-0-5-oil-20ml,The Skin Boutique Curates: COSRX The Retinol 0.5 Oil (20ml) A special treatment formulated with 0.5% pure retinol to improve skin elasticity and the appearance of wrinkles. Authentically sourced and i,"Water, Glycerin (Check packaging for full details)"
56,COSRX,COSRX The Hyaluronic Acid 3 Serum (20ml),Serum,R867.92,—,$21.00,R303.77,Tier C (Long-tail),65%,No local comp,https://kiyoko.com/products/cosrx-the-hyaluronic-acid-3-serum-20ml,"The Skin Boutique Curates: COSRX The Hyaluronic Acid 3 Serum (20ml) High strength formula infused with 3% hyaluronic acid Highly concentrated 3% hyaluronic acid serum that hydrates, plumps, soothes an","Water, Glycerin (Check packaging for full details)"
57,numbuzin,numbuzin No.1 Pantothenic B5 Hyaluronic Active Clear Mask,Sheet Masks,R206.65,—,$5.00,R72.33,Tier C (Long-tail),65%,No local comp,https://kiyoko.com/products/numbuzin-no-1-pantothenic-b5-hyaluronic-active-clear-mask,"The Skin Boutique Curates: numbuzin No.1 Pantothenic B5 Hyaluronic Active Clear Mask A high-concentration, clinically proven sheet mask that instantly calms redness and clears acne for a balanced, rad","Water, Glycerin (Check packaging for full details)"
58,numbuzin,numbuzin No.2 Rose PDRN Collagen Plumping Sheet Mask,Sheet Masks,R206.65,—,$5.00,R72.33,Tier C (Long-tail),65%,No local comp,https://kiyoko.com/products/numbuzin-no-2-rose-pdrn-collagen-plumping-sheet-mask,The Skin Boutique Curates: numbuzin No.2 Rose PDRN Collagen Plumping Sheet Mask A 65% low-molecular collagen mask that deeply plumps and hydrates for an instant glass-skin glow. Authentically sourced ,"Water, Glycerin (Check packaging for full details)"
59,numbuzin,numbuzin No.4 Icy Soothing Sheet Mask,Sheet Masks,R206.65,—,$5.00,R72.33,Tier C (Long-tail),65%,No local comp,https://kiyoko.com/products/numbuzin-no-4-icy-soothing-sheet-mask,The Skin Boutique Curates: numbuzin No.4 Icy Soothing Sheet Mask Experience the best of K-Beauty with numbuzin No.4 Icy Soothing Sheet Mask by numbuzin — a premium formula crafted to transform your sk,"Water, Glycerin (Full ingredients list under review)"
60,numbuzin,numbuzin No.2 Rose PDRN Overnight Collagen Mask,Sheet Masks,R247.98,—,$6.00,R86.79,Tier C (Long-tail),65%,No local comp,https://kiyoko.com/products/numbuzin-no-2-rose-pdrn-overnight-collagen-mask,"The Skin Boutique Curates: numbuzin No.2 Rose PDRN Overnight Collagen Mask A color-changing 69% collagen mask that firms and volumizes overnight for a radiant, Korean glass-skin glow by morning. Authe","Water, Glycerin (Check packaging for full details)"
61,Dr. Althea,Dr.Althea Vita Glow Mask,Sheet Masks,R206.65,—,$5.00,R72.33,Tier C (Long-tail),65%,No local comp,https://kiyoko.com/products/dr-althea-vita-glow-mask,The Skin Boutique Curates: Dr.Althea Vita Glow Mask Experience the best of K-Beauty with Dr.Althea Vita Glow Mask by Dr. Althea — a premium formula crafted to transform your skincare routine. Authenti,"Water, Glycerin (Full ingredients list under review)"
62,numbuzin,numbuzin No.9 NAD Bio Lifting-sil Full Face Mask,Sheet Masks,R247.98,—,$6.00,R86.79,Tier C (Long-tail),65%,No local comp,https://kiyoko.com/products/numbuzin-no-9-nad-bio-lifting-full-cover-facial-mask-4pcs,The Skin Boutique Curates: numbuzin No.9 NAD Bio Lifting-sil Full Face Mask Firming sheet mask with separate top and bottom pieces for different concerns. Authentically sourced and independently curat,"Upper Sheet: Water, Dipropylene Glycol, Cetyl Ethylhexanoate, Glycerin, Niacinamide, Polyglyceryl-10 Stearate, 1,2-Hexanediol, Hydrogenated Poly(C6-14 Olefin), Isopentyldiol, Glyceryl Stearate SE, But"
63,Biodance,Biodance Radiant Vita Niacinamide Real Deep Mask,Sheet Masks,R289.31,—,$7.00,R101.26,Tier C (Long-tail),65%,No local comp,https://kiyoko.com/products/biodance-radiant-vita-niacinamide-real-deep-mask-4-pcs,"The Skin Boutique Curates: Biodance Radiant Vita Niacinamide Real Deep Mask A sheet mask that focuses on tone, texture and glow! Authentically sourced and independently curated by The Skin Boutique — ","Water, Glycerin (Check packaging for full details)"
64,Biodance,Biodance Refreshing Sea Kelp Real Deep Mask,Sheet Masks,R289.31,—,$7.00,R101.26,Tier C (Long-tail),65%,No local comp,https://kiyoko.com/products/biodance-refreshing-sea-kelp-real-deep-mask-4-pcs,"The Skin Boutique Curates: Biodance Refreshing Sea Kelp Real Deep Mask Biodance's overnight hydrogel mask for oily, sensitive skin Authentically sourced and independently curated by The Skin Boutique ","Water, Glycerin (Check packaging for full details)"
65,Biodance,Biodance Hydro Cera-nol Real Deep Mask,Sheet Masks,R289.31,—,$7.00,R101.26,Tier C (Long-tail),65%,No local comp,https://kiyoko.com/products/biodance-hydro-cera-nol-real-deep-mask-4-pcs,The Skin Boutique Curates: Biodance Hydro Cera-nol Real Deep Mask Biodance's second overnight hydrogel mask for sensitive skin. Authentically sourced and independently curated by The Skin Boutique — y,"Water, Glycerin (Check packaging for full details)"
66,Purito,PURITO Wonder Releaf Centella Cream Unscented,Cream,R289.31,—,$7.00,R101.26,Tier C (Long-tail),65%,No local comp,https://kiyoko.com/products/purito-wonder-releaf-centella-cream-unscented-15ml,"The Skin Boutique Curates: PURITO Wonder Releaf Centella Cream Unscented A gentle and fragrance-free cream that soothes, calms, and hydrates skin without causing irritation. Authentically sourced and ","Water, Caprylic/Capric Triglyceride, Macadamia Ternifolia Seed Oil, Squalane, Butylene Glycol, Cetearyl Alcohol, Glycerin, Centella Asiatica Extract(29,891ppm), Niacinamide, 1,2- Hexanediol, Potassium"
67,Biodance,Biodance Bio-Collagen Real Deep Mask,Sheet Masks,R289.31,—,$7.00,R101.26,Tier C (Long-tail),65%,No local comp,https://kiyoko.com/products/biodance-bio-collagen-real-deep-mask-4-pcs,The Skin Boutique Curates: Biodance Bio-Collagen Real Deep Mask Viral deeply nourishing overnight sheet mask! Authentically sourced and independently curated by The Skin Boutique — your trusted destin,"Water, Glycerin (Check packaging for full details)"
68,Purito,PURITO Wonder Releaf Centella Unscented Serum,Serum,R247.98,—,$6.00,R86.79,Tier C (Long-tail),65%,No local comp,https://kiyoko.com/products/purito-wonder-releaf-centella-unscented-serum-15-60ml,The Skin Boutique Curates: PURITO Wonder Releaf Centella Unscented Serum Unscented formulation of the popular Purito Centella Serum Authentically sourced and independently curated by The Skin Boutique,"Water, Glycerin, Dipropylene Glycol, Propanediol, Centella Asiatica Extract(34,860ppm), Butylene Glycol, Niacinamide, 1,2-Hexanediol, Sodium Hyaluronate, Panthenol, Madecassoside, Asiaticoside, Madeca"
69,numbuzin,numbuzin No.2 Rose PDRN Collagen 2X Plumping Serum (30mL),Serum,R1115.90,—,$27.00,R390.56,Tier C (Long-tail),65%,No local comp,https://kiyoko.com/products/numbuzin-no-2-rose-pdrn-collagen-2x-plumping-serum,The Skin Boutique Curates: numbuzin No.2 Rose PDRN Collagen 2X Plumping Serum (30mL) Experience the best of K-Beauty with numbuzin No.2 Rose PDRN Collagen 2X Plumping Serum (30mL) by numbuzin — a prem,"Water, Glycerin (Full ingredients list under review)"
70,numbuzin,numbuzin No.3 Blue Bio-Retinol Pore Refining Serum,Serum,R1115.90,—,$27.00,R390.56,Tier C (Long-tail),65%,No local comp,https://kiyoko.com/products/numbuzin-no-3-blue-bio-retinol-pore-refining-serum,"The Skin Boutique Curates: numbuzin No.3 Blue Bio-Retinol Pore Refining Serum A gentle blue retinol serum that minimizes pores and refines texture with less irritation, perfect for beginners. Authenti","Water, Glycerin (Check packaging for full details)"
71,numbuzin,numbuzin No.2 Rose PDRN Collagen Plumping Serum (30ml),Serum,R1033.24,—,$25.00,R361.63,Tier C (Long-tail),65%,No local comp,https://kiyoko.com/products/numbuzin-no-2-rose-pdrn-collagen-plumping-serum,"The Skin Boutique Curates: numbuzin No.2 Rose PDRN Collagen Plumping Serum (30ml) A 5% Rose PDRN and Peptide jelly serum that instantly plumps and firms for a hydrated, radiant glow. Authentically sou","Water, Glycerin (Check packaging for full details)"
72,numbuzin,numbuzin No.4 Ceramide AHA Glazed Skin Prep Serum,Serum,R1033.24,—,$25.00,R361.63,Tier C (Long-tail),65%,No local comp,https://kiyoko.com/products/numbuzin-no-4-ceramide-aha-glazed-skin-prep-serum,"The Skin Boutique Curates: numbuzin No.4 Ceramide AHA Glazed Skin Prep Serum A barrier-safe milky serum that gently exfoliates for a smooth, glazed-skin glow. Authentically sourced and independently c","Water, Glycerin (Check packaging for full details)"
73,numbuzin,numbuzin No.2 Cica Ceramide Repair Cream (60ml),Cream,R1115.90,—,$27.00,R390.56,Tier C (Long-tail),65%,No local comp,https://kiyoko.com/products/numbuzin-no-2-cica-ceramide-repair-cream-60ml,"The Skin Boutique Curates: numbuzin No.2 Cica Ceramide Repair Cream (60ml) A buttery, cica-infused cream that strengthens the skin barrier and provides long-lasting, non-sticky hydration. Authenticall","Water, Glycerin (Check packaging for full details)"
74,numbuzin,Numbuzin No.5+ Glutathione Vitamin Dark Spot Cream (50ml),Cream,R1115.90,—,$27.00,R390.56,Tier C (Long-tail),65%,No local comp,https://kiyoko.com/products/numbuzin-no-5-glutathione-vitamin-dark-spot-cream-50ml,"The Skin Boutique Curates: Numbuzin No.5+ Glutathione Vitamin Dark Spot Cream (50ml) A nutrient-rich moisturizer that repairs the skin barrier and fades dark spots for a clear, rejuvenated complexion.","Water, Glycerin (Check packaging for full details)"
75,numbuzin,numbuzin No.3 Pore Reset Ampoule (25ml),Serum,R1115.90,—,$27.00,R390.56,Tier C (Long-tail),65%,No local comp,https://kiyoko.com/products/numbuzin-no-3-pore-reset-ampoule-25ml,The Skin Boutique Curates: numbuzin No.3 Pore Reset Ampoule (25ml) Experience the best of K-Beauty with numbuzin No.3 Pore Reset Ampoule (25ml) by numbuzin — a premium formula crafted to transform you,"Water, Glycerin (Full ingredients list under review)"
76,Dr. Althea,Dr.Althea PDRN Reju 5000 Cream (20g),Cream,R950.58,—,$23.00,R332.70,Tier C (Long-tail),65%,No local comp,https://kiyoko.com/products/dr-althea-pdrn-reju-5000-cream,"The Skin Boutique Curates: Dr.Althea PDRN Reju 5000 Cream (20g) Dr. Althea's PDRN Reju 5000 Cream is a biome-powered vegan formula packed with 5,000 ppm PDRN and Centella Asiatica Leaf Water to restor","Water, Glycerin (Check packaging for full details)"
77,Torriden,TORRIDEN Balanceful Cica Cream (80ml),Cream,R991.91,—,$24.00,R347.17,Tier C (Long-tail),65%,No local comp,https://kiyoko.com/products/torriden-balanceful-cica-cream-80ml,"The Skin Boutique Curates: TORRIDEN Balanceful Cica Cream (80ml) A soothing and hydrating cream for sensitive, acne-prone skin. Authentically sourced and independently curated by The Skin Boutique — y","Water, Glycerin (Check packaging for full details)"
78,COSRX,COSRX The Alpha-Arbution 2 Discoloration Care Serum (50ml),Serum,R1033.24,—,$25.00,R361.63,Tier C (Long-tail),65%,No local comp,https://kiyoko.com/products/cosrx-the-alpha-arbution-2-discoloration-care-serum-50ml,The Skin Boutique Curates: COSRX The Alpha-Arbution 2 Discoloration Care Serum (50ml) A highly concentrated serum formulated with synergistic ingredients for total acne control. Authentically sourced ,"Water, Glycerin (Check packaging for full details)"
79,ANUA,ANUA PDRN Hyaluronic Acid Capsule 100 Serum (30ml),Serum,R1115.90,—,$27.00,R390.56,Tier C (Long-tail),65%,No local comp,https://kiyoko.com/products/anua-pdrn-hyaluronic-acid-capsule-100-serum-30ml,The Skin Boutique Curates: ANUA PDRN Hyaluronic Acid Capsule 100 Serum (30ml) Three synergistic ingredients meet to deeply moisturize and plump the skin. Authentically sourced and independently curate,"Water, Glycerin (Check packaging for full details)"
80,ANUA,ANUA 7 Rice Ceramide Hydrating Barrier Serum (50ml),Serum,R991.91,—,$24.00,R347.17,Tier C (Long-tail),65%,No local comp,https://kiyoko.com/products/anua-7-rice-ceramide-hydrating-barrier-serum-50ml,The Skin Boutique Curates: ANUA 7 Rice Ceramide Hydrating Barrier Serum (50ml) A hydrating rice serum that brightens and replenishes the skin's moisture barrier. Authentically sourced and independentl,"Oryza Sativa (Rice) Bran Water, Dipropylene Glycol, Glycerin, Methylpropanediol, Water, Butylene Glycol, Methyl Gluceth-10, Niacinamide, 1,2-He xanediol, Panthenol, Hydroxyethyl Urea, Pentyle ne Glyco"
81,Purito,PURITO Clear Code Superfruit Serum (30ml),Serum,R909.25,—,$22.00,R318.24,Tier C (Long-tail),65%,No local comp,https://kiyoko.com/products/purito-clear-code-superfruit-serum-30ml-1,The Skin Boutique Curates: PURITO Clear Code Superfruit Serum (30ml) A powerful skin solution that is crafted to restore balance to your skin's microbiome. Authentically sourced and independently cura,"Water, Glycerin (Check packaging for full details)"
82,Purito,PURITO Timeless Bloom Bakuchiol Serum (30ml),Serum,R1033.24,—,$25.00,R361.63,Tier C (Long-tail),65%,No local comp,https://kiyoko.com/products/purito-timeless-bloom-bakuchiol-serum-30ml,The Skin Boutique Curates: PURITO Timeless Bloom Bakuchiol Serum (30ml) Skin-soothing Holy Grail serum! Authentically sourced and independently curated by The Skin Boutique — your trusted destination ,"Water, Glycerin, Dipropylene Glycol, Propanediol, Centella Asiatica Extract(34,685 ppm), Butylene Glycol, Niacinamide, 1,2-Hexanediol, Sodium Hyaluronate, Panthenol, Madecassoside, Asiaticoside, Madec"
83,Purito,PURITO Timeless Bloom Retinol Spot Cream (30ml),Cream,R1033.24,—,$25.00,R361.63,Tier C (Long-tail),65%,No local comp,https://kiyoko.com/products/purito-timeless-bloom-retinol-spot-cream-30ml,"The Skin Boutique Curates: PURITO Timeless Bloom Retinol Spot Cream (30ml) Fortify, strengthen and soothe the skin barrier Authentically sourced and independently curated by The Skin Boutique — your t","Water, Propanediol, Glycerin, Caprylic/Capric Triglyceride, Hydrogenated Poly(C6-14 Olefin), Behenyl Alcohol, Limnanthes Alba (Meadowfoam) Seed Oil, Polyglyceryl-6 Stearate, 1,2-Hexanediol, Cetyl Alco"
84,Purito,PURITO Azelaic Acid 10 Kojic Tea Tree Serum (30ml),Serum,R991.91,—,$24.00,R347.17,Tier C (Long-tail),65%,No local comp,https://kiyoko.com/products/purito-azelaic-acid-10-kojic-tea-tree-serum-30ml,"The Skin Boutique Curates: PURITO Azelaic Acid 10 Kojic Tea Tree Serum (30ml) A serum that works effectively on blemishes, helping to improve the skin for a clearer and more refined look Authentically","Aqua/Water, Azelaic Acid(10%), Melaleuca Alternifolia (Tea Tree) Leaf Water(10%), Butylene Glycol, Caprylic/Capric Triglyceride, Hydroxypropyl Cyclodextrin, Disodium Phosphate, 1,2-Hexanediol, Glyceri"
85,Purito,PURITO TXA 6 Niacinamide 10 Retinal Serum (30ml),Serum,R991.91,—,$24.00,R347.17,Tier C (Long-tail),65%,No local comp,https://kiyoko.com/products/purito-txa-6-niacinamide-10-retinal-serum-30ml,"The Skin Boutique Curates: PURITO TXA 6 Niacinamide 10 Retinal Serum (30ml) A correcting, tone-evening serum with 6% tranexamic acid, 10% niacinamide, and retinal Authentically sourced and independent","Aqua/Water, Niacinamide(10%), Tranexamic Acid(6%), Glycerin, Caprylic/Capric Triglyceride, 1,2-Hexanediol, Methylpropanediol, Pentylene Glycol, PVP, Ammonium Acryloyldimethyltaurate/Vp Copolymer, Buty"
86,numbuzin,numbuzin No.1 Pantothenic B5 Active Soothing Serum (50ml),Serum,R1115.90,—,$27.00,R390.56,Tier C (Long-tail),65%,No local comp,https://kiyoko.com/products/numbuzin-no-1-pantothenic-b5-active-soothing-serum-50ml-1,"The Skin Boutique Curates: numbuzin No.1 Pantothenic B5 Active Soothing Serum (50ml) A lightweight, daily serum that instantly hydrates and controls excess oil. Authentically sourced and independently","Water, Glycerin (Check packaging for full details)"
87,Celimax,celimax The Real Noni Energy Repair Cream (50ml),Cream,R950.58,—,$23.00,R332.70,Tier C (Long-tail),65%,No local comp,https://kiyoko.com/products/celimax-the-real-noni-energy-repair-cream-50ml,"The Skin Boutique Curates: celimax The Real Noni Energy Repair Cream (50ml) A moisturizer with 52 ingredients, including niacinamide, vitamin E, and hyaluronic acid. Authentically sourced and independ","Water, Glycerin (Check packaging for full details)"
88,numbuzin,numbuzin No.8 Glossy Essence Serum (50ml),Serum,R1033.24,—,$25.00,R361.63,Tier C (Long-tail),65%,No local comp,https://kiyoko.com/products/numbuzin-no-8-glossy-essence-serum-50ml,The Skin Boutique Curates: numbuzin No.8 Glossy Essence Serum (50ml) A boosting serum that contains carefully selected oriental herbal ingredients for radiance and glow Authentically sourced and indep,"Water, Glycerin (Check packaging for full details)"
89,Purito,PURITO Wonder Releaf Centella Serum,Serum,R1033.24,—,$25.00,R361.63,Tier C (Long-tail),65%,No local comp,https://kiyoko.com/products/purito-wonder-releaf-centella-serum-2,The Skin Boutique Curates: PURITO Wonder Releaf Centella Serum Skin-soothing Holy Grail serum! Authentically sourced and independently curated by The Skin Boutique — your trusted destination for premi,"Water, Glycerin, Dipropylene Glycol, Propanediol, Centella Asiatica Extract(34,685 ppm), Butylene Glycol, Niacinamide, 1,2-Hexanediol, Sodium Hyaluronate, Panthenol, Madecassoside, Asiaticoside, Madec"
90,ILLIYOON,ILLIYOON Ceramide Ato Concentrate Cream (230ml),Cream,R991.91,—,$24.00,R347.17,Tier C (Long-tail),65%,No local comp,https://kiyoko.com/products/illiyoon-ceramide-ato-concentrate-cream-230ml,The Skin Boutique Curates: ILLIYOON Ceramide Ato Concentrate Cream (230ml) A renewed 2025 version of the cult-favorite ceramide cream! Authentically sourced and independently curated by The Skin Bouti,"Water, Butylene Glycol, Glycerine, Dimethicone, Pentaerythrityl Tetraisostearate, Hydrogenated Poly(C6-14 Olefin),Stearic Acid, Behenyl Alcohol, Palmitic Acid, Cetyl Ethylhexanoate, 1,2-Hexanediol, Ar"
91,Celimax,celimax The Vita-A Retinal Shot Tightening Booster (15ml),Serum,R909.25,—,$22.00,R318.24,Tier C (Long-tail),65%,No local comp,https://kiyoko.com/products/celimax-the-vita-a-retinal-shot-tightening-booster-15ml,The Skin Boutique Curates: celimax The Vita-A Retinal Shot Tightening Booster (15ml) A highly-concentrated formula packed with nutrients that penetrate and give you bouncy skin. Authentically sourced ,"Water, Glycerin (Check packaging for full details)"
92,Celimax,celimax The Vita-A Retinol Shot Tightening Serum (30ml),Serum,R950.58,—,$23.00,R332.70,Tier C (Long-tail),65%,No local comp,https://kiyoko.com/products/celimax-the-vita-a-retinol-shot-tightening-serum-30ml,"The Skin Boutique Curates: celimax The Vita-A Retinol Shot Tightening Serum (30ml) An innovative serum with pure retinol and a peptide complex to help address wrinkles, uneven texture, and enlarged po","Water, Glycerin (Check packaging for full details)"
93,Purito,PURITO Mighty Bamboo Panthenol Serum (30ml),Serum,R991.91,—,$24.00,R347.17,Tier C (Long-tail),65%,No local comp,https://kiyoko.com/products/purito-mighty-bamboo-panthenol-serum-30ml,The Skin Boutique Curates: PURITO Mighty Bamboo Panthenol Serum (30ml) A serum c linically shown to improve distressed skin’s moisture and transepidermal water loss Authentically sourced and independe,"Water, Panthenol, Glycerin, Propanediol, 1,2-Hexanediol, Butylene Glycol, Niacinamide, Squalane, Bambusa Vulgaris Extract, Ectoin, Allantoin, Carbomer, Hydroxyethyl Acrylate/Sodium Acryloyldimethyl Ta"
94,numbuzin,numbuzin No.1 Pantothenic B5 Active Soothing Cream (80ml),Cream,R1115.90,—,$27.00,R390.56,Tier C (Long-tail),65%,No local comp,https://kiyoko.com/products/numbuzin-no-1-pantothenic-b5-active-soothing-cream-80ml,The Skin Boutique Curates: numbuzin No.1 Pantothenic B5 Active Soothing Cream (80ml) A powerful soothing cream that calms and improves the overall skin condition. Authentically sourced and independent,"Water, Glycerin (Check packaging for full details)"
95,ANUA,ANUA Azelaic Acid 10 Hyaluron Soothing Serum (30ml),Serum,R1115.90,—,$27.00,R390.56,Tier C (Long-tail),65%,No local comp,https://kiyoko.com/products/anua-azelaic-acid-10-hyaluron-soothing-serum-30ml,"The Skin Boutique Curates: ANUA Azelaic Acid 10 Hyaluron Soothing Serum (30ml) Transform your skincare routine with the ANUA Azelaic Acid 10+ Hyaluron Serum, a daily calming serum designed to brighten","Aqua (Water), Azelaic Acid, Propylene Glycol, Sodium Hydroxide, Dipropylene Glycol, 1,2-Hexanediol, Panthenol, Hydroxyethylcellulose, Betine Salicylate, Glycerin, Biosaccharide Gum-1, Ethylhexylglycer"
96,COSRX,COSRX The 6 Peptide Skin Booster Serum (150ml),Serum,R1033.24,—,$25.00,R361.63,Tier C (Long-tail),65%,No local comp,https://kiyoko.com/products/cosrx-the-6-peptide-skin-booster-serum-150ml,The Skin Boutique Curates: COSRX The 6 Peptide Skin Booster Serum (150ml) A first step serum featuring 6 potent peptides that enhances overall skin texture and condition. Authentically sourced and ind,"Water, Glycerin (Check packaging for full details)"
97,COSRX,COSRX Hydrium Green Tea Aqua Soothing Gel Cream (50ml),Cream,R1033.24,—,$25.00,R361.63,Tier C (Long-tail),65%,No local comp,https://kiyoko.com/products/cosrx-hydrium-green-tea-aqua-soothing-gel-cream-50ml,"The Skin Boutique Curates: COSRX Hydrium Green Tea Aqua Soothing Gel Cream (50ml) A gel-like cream moisturizer containing superstar ingredients vitamin B5 (panthenol) and aloe leaf extract to hydrate,","Water, Glycerin (Check packaging for full details)"
98,Beauty of Joseon,Beauty of Joseon Dynasty Cream,Cream,R1074.57,—,$26.00,R376.10,Tier C (Long-tail),65%,No local comp,https://kiyoko.com/products/beauty-of-joseon-dynasty-cream-50ml,The Skin Boutique Curates: Beauty of Joseon Dynasty Cream An all-in-one cream is filled with good-for-skin ingredients that helps to improve wrinkles while moisturizing and brightening the skin Authen,"Water, Glycerin (Check packaging for full details)"
99,COSRX,COSRX Hydrium Moisture Power Enriched Cream (50ml),Cream,R1033.24,—,$25.00,R361.63,Tier C (Long-tail),65%,No local comp,https://kiyoko.com/products/cosrx-hydrium-moisture-power-enriched-cream-50ml,"The Skin Boutique Curates: COSRX Hydrium Moisture Power Enriched Cream (50ml) A lightweight cream containing B5 (D-panthenol), propolis, and ceramide, that prevents moisture loss and leaves the skin f","Water, Glycerin (Check packaging for full details)"
100,COSRX,COSRX Hyaluronic Acid Intensive Cream (100g),Cream,R1033.24,—,$25.00,R361.63,Tier C (Long-tail),65%,No local comp,https://kiyoko.com/products/cosrx-hyaluronic-acid-intensive-cream-100g-1,"The Skin Boutique Curates: COSRX Hyaluronic Acid Intensive Cream (100g) An intensely hydrating cream, formulated with hippophae rhamnoides water and hyaluronic acid, to boost and retain moisture in th","Water, Glycerin (Check packaging for full details)"
101,Purito,PURITO Luminous Ceramide Moisturizer (100ml),Cream,R1033.24,—,$25.00,R361.63,Tier C (Long-tail),65%,No local comp,https://kiyoko.com/products/purito-luminous-ceramide-moisturizer-100ml,"The Skin Boutique Curates: PURITO Luminous Ceramide Moisturizer (100ml) Fortify, strengthen and soothe the skin barrier Authentically sourced and independently curated by The Skin Boutique — your trus","Water, Propanediol, Glycerin, Caprylic/Capric Triglyceride, Hydrogenated Poly(C6-14 Olefin), Behenyl Alcohol, Limnanthes Alba (Meadowfoam) Seed Oil, Polyglyceryl-6 Stearate, 1,2-Hexanediol, Cetyl Alco"
102,ANUA,ANUA Heartleaf 70% Soothing Cream (100ml),Cream,R991.91,—,$24.00,R347.17,Tier C (Long-tail),65%,No local comp,https://kiyoko.com/products/anua-heartleaf-70-soothing-cream-100ml,"The Skin Boutique Curates: ANUA Heartleaf 70% Soothing Cream (100ml) A lightweight, soothing gel cream formulated with 70% Heartleaf Extract. Authentically sourced and independently curated by The Ski","Houttuynia Cordata Extract (70%), Butylene Glycol, Glycerin, Isoamyl, Laurate, Water, Pentylene Glycol, 1,2-Hexanediol, Centella Asiatica Extract, Portulaca Oleracea Extract, Betaine, Madecassic Acid,"
103,Dr. Althea,Dr.Althea 147 Barrier Cream (50ml),Cream,R1033.24,—,$25.00,R361.63,Tier C (Long-tail),65%,No local comp,https://kiyoko.com/products/dr-althea-147-barrier-cream,"The Skin Boutique Curates: Dr.Althea 147 Barrier Cream (50ml) 1 ingredient to enhance skin barrier, 4 ingredients to nourish, 7 hyaluronic acid ingredients to hydrate Authentically sourced and indepen","Water, Glycerin (Check packaging for full details)"
104,AXIS-Y,AXIS-Y Panthenol 10 Skin Smoothing Shield Cream (50ml),Cream,R950.58,—,$23.00,R332.70,Tier C (Long-tail),65%,No local comp,https://kiyoko.com/products/axis-y-panthenol-10-skin-smoothing-shield-cream-50ml,The Skin Boutique Curates: AXIS-Y Panthenol 10 Skin Smoothing Shield Cream (50ml) A deeply hydrating and rejuvenating cream that balances the skin's moisture barrier. Authentically sourced and indepen,"Water, Panthenol(10%), Methylpropanediol, Squalane, Glycerin, Cetyl Ethylhexanoate, Vinyl Dimethicone, Propylheptyl Caprylate, Cetearyl Alcohol, Betaine, Asiaticoside, Madecassic Acid, Madecassoside, "
105,Torriden,TORRIDEN Dive-In Low Molecular Hyaluronic Acid Serum (50ml),Serum,R991.91,—,$24.00,R347.17,Tier C (Long-tail),65%,No local comp,https://kiyoko.com/products/torriden-dive-in-low-molecular-hyaluronic-acid-serum-50ml-renewed,The Skin Boutique Curates: TORRIDEN Dive-In Low Molecular Hyaluronic Acid Serum (50ml) A n award-winning 5D complex hyaluronic acid serum to deeply hydrate the skin. Authentically sourced and independ,"Water, Glycerin (Check packaging for full details)"
106,numbuzin,numbuzin No.5+ Glutathione Vitamin Concentrated Serum (30ml),Serum,R991.91,—,$24.00,R347.17,Tier C (Long-tail),65%,No local comp,https://kiyoko.com/products/numbuzin-no-5-vitamin-concentrated-serum-30ml,"The Skin Boutique Curates: numbuzin No.5+ Glutathione Vitamin Concentrated Serum (30ml) Say goodbye to old freckles, acne scars, hyperpigmentation and UV damage! Authentically sourced and independentl","Vaccinium Vitis-Idaea Fruit Extract, Butylene Glycol, Niacinamide, Panthenol, Tranexamic Acid, Water, 1,2-Hexanediol, Neopentyl Glycol Dicaprate, Caprylic/Capric Triglyceride, Sorbitol, Bifida Ferment"
107,Torriden,TORRIDEN Dive-In Low Molecular Hyaluronic Acid Soothing Cream (100ml),Cream,R1115.90,—,$27.00,R390.56,Tier C (Long-tail),65%,No local comp,https://kiyoko.com/products/torriden-dive-in-low-molecular-hyaluronic-acid-soothing-cream-100ml-renewed,"The Skin Boutique Curates: TORRIDEN Dive-In Low Molecular Hyaluronic Acid Soothing Cream (100ml) A refreshing, cooling, soothing and hydrating water-burst cream. Authentically sourced and independentl","Water, Glycerin (Check packaging for full details)"
108,numbuzin,numbuzin No.5 Goodbye Blemish Serum (50ml),Serum,R1033.24,—,$25.00,R361.63,Tier C (Long-tail),65%,No local comp,https://kiyoko.com/products/numbuzin-no-5-goodbye-blemish-serum-50ml-1,The Skin Boutique Curates: numbuzin No.5 Goodbye Blemish Serum (50ml) A brightening serum that promotes a youthful appearance. Authentically sourced and independently curated by The Skin Boutique — yo,"Water, Glycerin (Check packaging for full details)"
109,numbuzin,numbuzin No.3 Skin Softening Serum (50ml),Serum,R991.91,—,$24.00,R347.17,Tier C (Long-tail),65%,No local comp,https://kiyoko.com/products/numbuzin-no-3-skin-softening-serum-50ml,"The Skin Boutique Curates: numbuzin No.3 Skin Softening Serum (50ml) A softening serum for rough skin texture, formulated with a variety of fermented ingredients. Authentically sourced and independent","Water, Glycerin (Check packaging for full details)"
110,COSRX,COSRX The Retinol 0.1 Cream (20ml),Cream,R950.58,—,$23.00,R332.70,Tier C (Long-tail),65%,No local comp,https://kiyoko.com/products/cosrx-the-retinol-0-1-cream-20ml,The Skin Boutique Curates: COSRX The Retinol 0.1 Cream (20ml) A retinol cream created for first-time retinol users to prevent and correct early signs of aging. Authentically sourced and independently ,"Water, Glycerin (Check packaging for full details)"
111,COSRX,COSRX The Niacinamide 15 Serum (20ml),Serum,R1033.24,—,$25.00,R361.63,Tier C (Long-tail),65%,No local comp,https://kiyoko.com/products/cosrx-the-niacinamide-15-serum-20ml,The Skin Boutique Curates: COSRX The Niacinamide 15 Serum (20ml) A highly concentrated serum formulated with synergistic ingredients for total acne control. Authentically sourced and independently cur,"Water, Glycerin (Check packaging for full details)"
112,SOME BY MI,SOME BY MI AHA-BHA-PHA 30 Days Miracle Serum (50ml),Serum,R1115.90,—,$27.00,R390.56,Tier C (Long-tail),65%,No local comp,https://kiyoko.com/products/some-by-mi-aha-bha-pha-30-days-miracle-serum-50ml,"The Skin Boutique Curates: SOME BY MI AHA-BHA-PHA 30 Days Miracle Serum (50ml) An acne-clearing ""miracle serum"" that promises to improve skin complexion and soothe inflammation in just 30 days. Authen","Water, Centella Asiatica (Gotu Kola) Extract (14,77%), Cetyl Ethylhexanoate, Caprylic/Capric Triglyceride, Glycerin, Olea Europaea (Olive) Fruit Oil, Propanediol, Alcohol, Butylene Glycol, 1,2-Hexaned"
113,Purito,PURITO Pure Vitamin C Serum (60ml),Serum,R950.58,—,$23.00,R332.70,Tier C (Long-tail),65%,No local comp,https://kiyoko.com/products/purito-pure-vitamin-c-serum-60ml,The Skin Boutique Curates: PURITO Pure Vitamin C Serum (60ml) Pure Vitamin C serum with 5% Ascorbic acid helps brighten the complexion and improve uneven skin tone. Authentically sourced and independe,"Water, Glycerin (Check packaging for full details)"
114,Purito,PURITO Deep Sea Pure Water Cream (50g),Cream,R1033.24,—,$25.00,R361.63,Tier C (Long-tail),65%,No local comp,https://kiyoko.com/products/purito-deep-sea-pure-water-cream-50g,"The Skin Boutique Curates: PURITO Deep Sea Pure Water Cream (50g) When it comes to dehydrated skin, it’s time to hydrate! This lightweight water cream contains all the moisture packed ingredients your","Sea Water (60%), Dipropylene Glycol, Glycerin, Caprylic/Capric Triglyceride, Sodium Acrylate/Sodium Acryloyldimethyl Taurate Copolymer, Isohexadecane, Polysorbate 80, Sorbitan Oleate, Niacinamide, Phe"
115,COSRX,COSRX The Vitamin C 23 Serum (20g),Serum,R1033.24,—,$25.00,R361.63,Tier C (Long-tail),65%,No local comp,https://kiyoko.com/products/cosrx-the-vitamin-c-23-serum-20g,The Skin Boutique Curates: COSRX The Vitamin C 23 Serum (20g) Hypoallergenic 23% pure vitamin C A highly concentrated serum that fades acne scars and brightens the complexion to revitalize dull and dr,"Water, Glycerin (Check packaging for full details)"
116,Torriden,TORRIDEN Balanceful Cica Mask,Sheet Masks,R123.99,—,$3.00,R43.40,Tier C (Long-tail),65%,No local comp,https://kiyoko.com/products/torriden-balanceful-cica-mask-10pcs,"The Skin Boutique Curates: TORRIDEN Balanceful Cica Mask A soothing and hydrating sheet mask for sensitive, combination skin. Authentically sourced and independently curated by The Skin Boutique — you","Water, Glycerin (Check packaging for full details)"
117,Torriden,TORRIDEN Cellmazing Vita C Brightening Mask,Sheet Masks,R123.99,—,$3.00,R43.40,Tier C (Long-tail),65%,No local comp,https://kiyoko.com/products/torriden-cellmazing-vita-c-brightening-mask-10pcs,The Skin Boutique Curates: TORRIDEN Cellmazing Vita C Brightening Mask A super hydrating sheet mask soaked in the Torriden Dive-In Serum. Authentically sourced and independently curated by The Skin Bo,"Water, Glycerin (Check packaging for full details)"
118,Abib,Abib Gummy Sheet Mask Madecassoside Sticker,Sheet Masks,R165.32,—,$4.00,R57.86,Tier C (Long-tail),65%,No local comp,https://kiyoko.com/products/abib-gummy-sheet-mask-madecassoside-sticker-1-pc-1-box,"The Skin Boutique Curates: Abib Gummy Sheet Mask Madecassoside Sticker A nourishing sheet mask that hydrates, reduces inflammation, and boosts collagen production. Authentically sourced and independen","Water, Glycerin (Check packaging for full details)"
119,Abib,Abib Gummy Sheet Mask Sedum Hyaluron Sticker,Sheet Masks,R165.32,—,$4.00,R57.86,Tier C (Long-tail),65%,No local comp,https://kiyoko.com/products/abib-gummy-sheet-mask-sedum-hyaluron-sticker,"The Skin Boutique Curates: Abib Gummy Sheet Mask Sedum Hyaluron Sticker A nourishing sheet mask that hydrates, reduces inflammation, and boosts collagen production. Authentically sourced and independe","Water, Glycerin (Check packaging for full details)"
120,Mediheal,MEDIHEAL Vita C Brightening Sleeping Mask (20ml),Sheet Masks,R165.32,—,$4.00,R57.86,Tier C (Long-tail),65%,No local comp,https://kiyoko.com/products/mediheal-vita-c-brightening-sleeping-mask-20ml,The Skin Boutique Curates: MEDIHEAL Vita C Brightening Sleeping Mask (20ml) A powerful combination of antioxidants and plant extracts to rejuvenate and even out skin tone Authentically sourced and ind,"Water, Glycerin (Check packaging for full details)"
121,Mediheal,MEDIHEAL Hyaluron Hydrating Sleeping Mask (20ml),Sheet Masks,R165.32,—,$4.00,R57.86,Tier C (Long-tail),65%,No local comp,https://kiyoko.com/products/mediheal-hyaluron-hydrating-sleeping-mask-20ml,The Skin Boutique Curates: MEDIHEAL Hyaluron Hydrating Sleeping Mask (20ml) A hydrating sheet mask that replenishes lost radiance Authentically sourced and independently curated by The Skin Boutique —,"Water, Glycerin (Check packaging for full details)"
122,Mediheal,MEDIHEAL Cica AC Calming Sleeping Mask (20ml),Sheet Masks,R165.32,—,$4.00,R57.86,Tier C (Long-tail),65%,No local comp,https://kiyoko.com/products/mediheal-cica-ac-calming-sleeping-mask-20ml,The Skin Boutique Curates: MEDIHEAL Cica AC Calming Sleeping Mask (20ml) A soothing sheet mask that targets blemishes and acne-prone skin Authentically sourced and independently curated by The Skin Bo,"Water, Glycerin (Check packaging for full details)"
123,Mediheal,MEDIHEAL Collagen Anti-Aging Sleeping Mask (20ml),Sheet Masks,R165.32,—,$4.00,R57.86,Tier C (Long-tail),65%,No local comp,https://kiyoko.com/products/mediheal-collagen-anti-aging-sleeping-mask-20ml,The Skin Boutique Curates: MEDIHEAL Collagen Anti-Aging Sleeping Mask (20ml) A sheet mask enriched with hydrolyzed collagen to help restore firmness and fight fatigue Authentically sourced and indepen,"Water, Glycerin (Check packaging for full details)"
124,Mediheal,MEDIHEAL Vital Firming Mask (1 PC),Sheet Masks,R123.99,—,$3.00,R43.40,Tier C (Long-tail),65%,No local comp,https://kiyoko.com/products/mediheal-vital-firming-mask-1-pc,The Skin Boutique Curates: MEDIHEAL Vital Firming Mask (1 PC) A mask that firms and infused with revitalizing Panthenol and Allantoin Authentically sourced and independently curated by The Skin Boutiq,"Water, Glycerin (Check packaging for full details)"
125,Mediheal,MEDIHEAL Pure Calming Mask (1 PC),Sheet Masks,R123.99,—,$3.00,R43.40,Tier C (Long-tail),65%,No local comp,https://kiyoko.com/products/mediheal-pure-calming-mask-1-pc,The Skin Boutique Curates: MEDIHEAL Pure Calming Mask (1 PC) A calming sheet mask made of cellulose to repair the skin and help control bacterial growth Authentically sourced and independently curated,"Water, Glycerin (Check packaging for full details)"
126,Mediheal,MEDIHEAL Hydra Soothing Mask (1 PC),Sheet Masks,R123.99,—,$3.00,R43.40,Tier C (Long-tail),65%,No local comp,https://kiyoko.com/products/mediheal-hydra-soothing-mask-1-pc,The Skin Boutique Curates: MEDIHEAL Hydra Soothing Mask (1 PC) A hydrating sheet mask that restores the skin's natural moisture levels and strengthens it's skin barrier Authentically sourced and indep,"Water, Glycerin (Check packaging for full details)"
127,ANUA,ANUA Peach Niacin Serum Mask,Sheet Masks,R165.32,—,$4.00,R57.86,Tier C (Long-tail),65%,No local comp,https://kiyoko.com/products/anua-peach-niacin-serum-mask-1-pc-1-box,The Skin Boutique Curates: ANUA Peach Niacin Serum Mask A brightening sheet mask for instant and long-term glass skin appearance. Authentically sourced and independently curated by The Skin Boutique —,"Prunus Persica (Peach) Fruit Extract(70%), Water, Glycerin, Methylpropanediol, Niacinamide, 1,2-Hexanediol, Lactobacillus Ferment, Phellinus Linteus Extract, Vincetoxicum Atratum Extract, Hydrolyzed H"
128,Abib,Abib Gummy Sheet Mask Hyaluron Sticker,Sheet Masks,R165.32,—,$4.00,R57.86,Tier C (Long-tail),65%,No local comp,https://kiyoko.com/products/abib-gummy-sheet-mask-hyaluron-sticker-1-pc-1-box,The Skin Boutique Curates: Abib Gummy Sheet Mask Hyaluron Sticker A deeply hydrating sheet mask for extremely dry skin. Authentically sourced and independently curated by The Skin Boutique — your trus,"Water, Glycerin (Check packaging for full details)"
129,Abib,Abib Gummy Sheet Mask Heartleaf Sticker,Sheet Masks,R165.32,—,$4.00,R57.86,Tier C (Long-tail),65%,No local comp,https://kiyoko.com/products/abib-gummy-sheet-mask-heartleaf-sticker-1-pc-1-box,The Skin Boutique Curates: Abib Gummy Sheet Mask Heartleaf Sticker A soothing and nourishing sheet mask with a unique gummy texture. Authentically sourced and independently curated by The Skin Boutiqu,"Water, Glycerin (Check packaging for full details)"
130,AXIS-Y,AXIS-Y Dark Spot Correcting Glow Serum (50ml),Serum,R169.00,R119,$16.00,R59.15,Tier C (Long-tail),65%,"Was R661, SA market R119. Traffic driver product.",https://kiyoko.com/products/axis-y-dark-spot-correcting-glow-serum-50ml,"The Skin Boutique Curates: AXIS-Y Dark Spot Correcting Glow Serum (50ml) A best-selling, fan-favourite glow serum formulated with 5% niacinamide. Authentically sourced and independently curated by The","Water, Glycerin, Niacinamide, Sodium Hyaluronate, Propanediol, Erythritol, Butylene Glycol, Squalane, Oryza Sativa (Rice) Bran Extract, Calendula Officinalis Flower Extract, Carica Papaya (Papaya) Fru"
131,Mediheal,MEDIHEAL Derma Synergy Wrapping Mask - Madecassoside x Vitamin C,Sheet Masks,R123.99,—,$3.00,R43.40,Tier C (Long-tail),65%,No local comp,https://kiyoko.com/products/mediheal-derma-synergy-wrapping-mask-madecassoside-x-vitamin-c-1-pc-1-box,The Skin Boutique Curates: MEDIHEAL Derma Synergy Wrapping Mask - Madecassoside x Vitamin C A perfect synergy of madecassoside and vitamin C for skin toning benefits! Authentically sourced and indepen,"Water, Glycerin (Check packaging for full details)"
132,Torriden,TORRIDEN Dive-In Low Molecular Hyaluronic Acid Mask,Sheet Masks,R123.99,—,$3.00,R43.40,Tier C (Long-tail),65%,No local comp,https://kiyoko.com/products/torriden-dive-in-low-molecular-hyaluronic-acid-mask-10pcs,The Skin Boutique Curates: TORRIDEN Dive-In Low Molecular Hyaluronic Acid Mask A super hydrating sheet mask soaked in the Torriden Dive-In Serum. Authentically sourced and independently curated by The,"Water, Glycerin (Check packaging for full details)"
133,ANUA,ANUA Heartleaf 77% Soothing Sheet Mask,Sheet Masks,R123.99,—,$3.00,R43.40,Tier C (Long-tail),65%,No local comp,https://kiyoko.com/products/anua-heartleaf-77-soothing-sheet-mask-1pc,The Skin Boutique Curates: ANUA Heartleaf 77% Soothing Sheet Mask Harness the power of heartleaf for troubled skin. Authentically sourced and independently curated by The Skin Boutique — your trusted ,"Houttuynia Cordata Flower/Leaf/Stem Water, Glycerin, Water, Dipropylene Glycol, Glycereth-26, 1,2-Hexanediol, Propanediol, Arginine, Allantoin, Carbomer, Polyglyceryl-4 Caprate, Xanthan Gum, Ethylhexy"
134,SOME BY MI,SOME BY MI Retinol Intensive Reactivating Mask (1 PC),Sheet Masks,R123.99,—,$3.00,R43.40,Tier C (Long-tail),65%,No local comp,https://kiyoko.com/products/some-by-mi-retinol-intensive-reactivating-mask-1-pc-1,"The Skin Boutique Curates: SOME BY MI Retinol Intensive Reactivating Mask (1 PC) A sheet mask for wrinkle-free, youthfully radiant skin. Authentically sourced and independently curated by The Skin Bou","Water, Dipropylene Glycol, Hydrogenated Polydecene, Niacinamide, Dicaprylyl Ether, Melaleuca Alternifolia (Tea Tree) Leaf Extract, Centella Asiatica Root Extract, Centella Asiatica Leaf Extract, Cente"
135,COSRX,COSRX Full Fit Propolis Light Cream (65ml),Cream,R1322.55,—,$32.00,R462.89,Tier C (Long-tail),65%,No local comp,https://kiyoko.com/products/cosrx-full-fit-propolis-light-cream-65ml,"The Skin Boutique Curates: COSRX Full Fit Propolis Light Cream (65ml) A lightweight cream infused with Full Fit Pro Complex (anti-inflammatory and anti-bacterial combination) that leaves skin soft, su","Water, Glycerin (Check packaging for full details)"
136,Medicube,Medicube Red Succinic Acid Clarifying Serum (30ml),Serum,R785.27,—,$19.00,R274.84,Tier C (Long-tail),65%,No local comp,https://kiyoko.com/products/medicube-red-succinic-acid-clarifying-serum-30ml,"The Skin Boutique Curates: Medicube Red Succinic Acid Clarifying Serum (30ml) Powered by succinic acid and niacinamide, this clarifying serum works to eliminate acne, pimples, and stubborn breakouts w","Water, Glycerin (Check packaging for full details)"
137,Medicube,Medicube Deep Vita C Capsule Serum (30ml),Serum,R479.00,R479,$18.00,R167.65,Tier C (Long-tail),65%,Match.,https://kiyoko.com/products/medicube-deep-vita-c-capsule-serum-30ml,"The Skin Boutique Curates: Medicube Deep Vita C Capsule Serum (30ml) Medicube Deep Vita C Capsule Serum is encapsulated with 99% pure Vitamin C that bursts upon application, instantly energizing dull ","Water, Glycerin (Check packaging for full details)"
138,NIDA,NIDA Revive Eye Cream For Face And Neck (40ml),Cream,R702.61,—,$17.00,R245.91,Tier C (Long-tail),65%,No local comp,https://kiyoko.com/products/nida-revive-eye-cream-for-face-and-neck-40ml,The Skin Boutique Curates: NIDA Revive Eye Cream For Face And Neck (40ml) NIDA Revive Eye Cream For Face And Neck is a luxurious eye cream that smooths wrinkles and fine lines for a radiant and youthf,"Water, Glycerin (Check packaging for full details)"
139,NIDA,NIDA Youthful Formula™ Ultimate Moisturizing Cream (100ml),Cream,R619.95,—,$15.00,R216.98,Tier C (Long-tail),65%,No local comp,https://kiyoko.com/products/nida-youthful-formula™-ultimate-moisturizing-cream-100ml,The Skin Boutique Curates: NIDA Youthful Formula™ Ultimate Moisturizing Cream (100ml) NIDA Ultimate Moisturizing Cream uses c arefully balanced active ingredients to provide continuous nourishment thr,"Water, Glycerin (Check packaging for full details)"
140,NIDA,NIDA Black Rice Blackhead Exfoliating Serum (50ml),Serum,R785.27,—,$19.00,R274.84,Tier C (Long-tail),65%,No local comp,https://kiyoko.com/products/nida-black-rice-blackhead-exfoliating-serum-50ml,"The Skin Boutique Curates: NIDA Black Rice Blackhead Exfoliating Serum (50ml) NIDA Black Rice Blackhead Exfoliating Serum, a skincare item designed to purge pores and remove blackheads without causing","Water, Glycerin (Check packaging for full details)"
141,NIDA,NIDA Peptide Propolis Renewal Serum (50ml),Serum,R702.61,—,$17.00,R245.91,Tier C (Long-tail),65%,No local comp,https://kiyoko.com/products/nida-peptide-propolis-renewal-serum-50ml,"The Skin Boutique Curates: NIDA Peptide Propolis Renewal Serum (50ml) NIDA Peptide Propolis Renewal Serum is a concentrated facial serum that helps revitalize the skin, improve firmness, and promote a","Water, Glycerin (Check packaging for full details)"
142,NIDA,NIDA Centella Hydrating Serum (50ml),Serum,R702.61,—,$17.00,R245.91,Tier C (Long-tail),65%,No local comp,https://kiyoko.com/products/nida-centella-hydrating-serum-50ml,The Skin Boutique Curates: NIDA Centella Hydrating Serum (50ml) NIDA Centella Hydrating combines Centella Asiatica and Hyaluronic Acid to strengthen the skin barrier and calm irritation. It reduces re,"Water, Glycerin (Check packaging for full details)"
143,Medicube,Medicube PDRN Pink Peptide Cream (50ml),Cream,R785.27,—,$19.00,R274.84,Tier C (Long-tail),65%,No local comp,https://kiyoko.com/products/medicube-pdrn-pink-peptide-cream-50ml-1,The Skin Boutique Curates: Medicube PDRN Pink Peptide Cream (50ml) A moisture-boosting and barrier-protecting cream that ensures concentrated and long-lasting hydration Authentically sourced and indep,"Water, Disodium EDTA, Betaine, Niacinamide, Adenosine, Citric Acid, Panthenol, Glycereth-26, Glycerin, Glyceryl Acrylate/Acrylic Acid Copolymer, Butylene Glycol, Hydroxyethyl Acrylate/Sodium Acryloyld"
144,Lululun,LULULUN Aura Bright Face Mask,Sheet Masks,R413.30,—,$10.00,R144.66,Tier C (Long-tail),65%,No local comp,https://kiyoko.com/products/lululun-aura-bright-face-mask,"The Skin Boutique Curates: LULULUN Aura Bright Face Mask A romantic blend of heritage, nature, and beauty, for skin that blossoms Authentically sourced and independently curated by The Skin Boutique —","Water, BG, Pentylene Glycol, Glycerin, Caprylic/Capric/Succinic Triglyceride, DNA-Na, Ascorbic Acid, Gold, Glutathione, Ceramide NP, Ceramide AP, Ceramide EOP, Tremella Fuciformis Polysaccharide, Soyb"
145,ITS Skin,ITS SKIN Hyaluronic Acid Moisture Cream (50ml),Cream,R785.27,—,$19.00,R274.84,Tier C (Long-tail),65%,No local comp,https://kiyoko.com/products/its-skin-hyaluronic-acid-moisture-cream-50ml,The Skin Boutique Curates: ITS SKIN Hyaluronic Acid Moisture Cream (50ml) A moisturizer powered by hyaluronic acid to deliver fresh hydration to the skin Authentically sourced and independently curate,"Water, Glycerin (Check packaging for full details)"
146,BCL,BCL Saborino Morning Facial Sheet Mask Moisture Rich (30pcs),Sheet Masks,R619.95,—,$15.00,R216.98,Tier C (Long-tail),65%,No local comp,https://kiyoko.com/products/bcl-saborino-morning-facial-sheet-mask-moisture-rich-30pcs,The Skin Boutique Curates: BCL Saborino Morning Facial Sheet Mask Moisture Rich (30pcs) A special care face mask to freshen the skin after waking up. Authentically sourced and independently curated by,"Water, Glycerin (Check packaging for full details)"
147,BCL,BCL Saborino Morning Facial Sheet Mask (32pcs),Sheet Masks,R619.95,—,$15.00,R216.98,Tier C (Long-tail),65%,No local comp,https://kiyoko.com/products/bcl-saborino-morning-facial-sheet-mask-32pcs,The Skin Boutique Curates: BCL Saborino Morning Facial Sheet Mask (32pcs) A special care face mask to freshen the skin after waking up. Authentically sourced and independently curated by The Skin Bout,"Water, Glycerin (Check packaging for full details)"
148,BCL,BCL Saborino Good Night Facial Sheet Mask (30pcs),Sheet Masks,R619.95,—,$15.00,R216.98,Tier C (Long-tail),65%,No local comp,https://kiyoko.com/products/bcl-saborino-good-night-facial-sheet-mask-30pcs,The Skin Boutique Curates: BCL Saborino Good Night Facial Sheet Mask (30pcs) A 5-in-1 sheet mask that makes for an easy bedtime routine. Authentically sourced and independently curated by The Skin Bou,"Water, Glycerin (Check packaging for full details)"
149,IZEZE,IZEZE Black Cumin NSA Enrich Cream (50ml),Cream,R702.61,—,$17.00,R245.91,Tier C (Long-tail),65%,No local comp,https://kiyoko.com/products/izeze-black-cumin-nsa-enrich-cream-50ml,"The Skin Boutique Curates: IZEZE Black Cumin NSA Enrich Cream (50ml) A rich barrier-repair, brightening cream for dry compromised skin. Authentically sourced and independently curated by The Skin Bout","Water, Glycerin, Ethylhexyl Stearate, Cocos Nucifera (Coconut) Oil, Niacinamide, Pentylene Glycol, Cetearyl Alcohol, Vinyl Dimethicone, Polyglyceryl-3 Methylglucose Distearate, Arachidyl Alcohol, Palm"
150,Lululun,LULULUN Hydra-EX Face Mask (7 PCs),Sheet Masks,R537.29,—,$13.00,R188.05,Tier C (Long-tail),65%,No local comp,https://kiyoko.com/products/lululun-hydra-ex-face-mask-7-pcs,The Skin Boutique Curates: LULULUN Hydra-EX Face Mask (7 PCs) Revolutionary anti-aging mask featuring human stem cell extracts. Authentically sourced and independently curated by The Skin Boutique — y,"Water, glycerin, BG, glycereth-26, PEG/PPG/polybutylene glycol-8/5/3 glycerin, betaine, human fat-derived mesenchymal cell exosomes, glutathione lecithin, flaxseed fatty acid, Tocopherol acetate, asco"
151,Medicube,Medicube PDRN Pink One Day Serum (10 x 1.5ml),Serum,R661.28,—,$16.00,R231.45,Tier C (Long-tail),65%,No local comp,https://kiyoko.com/products/medicube-pdrn-pink-one-day-serum-10-x-1-5ml,The Skin Boutique Curates: Medicube PDRN Pink One Day Serum (10 x 1.5ml) One-Day Pink Drop Ampoule with High Purity Salmon PDRN 99% Authentically sourced and independently curated by The Skin Boutique,"Water (Aqua), Glycerin, Butylene Glycol, Polyglycerin-3, Methylpropanediol, Niacinamide, Glycereth-26, 1,2-Hexanediol, Betaine, PEG-8, Methyl Gluceth-20, Methyl Gluceth-10, Carbomer, Tromethamine, Pan"
152,Lululun,LULULUN Hydra AZ Mask (7 PCs),Sheet Masks,R495.96,—,$12.00,R173.59,Tier C (Long-tail),65%,No local comp,https://kiyoko.com/products/lululun-hydra-az-mask-7-pcs,The Skin Boutique Curates: LULULUN Hydra AZ Mask (7 PCs) Sheet masks for maintaining balanced skin moisture levels and enhances your skin's health Authentically sourced and independently curated by Th,"Water, Glycerin, Butylene Glycol, Niacinamide, Potassium Azeloyl Diglycinate, Mandelic Acid, Hydrolyzed Sodium Hyaluronate, Bifida Ferment Lysate, Lactobacillus/Pyrus Communis (Pear) Juice Ferment Fil"
153,Lululun,LULULUN Hydra F Face Mask (7 PCs),Sheet Masks,R454.63,—,$11.00,R159.12,Tier C (Long-tail),65%,No local comp,https://kiyoko.com/products/lululun-hydra-f-face-mask-7-pcs,The Skin Boutique Curates: LULULUN Hydra F Face Mask (7 PCs) Revitalize and nourish with binchotan charcoal and 3 types of black serum Authentically sourced and independently curated by The Skin Bouti,"Water, Glycerin, 1,3-Butylene Glycol, Maltitol, Pyrus Cydonia Seed Extract, C18-36 Acid Triglyceride, C12-18 Acid Triglyceride, Jojoba Esters, Squalene, Phytosteryl Macadamiate, Phytosterols, Tocopher"
154,Haruharu Wonder,Haruharu Wonder Black Rice 10 Hyaluronic Cream - Unscented (50ml),Cream,R743.94,—,$18.00,R260.38,Tier C (Long-tail),65%,No local comp,https://kiyoko.com/products/haruharu-wonder-black-rice-10-hyaluronic-cream-unscented-50ml,The Skin Boutique Curates: Haruharu Wonder Black Rice 10 Hyaluronic Cream - Unscented (50ml) A lightweight cream formulated with hyaluronic acid to create a protective barrier against moisture loss fr,"Water, Glycerin (Check packaging for full details)"
155,Ishizawa,ISHIZAWA KEANA Pore Tightening Mask,Sheet Masks,R495.96,—,$12.00,R173.59,Tier C (Long-tail),65%,No local comp,https://kiyoko.com/products/ishizawa-keana-pore-tightening-mask-10pcs,"The Skin Boutique Curates: ISHIZAWA KEANA Pore Tightening Mask A Japanese sheet mask that hydrates, moisturizes and provides excellent pore care for all skin types. Authentically sourced and independe","Water, glycerin, PG, ethanol, cucumber fruit extract, Hechima fruit / leaf / stem extract , Na hyaluronate, hydrolyzed collagen, chamomile flower extract, Roman chamomile flower extract, rosemary leaf"
156,K-SECRET SEOUL 1988,K-SECRET SEOUL 1988 Cream: Snail Mucin 93% + Rice (100ml),Cream,R743.94,—,$18.00,R260.38,Tier C (Long-tail),65%,No local comp,https://kiyoko.com/products/ksecret-seoul-1988-cream-snail-mucin-93-rice-100ml,The Skin Boutique Curates: K-SECRET SEOUL 1988 Cream: Snail Mucin 93% + Rice (100ml) A moisturizing cream enriched with 93% snail mucus filtrate and rice extract to revitalize and renew the skin Authe,"Snail Secretion Filtrate (970,0 00ppm), Butylene Glycol, 1,2-Hexanediol, Ethyl Hexanediol, Allantoin, Phenoxyethanol, Sodium Polyacrylate, Sodium Hyaluronate, Carbomer, Ammonium Acryloyldimethyltaurat"
157,Skin1004,SKIN1004 Madagascar Centella Tea-Trica B5 Cream (75ml),Cream,R785.27,—,$19.00,R274.84,Tier C (Long-tail),65%,No local comp,https://kiyoko.com/products/skin1004-madagascar-centella-tea-trica-b5-cream-75ml,The Skin Boutique Curates: SKIN1004 Madagascar Centella Tea-Trica B5 Cream (75ml) A moisturizer that perfectly soothes acne-prone and sensitive skin Authentically sourced and independently curated by ,"Water, Glycerin (Check packaging for full details)"
158,Medicube,Medicube Deep Lifting Age-Repair Cream (30ml),Cream,R619.95,—,$15.00,R216.98,Tier C (Long-tail),65%,No local comp,https://kiyoko.com/products/medicube-deep-lifting-age-repair-cream-30ml,The Skin Boutique Curates: Medicube Deep Lifting Age-Repair Cream (30ml) Next generation peptide anti-aging lifting cream. Authentically sourced and independently curated by The Skin Boutique — your t,"Purified Water, Methylpropanediol, *Glycerin, Cyclopentasiloxane, *Butylene Glycol, Hydrogenated Poly(C6-14 Olefin), Dipropylene Glycol, Caprylic/Capric Triglyceride, Panthenol, Niacinamide, *Acetyl H"
159,Medicube,Medicube PDRN Pink Peptide Serum,Serum,R785.27,—,$19.00,R274.84,Tier C (Long-tail),65%,No local comp,https://kiyoko.com/products/medicube-pdrn-pink-peptide-serum-30ml-2,"The Skin Boutique Curates: Medicube PDRN Pink Peptide Serum Completely change your dull, uneven complexion to clear, glowy skin. Authentically sourced and independently curated by The Skin Boutique — ","Purified water, Glycerin, Dipropylene Glycol, Isopropyl Myristate, Glycereth-26, Niacinamide, 1,2-Hexanediol, Sodium DNA, Butylene Glycol, Polyglycerin-3, Sodium Acrylate/Sodium Acryloyldimethyl Taura"
160,Medicube,Medicube PDRN Pink Exosome Shot Serum 7500 (30ml),Serum,R743.94,—,$18.00,R260.38,Tier C (Long-tail),65%,No local comp,https://kiyoko.com/products/medicube-pdrn-pink-exosome-shot-serum-7500-30ml,The Skin Boutique Curates: Medicube PDRN Pink Exosome Shot Serum 7500 (30ml) Microneedling in a bottle with to enhance skin vitality and glow Authentically sourced and independently curated by The Ski,"Water, Butylene Glycol, Dipropylene Glycol, Glycerin, Niacinamide, Sodium Polyacrylate, 1,2-Hexanediol, Calcium aluminum borosilicate, Hydrolyzed Sponge, Caprylyl Glycol, Cetearyl Olivate, Phenyl Trim"
161,Medicube,Medicube Zero Pore One Day Peptide Serum (30ml),Serum,R785.27,—,$19.00,R274.84,Tier C (Long-tail),65%,No local comp,https://kiyoko.com/products/medicube-zero-pore-one-day-serum-30ml,"The Skin Boutique Curates: Medicube Zero Pore One Day Peptide Serum (30ml) Exfoliate, Brighten and Tighten overnight. Authentically sourced and independently curated by The Skin Boutique — your truste","Water(Aqua), Gluconolactone, Methylpropanediol, Glycerin, Propanediol, Tromethamine, Polyglycerin-3, Niacinamide, 1,2-Hexanediol, Citric Acid, Dimethicone, Butylene Glycol, C12-14 Pareth-12, Hydroxyet"
162,Lululun,LULULUN Hydra V Mask,Sheet Masks,R495.96,—,$12.00,R173.59,Tier C (Long-tail),65%,No local comp,https://kiyoko.com/products/lululun-hydra-v-mask,The Skin Boutique Curates: LULULUN Hydra V Mask Revitalize and nourish with 7 types of herbs and vitamins. Authentically sourced and independently curated by The Skin Boutique — your trusted destinati,"Water, Glycerin, Butylene Glycol, Ascorbyl Glucoside, Myristyl 3-Glyceryl Ascorbate, Ascorbylmethylcarbonyl Pentapeptide-72 Trit-Butyl Tryptophanamide, Bakuchiol, Niacinamide, Panthenol, Centella Asia"
163,TIAM,TIAM Vita B3 Source (40ml),Serum,R661.28,—,$16.00,R231.45,Tier C (Long-tail),65%,No local comp,https://kiyoko.com/products/tiam-vita-b3-source-40ml,The Skin Boutique Curates: TIAM Vita B3 Source (40ml) A dual-powered serum to prevent melanin production and combat the formation of dark spots Authentically sourced and independently curated by The S,"Water, Niacinamide (10%), Butylene Glycol, Arbutin (2%), Allantoin, Dipotassium Glycyrrhizate, Lindera Erythrocarpa Extract, Cornus Officinalis Fruit Extract, Geranium Thunbergii Extract, Hydroxyethyl"
164,Nacific,NACIFIC Fresh Herb Origin Cream (50ml),Cream,R537.29,—,$13.00,R188.05,Tier C (Long-tail),65%,No local comp,https://kiyoko.com/products/nacific-fresh-herb-origin-cream-50ml,"The Skin Boutique Curates: NACIFIC Fresh Herb Origin Cream (50ml) Triple layered cream to soothe, boost and lock in hydration. Authentically sourced and independently curated by The Skin Boutique — yo","Anthemis Nobilis Flower Water, Cetyl Ethylhexanoate, Butylene Glycol, Caprylic/Capric Triglyceride, Glycerin, Cetearyl Alcohol, Glyceryl Stearate, Aqua, Niacinamide, Dimethicone, 1,2-Hexanediol, Polys"
165,FREE MOMENT,FREE MOMENT 80% Super Noni Serum (30ml),Serum,R743.94,—,$18.00,R260.38,Tier C (Long-tail),65%,No local comp,https://kiyoko.com/products/free-moment-80-super-noni-serum-30ml,The Skin Boutique Curates: FREE MOMENT 80% Super Noni Serum (30ml) A vegan super serum that cares for the skin barrier and enhances overall skin health Authentically sourced and independently curated ,"Morinda Citrifolia Extract, Dipropylene Glycol, Glycerin, Glycereth -26, 1,2- Hexanediol, Water, Brassica Oleracea Acephala Leaf Extract, Borago Officinalis Extract, Centaurea Cyanus Flower Extract, C"
166,Medicube,Medicube PDRN Pink Hyaluronic Moisturizing Cream,Cream,R661.28,—,$16.00,R231.45,Tier C (Long-tail),65%,No local comp,https://kiyoko.com/products/medicube-pdrn-pink-hyaluronic-moisturizing-cream,The Skin Boutique Curates: Medicube PDRN Pink Hyaluronic Moisturizing Cream A moisture-boosting and barrier-protecting cream that ensures concentrated and long-lasting hydration Authentically sourced ,"Purified Water, Glycereth-26, Butylene Glycol, Caprylic/Capric Triglyceride, Cyclopentasiloxane, 1,2-Hexanediol, Niacinamide, Hydrogenated Polydecene, Isononyl Isononanoate, Cetearyl Olivate, Ethylhex"
167,APRILSKIN,APRILSKIN Pink Aloe Mucin Serum (30ml),Serum,R619.95,—,$15.00,R216.98,Tier C (Long-tail),65%,No local comp,https://kiyoko.com/products/aprilskin-pink-aloe-mucin-serum-30ml,The Skin Boutique Curates: APRILSKIN Pink Aloe Mucin Serum (30ml) A hydrating mucin serum with a non-sticky finish. Authentically sourced and independently curated by The Skin Boutique — your trusted ,"Aloe Barbadensis Leaf Water, Water, Butylene Glycol, 1,2-Hexanediol, Glycerin, Niacinamide, Erythritol, Octyldodeceth-16, Sodium Polyacrylate, Carbomer, Arginine, Panthenol, Allantoin, Ethylhexylglyce"
168,Lululun,LULULUN One Night Rescue Face Mask (5 PCs),Sheet Masks,R661.28,—,$16.00,R231.45,Tier C (Long-tail),65%,No local comp,https://kiyoko.com/products/lululun-one-night-rescue-face-mask-5-pcs,The Skin Boutique Curates: LULULUN One Night Rescue Face Mask (5 PCs) An overnight intensive care mask for dry and lackluster skin Authentically sourced and independently curated by The Skin Boutique ,"Water, Glycerin (Check packaging for full details)"
169,ITS Skin,ITS SKIN Collagen Nutrition Cream+ (50ml),Cream,R743.94,—,$18.00,R260.38,Tier C (Long-tail),65%,No local comp,https://kiyoko.com/products/its-skin-collagen-nutrition-cream-50ml-1,The Skin Boutique Curates: ITS SKIN Collagen Nutrition Cream+ (50ml) A firming and skin tone-correcting cream formulated with collagen and Saussurea Ianiceps extracts. Authentically sourced and indepe,"Water, Glycerin (Check packaging for full details)"
170,iUNIK,iUNIK Beta Glucan Daily Moisture Cream (60ml),Cream,R578.62,—,$14.00,R202.52,Tier C (Long-tail),65%,No local comp,https://kiyoko.com/products/iunik-beta-glucan-daily-moisture-cream-60ml,The Skin Boutique Curates: iUNIK Beta Glucan Daily Moisture Cream (60ml) A powerfully moisturizing cream featuring Beta-Glucan. Authentically sourced and independently curated by The Skin Boutique — y,"Water, Glycerin (Check packaging for full details)"
171,Medicube,Medicube Collagen Jelly Cream,Cream,R429.00,R399,$15.00,R150.15,Tier C (Long-tail),65%,"Regular R399, currently on sale R339. Priced against regular.",https://kiyoko.com/products/medicube-collagen-jelly-cream-110ml,The Skin Boutique Curates: Medicube Collagen Jelly Cream Viral jelly cream known for its instant Korean Glass Glow effect. Authentically sourced and independently curated by The Skin Boutique — your t,"Water, Propanediol, Dipropylene Glycol, Butylene Glycol, Methylpropanediol, Diethoxyethyl Succinate, Ethoxydiglycol, Ammonium Acryloyldimethyltaurate/Beheneth-25 Methacrylate Crosspolymer, Niacinamide"
172,FREE MOMENT,FREE MOMENT Green Calming Serum Mist (100ml),Serum,R578.62,—,$14.00,R202.52,Tier C (Long-tail),65%,No local comp,https://kiyoko.com/products/free-moment-green-calming-serum-mist-100ml-1,The Skin Boutique Curates: FREE MOMENT Green Calming Serum Mist (100ml) A vegan oil and serum mist helps quickly soothe and moisturize irritated skin. Authentically sourced and independently curated b,"Water, Hydrogenated Poly(C6-14 Olefin), Butylene Glycol, Isohexadecane, Propanediol, Pentylene Glycol, Niacinamide, Glycerin, Dipropylene Glycol, Sodium Chloride, Caprylyl/Capryl Glucoside, Ethylhexyl"
173,Skin1004,SKIN1004 Madagascar Centella Soothing Cream,Cream,R785.27,—,$19.00,R274.84,Tier C (Long-tail),65%,No local comp,https://kiyoko.com/products/skin1004-madagascar-centella-soothing-cream-75ml,The Skin Boutique Curates: SKIN1004 Madagascar Centella Soothing Cream A soothing cream that contains three lipid components of the epidermic layer to help repair the skin barrier. Authentically sourc,"Water, Glycerin (Check packaging for full details)"
174,Skin1004,SKIN1004 Madagascar Centella Probio-Cica Enrich Cream,Cream,R371.97,—,$9.00,R130.19,Tier C (Long-tail),65%,No local comp,https://kiyoko.com/products/skin1004-madagascar-centella-probio-cica-enrich-cream-50ml,The Skin Boutique Curates: SKIN1004 Madagascar Centella Probio-Cica Enrich Cream A highly concentrated cream with an advanced formula that leaves skin with a silky finish. Authentically sourced and in,"Centella Asiatica Extract, Glycerin, Diglycerin, 1,2-Hexanediol, Butylene Glycol, Niacinamide, Water, Polyglyceryl-3 Distearate, Caprylic/Capric Triglyceride, Neopentyl Glycol Diheptanoate, Isostearyl"
175,Skin1004,SKIN1004 Centella Hyalu Cica Blue Serum (50ml),Serum,R785.27,—,$19.00,R274.84,Tier C (Long-tail),65%,No local comp,https://kiyoko.com/products/skin1004-centella-hyalu-cica-blue-serum-50ml,The Skin Boutique Curates: SKIN1004 Centella Hyalu Cica Blue Serum (50ml) A g el-type serum that absorbs quickly and provides deep hydration without stickiness Authentically sourced and independently ,"Purified Water, Centella Asiatica Leaf Water(38%), Butylene Glycol, 1,2-Hexanediol, Niacinamide, Glycerin, Pantolactone, Hibiscus Esculentus Fruit Extract, Sodium Hyaluronate, Hydrolyzed Hyaluronic Ac"
176,Haruharu Wonder,Haruharu Wonder Black Rice 10 Hyaluronic Cream (50ml),Cream,R702.61,—,$17.00,R245.91,Tier C (Long-tail),65%,No local comp,https://kiyoko.com/products/haruharu-wonder-black-rice-10-hyaluronic-cream-50ml-2,The Skin Boutique Curates: Haruharu Wonder Black Rice 10 Hyaluronic Cream (50ml) A lightweight cream formulated with hyaluronic acid to create a protective barrier against moisture loss from the skin.,"Water, Glycerin (Check packaging for full details)"
177,Skin1004,SKIN1004 Madagascar Centella Cream,Cream,R413.30,—,$10.00,R144.66,Tier C (Long-tail),65%,No local comp,https://kiyoko.com/products/skin1004-madagascar-centella-cream-30ml-75ml,"The Skin Boutique Curates: SKIN1004 Madagascar Centella Cream A moisturizer that helps calm, hydrate and nourish skin damaged by harmful external environments. Authentically sourced and independently ","Water, Glycerin (Check packaging for full details)"
178,Soon Jung,ETUDE HOUSE Soon Jung 2X Barrier Intensive Cream (60ml),Cream,R743.94,—,$18.00,R260.38,Tier C (Long-tail),65%,No local comp,https://kiyoko.com/products/etude-house-soon-jung-2x-barrier-intensive-cream-60ml,The Skin Boutique Curates: ETUDE HOUSE Soon Jung 2X Barrier Intensive Cream (60ml) A rich cream for smooth and soft skin. 2023 Version. Authentically sourced and independently curated by The Skin Bout,"WATER / AQUA / EAU, PROPANEDIOL, PENTAERYTHRITYL TETRAETHYLHEXANOATE, CAPRYLIC/CAPRIC TRIGLYCERIDE, HELIANTHUS ANNUUS (SUNFLOWER) SEED OIL, POLYGLYCERYL-3 METHYLGLUCOSE DISTEARATE, HYDROGENATED VEGETA"
179,Reihaku Hatomugi,Reihaku Hatomugi Milky Cream (300g),Cream,R661.28,—,$16.00,R231.45,Tier C (Long-tail),65%,No local comp,https://kiyoko.com/products/reihaku-hatomugi-milky-cream-300g,The Skin Boutique Curates: Reihaku Hatomugi Milky Cream (300g) Milky and creamy moisturizer for fresh and clear skin Authentically sourced and independently curated by The Skin Boutique — your trusted,"Water, glycerin, BG, behenyl alcohol, mineral oil, Cetyl Alcohol, dimethicone, sorbitan stearate, polysorbate 60, stearic acid, Coix lacrymal-Jobi ma-yuen seed extract, sodium hyaluronate, carbomer, A"
180,Kikumasamune,KIKUMASAMUNE Japanese Sake Cream (150g),Cream,R702.61,—,$17.00,R245.91,Tier C (Long-tail),65%,No local comp,https://kiyoko.com/products/kikumasamune-japanese-sake-cream-150g,"The Skin Boutique Curates: KIKUMASAMUNE Japanese Sake Cream (150g) Kikumasamune Japanese Sake Cream is a moisturizer cream made with real Japanese sake, three types of ceramides and four types of amin","Water, Glycerin (Check packaging for full details)"
181,Ishizawa,ISHIZAWA KEANA Nadeshiko Rice Mask,Sheet Masks,R537.29,—,$13.00,R188.05,Tier C (Long-tail),65%,No local comp,https://kiyoko.com/products/ishizawa-keana-nadeshiko-rice-mask,The Skin Boutique Curates: ISHIZAWA KEANA Nadeshiko Rice Mask A sheet mask soaked in 100% Japanese rice-derived skincare serum that plumps and moisturizes dry skin. Authentically sourced and independe,"Water, Glycerin (Check packaging for full details)"
182,Dr. Althea,Dr.Althea 85% Anastatica Skin Conditioning Toner (250ml),Toner,R785.27,—,$19.00,R274.84,Tier C (Long-tail),65%,No local comp,https://kiyoko.com/products/dr-althea-85-anastatica-skin-conditioning-toner-250ml,The Skin Boutique Curates: Dr.Althea 85% Anastatica Skin Conditioning Toner (250ml) Revitalize and deeply hydrate with potent water-loving ingredients Authentically sourced and independently curated b,"Water, Glycerin (Check packaging for full details)"
183,Beauty of Joseon,Beauty of Joseon Green Plum Refreshing Toner: AHA + BHA (150ml),Toner,R743.94,—,$18.00,R260.38,Tier C (Long-tail),65%,No local comp,https://kiyoko.com/products/beauty-of-joseon-green-plum-refreshing-toner-aha-bha-150ml,The Skin Boutique Curates: Beauty of Joseon Green Plum Refreshing Toner: AHA + BHA (150ml) A mild and refreshing daily toner that features low concentrations of AHA and BHA to exfoliate skin without c,"Water, Prunus Mume Fruit Water, Dipropylene Glycol, 1,2-Hexanediol, Tromethamine, Glycolic Acid, Phaseolus Radiatus Seed Extract, Panax Ginseng Root Extract, Oryza Sativa (Rice) Bran Water, Portulaca "
184,COSRX,COSRX Centella Water Alcohol-Free Toner (150ml),Toner,R537.29,—,$13.00,R188.05,Tier C (Long-tail),65%,No local comp,https://kiyoko.com/products/cosrx-centella-water-alcohol-free-toner-150ml,"The Skin Boutique Curates: COSRX Centella Water Alcohol-Free Toner (150ml) A watery, spray-type toner formulated with Centella Asiatica and mineral water from Jeju Island that soothes and hydrates irr","Water, Glycerin (Check packaging for full details)"
185,Medicube,Medicube Red Acne Succinic Acid Peel (40g),Serum,R867.92,—,$21.00,R303.77,Tier C (Long-tail),65%,No local comp,https://kiyoko.com/products/medicube-red-acne-succinic-acid-peel-40g,The Skin Boutique Curates: Medicube Red Acne Succinic Acid Peel (40g) A quick 1-minute treatment that fits seamlessly into your morning and evening routine. This peel harnesses succinic acid—a natural,"Water, Glycerin (Check packaging for full details)"
186,Medicube,Medicube Kojic Acid Turmeric Vita Jelly Mist Serum (100ml),Serum,R867.92,—,$21.00,R303.77,Tier C (Long-tail),65%,No local comp,https://kiyoko.com/products/medicube-kojic-acid-turmeric-vita-jelly-mist-serum,The Skin Boutique Curates: Medicube Kojic Acid Turmeric Vita Jelly Mist Serum (100ml) Experience the best of K-Beauty with Medicube Kojic Acid Turmeric Vita Jelly Mist Serum (100ml) by Medicube — a pr,"Water, Glycerin (Full ingredients list under review)"
187,NIDA,NIDA Youth-Boosting Rice Milky Toner (150ml),Serum,R826.59,—,$20.00,R289.31,Tier C (Long-tail),65%,No local comp,https://kiyoko.com/products/nida-youth-boosting-rice-milky-toner-150ml,The Skin Boutique Curates: NIDA Youth-Boosting Rice Milky Toner (150ml) NIDA Youth-Boosting Rice Milky Toner is enriched with nutrient-packed Rice Bran Water to visibly boosts radiance and revitalizes,"Water, Glycerin (Check packaging for full details)"
188,Medicube,Medicube PDRN Pink Collagen Bubble Serum (95ml),Serum,R479.00,R479,$22.00,R167.65,Tier C (Long-tail),65%,Match.,https://kiyoko.com/products/medicube-pdrn-pink-collagen-bubble-serum-95ml,The Skin Boutique Curates: Medicube PDRN Pink Collagen Bubble Serum (95ml) Dual-layered serum combining PDRN serum and PDRN cream. Authentically sourced and independently curated by The Skin Boutique ,"Water (Aqua), Niacinamide, Helianthus Annuus (Sunflower) Seed Oil, Glycerin, Hydrogenated Poly (C6-14 Olefin), C12-14 Alketh-12, 1,2-Hexanediol, Propanediol, Isododecane, Ethylhexyl Palmitate, Cetyl E"
189,MEDIPEEL,MEDIPEEL Premium 3.0 Collagen Naite Thread Neck Cream (100ml),Cream,R867.92,—,$21.00,R303.77,Tier C (Long-tail),65%,No local comp,https://kiyoko.com/products/medipeel-premium-3-0-collagen-naite-thread-neck-cream-100ml,The Skin Boutique Curates: MEDIPEEL Premium 3.0 Collagen Naite Thread Neck Cream (100ml) An innovative peptide cream specially designed for the neck and décolleté Authentically sourced and independent,"Water, Hydrolyzed Collagen, Glycerin, Cetearyl Alcohol, C12-15 Alkyl Benzoate, Cetyl Ethylhexanoate, Cyclohexasiloxane, 1,2-Hexanediol, Prunus Amygdalus Dulcis (Sweet Almond) Oil, Butylene Glycol, Car"
190,MEDIPEEL,MEDIPEEL Retinol Collagen Lifting Cream (50ml),Cream,R867.92,—,$21.00,R303.77,Tier C (Long-tail),65%,No local comp,https://kiyoko.com/products/medipeel-retinol-collagen-lifting-cream-50ml,The Skin Boutique Curates: MEDIPEEL Retinol Collagen Lifting Cream (50ml) A n advanced anti-aging cream that combats sagging skin with retinol and retinal Authentically sourced and independently curat,"Water, Glycerin, Ethylhexyl Palmitate, Cetyl Ethylhexanoate, Glycereth-26, Dipropylene Glycol, Niacinamide, Butylene Glycol, Palmitic Acid, C14-22 Alcohols, Caprylic/Capric Triglyceride, C12-20 Alkyl "
191,Medicube,Medicube Triple Collagen Serum 4.0 (55ml),Serum,R826.59,—,$20.00,R289.31,Tier C (Long-tail),65%,No local comp,https://kiyoko.com/products/medicube-triple-collagen-serum-4-0-55ml,"The Skin Boutique Curates: Medicube Triple Collagen Serum 4.0 (55ml) Lightweight serum for plump, glowing glass skin Authentically sourced and independently curated by The Skin Boutique — your trusted","Water(Aqua), Glycerin, Butylene Glycol, Cetyl Ethylhexanoate, Niacinamide, Glycereth-26, Alcohol Denat., 1,2-Hexanediol, Cyclopentasiloxane, Cyclohexasiloxane, Trehalose, Dimethicone, Carbomer, Cetear"
192,IZEZE,IZEZE Black Cumin NDA Pudding Gel Cream (50ml),Cream,R867.92,—,$21.00,R303.77,Tier C (Long-tail),65%,No local comp,https://kiyoko.com/products/izeze-black-cumin-nda-pudding-gel-cream-50ml,The Skin Boutique Curates: IZEZE Black Cumin NDA Pudding Gel Cream (50ml) An ultra-cooling and hydrating gel for balance and nourishment Authentically sourced and independently curated by The Skin Bou,"Water, Butylene Glycol, Glycereth-26, Glycerin, Methylpropanediol, 1,2-Hexanediol, Polyglyceryl-3 Acrylates/C10-30 Alkyl Acrylate Crosspolymer, Ammonium Acryloyldimethyltaurate/VP Copolymer, Arginine,"
193,Medicube,Medicube Kojic Acid Turmeric Niacinamide Serum (30ml),Serum,R499.00,R499,$22.00,R174.65,Tier C (Long-tail),65%,Match.,https://kiyoko.com/products/medicube-kojic-acid-turmeric-niacinamide-serum-30ml,The Skin Boutique Curates: Medicube Kojic Acid Turmeric Niacinamide Serum (30ml) Powerful antioxidant serum ideal for after spot care. Authentically sourced and independently curated by The Skin Bouti,"Water (Aqua), Niacinamide, Butylene Glycol, Jojoba Esters, 1,2-hexanediol, Curcuma Longa (Turmeric) Root Extract, Caprylic/capric/succinic Triglyceride, Coco-caprylate/caprate, Kojic Acid, Ammonium Ac"
194,Medicube,Medicube Zero Pore Cream 2.0 (50ml),Cream,R549.00,R559,$24.00,R192.15,Tier C (Long-tail),65%,Slight undercut.,https://kiyoko.com/products/medicube-zero-pore-cream-2-0-50ml,"The Skin Boutique Curates: Medicube Zero Pore Cream 2.0 (50ml) Smooth, tighten, and balance your skin effortlessly Authentically sourced and independently curated by The Skin Boutique — your trusted d","Water, Propanediol, Butylene Glycol, Cetearyl Alcohol, Caprylic/Capric Triglyceride, Camellia Japonica Flower Extract, Dimethicone, 1,2-Hexanediol, Cyclopentasiloxane, Cyclohexasiloxane, Glycolic Acid"
195,Medicube,Medicube Age-R Vita K Refining Cream,Cream,R826.59,—,$20.00,R289.31,Tier C (Long-tail),65%,No local comp,https://kiyoko.com/products/medicube-age-r-vita-k-refining-cream-100ml,"The Skin Boutique Curates: Medicube Age-R Vita K Refining Cream Face and body cream to target redness, elasticity and texture. Authentically sourced and independently curated by The Skin Boutique — yo","Water, Glycerin, Methylpropanediol, Niacinamide, Betaine, Isopropyl Palmitate, Cucurbita Pepo (Pumpkin) Fruit Extract, Hydrogenated Poly(C6-14 Olefin), Hydrogenated Polydecene, Arnica Montana Flower E"
196,iUNIK,iUNIK Tea Tree Relief Serum (50ml),Serum,R867.92,—,$21.00,R303.77,Tier C (Long-tail),65%,No local comp,https://kiyoko.com/products/iunik-tea-tree-relief-serum-50ml,The Skin Boutique Curates: iUNIK Tea Tree Relief Serum (50ml) A deeply soothing and refreshing serum for sensitive skin. Authentically sourced and independently curated by The Skin Boutique — your tru,"Water, Glycerin (Check packaging for full details)"
197,Haruharu Wonder,Haruharu Wonder Centella Phyto & 5 Peptide Concentrate Cream (30ml),Cream,R826.59,—,$20.00,R289.31,Tier C (Long-tail),65%,No local comp,https://kiyoko.com/products/haruharu-wonder-centella-phyto-5-peptide-concentrate-cream-30ml,"The Skin Boutique Curates: Haruharu Wonder Centella Phyto & 5 Peptide Concentrate Cream (30ml) A multifunctional face cream that provides anti-aging, soothing and brightening effects Authentically sou","Water, Glycerin (Check packaging for full details)"
198,Haruharu Wonder,Haruharu Wonder Centella 4% TXA Dark Spot Go Away Serum (30ml),Serum,R826.59,—,$20.00,R289.31,Tier C (Long-tail),65%,No local comp,https://kiyoko.com/products/haruharu-wonder-centella-4-txa-dark-spot-go-away-serum-30ml,The Skin Boutique Curates: Haruharu Wonder Centella 4% TXA Dark Spot Go Away Serum (30ml) A potent serum that can refine and transform your complexion Authentically sourced and independently curated b,"Water, Glycerin (Check packaging for full details)"
199,VT Cosmetics,VT Cica Daily Soothing Mask (30 PCs),Sheet Masks,R826.59,—,$20.00,R289.31,Tier C (Long-tail),65%,No local comp,https://kiyoko.com/products/vt-cica-daily-soothing-mask-30-pcs,The Skin Boutique Curates: VT Cica Daily Soothing Mask (30 PCs) Quick daily soothing care for tired and dry skin. Authentically sourced and independently curated by The Skin Boutique — your trusted de,"Water, Glycerin (Check packaging for full details)"
200,Soon Jung,ETUDE HOUSE Soon Jung 10 Panthensoside Cica Balm (50ml),Cream,R867.92,—,$21.00,R303.77,Tier C (Long-tail),65%,No local comp,https://kiyoko.com/products/etude-house-soon-jung-10-panthensoside-cica-balm-50ml,"The Skin Boutique Curates: ETUDE HOUSE Soon Jung 10 Panthensoside Cica Balm (50ml) Triple intensive care to soothe irritated, dry skin. Authentically sourced and independently curated by The Skin Bout","Water / Aqua / Eau, Butylene Glycol, Panthenol, Squalane, Cetearyl Alcohol, 1,2-Hexanediol, Hydrogenated Poly(C6-14 Olefin), Phenyl Trimethicone, Diisostearyl Malate, Polyglyceryl-10 Stearate, Hydroxy"
201,iUNIK,iUNIK Beta-Glucan Power Moisture Serum (50ml),Serum,R826.59,—,$20.00,R289.31,Tier C (Long-tail),65%,No local comp,https://kiyoko.com/products/iunik-beta-glucan-power-moisture-serum-50ml,The Skin Boutique Curates: iUNIK Beta-Glucan Power Moisture Serum (50ml) A powerful and moisturizing serum to keep your skin hydrated. Authentically sourced and independently curated by The Skin Bouti,"Water, Glycerin (Check packaging for full details)"
202,Soon Jung,ETUDE HOUSE Soon Jung Hydro Barrier Cream (75ml),Cream,R826.59,—,$20.00,R289.31,Tier C (Long-tail),65%,No local comp,https://kiyoko.com/products/etude-house-soon-jung-hydro-barrier-cream-75ml,"The Skin Boutique Curates: ETUDE HOUSE Soon Jung Hydro Barrier Cream (75ml) A lightweight moisturizer to deeply hydrate, calm and soothe skin, while replenishing skin moisture barrier. 2023 Version Au","Water / Aqua / Eau, Glycerin, Propanediol, Panthenol, Pentaerythrityl Tetraethylhexanoate, Hydrogenated Poly(C6-14 Olefin), 1,2-Hexanediol, Polymethylsilsesquioxane, Ammonium Acryloyldimethyltaurate/V"
203,Lululun,LULULUN Premium Sakura Face Mask,Sheet Masks,R206.65,—,$5.00,R72.33,Tier C (Long-tail),65%,No local comp,https://kiyoko.com/products/lululun-premium-sakura-face-mask,The Skin Boutique Curates: LULULUN Premium Sakura Face Mask LULULUN Premium Sakura Face Mask features a delicate cherry blossom scent that evokes the arrival of spring while soothing skin that is pron,"Water, Glycerin (Check packaging for full details)"
204,Lululun,LULULUN Premium Kyoto Green Tea Sheet Mask - Kyoto Limited Release,Sheet Masks,R247.98,—,$6.00,R86.79,Tier C (Long-tail),65%,No local comp,https://kiyoko.com/products/lululun-premium-kyoto-green-tea-sheet-mask-kyoto-limited-release-7-pcs-35-pcs,The Skin Boutique Curates: LULULUN Premium Kyoto Green Tea Sheet Mask - Kyoto Limited Release Limited edition Kyoto Tea Flower Fragrance from the Traveling Lululun series. Authentically sourced and in,"Water, glycerin, BG, panthenol, hydroxypropyltrimonium hyaluronate, tea leaf extract, tea flower extract, tea seed oil, silkworm cocoon extract, loquat leaf extract, PEG-40 hydrogenated castor oil, xa"
205,VT Cosmetics,VT Collagen Reedle Shot 100 2-Step Hydrogel Mask (1 PC),Sheet Masks,R289.31,—,$7.00,R101.26,Tier C (Long-tail),65%,No local comp,https://kiyoko.com/products/vt-collagen-reedle-shot-100-2-step-hydrogel-mask-1-pc,"The Skin Boutique Curates: VT Collagen Reedle Shot 100 2-Step Hydrogel Mask (1 PC) The mask combo with Cica Reti-A, which moisturizes and soothes the skin Authentically sourced and independently curat","Water, Glycerin (Check packaging for full details)"
206,VT Cosmetics,VT Reti-A Reedle Shot 100 2-Step Hydrogel Mask (1 PC),Sheet Masks,R289.31,—,$7.00,R101.26,Tier C (Long-tail),65%,No local comp,https://kiyoko.com/products/vt-reti-a-reedle-shot-100-2-step-hydrogel-mask-1-pc,"The Skin Boutique Curates: VT Reti-A Reedle Shot 100 2-Step Hydrogel Mask (1 PC) The mask combo with Cica Reti-A, which moisturizes and soothes the skin Authentically sourced and independently curated","Water, Glycerin (Check packaging for full details)"
207,Medicube,Medicube Azelaic Acid 16 BB Soothing Serum,Serum,R206.65,—,$5.00,R72.33,Tier C (Long-tail),65%,No local comp,https://kiyoko.com/products/medicube-azelaic-acid-16-bb-soothing-serum,The Skin Boutique Curates: Medicube Azelaic Acid 16 BB Soothing Serum Experience the best of K-Beauty with Medicube Azelaic Acid 16 BB Soothing Serum by Medicube — a premium formula crafted to transfo,"Water, Glycerin (Full ingredients list under review)"
208,Lululun,LULULUN Strawberry Face Mask - Tochigi Limited Release,Sheet Masks,R247.98,—,$6.00,R86.79,Tier C (Long-tail),65%,No local comp,https://kiyoko.com/products/lululun-strawberry-face-mask-tochigi-limited-release-7-pcs-35-pcs,The Skin Boutique Curates: LULULUN Strawberry Face Mask - Tochigi Limited Release A mask that fully contains the magic of sweet strawberries from Tochigi Prefecture Authentically sourced and independe,"Aqua, Glycerin, Butylene Glycol, Fragaria Ananassa Fruit Water, Fragaria Ananassa Seed Extract, Dextrin, Hydrolyzed Collagen, Hydroxypropyltrimonium Hyaluronate, Sodium PCA, PEG-40 Hydrogenated Castor"
209,SKINFOOD,SKINFOOD Rice Brightening Mask,Sheet Masks,R206.65,—,$5.00,R72.33,Tier C (Long-tail),65%,No local comp,https://kiyoko.com/products/skinfood-rice-brightening-mask,"The Skin Boutique Curates: SKINFOOD Rice Brightening Mask A transparent, highly adhesive cellulose sheet that quickly and easily cares for clear skin texture Authentically sourced and independently cu","Water, Glycerin, Methylpropanediol, Niacinamide, Cetyl Ethylhexanoate, Propanediol, Caprylic/Capric Triglyceride, Polyglyceryl-6 Stearate, Dipropylene Glycol, Butyrospermum Parkii (Shea) Butter, Sorbi"
210,Lululun,LULULUN Nagasaki Tulip Face Mask,Sheet Masks,R247.98,—,$6.00,R86.79,Tier C (Long-tail),65%,No local comp,https://kiyoko.com/products/lululun-nagasaki-tulip-face-mask,"The Skin Boutique Curates: LULULUN Nagasaki Tulip Face Mask A romantic blend of heritage, nature, and beauty, for skin that blossoms Authentically sourced and independently curated by The Skin Boutiqu","Water, Glycerin, Butylene Glycol, Pe G- 40 Hydrogenated Castor Oil, Xanthan Gum, Phenoxyethanol, Methylparaben, Dipotassium Glycyrrhizate, Sodium Citrate, Fragrance, Citric Acid, Enterococcus Faecalis"
211,KRACIE Hadabisei,KRACIE Hadabisei 3D Face Mask - Super Supple,Sheet Masks,R206.65,—,$5.00,R72.33,Tier C (Long-tail),65%,No local comp,https://kiyoko.com/products/kracie-hadabisei-3d-face-mask-super-supple,"The Skin Boutique Curates: KRACIE Hadabisei 3D Face Mask - Super Supple Get firmer, radiant, translucent, and deeply moisturized skin Authentically sourced and independently curated by The Skin Boutiq","Water, Glycerin (Check packaging for full details)"
212,KRACIE Hadabisei,KRACIE Hadabisei 3D Face Mask - Moisturizing,Sheet Masks,R206.65,—,$5.00,R72.33,Tier C (Long-tail),65%,No local comp,https://kiyoko.com/products/kracie-hadabisei-3d-face-mask-moisturizing,"The Skin Boutique Curates: KRACIE Hadabisei 3D Face Mask - Moisturizing Get firmer, radiant, translucent, and deeply moisturized skin Authentically sourced and independently curated by The Skin Boutiq","Water, Glycerin (Check packaging for full details)"
213,KRACIE Hadabisei,KRACIE Hadabisei 3D Face Mask - Brightening,Sheet Masks,R206.65,—,$5.00,R72.33,Tier C (Long-tail),65%,No local comp,https://kiyoko.com/products/kracie-hadabisei-3d-face-mask-brightening,"The Skin Boutique Curates: KRACIE Hadabisei 3D Face Mask - Brightening Brighten and promote the production of collagen for clear, youthful appearance. Authentically sourced and independently curated b","Water, Glycerin (Check packaging for full details)"
214,VT Cosmetics,VT Cica Collagen All-In-One 3-Step Mask (1 PC),Sheet Masks,R206.65,—,$5.00,R72.33,Tier C (Long-tail),65%,No local comp,https://kiyoko.com/products/vt-cica-collagen-all-in-one-3-step-mask-1-pc,The Skin Boutique Curates: VT Cica Collagen All-In-One 3-Step Mask (1 PC) A sheet mask that helps to restore skin elasticity and healthy-looking skin Authentically sourced and independently curated by,"Water, Glycerin (Check packaging for full details)"
215,VT Cosmetics,VT Vita Light All-In-One 3-Step Mask (1 PC),Sheet Masks,R206.65,—,$5.00,R72.33,Tier C (Long-tail),65%,No local comp,https://kiyoko.com/products/vt-vita-light-all-in-one-3-step-mask-1-pc,The Skin Boutique Curates: VT Vita Light All-In-One 3-Step Mask (1 PC) A 3-step mask program that brightens with 20% vitamin C Authentically sourced and independently curated by The Skin Boutique — yo,"Water, Glycerin (Check packaging for full details)"
216,VT Cosmetics,VT Cica Reti-A All-In-One 3-Step Mask (1 PC),Sheet Masks,R206.65,—,$5.00,R72.33,Tier C (Long-tail),65%,No local comp,https://kiyoko.com/products/vt-cica-reti-a-all-in-one-3-step-mask-1-pc,"The Skin Boutique Curates: VT Cica Reti-A All-In-One 3-Step Mask (1 PC) The mask combo with Cica Reti-A, which moisturizes and soothes the skin Authentically sourced and independently curated by The S","Water, Glycerin (Check packaging for full details)"
217,VT Cosmetics,VT Reedle Shot All-In-One 3-Step Mask (1 PC),Sheet Masks,R206.65,—,$5.00,R72.33,Tier C (Long-tail),65%,No local comp,https://kiyoko.com/products/vt-reedle-shot-all-in-one-3-step-mask-1-pc,"The Skin Boutique Curates: VT Reedle Shot All-In-One 3-Step Mask (1 PC) The revolutionary Cica Reedles, now in a 3-step layering mask program Authentically sourced and independently curated by The Ski","Water, Glycerin (Check packaging for full details)"
218,Lululun,LULULUN Pure Everys Pink Face Mask,Sheet Masks,R289.31,—,$7.00,R101.26,Tier C (Long-tail),65%,No local comp,https://kiyoko.com/products/lululun-pure-everys-pink-face-mask-32-pcs,The Skin Boutique Curates: LULULUN Pure Everys Pink Face Mask A rejuvenated version designed to bring joy to skin that has been strained by prolonged mask wear Authentically sourced and independently ,"Water, Glycerin, Butylene Glycol, Glycereth-26, Xanthan Gum, Phenoxyethanol, Methylparaben, Sodium PCA, PEG-40 Hydrogenated Castor Oil, Disodium EDTA , Sodium Citrate, Dipotassium Glycyrrhizate, PEG-2"
219,Lululun,LULULUN Precious Red Moist Face Mask,Sheet Masks,R289.31,—,$7.00,R101.26,Tier C (Long-tail),65%,No local comp,https://kiyoko.com/products/lululun-precious-red-moist-face-mask,The Skin Boutique Curates: LULULUN Precious Red Moist Face Mask A l uxurious daily treatment developed in Japan to deliver aging care benefits while deeply hydrating the skin for long-term results Aut,"Water, Glycerin, Butylene Glycol, PEG/PPG/Polybutylene Glycol-8/5/3Glycerin, Camellia Japonica Seed Oil, C18-36 Acid Triglyceride, C12-18 Acid Triglyceride, Jojoba Esters, Squalene, Phytosteryl Macada"
220,Lululun,LULULUN Precious White Clear Face Mask,Sheet Masks,R289.31,—,$7.00,R101.26,Tier C (Long-tail),65%,No local comp,https://kiyoko.com/products/lululun-precious-white-clear-face-mask-32-pcs,The Skin Boutique Curates: LULULUN Precious White Clear Face Mask A mask that helps plump the skin an restores damage using botanical ingredients Authentically sourced and independently curated by The,"Water, Glycerin, Butylene Glycol, Ascorbyl Glucoside, Ascorbyl Tetraisopalmitate, Panthenol, Tocopherol, Retinyl Palmitate, Squalane, Arachis Hypogaea (Peanut) Oil, Sorbitol, Hydrogenated Lecithin, Di"
221,Lululun,LULULUN Precious Green Balance Face Mask,Sheet Masks,R289.31,—,$7.00,R101.26,Tier C (Long-tail),65%,No local comp,https://kiyoko.com/products/lululun-precious-green-balance-face-mask-32-pcs,"The Skin Boutique Curates: LULULUN Precious Green Balance Face Mask A balancing sheet mask for rough, sleep deprived skin Authentically sourced and independently curated by The Skin Boutique — your tr","Water, Glycerin, Butylene Glycol, Ascorbyl Glucoside, Ascorbyl Tetraisopalmitate, Panthenol, Tocopherol, Retinyl Palmitate, Squalane, Arachis Hypogaea (Peanut) Oil, Sorbitol, Hydrogenated Lecithin, Di"
222,Dr.Jart+,Dr.Jart+ Cicapair Intensive Soothing Repair Serum Mask,Sheet Masks,R289.31,—,$7.00,R101.26,Tier C (Long-tail),65%,No local comp,https://kiyoko.com/products/dr-jart-cicapair-intensive-soothing-repair-serum-mask,The Skin Boutique Curates: Dr.Jart+ Cicapair Intensive Soothing Repair Serum Mask A refreshing cellulose sheet mask infused with a facial serum enriched with Cica Complex (Centella Asiatica Extracts) ,"Water, Glycerin (Check packaging for full details)"
223,Medicube,Medicube Kojic Acid Turmeric Brightening Gel Mask (1 PC),Sheet Masks,R206.65,—,$5.00,R72.33,Tier C (Long-tail),65%,No local comp,https://kiyoko.com/products/medicube-kojic-acid-turmeric-brightening-gel-mask-1-pc,The Skin Boutique Curates: Medicube Kojic Acid Turmeric Brightening Gel Mask (1 PC) A brightening sheet mask for instant glass skin Authentically sourced and independently curated by The Skin Boutique,"Purified water, glycerin, methylpropanediol, acrylates/ethylhexylacrylate copolymer, niacinamide, Chondrus Crispus Extract, 1,2-hexanediol, betaine, carob gum, hydroxyacetophenone, allantoin, glucoman"
224,Medicube,Medicube PDRN Pink Collagen Gel Mask (1 PC),Sheet Masks,R206.65,—,$5.00,R72.33,Tier C (Long-tail),65%,No local comp,https://kiyoko.com/products/medicube-pdrn-pink-collagen-gel-mask-1-pc,The Skin Boutique Curates: Medicube PDRN Pink Collagen Gel Mask (1 PC) A revolutionary salmon PDRN gel mask that helps to achieve glass skin Authentically sourced and independently curated by The Skin,"Water, Glycerin, Methylpropanediol, Acrylates/Ethylhexyl Acrylate Copolymer, Niacinamide, Chondrus Crispus Powder, 1,2-Hexanediol, Butylene Glycol, Betaine, Ceratonia Siliqua (Carob) Gum, Hydroxyaceto"
225,VT Cosmetics,VT Reedle Shot 300 2-Step Mask (1 PC),Sheet Masks,R247.98,—,$6.00,R86.79,Tier C (Long-tail),65%,No local comp,https://kiyoko.com/products/vt-reedle-shot-300-2-step-mask-1-pc,"The Skin Boutique Curates: VT Reedle Shot 300 2-Step Mask (1 PC) The revolutionary Cica Reedles, now in a 2-step layering mask program. Authentically sourced and independently curated by The Skin Bout","Water, Glycerin (Check packaging for full details)"
226,VT Cosmetics,VT Reedle Shot 100 2-Step Mask (1 PC),Sheet Masks,R206.65,—,$5.00,R72.33,Tier C (Long-tail),65%,No local comp,https://kiyoko.com/products/vt-reedle-shot-100-2-step-mask-1-pc,"The Skin Boutique Curates: VT Reedle Shot 100 2-Step Mask (1 PC) The revolutionary Cica Reedles, now in a 2-step layering mask program. Authentically sourced and independently curated by The Skin Bout","Water, Glycerin (Check packaging for full details)"
227,SKINFOOD,SKINFOOD Carrot Carotene Calming Mask Sheet (1 pc),Sheet Masks,R206.65,—,$5.00,R72.33,Tier C (Long-tail),65%,No local comp,https://kiyoko.com/products/skinfood-carrot-carotene-calming-mask-sheet-1-pc,The Skin Boutique Curates: SKINFOOD Carrot Carotene Calming Mask Sheet (1 pc) A daily sheet mask that delivers rich moisture. Authentically sourced and independently curated by The Skin Boutique — you,"Water, Glycerin (Check packaging for full details)"
228,Skin1004,SKIN1004 Madagascar Centella Watergel Sheet Ampoule Mask,Sheet Masks,R206.65,—,$5.00,R72.33,Tier C (Long-tail),65%,No local comp,https://kiyoko.com/products/skin1004-madagascar-centella-watergel-sheet-ampoule-mask-1pc-1-box,The Skin Boutique Curates: SKIN1004 Madagascar Centella Watergel Sheet Ampoule Mask A gel sheet mask with three times the standard moisture content to intensely soothe and hydrate the skin. Authentica,"Water, Glycerin (Check packaging for full details)"
229,Dr.Jart+,Dr.Jart+ Dermask Micro Jet Clearing Solution Mask,Sheet Masks,R289.31,—,$7.00,R101.26,Tier C (Long-tail),65%,No local comp,https://kiyoko.com/products/dr-jart-dermask-micro-jet-clearing-solution-mask-1-pc-1-box,"The Skin Boutique Curates: Dr.Jart+ Dermask Micro Jet Clearing Solution Mask A micro-fiber sheet mask formulated to combat breakouts, reduce the appearance of scars, and correct uneven skin tone. Auth","Water, Glycerin (Check packaging for full details)"
230,Dr.Jart+,Dr.Jart+ Dermask Micro Jet Brightening Solution Mask,Sheet Masks,R289.31,—,$7.00,R101.26,Tier C (Long-tail),65%,No local comp,https://kiyoko.com/products/dr-jart-dermask-micro-jet-brightening-solution-mask-1-pc-1-box,"The Skin Boutique Curates: Dr.Jart+ Dermask Micro Jet Brightening Solution Mask A micro-fiber sheet mask formulated with powerful antioxidants, glutathione, niacinamide, and a-bisabolol to visibly bri","Water, Glycerin (Check packaging for full details)"
231,Dr.Jart+,Dr.Jart+ Vital Hydra Solution Mask,Sheet Masks,R206.65,—,$5.00,R72.33,Tier C (Long-tail),65%,No local comp,https://kiyoko.com/products/dr-jart-vital-hydra-solution-mask-1-pc-1-box,The Skin Boutique Curates: Dr.Jart+ Vital Hydra Solution Mask A cellulose sheet mask with active ingredients like oligo-hyaluronic acid and algae extract that penetrate the skin deeply to provide ulti,"Water, Glycerin (Check packaging for full details)"
232,Dr.Jart+,Dr.Jart+ Soothing Hydra Solution Mask,Sheet Masks,R206.65,—,$5.00,R72.33,Tier C (Long-tail),65%,No local comp,https://kiyoko.com/products/dr-jart-soothing-hydra-solution-mask-1-pc-1-box,"The Skin Boutique Curates: Dr.Jart+ Soothing Hydra Solution Mask A cellulose sheet mask containing active ingredients that soothe and calm skin, and provide ultimate hydration. Authentically sourced a","Water, Glycerin (Check packaging for full details)"
233,numbuzin,numbuzin No.4 Hydrating Glow Mineral Toner (200ml),Toner,R867.92,—,$21.00,R303.77,Tier C (Long-tail),65%,No local comp,https://kiyoko.com/products/numbuzin-no-4-hydrating-glow-mineral-toner-200ml,The Skin Boutique Curates: numbuzin No.4 Hydrating Glow Mineral Toner (200ml) A thermal water toner that hydrates 7 skin layers and improves makeup base by 99.74%. Authentically sourced and independen,"Water, Glycerin (Check packaging for full details)"
234,numbuzin,numbuzin No.3 Super Glowing Essence Toner (200ml),Toner,R826.59,—,$20.00,R289.31,Tier C (Long-tail),65%,No local comp,https://kiyoko.com/products/numbuzin-no-3-super-glowing-essence-toner-200ml,The Skin Boutique Curates: numbuzin No.3 Super Glowing Essence Toner (200ml) Experience the best of K-Beauty with numbuzin No.3 Super Glowing Essence Toner (200ml) by numbuzin — a premium formula craf,"Water, Glycerin (Full ingredients list under review)"
235,Celimax,celimax The Real Noni Moisture Balancing Toner (150ml),Toner,R867.92,—,$21.00,R303.77,Tier C (Long-tail),65%,No local comp,https://kiyoko.com/products/celimax-the-real-noni-moisture-balancing-toner-150ml,The Skin Boutique Curates: celimax The Real Noni Moisture Balancing Toner (150ml) A toner with plant based antioxidants that helps to soothe and calm skin prone to redness Authentically sourced and in,"Water, Glycerin (Check packaging for full details)"
236,Celimax,celimax Dual Barrier Creamy Toner (150ml),Toner,R867.92,—,$21.00,R303.77,Tier C (Long-tail),65%,No local comp,https://kiyoko.com/products/celimax-dual-barrier-creamy-toner-150ml,The Skin Boutique Curates: celimax Dual Barrier Creamy Toner (150ml) A premium vegan toner premium that is designed to provide your skin with comprehensive protection and nourishment Authentically sou,"Water, Glycerin (Check packaging for full details)"
237,ANUA,ANUA Rice 70 Glow Milky Toner (250ml),Toner,R867.92,—,$21.00,R303.77,Tier C (Long-tail),65%,No local comp,https://kiyoko.com/products/anua-rice-70-glow-milky-toner,"The Skin Boutique Curates: ANUA Rice 70 Glow Milky Toner (250ml) A lightweight milky toner that brightens and moisturizes, revealing glass skin. Authentically sourced and independently curated by The ","Oryza Sativa (Rice) Bran Water(71%). Butylene Glycol, Glycerin, Dipropylene Glycol, Niacinamide, Propanediol, Water, 1,2-Hexanediol, Methyl Gluceth-20, Panthenol, Betaine, Oryza Sativa (Rice) Extract("
238,AXIS-Y,AXIS-Y Daily Purifying Treatment Toner (200ml),Toner,R867.92,—,$21.00,R303.77,Tier C (Long-tail),65%,No local comp,https://kiyoko.com/products/axis-y-daily-purifying-treatment-toner-200ml,The Skin Boutique Curates: AXIS-Y Daily Purifying Treatment Toner (200ml) A new and improved daily toner that purifies clogged pores. Authentically sourced and independently curated by The Skin Boutiq,"Water, Glycerin (Check packaging for full details)"
239,SOME BY MI,SOME BY MI AHA-BHA-PHA 30 Days Miracle Toner (150ml),Toner,R826.59,—,$20.00,R289.31,Tier C (Long-tail),65%,No local comp,https://kiyoko.com/products/some-by-mi-aha-bha-pha-30-days-miracle-toner-150ml,"The Skin Boutique Curates: SOME BY MI AHA-BHA-PHA 30 Days Miracle Toner (150ml) A ""miracle"" toner packed with active ingredients to have you glowing in no time. Authentically sourced and independently","Water, Butylene Glycol, Dipropylene Glycol, Glycerin, Niacinamide, Melaleuca Alternifolia (Tea Tree) Leaf Extract, Polyglyceryl-4 Caprate, Carica Papaya (Papaya) Fruit Extract, Lens Esculenta (Lentil)"
240,COSRX,COSRX AHA BHA Clarifying Treatment Toner (150ml),Toner,R826.59,—,$20.00,R289.31,Tier C (Long-tail),65%,No local comp,https://kiyoko.com/products/cosrx-aha-bha-clarifying-treatment-toner-150ml,"The Skin Boutique Curates: COSRX AHA BHA Clarifying Treatment Toner (150ml) A gentle exfoliating toner that combines AHA, BHA and purifying botanical ingredients to eliminate impurities, exfoliate, hy","Water, Glycerin (Check packaging for full details)"
241,TIRTIR,TIRTIR Ceramic Cream (50ml),Cream,R1157.23,—,$28.00,R405.03,Tier C (Long-tail),65%,No local comp,https://kiyoko.com/products/tirtir-ceramic-cream-50ml,"The Skin Boutique Curates: TIRTIR Ceramic Cream (50ml) A fast-absorbing, luxurious moisturizer that delivers intense hydration and reinforces the skin's protective barrier. Authentically sourced and i","Water, Glycerin (Check packaging for full details)"
242,TIRTIR,TIRTIR Pure Vitamin C24 Serum (30ml),Serum,R1033.24,—,$25.00,R361.63,Tier C (Long-tail),65%,No local comp,https://kiyoko.com/products/tirtir-pure-vitamin-c24-serum-30ml,The Skin Boutique Curates: TIRTIR Pure Vitamin C24 Serum (30ml) A powerhouse vitamin C serum that rejuvenates and brightens the complexion. Authentically sourced and independently curated by The Skin ,"Water, Glycerin (Check packaging for full details)"
243,TIRTIR,TIRTIR Niacinaminde 20% Serum (30ml),Serum,R1033.24,—,$25.00,R361.63,Tier C (Long-tail),65%,No local comp,https://kiyoko.com/products/tirtir-niacinaminde-20-serum-30ml,"The Skin Boutique Curates: TIRTIR Niacinaminde 20% Serum (30ml) A transformative serum that combines Niacinamide, Zinc PCA, Alpha Arbutin, Glutathione, and Retinol to balance hydration, brighten skin,","Water, Glycerin (Check packaging for full details)"
244,TIRTIR,TIRTIR Ceramic Cream Light (50ml),Cream,R1157.23,—,$28.00,R405.03,Tier C (Long-tail),65%,No local comp,https://kiyoko.com/products/tirtir-ceramic-cream-light-50ml,The Skin Boutique Curates: TIRTIR Ceramic Cream Light (50ml) TIRTIR Ceramic Cream Light is an oil-free moisturizer that delivers deep hydration without clogging the pores. It is infused with natural c,"Water, Glycerin (Check packaging for full details)"
245,TIRTIR,TIRTIR PHA15 Serum (30ml),Serum,R1198.56,—,$29.00,R419.50,Tier C (Long-tail),65%,No local comp,https://kiyoko.com/products/tirtir-pha15-serum-30ml,The Skin Boutique Curates: TIRTIR PHA15 Serum (30ml) The TIRTIR PHA15 Serum is a gentle exfoliating serum formulated with polyhydroxy acids (PHA) to smooth the skins texture and improve radiance witho,"Water, Glycerin (Check packaging for full details)"
246,TIRTIR,TIRTIR Azelaic Acid 12% Serum (30ml),Serum,R1198.56,—,$29.00,R419.50,Tier C (Long-tail),65%,No local comp,https://kiyoko.com/products/tirtir-azelaic-acid-12-serum-30ml,"The Skin Boutique Curates: TIRTIR Azelaic Acid 12% Serum (30ml) TIRTIR Azelaic Acid 12% Serum is a targeted treatment serum designed to help reduce blemishes, calm redness, and improve uneven skin ton","Water, Glycerin (Check packaging for full details)"
247,Medicube,Medicube Hyaluronic Ceramide Jelly Cream (50ml),Cream,R909.25,—,$22.00,R318.24,Tier C (Long-tail),65%,No local comp,https://kiyoko.com/products/medicube-hyaluronic-ceramide-jelly-cream-50ml,The Skin Boutique Curates: Medicube Hyaluronic Ceramide Jelly Cream (50ml) Medicube Hyaluronic Ceramide Jelly Cream delivers deep hydration using 10 types of multi-molecular hyaluronic acid and a cera,"Water, Glycerin (Check packaging for full details)"
248,Medicube,Medicube PDRN Collagen Glow Jelly Serum (30ml),Serum,R909.25,—,$22.00,R318.24,Tier C (Long-tail),65%,No local comp,https://kiyoko.com/products/medicube-pdrn-collagen-glow-jelly-serum,"The Skin Boutique Curates: Medicube PDRN Collagen Glow Jelly Serum (30ml) Medicube's Pink Collagen Glow Jelly Serum delivers radiant, bouncy skin with 99% high-purity salmon PDRN, 65% collagen water, ","Water, Glycerin (Check packaging for full details)"
249,Medicube,Medicube Kojic Acid Turmeric Vita Capsule Cream (53g),Cream,R1157.23,—,$28.00,R405.03,Tier C (Long-tail),65%,No local comp,https://kiyoko.com/products/medicube-kojic-acid-turmeric-vita-capsule-cream,The Skin Boutique Curates: Medicube Kojic Acid Turmeric Vita Capsule Cream (53g) MEDICUBE Kojic Acid Turmeric Vita Capsule Cream combines brightening and hydration in one luxurious formula. Kojic acid,"Water, Glycerin (Check packaging for full details)"
250,S.NATURE,S.NATURE Aqua Squalane Moisturizing Cream,Cream,R1033.24,—,$25.00,R361.63,Tier C (Long-tail),65%,No local comp,https://kiyoko.com/products/s-nature-aqua-squalane-moisturizing-cream,The Skin Boutique Curates: S.NATURE Aqua Squalane Moisturizing Cream Experience the best of K-Beauty with S.NATURE Aqua Squalane Moisturizing Cream by S.NATURE — a premium formula crafted to transform,"Water, Glycerin (Check packaging for full details)"
251,S.NATURE,S.NATURE Aqua Squalane Serum,Serum,R909.25,—,$22.00,R318.24,Tier C (Long-tail),65%,No local comp,https://kiyoko.com/products/s-nature-aqua-squalane-serum,The Skin Boutique Curates: S.NATURE Aqua Squalane Serum Experience the best of K-Beauty with S.NATURE Aqua Squalane Serum by S.NATURE — a premium formula crafted to transform your skincare routine. Au,"Water, Glycerin (Full ingredients list under review)"
252,Medicube,Medicube Retinol NMN Boosting Serum (30ml),Serum,R909.25,—,$22.00,R318.24,Tier C (Long-tail),65%,No local comp,https://kiyoko.com/products/medicube-retinol-nmn-boosting-serum-30ml,The Skin Boutique Curates: Medicube Retinol NMN Boosting Serum (30ml) Gentle and powerful yet non-irritating retinol serum. Authentically sourced and independently curated by The Skin Boutique — your ,"Water, Glycereth-26, Niacinamide, Glycerin, Caprylic/Capric Triglyceride, Water, Caprylic/Capric Triglyceride, Macadamia Ternifolia Seed Oil, Butylene Glycol, Hydrogenated Lecithin, Retinol, Brassica "
253,Haruharu Wonder,Haruharu Wonder Black Rice 5 Ceramide Barrier Moisturizing Cream (50ml),Cream,R950.58,—,$23.00,R332.70,Tier C (Long-tail),65%,No local comp,https://kiyoko.com/products/haruharu-wonder-black-rice-5-ceramide-barrier-moisturizing-cream-50ml,The Skin Boutique Curates: Haruharu Wonder Black Rice 5 Ceramide Barrier Moisturizing Cream (50ml) 5-ceramide capsule cream is bursting with barrier-boosting ingredients Authentically sourced and inde,"Water, Glycerin (Check packaging for full details)"
254,Eqqualberry,Eqqualberry Hyaltoin Flooding Serum (30ml),Serum,R909.25,—,$22.00,R318.24,Tier C (Long-tail),65%,No local comp,https://kiyoko.com/products/eqqualberry-hyaltoin-flooding-serum-30ml,The Skin Boutique Curates: Eqqualberry Hyaltoin Flooding Serum (30ml) A toner with multi-layer hydration and cooling effect Authentically sourced and independently curated by The Skin Boutique — your ,"Water, Glycerin (Check packaging for full details)"
255,Eqqualberry,Eqqualberry Aloe PDRN Calming Serum (30ml),Serum,R1074.57,—,$26.00,R376.10,Tier C (Long-tail),65%,No local comp,https://kiyoko.com/products/eqqualberry-aloe-pdrn-calming-serum-30ml,"The Skin Boutique Curates: Eqqualberry Aloe PDRN Calming Serum (30ml) A gentle calming serum formulated with 50,000ppm of naturally derived Aloe PDRN Authentically sourced and independently curated by","Water, Glycerin (Check packaging for full details)"
256,Eqqualberry,Eqqualberry NAD+ Peptide Boosting Serum (30ml),Serum,R1074.57,—,$26.00,R376.10,Tier C (Long-tail),65%,No local comp,https://kiyoko.com/products/eqqualberry-nad-peptide-boosting-serum-30ml,"The Skin Boutique Curates: Eqqualberry NAD+ Peptide Boosting Serum (30ml) A high-performance treatment that supports skin energy, elasticity, and firmness Authentically sourced and independently curat","Water, Glycerin (Check packaging for full details)"
257,Haruharu Wonder,Haruharu Wonder Black Rice Night Knight Retinol Serum (20ml),Serum,R1198.56,—,$29.00,R419.50,Tier C (Long-tail),65%,No local comp,https://kiyoko.com/products/haruharu-wonder-black-rice-night-knight-retinol-serum-20ml,The Skin Boutique Curates: Haruharu Wonder Black Rice Night Knight Retinol Serum (20ml) A beginner friendly retinol serum to target pores and fine lines. Authentically sourced and independently curate,"Water, Glycerin (Check packaging for full details)"
258,MEDITHERAPY,MEDITHERAPY Tension Up Mask,Sheet Masks,R1157.23,—,$28.00,R405.03,Tier C (Long-tail),65%,No local comp,https://kiyoko.com/products/meditherapy-tension-up-mask,The Skin Boutique Curates: MEDITHERAPY Tension Up Mask Quick and effective at-home face lift for a snatched V-line. Authentically sourced and independently curated by The Skin Boutique — your trusted ,"Water, Glycerin, Propanediol, Niacinamide, 1,2-Hexanediol, Caffeine, Diethoxyethyl Succinate, Butylene Glycol, Ammonium Acryloyldimethyltaurate/VP Copolymer, C12-14 Alketh-12, Carbomer, Tromethamine, "
259,MEDITHERAPY,MEDITHERAPY Wrinkle-Fit Mask (7 PCs),Sheet Masks,R1157.23,—,$28.00,R405.03,Tier C (Long-tail),65%,No local comp,https://kiyoko.com/products/meditherapy-wrinkle-fit-mask-7-pcs,The Skin Boutique Curates: MEDITHERAPY Wrinkle-Fit Mask (7 PCs) Top-selling anti-wrinkle mask with at-home needle roller for maximum effects Authentically sourced and independently curated by The Skin,"Purified Water, Glycerin, Denatured Alcohol, Dipropylene Glycol, Propanediol, Butylene Glycol, 1,2-Hexanediol, Arginine, Hydroxyacetophenone, Acrylate/C10-30 Alkyl Acrylate Crosspolymer, Carbomer, All"
260,MEDITHERAPY,MEDITHERAPY Retinal Skin Booster Serum (150ml),Serum,R1157.23,—,$28.00,R405.03,Tier C (Long-tail),65%,No local comp,https://kiyoko.com/products/meditherapy-retinal-skin-booster-serum-150ml,The Skin Boutique Curates: MEDITHERAPY Retinal Skin Booster Serum (150ml) All-in-one daily glow reset Authentically sourced and independently curated by The Skin Boutique — your trusted destination fo,"Water, Methylpropanediol, Glycerin, Caprylic/Capric Triglyceride, 1,2-Hexanediol, Propanediol, Polyglycerin-3, Niacinamide, Phenyl Trimethicone, Ammonium Acryloyldimethyltaurate/VP Copolymer, Butylene"
261,d'Alba,d'Alba White Truffle Prime Intensive Serum (100ml),Serum,R1157.23,—,$28.00,R405.03,Tier C (Long-tail),65%,No local comp,https://kiyoko.com/products/dalba-white-truffle-prime-intensive-serum-100ml-1,The Skin Boutique Curates: d'Alba White Truffle Prime Intensive Serum (100ml) A double layered serum mist for hydrated and glowy skin. Authentically sourced and independently curated by The Skin Bouti,"Collagen Extract, Helianthus Annuus (Sunflower) Seed Oil, Dipropylene Glycol, 1,2-Hexanediol, Glyceryl-26, Niacinamide, Tuber Magnatum Extract (White Truffle Extract), Polypropyl Silsesquioxane, Tocop"
262,d'Alba,d'Alba White Truffle Royal Intensive Serum (100ml),Serum,R1157.23,—,$28.00,R405.03,Tier C (Long-tail),65%,No local comp,https://kiyoko.com/products/dalba-white-truffle-royal-intensive-serum-100ml,The Skin Boutique Curates: d'Alba White Truffle Royal Intensive Serum (100ml) A biphase serum mist that offers a boost of instant hydration. Authentically sourced and independently curated by The Skin,"Collagen Extract, Helianthus Annuus (Sunflower) Seed Oil, Dipropylene Glycol, 1,2-Hexanediol, Niacinamide, Glyceryl-26, Tuber Magnatum Extract (White Truffle Extract), Polypropyl Silsesquioxane, Tocop"
263,Village 11 Factory,Village 11 Factory Hydro Boost Serum (50ml),Serum,R909.25,—,$22.00,R318.24,Tier C (Long-tail),65%,No local comp,https://kiyoko.com/products/village-11-factory-hydro-boost-serum-50ml,The Skin Boutique Curates: Village 11 Factory Hydro Boost Serum (50ml) Skin quenching hydration boost in a bottle! Authentically sourced and independently curated by The Skin Boutique — your trusted d,"Water, Glycerin (Check packaging for full details)"
264,MIZON,MIZON Peptide 500 (30ml),Serum,R1115.90,—,$27.00,R390.56,Tier C (Long-tail),65%,No local comp,https://kiyoko.com/products/mizon-peptide-500-30ml,The Skin Boutique Curates: MIZON Peptide 500 (30ml) A anti-aging ampoule for premature aging Authentically sourced and independently curated by The Skin Boutique — your trusted destination for premium,"Water, Methylpropanediol, Butylene Glycol, 1,2-Hexanediol, Polyglyceryl-10 Oleate, Ethylhexylglycerin, Sodium Hyaluronate, Copper Tripeptide-1 (500ppm), Adenosine, Disodium EDTA, Biosaccharide Gum-1, "
265,MIZON,MIZON Collagen 100 (30ml),Serum,R991.91,—,$24.00,R347.17,Tier C (Long-tail),65%,No local comp,https://kiyoko.com/products/mizon-collagen-100-30ml-2,"The Skin Boutique Curates: MIZON Collagen 100 (30ml) A peptide-rich, collagen-boosting, hydrating formula Authentically sourced and independently curated by The Skin Boutique — your trusted destinatio","Aqua (Water/Eau), Butylene Glycol, Methylpropanediol, 1,2-Hexanediol, Hydrolyzed Collagen, Sodium Hyaluronate, Palmitoyl Tripeptide-5, Copper Tripeptide-1, Acetyl Hexapeptide-8, Panthenol, Allantoin, "
266,Eqqualberry,Eqqualberry Bakuchiol Plumping Capsule Cream (50ml),Cream,R909.25,—,$22.00,R318.24,Tier C (Long-tail),65%,No local comp,https://kiyoko.com/products/eqqualberry-bakuchiol-plumping-capsule-cream-50ml,The Skin Boutique Curates: Eqqualberry Bakuchiol Plumping Capsule Cream (50ml) A plant-based ingredient known as a gentle alternative to retinol Authentically sourced and independently curated by The ,"Water, Glycerin (Check packaging for full details)"
267,K-SECRET SEOUL 1988,K-SECRET SEOUL 1988 Cream: Retinal Liposome 1% + Fermented Rice (50ml),Cream,R909.25,—,$22.00,R318.24,Tier C (Long-tail),65%,No local comp,https://kiyoko.com/products/ksecret-seoul-1988-cream-retinal-liposome-1-fermented-rice-50ml,The Skin Boutique Curates: K-SECRET SEOUL 1988 Cream: Retinal Liposome 1% + Fermented Rice (50ml) A brightening cream enriched with 93% snail mucus filtrate and rice extract to revitalize and renew th,"Water, Cetyl Ethylhexanoate, Glycerin, Butylene Glycol, 1,2-Hexanediol, Niacinamide, Propanediol, Ammonium Acryloyldimethyltaurate/VP Copolymer, Carbomer, Tromethamine, Sodium Acrylate/Sodium Acryloyl"
268,iUNIK,iUNIK Beta-Glucan 3x Barrier Cream (50ml),Cream,R909.25,—,$22.00,R318.24,Tier C (Long-tail),65%,No local comp,https://kiyoko.com/products/iunik-beta-glucan-3x-barrier-cream-50ml,"The Skin Boutique Curates: iUNIK Beta-Glucan 3x Barrier Cream (50ml) A barrier-strengthening moisturizer, perfect for dry and sensitive skin. Authentically sourced and independently curated by The Ski","Water, Propanediol, Butylene Glycol, Caprylic/Capric Triglyceride, Panthenol, Cetearyl Alcohol, Phytosteryl Isostearyl Dimer Dilinoleate, Polyglyceryl-3 Methylglucose Distearate, Glycerin, Niacinamide"
269,Medicube,Medicube Zero Pore Serum 2.0 (37ml),Serum,R1033.24,—,$25.00,R361.63,Tier C (Long-tail),65%,No local comp,https://kiyoko.com/products/medicube-zero-pore-serum-2-0-37ml,The Skin Boutique Curates: Medicube Zero Pore Serum 2.0 (37ml) A serum that refines and balances the complexion Authentically sourced and independently curated by The Skin Boutique — your trusted dest,"Aqua, Butylene Glycol, Dimethicone/Vinyl Dimethicone Crosspolymer, Cyclopentasiloxane, Cetyl Ethylhexanoate, Cyclohexasiloxane, Polysorbate 60, Bis-PEG-18 Methyl Ether Dimethyl Silane, Dimethicone, Ph"
270,Medicube,Medicube PDRN Pink Collagen Capsule Cream (55g),Cream,R909.25,—,$22.00,R318.24,Tier C (Long-tail),65%,No local comp,https://kiyoko.com/products/medicube-pdrn-pink-collagen-capsule-cream-55g,"The Skin Boutique Curates: Medicube PDRN Pink Collagen Capsule Cream (55g) A dual-texture moisturizing cream designed to target uneven skin tone, dark spots, and visible pores Authentically sourced an","Purified Water, Glycerin, Niacinamide, Methylpropanediol, Propanediol, 1,2-Hexanediol, Dipropylene Glycol, Caprylic/Capric Triglyceride, Glycereth-26, Arginine, Butylene Glycol, Ethylhexyl Palmitate, "
271,Eqqualberry,Eqqualberry Purple PDRN Pore Minimizing Serum (30ml),Serum,R991.91,—,$24.00,R347.17,Tier C (Long-tail),65%,No local comp,https://kiyoko.com/products/eqqualberry-purple-pdrn-pore-minimizing-serum-30ml,"The Skin Boutique Curates: Eqqualberry Purple PDRN Pore Minimizing Serum (30ml) A purple rice serum that boosts elasticity and tightens pores while delivering a calming, firming effect Authentically s","Water, Glycerin (Check packaging for full details)"
272,Eqqualberry,Eqqualberry Collagen Pore-Tight Up Hydrogel Mask (4 PCs),Sheet Masks,R1033.24,—,$25.00,R361.63,Tier C (Long-tail),65%,No local comp,https://kiyoko.com/products/eqqualberry-collagen-pore-tight-up-hydrogel-mask-4-pcs,The Skin Boutique Curates: Eqqualberry Collagen Pore-Tight Up Hydrogel Mask (4 PCs) A sheet mask with an intensive firming and pore-reducing effect Authentically sourced and independently curated by T,"Water, Glycerin (Check packaging for full details)"
273,Eqqualberry,Eqqualberry Collagen Glow up Hydrogel Mask (4 PCs),Sheet Masks,R1033.24,—,$25.00,R361.63,Tier C (Long-tail),65%,No local comp,https://kiyoko.com/products/eqqualberry-collagen-glow-up-hydrogel-mask-4-pcs,The Skin Boutique Curates: Eqqualberry Collagen Glow up Hydrogel Mask (4 PCs) A hydrogel masks designed to provide a boost of radiance and firmness to the skin Authentically sourced and independently ,"Water, Glycerin (Check packaging for full details)"
274,Medicube,Medicube TXA Niacinamide Capsule Cream (55g),Cream,R1033.24,—,$25.00,R361.63,Tier C (Long-tail),65%,No local comp,https://kiyoko.com/products/medicube-txa-niacinamide-capsule-cream-55g,The Skin Boutique Curates: Medicube TXA Niacinamide Capsule Cream (55g) Pop and Fade! Dark spot eliminating cream. Authentically sourced and independently curated by The Skin Boutique — your trusted d,"Water, Glycerin, Niacinamide, Methylpropanediol, Propanediol, 1,2-hex- Anediol, Dipropylene Glycol, Caprylic/capric Triglyceride, Glyceryl Glucoside, Butylene Glycol, Arginine, Ethylhexyl Palmitate, C"
275,Medicube,Medicube Age-R Glutathione Glow Capsule Cream (50ml),Cream,R1157.23,—,$28.00,R405.03,Tier C (Long-tail),65%,No local comp,https://kiyoko.com/products/medicube-age-r-glutathione-glow-cream-50ml,The Skin Boutique Curates: Medicube Age-R Glutathione Glow Capsule Cream (50ml) Gentle but effective brightening cream. Authentically sourced and independently curated by The Skin Boutique — your trus,"Water, Glycerin, PEG-8, Niacinamide, Butylene Glycol, Methylpropanediol, 1,2-Hexanediol, Betaine, Glycereth-26,m Bis-PEG-18 Methyl Ether Dimethyl Silane, Polyglyceryl-10 Laurate, Bifida Ferment Lysate"
276,Medicube,Medicube Age-R Glutathione Glow Serum (30g),Serum,R991.91,—,$24.00,R347.17,Tier C (Long-tail),65%,No local comp,https://kiyoko.com/products/medicube-age-r-glutathione-glow-serum-30g,The Skin Boutique Curates: Medicube Age-R Glutathione Glow Serum (30g) Glutathione skin booster in a bottle! Authentically sourced and independently curated by The Skin Boutique — your trusted destina,"Water, Glycerin, PEG-8, Niacinamide, Butylene Glycol, Methylpropanediol, 1,2-Hexanediol, Betaine, Glycereth-26,m Bis-PEG-18 Methyl Ether Dimethyl Silane, Polyglyceryl-10 Laurate, Bifida Ferment Lysate"
277,Medicube,Medicube TXA Niacinamide 15% Serum (30ml),Serum,R909.25,—,$22.00,R318.24,Tier C (Long-tail),65%,No local comp,https://kiyoko.com/products/medicube-txa-niacinamide-15-serum-30ml,"The Skin Boutique Curates: Medicube TXA Niacinamide 15% Serum (30ml) An all-in-one serum for dark spots, acne scars, uneven skin tone, and texture care Authentically sourced and independently curated ","Water, Niacinamide, Glycerin, Butylene Glycol, Tranexamic Acid, Arbutin, Diethoxyethyl Succinate, Chlorphenesin, C12-14 Alketh-12, Ethylhexylglycerin, Xanthan Gum, Carbomer, Adenosine, Disodium EDTA, "
278,Medicube,Medicube Hyaluronic Multi Peptide Serum (30ml),Serum,R991.91,—,$24.00,R347.17,Tier C (Long-tail),65%,No local comp,https://kiyoko.com/products/medicube-hyaluronic-multi-peptide-serum-30ml,"The Skin Boutique Curates: Medicube Hyaluronic Multi Peptide Serum (30ml) An intensely moisturizing serum, created to improve skin firmness and elasticity Authentically sourced and independently curat","Purified Water, Neopentyl Glycol Dicaprate, Propanediol, Glycerin, 1,2-Hexanediol, Niacinamide, Trehalose, Glyceryl Glucoside, Sorbitol, Sodium Hyaluronate (5,032.8 Ppm), Sodium Chloride, Panthenol, E"
279,Ishizawa,ISHIZAWA KEANA Nadeshiko Rice Cream (30g),Cream,R991.91,—,$24.00,R347.17,Tier C (Long-tail),65%,No local comp,https://kiyoko.com/products/ishizawa-keana-nadeshiko-rice-cream-30g-1,The Skin Boutique Curates: ISHIZAWA KEANA Nadeshiko Rice Cream (30g) A moisturizing pore care product with 100% Japanese rice-derived ingredients. Authentically sourced and independently curated by Th,"Water, Glycerin (Check packaging for full details)"
280,Kosé,Kosé Vitapuru Deep Repair Serum (40ml),Serum,R991.91,—,$24.00,R347.17,Tier C (Long-tail),65%,No local comp,https://kiyoko.com/products/kose-vitapuru-deep-repair-serum-40ml,The Skin Boutique Curates: Kosé Vitapuru Deep Repair Serum (40ml) Nourish and renew the skin with vitamins and lactic acid bacteria. Authentically sourced and independently curated by The Skin Boutiqu,"Water, Glycerin (Check packaging for full details)"
281,K-SECRET SEOUL 1988,K-SECRET SEOUL 1988 Serum: Retinal Liposome 2% + Black Ginseng (30ml),Serum,R991.91,—,$24.00,R347.17,Tier C (Long-tail),65%,No local comp,https://kiyoko.com/products/ksecret-seoul-1988-serum-retinal-liposome-2-black-ginseng-30ml,The Skin Boutique Curates: K-SECRET SEOUL 1988 Serum: Retinal Liposome 2% + Black Ginseng (30ml) A retinal serum that works up to 11x faster than retinol and has a lower irritation potential Authentic,"Panax Ginseng Root Extract, Water, Glycerin, Dipropylene Glycol, Caprylic/ Capric Triglyceride, 1,2-Hexanediol, Niacinamide, Butylene Glycol, Methyl Gluceth-20, Polyglyce- ryl-3 Methylglucose Disteara"
282,Medicube,Medicube Deep Vita A Retinol Serum (30ml),Serum,R950.58,—,$23.00,R332.70,Tier C (Long-tail),65%,No local comp,https://kiyoko.com/products/medicube-deep-vita-a-retinol-serum-30ml,The Skin Boutique Curates: Medicube Deep Vita A Retinol Serum (30ml) R emarkable benefits of retinol with low irritation Authentically sourced and independently curated by The Skin Boutique — your tru,"Water, Dipropylene Glycol, Butylene Glycol, Glycerin, Propanediol, 1,2-Hexanediol, Niacinamide, Macadamia Integrifolia Seed Oil, Olea Europaea (Olive) Fruit Oil, Simmondsia Chinensis (Jojoba) Seed Oil"
283,Medicube,Medicube Zero Pore One Day Cream (50ml),Cream,R950.58,—,$23.00,R332.70,Tier C (Long-tail),65%,No local comp,https://kiyoko.com/products/medicube-zero-pore-one-day-cream-50ml,"The Skin Boutique Curates: Medicube Zero Pore One Day Cream (50ml) Clinically Proven, Full of Patented Pore Care Ingredients. Authentically sourced and independently curated by The Skin Boutique — you","Water(Aqua), Panthenol, Butylene Glycol, Propanediol, Cetyl Ethylhexanoate, Octyldodecanol, Niacinamide, Isohexadecane, Isododecane, Glyceryl Stearate, Polyglyceryl-3 Distearate, 1,2-Hexanediol, Hydro"
284,d'Alba,d'Alba White Truffle Vegan First Spray Serum (100ml),Serum,R1157.23,—,$28.00,R405.03,Tier C (Long-tail),65%,No local comp,https://kiyoko.com/products/dalba-white-truffle-vegan-first-spray-serum-100ml,The Skin Boutique Curates: d'Alba White Truffle Vegan First Spray Serum (100ml) A versatile hydrating spray serum formulated with a powerful blend of Italian white truffle extract and Vitamin E. Authe,"Water, Dipropylene Glycol, Neopentyl Glycol Diheptanoate, 1,2-Hexanediol, Niacinamide, Sorbitol, Hydroxyethyl Urea, Persea Gratissima (Avocado) Oil, Salvia Hispanica Seed Extract, Ocimum Basilicum (Ba"
285,Medicube,Medicube Collagen Glow Booster Serum (15ml),Serum,R950.58,—,$23.00,R332.70,Tier C (Long-tail),65%,No local comp,https://kiyoko.com/products/medicube-collagen-glow-booster-serum-15ml,"The Skin Boutique Curates: Medicube Collagen Glow Booster Serum (15ml) One shot is all it takes, radiance in every gaze Authentically sourced and independently curated by The Skin Boutique — your trus","Water, Glycerin, Dicaprylyl Ether, Isononyl Isononanoate, Butylene Glycol, Dipropylene Glycol, C9-12 Alkane, Peg-30 Dipolyhydroxystearate, Polyglyceryl-4 Oleate, Magnesium Sulfate, Niacinamide, 1,2-He"
286,Eqqualberry,Eqqualberry Glow Filter Vitamin Illuminating Serum (30ml),Serum,R1074.57,—,$26.00,R376.10,Tier C (Long-tail),65%,No local comp,https://kiyoko.com/products/eqqualberry-glow-filter-vitamin-illuminating-serum,The Skin Boutique Curates: Eqqualberry Glow Filter Vitamin Illuminating Serum (30ml) A serum that addresses visible dark spots and prevents pigmentation Authentically sourced and independently curated,"Water, Glycerin (Check packaging for full details)"
287,Eqqualberry,Eqqualberry Bakuchiol Plumping Serum (30ml),Serum,R909.25,—,$22.00,R318.24,Tier C (Long-tail),65%,No local comp,https://kiyoko.com/products/eqqualberry-bakuchiol-plumping-serum-30ml,"The Skin Boutique Curates: Eqqualberry Bakuchiol Plumping Serum (30ml) A Bakuchiol serum that's well-suited for hydration, anti-aging, and barrier repair, an alternative to retinol Authentically sourc","Water, Glycerin (Check packaging for full details)"
288,Medicube,Medicube Deep Vita C Capsule Cream (55g),Cream,R991.91,—,$24.00,R347.17,Tier C (Long-tail),65%,No local comp,https://kiyoko.com/products/medicube-deep-vita-c-capsule-cream-55g,The Skin Boutique Curates: Medicube Deep Vita C Capsule Cream (55g) Innovative cream with encapsulated ingredients to maintain potency Authentically sourced and independently curated by The Skin Bouti,"Hippophae Rhamnoides Water, Glycerin, Water, Niacinamide, Methylpropanediol, Propanediol, 1,2-Hexanediol, Butylene Glycol, Dipropylene Glycol, Caprylic/Capric Triglyceride, Glycereth-26, Ethylhexyl Pa"
289,ISNTREE,ISNTREE Green Tea Fresh Serum (50ml),Serum,R1198.56,—,$29.00,R419.50,Tier C (Long-tail),65%,No local comp,https://kiyoko.com/products/isntree-green-tea-fresh-serum-50ml,The Skin Boutique Curates: ISNTREE Green Tea Fresh Serum (50ml) An antioxidant rich serum that balances damaged skin by deep cleansing of the pores and controlling the presence of excess oil Authentic,"Water, Glycerin (Check packaging for full details)"
290,ISNTREE,ISNTREE Hyper Vitamin C 30 Cream (20ml),Cream,R1033.24,—,$25.00,R361.63,Tier C (Long-tail),65%,No local comp,https://kiyoko.com/products/isntree-hyper-vitamin-c-30-cream-20ml,The Skin Boutique Curates: ISNTREE Hyper Vitamin C 30 Cream (20ml) A potent vitamin C cream that brightens the complexion. Authentically sourced and independently curated by The Skin Boutique — your t,"Water, Glycerin (Check packaging for full details)"
291,MIXSOON,MIXSOON Glacier Water Hyaluronic Acid Serum (300ml),Serum,R1033.24,—,$25.00,R361.63,Tier C (Long-tail),65%,No local comp,https://kiyoko.com/products/mixsoon-glacier-water-hyaluronic-acid-serum-300ml,The Skin Boutique Curates: MIXSOON Glacier Water Hyaluronic Acid Serum (300ml) Moisture up with this refreshing drink for the skin! Authentically sourced and independently curated by The Skin Boutique,"Water (Aqua) (86.4%), Water (Glacier Water) (5%), Butylene Glycol (5%), 1,2-Hexanediol (3%), Sodium Hyaluronate (0.6%)"
292,I'M FROM,I'M FROM Rice Cream (50g),Cream,R1157.23,—,$28.00,R405.03,Tier C (Long-tail),65%,No local comp,https://kiyoko.com/products/im-from-rice-cream-50g,The Skin Boutique Curates: I'M FROM Rice Cream (50g) A ceramide skin barrier protection cream inspired by protective nature of rice bran. Authentically sourced and independently curated by The Skin Bo,"Oryza Sativa (Rice) Bran Water, Water, Glycerin, Butylene Glycol, Cetyl Ethylhexanoate, Pentaerythrityl Tetraethylhexanoate, Hydrogenated Polyisobutene, Synthetic Beeswax, Butyrospermum Parkii (Shea) "
293,Skin1004,SKIN1004 Centella Tone Brightening Capsule Cream (75ml),Cream,R950.58,—,$23.00,R332.70,Tier C (Long-tail),65%,No local comp,https://kiyoko.com/products/skin1004-centella-tone-brightening-capsule-cream-75ml,The Skin Boutique Curates: SKIN1004 Centella Tone Brightening Capsule Cream (75ml) A soothing cream that brightens dull skin while also calming irritation Authentically sourced and independently curat,"Centella Asiatica Extract(60%), Water, Butylene Glycol, Propanediol, Niacinamide, Isotridecyl Isononanoate, Phenyl Trimethicone, 1,2-Hexanediol, Tranexamic Acid, Diglycerin, Squalane, Butyrospermum Pa"
294,Skin1004,SKIN1004 Centella Poremizing Light Gel Cream (75ml),Cream,R991.91,—,$24.00,R347.17,Tier C (Long-tail),65%,No local comp,https://kiyoko.com/products/skin1004-centella-poremizing-light-gel-cream-75ml,The Skin Boutique Curates: SKIN1004 Centella Poremizing Light Gel Cream (75ml) A moisture-rich gel formula helps oil control and absorbs quickly into skin without any stickiness. Authentically sourced,"Centella Asiatica Extract(50.96%), Water, Propanediol, Aloe Babadensis Leaf Extract, 1,2-Hexanediol,Niacinamide, Glycerin, Xylitol, Butylene Glycol, Cabomer, Tromethamine, Sodium Polyacryloyldimethyl "
295,ROUND LAB,ROUND LAB 1025 Dokdo Cream (80ml),Cream,R1198.56,—,$29.00,R419.50,Tier C (Long-tail),65%,No local comp,https://kiyoko.com/products/round-lab-1025-dokdo-cream-80ml,"The Skin Boutique Curates: ROUND LAB 1025 Dokdo Cream (80ml) A balm-like cream featuring deep sea water minerals for dry, parched skin. Authentically sourced and independently curated by The Skin Bout","Water, Glycerin (Check packaging for full details)"
296,Skin1004,SKIN1004 Centella Hyalu-Cica Moisture Cream (75ml),Cream,R950.58,—,$23.00,R332.70,Tier C (Long-tail),65%,No local comp,https://kiyoko.com/products/skin1004-centella-hyalu-cica-moisture-cream-75ml,"The Skin Boutique Curates: SKIN1004 Centella Hyalu-Cica Moisture Cream (75ml) A soothing gel-cream formula infused with Phyto collagen, holding 500 times more moisture than regular collagen Authentica","Centella Asiatica Extract(50%), Water, Glycerin, 1,2-Hexanediol, Pentaerythrityl Tetraisostearate, Caprylic/Capric Triglyceride, Niacinamide, Cetearyl Alcohol, Glyceryl Stearate, Polyglyceryl-2 Steara"
297,Dr. Ceuracle,Dr. Ceuracle Vegan Kombucha Tea Gel Cream (75g),Cream,R1033.24,—,$25.00,R361.63,Tier C (Long-tail),65%,No local comp,https://kiyoko.com/products/dr-ceuracle-vegan-kombucha-tea-gel-cream-75g,The Skin Boutique Curates: Dr. Ceuracle Vegan Kombucha Tea Gel Cream (75g) A hydrating gel cream with a water-like texture that leaves no greasy or sticky residue. Authentically sourced and independen,"Water, Glycerin (Check packaging for full details)"
298,Hada Labo,Hada-Labo Gokujyun Premium Hydrating Cream (50g),Cream,R1115.90,—,$27.00,R390.56,Tier C (Long-tail),65%,No local comp,https://kiyoko.com/products/hada-labo-gokujyun-premium-hydrating-cream-50g,The Skin Boutique Curates: Hada-Labo Gokujyun Premium Hydrating Cream (50g) Premium cream featuring 7 types of hyaluronic acid Authentically sourced and independently curated by The Skin Boutique — yo,"Water, Glycerin (Check packaging for full details)"
299,Hada Labo,Hada-Labo Gokujyun Hyaluronic Cream (50g),Cream,R991.91,—,$24.00,R347.17,Tier C (Long-tail),65%,No local comp,https://kiyoko.com/products/hada-labo-gokujyun-hyaluronic-cream-50g,The Skin Boutique Curates: Hada-Labo Gokujyun Hyaluronic Cream (50g) Hada-Labo Gokujyun Hyaluronic Acid Cream (also called Hada-Labo Gokujyun Hydrating Cream) is a hydrating Japanese moisturizer cream,"Water, Glycerin (Check packaging for full details)"
300,Hada Labo,Hada-Labo Gokujyun Aging Care Cream (50g),Cream,R950.58,—,$23.00,R332.70,Tier C (Long-tail),65%,No local comp,https://kiyoko.com/products/hada-labo-gokujyun-aging-care-cream-50g,The Skin Boutique Curates: Hada-Labo Gokujyun Aging Care Cream (50g) Hada-Labo Gokujyun Aging Care Cream is a Japanese moisturizer cream for mature skin. Authentically sourced and independently curate,"Water, Glycerin (Check packaging for full details)"
301,Medicube,Medicube Azelaic Acid 16 BB Calming Serum Mask (1 PC),Serum,R123.99,—,$3.00,R43.40,Tier C (Long-tail),65%,No local comp,https://kiyoko.com/products/medicube-azelaic-acid-16-bb-calming-serum-mask,The Skin Boutique Curates: Medicube Azelaic Acid 16 BB Calming Serum Mask (1 PC) Medicube Azelaic Acid 16 BB Calming Sheet Mask features all the benefits of the beloved serum into one sheet mask for a,"Water, Glycerin (Check packaging for full details)"
302,Medicube,Medicube Collagen Lifting Mask (1 PC),Sheet Masks,R82.66,—,$2.00,R28.93,Tier C (Long-tail),65%,No local comp,https://kiyoko.com/products/medicube-collagen-lifting-mask-1-pc,"The Skin Boutique Curates: Medicube Collagen Lifting Mask (1 PC) Collagen sheet mask to reveal bouncy, youthful look Authentically sourced and independently curated by The Skin Boutique — your trusted","Water, Glycerin (Check packaging for full details)"
303,ROUND LAB,ROUND LAB Vita Niacinamide Dark Spot Serum Mask,Sheet Masks,R123.99,—,$3.00,R43.40,Tier C (Long-tail),65%,No local comp,https://kiyoko.com/products/round-lab-vita-niacinamide-dark-spot-serum-mask-10pcs,The Skin Boutique Curates: ROUND LAB Vita Niacinamide Dark Spot Serum Mask A refreshing serum with encapsulated vitamins that absorbs quickly without residue Authentically sourced and independently cu,"Water, Hippophae Rhamnoides Water, Butylene Glycol, Niacinamide, Betaine, 1,2-Hexanediol, Polyglycerin-3, Arginine, Carbomer, Hydrogenated Lecithin, Hippophae Rhamnoides Fruit Extract, Coptis Japonica"
304,ROUND LAB,ROUND LAB Birch Juice Moisturizing Mask,Sheet Masks,R165.32,—,$4.00,R57.86,Tier C (Long-tail),65%,No local comp,https://kiyoko.com/products/round-lab-birch-juice-moisturizing-mask,The Skin Boutique Curates: ROUND LAB Birch Juice Moisturizing Mask A mpoule in a mask - intensive moisture delivered through Birch Sap and Hyaluronic Acid. Authentically sourced and independently cura,"Water, Glycerin (Check packaging for full details)"
305,Medicube,Medicube Zero Pore Cooling Mask (1 PC),Sheet Masks,R165.32,—,$4.00,R57.86,Tier C (Long-tail),65%,No local comp,https://kiyoko.com/products/medicube-zero-pore-cooling-mask-1-pc,The Skin Boutique Curates: Medicube Zero Pore Cooling Mask (1 PC) Tighten your pores &amp; cool down face temperature! Authentically sourced and independently curated by The Skin Boutique — your trust,"Water, Glycerin (Check packaging for full details)"
306,Medicube,Medicube Deep Peptide Radiance Mask (1 PC),Sheet Masks,R165.32,—,$4.00,R57.86,Tier C (Long-tail),65%,No local comp,https://kiyoko.com/products/medicube-deep-peptide-radiance-mask-1-pc,The Skin Boutique Curates: Medicube Deep Peptide Radiance Mask (1 PC) Strengthening elasticity with just one sheet Authentically sourced and independently curated by The Skin Boutique — your trusted d,"Water, Glycerin (Check packaging for full details)"
307,Skin1004,SKIN1004 Madagascar Centella Probio-Cica Nourishing Mask,Sheet Masks,R123.99,—,$3.00,R43.40,Tier C (Long-tail),65%,No local comp,https://kiyoko.com/products/skin1004-madagascar-centella-probio-cica-nourishing-mask,The Skin Boutique Curates: SKIN1004 Madagascar Centella Probio-Cica Nourishing Mask A highly concentrated probiotic serum in mask form Authentically sourced and independently curated by The Skin Bouti,"Water, Glycerin (Check packaging for full details)"
308,Medicube,Medicube PDRN Pink Exosome Shot Serum 2000,Serum,R165.32,—,$4.00,R57.86,Tier C (Long-tail),65%,No local comp,https://kiyoko.com/products/medicube-pdrn-pink-exosome-shot-serum-2000-30ml,The Skin Boutique Curates: Medicube PDRN Pink Exosome Shot Serum 2000 Microneedling in a bottle with to enhance skin vitality and glow Authentically sourced and independently curated by The Skin Bouti,"Water, Butylene Glycol, Dipropylene Glycol, Glycerin, Niacinamide, Sodium Polyacrylate, 1,2-Hexanediol, Calcium aluminum borosilicate, Hydrolyzed Sponge, Caprylyl Glycol, Cetearyl Olivate, Phenyl Trim"
309,ROUND LAB,ROUND LAB 1025 Dokdo Water Gel Mask Sheet,Sheet Masks,R82.66,—,$2.00,R28.93,Tier C (Long-tail),65%,No local comp,https://kiyoko.com/products/round-lab-1025-dokdo-water-gel-mask-sheet,The Skin Boutique Curates: ROUND LAB 1025 Dokdo Water Gel Mask Sheet An intensively hydrating water gel mask formulated with 8 types of hyaluronic acid and 8 types of amino acids. Authentically source,"Water, Glycerin (Check packaging for full details)"
310,ITS Skin,ITS SKIN The Fresh Mask Sheet (1 PC),Sheet Masks,R82.66,—,$2.00,R28.93,Tier C (Long-tail),65%,No local comp,https://kiyoko.com/products/its-skin-the-fresh-mask-sheet-1-pc,The Skin Boutique Curates: ITS SKIN The Fresh Mask Sheet (1 PC) One pack a day with nature's fresh ingredients! Authentically sourced and independently curated by The Skin Boutique — your trusted dest,"Water, Glycerin (Check packaging for full details)"
311,Soon Jung,ETUDE HOUSE Soon Jung Panthensoside Mask (1 PC),Sheet Masks,R82.66,—,$2.00,R28.93,Tier C (Long-tail),65%,No local comp,https://kiyoko.com/products/etude-house-soon-jung-panthensoside-mask-1-pc,The Skin Boutique Curates: ETUDE HOUSE Soon Jung Panthensoside Mask (1 PC) A low-irritating sheet mask that moisturizes and soothes damaged skin Authentically sourced and independently curated by The ,"Water, Dipropylene Glycol, 1,2-Hexanediol, Panthenol, Madecassoside, Centella Asiatica Leaf Extract, Carbomer, Polyglyceryl-10 Laurate, Glycerin, Polyglyceryl-10 Myristate, Allantoin, Arginine, Trehal"
312,Celimax,celimax Pore+Dark Spot Brightening Pad,Toner Pads,R702.61,—,$17.00,R245.91,Tier C (Long-tail),65%,No local comp,https://kiyoko.com/products/celimax-pore-dark-spot-brightening-pads,"The Skin Boutique Curates: celimax Pore+Dark Spot Brightening Pad Pads soaked in patented Melazero V2 (featuring loquat leaf extract, spearmint extract, and propanediol) to effectively fades hyperpigm","Water, Glycerin (Check packaging for full details)"
313,Celimax,celimax Ji Woo Gae One Step Body Brightening Pad (60pcs),Toner Pads,R702.61,—,$17.00,R245.91,Tier C (Long-tail),65%,No local comp,https://kiyoko.com/products/celimax-ji-woo-gae-one-step-body-brightening-pad-60pcs,The Skin Boutique Curates: celimax Ji Woo Gae One Step Body Brightening Pad (60pcs) A body exfoliating toner pad that softens the skin texture and evens the skin tone. Authentically sourced and indepe,"Water, Glycerin (Check packaging for full details)"
314,Celimax,celimax Heartleaf BHA Peeling Pad (60pcs),Toner Pads,R785.27,—,$19.00,R274.84,Tier C (Long-tail),65%,No local comp,https://kiyoko.com/products/celimax-heartleaf-bha-peeling-pad-60pcs,The Skin Boutique Curates: celimax Heartleaf BHA Peeling Pad (60pcs) A gentle exfoliating toner pad for skin relief and skin texture Authentically sourced and independently curated by The Skin Boutiqu,"Water, Glycerin (Check packaging for full details)"
315,Mediheal,MEDIHEAL Retinol Collagen Lifting Pad (100 PCs),Toner Pads,R785.27,—,$19.00,R274.84,Tier C (Long-tail),65%,No local comp,https://kiyoko.com/products/mediheal-retinol-collagen-lifting-pad-100pcs,"The Skin Boutique Curates: MEDIHEAL Retinol Collagen Lifting Pad (100 PCs) Instantly firm, lift and fill aging skin in just one use! Authentically sourced and independently curated by The Skin Boutiqu","Water, Glycerin (Check packaging for full details)"
316,Mediheal,MEDIHEAL Phyto-enzyme Peeling Pad (90 PCs),Toner Pads,R785.27,—,$19.00,R274.84,Tier C (Long-tail),65%,No local comp,https://kiyoko.com/products/mediheal-phyto-enzyme-peeling-pad-90pcs,"The Skin Boutique Curates: MEDIHEAL Phyto-enzyme Peeling Pad (90 PCs) A daily toner pad to exfoliate and reveal youthful, glowing skin! Authentically sourced and independently curated by The Skin Bout","Water, Glycerin (Check packaging for full details)"
317,numbuzin,numbuzin No.1 Pure-Full Calming Herb Toner (300ml),Toner,R991.91,—,$24.00,R347.17,Tier C (Long-tail),65%,No local comp,https://kiyoko.com/products/numbuzin-no-1-pure-full-calming-herb-toner-300ml-1,The Skin Boutique Curates: numbuzin No.1 Pure-Full Calming Herb Toner (300ml) A calming and refreshing toner that soothes the skin and restores water-oil balance Authentically sourced and independentl,"Centella Asiatica Extract (39.2%), Houttuynia Cordata Extract (28.1%), Glycyrrhiza Glabra (Licorice) Root Extract (25.7%), 1,2-Hexanediol, Dipropylene Glycol, Propanediol,Butylene Glycol, Glycerin, Hy"
318,AXIS-Y,AXIS-Y Triple PDRN Gel Toner (270ml),Toner,R1115.90,—,$27.00,R390.56,Tier C (Long-tail),65%,No local comp,https://kiyoko.com/products/axis-y-triple-pdrn-gel-toner-270ml,"The Skin Boutique Curates: AXIS-Y Triple PDRN Gel Toner (270ml) This PDRN-infused gel toner hydrates deeply while strengthening your skin barrier, exfoliating gently, and restoring elasticity for a ra","Water, Glycerin (Check packaging for full details)"
319,Purito,PURITO Oat PDRN Gentle Refining Toner (200ml),Toner,R950.58,—,$23.00,R332.70,Tier C (Long-tail),65%,No local comp,https://kiyoko.com/products/purito-oat-pdrn-gentle-refining-toner-200ml,The Skin Boutique Curates: PURITO Oat PDRN Gentle Refining Toner (200ml) A delicate oat-powered non-comedogenic formula that exfoliate and refines the skin Authentically sourced and independently cura,"Avena Sativa (Oat) Seed Water(80 %), Aqua/Water, Limnanthes Alba (Meadowfoam) Seed Oil, Butylene Glycol, 1,2-Hexanediol, Hydroxyacetophenone, Hydrogenated Lecithin, Polyglyceryl-3 Methylglucose Distea"
320,Purito,PURITO Centella Green Level Calming Toner (200ml),Toner,R1033.24,—,$25.00,R361.63,Tier C (Long-tail),65%,No local comp,https://kiyoko.com/products/purito-centella-green-level-calming-toner-200ml,"The Skin Boutique Curates: PURITO Centella Green Level Calming Toner (200ml) An alcohol-free, soothing toner with Centella Asiatica extract for restoring the skin's natural barrier. Authentically sour","Water, Centella Asiatica Extract, Butylene Glycol, Pentylene Glycol, Dipropylene Glycol, 1,2-Hexanediol, Sodium Hyaluronate, Panthenol, Portulaca Oleracea Extract, Hamamelis Virginiana (Witch Hazel) E"
321,COSRX,COSRX Full Fit Propolis Synergy Toner (150ml),Toner,R909.25,—,$22.00,R318.24,Tier C (Long-tail),65%,No local comp,https://kiyoko.com/products/cosrx-full-fit-propolis-synergy-toner-150ml,"The Skin Boutique Curates: COSRX Full Fit Propolis Synergy Toner (150ml) A moisturizing yet non-sticky toner formulated with propolis extract and honey extract to energize, firm and rejuvenate fatigue","Water, Glycerin (Check packaging for full details)"
322,numbuzin,numbuzin No.5 Vitamin Boosting Essence Toner (200ml),Toner,R909.25,—,$22.00,R318.24,Tier C (Long-tail),65%,No local comp,https://kiyoko.com/products/numbuzin-no-5-vitamin-boosting-essence-toner-200ml,"The Skin Boutique Curates: numbuzin No.5 Vitamin Boosting Essence Toner (200ml) A gentle, revitalizing toner that boosts your skin’s supply of antioxidants Authentically sourced and independently cura","Water, Dipropylene Glycol, Glycerin, Niacinamide,1,2-Hexanediol, Butylene Glycol, Polyglycerin-3, Hippophae Rhamnoides Water, Acrylates/C10-30 Alkyl Acrylate Crosspolymer, Tromethamine, Erythritol,Pen"
323,Beauty of Joseon,Beauty of Joseon Glow Replenishing Rice Milk (150ml),Toner,R1033.24,—,$25.00,R361.63,Tier C (Long-tail),65%,No local comp,https://kiyoko.com/products/beauty-of-joseon-glow-replenishing-rice-milk-150ml,"The Skin Boutique Curates: Beauty of Joseon Glow Replenishing Rice Milk (150ml) Harness the power of rice to moisturize, brighten and nourish the skin. Authentically sourced and independently curated ","Water, Methylpropanediol, Propanediol, 1,2-Hexanediol, Glycerin, Glycereth-26, Polymethyl Methacrylate, Oryza Sativa (Rice) Extract, Coptis Japonica Root Extract, Ulmus Davidiana Root Extract, Amarant"
324,COSRX,COSRX Two in One Poreless Power Liquid (100ml),Toner,R1033.24,—,$25.00,R361.63,Tier C (Long-tail),65%,No local comp,https://kiyoko.com/products/cosrx-two-in-one-poreless-power-liquid-100ml,The Skin Boutique Curates: COSRX Two in One Poreless Power Liquid (100ml) A daily toner to target and purify large and clogged pores for smoother skin. Authentically sourced and independently curated ,"Water, Glycerin (Check packaging for full details)"
325,Purito,PURITO Wonder Releaf Centella Toner Unscented (200ml),Toner,R1033.24,—,$25.00,R361.63,Tier C (Long-tail),65%,No local comp,https://kiyoko.com/products/purito-wonder-releaf-centella-toner-unscented-200ml,"The Skin Boutique Curates: PURITO Wonder Releaf Centella Toner Unscented (200ml) A gentle and fragrance-free toner that soothes, calms, and hydrates skin without causing irritation. Authentically sour","Water, Butylene Glycol, Pentylene Glycol, Dipropylene Glycol, 1,2-Hexanediol, Centella Asiatica Extract(6,000ppm), Sodium Hyaluronate, Panthenol, Madecassoside, Asiaticoside, Madecassic Acid, Asiatic "
326,COSRX,COSRX BHA Blackhead Power Liquid (100ml),Toner,R1033.24,—,$25.00,R361.63,Tier C (Long-tail),65%,No local comp,https://kiyoko.com/products/cosrx-bha-blackhead-power-liquid-100ml,"The Skin Boutique Curates: COSRX BHA Blackhead Power Liquid (100ml) The ultimate product for gentle chemical exfoliation and oil control, formulated with 4% betaine salicylate (BHA) to control sebum a","Water, Glycerin (Check packaging for full details)"
327,Medicube,Medicube Hyaluronic Moisturizing Capsule Cream (55g),Cream,R1239.89,—,$30.00,R433.96,Tier C (Long-tail),65%,No local comp,https://kiyoko.com/products/medicube-hyaluronic-moisturizing-capsule-cream-55g,The Skin Boutique Curates: Medicube Hyaluronic Moisturizing Capsule Cream (55g) Medicube's Hyaluronic Moisturizing Capsule Cream is formulated with ultra-low molecular hyaluronic acid and panthenol to,"Water, Glycerin (Check packaging for full details)"
328,Dr. Reju-All,Dr. Reju-All Advanced LC-Ceramide Barrier Cream (50ml),Cream,R1363.88,—,$33.00,R477.36,Tier C (Long-tail),65%,No local comp,https://kiyoko.com/products/dr-reju-all-advanced-lc-ceramide-barrier-cream-50ml,The Skin Boutique Curates: Dr. Reju-All Advanced LC-Ceramide Barrier Cream (50ml) Dr. Reju-All Advanced LC-Ceramide Barrier Cream is uniquely formulated with advanced long-chain ceramides that authent,"Water, Glycerin (Check packaging for full details)"
329,MIXSOON,MIXSOON Bean Cream (50ml),Cream,R1405.21,—,$34.00,R491.82,Tier C (Long-tail),65%,No local comp,https://kiyoko.com/products/mixsoon-bean-cream-50ml,The Skin Boutique Curates: MIXSOON Bean Cream (50ml) Minimal hydrating cream full of fermented goodness! Authentically sourced and independently curated by The Skin Boutique — your trusted destination,"Water, Glycerin, Caprylic/Capric Triglyceride, Hydrogenated Polyisobutene, Polyglyceryl-3 Distearate, Glyceryl Stearate Citrate, Hydrogenated Coco-Glycerides, Limnanthes Alba (Meadowfoam) Seed Oil, Bu"
330,Aestura,AESTURA Atobarrier 365 Cream (80ml),Cream,R1405.21,—,$34.00,R491.82,Tier C (Long-tail),65%,No local comp,https://kiyoko.com/products/aestura-atobarrier-365-cream-80ml-renewed,The Skin Boutique Curates: AESTURA Atobarrier 365 Cream (80ml) Reinforce skin barrier with hydrating capsules that provide up to 120hrs of long-lasting moisture. This is the 2024 renewed version. Auth,"Water, Glycerin (Check packaging for full details)"
331,TIRTIR,TIRTIR SOS Serum (50ml),Serum,R1322.55,—,$32.00,R462.89,Tier C (Long-tail),65%,No local comp,https://kiyoko.com/products/tirtir-sos-serum-50ml-1,"The Skin Boutique Curates: TIRTIR SOS Serum (50ml) An award-winning, nourishing serum that hydrates and repairs the moisture barrier. Authentically sourced and independently curated by The Skin Boutiq","Water, Glycerin (Check packaging for full details)"
332,Dr. G,Dr.G R.E.D Blemish Clear Soothing Cream (70ml),Cream,R1239.89,—,$30.00,R433.96,Tier C (Long-tail),65%,No local comp,https://kiyoko.com/products/dr-g-r-e-d-blemish-clear-soothing-cream-70ml,The Skin Boutique Curates: Dr.G R.E.D Blemish Clear Soothing Cream (70ml) A fast-absorbing soothing cream that brightens complexion and calms redness and irritated skin. Authentically sourced and inde,"Water, Glycerin (Check packaging for full details)"
333,Curél,Curél Intensive Moisture Care Moisturizer Cream (40g),Cream,R1405.21,—,$34.00,R491.82,Tier C (Long-tail),65%,No local comp,https://kiyoko.com/products/curel-intensive-moisture-care-moisturizer-cream-40g,The Skin Boutique Curates: Curél Intensive Moisture Care Moisturizer Cream (40g) Light-as-air cream that deeply nourishes the skin. Perfect for dry and sensitive skin types. Authentically sourced and ,"Water, Glycerin (Check packaging for full details)"
334,Celimax,celimax Pore+Dark Spot Brightening Pad (40pcs),Toner Pads,R867.92,—,$21.00,R303.77,Tier C (Long-tail),65%,No local comp,https://kiyoko.com/products/celimax-pore-dark-spot-brightening-pad-40pcs,The Skin Boutique Curates: celimax Pore+Dark Spot Brightening Pad (40pcs) An advanced toner pad for even and brighter skin tone. Authentically sourced and independently curated by The Skin Boutique — ,"Water, Glycerin (Check packaging for full details)"
335,Mediheal,MEDIHEAL PDRN Lifting Pad (100 PCs),Toner Pads,R867.92,—,$21.00,R303.77,Tier C (Long-tail),65%,No local comp,https://kiyoko.com/products/mediheal-pdrn-lifting-pad-100-pcs,The Skin Boutique Curates: MEDIHEAL PDRN Lifting Pad (100 PCs) Pore refining and tightening with plant-based PDRN. Authentically sourced and independently curated by The Skin Boutique — your trusted d,"Water, Glycerin (Check packaging for full details)"
336,Dr. Althea,Dr.Althea 85% Anastatica Skin Conditioning Pad (65pcs),Toner Pads,R867.92,—,$21.00,R303.77,Tier C (Long-tail),65%,No local comp,https://kiyoko.com/products/dr-althea-85-anastatica-skin-conditioning-pad-65pcs,"The Skin Boutique Curates: Dr.Althea 85% Anastatica Skin Conditioning Pad (65pcs) Tone, hydrate and improve skin tone with these dual-sided toner pads. Authentically sourced and independently curated ","Water, Glycerin (Check packaging for full details)"
337,Celimax,celimax Ji Woo Gae Cica BHA Blemish Toner Pad (60pcs),Toner Pads,R867.92,—,$21.00,R303.77,Tier C (Long-tail),65%,No local comp,https://kiyoko.com/products/celimax-ji-woo-gae-cica-bha-blemish-toner-pad-60pcs,"The Skin Boutique Curates: celimax Ji Woo Gae Cica BHA Blemish Toner Pad (60pcs) A versatile toner pad soaked with a science-backed formula featuring BHA, PHA, and LHA. Authentically sourced and indep","Water, Glycerin (Check packaging for full details)"
338,Goodal,Goodal Green Tangerine Vita-C Dark Spot Care Pads (70pcs),Toner Pads,R826.59,—,$20.00,R289.31,Tier C (Long-tail),65%,No local comp,https://kiyoko.com/products/goodal-green-tangerine-vita-c-dark-spot-care-pads-70pcs-1,The Skin Boutique Curates: Goodal Green Tangerine Vita-C Dark Spot Care Pads (70pcs) Facial pads gently lighten hyperpigmentation and contain a rich amount of vitamin C-rich tangerine extract Authenti,"Water, Glycerine, Methylpropanediol, Citrus Tangerina (Tangerine) Extract, Dipropylene Glycol, Niacinamide, Citrus Aurantium Bergamia (Bergamot) Fruit Oil, Melia Azadirachta Flower Extract, Ocimum San"
339,ANUA,ANUA Heartleaf 77% Clear Pad (70pcs),Toner Pads,R867.92,—,$21.00,R303.77,Tier C (Long-tail),65%,No local comp,https://kiyoko.com/products/anua-heartleaf-77-clear-pad-70pcs,The Skin Boutique Curates: ANUA Heartleaf 77% Clear Pad (70pcs) A one-step toner pad featuring 77% heartleaf and AHA for exfoliation. Authentically sourced and independently curated by The Skin Boutiq,"Houttuynia Cordata Extract(77%), Water, Gluconolactone, Propanediol, Tromethamine, Butylene Glycol, 1,2-Hexanediol, Betaine, Ammonium Acryloyldimethyltaurate/VP Copolymer, Ulmus Davidiana Root Extract"
340,Mediheal,MEDIHEAL Vitamide Brightening Pad (100 PCs),Toner Pads,R867.92,—,$21.00,R303.77,Tier C (Long-tail),65%,No local comp,https://kiyoko.com/products/mediheal-vitamide-brightening-pad-100pcs,"The Skin Boutique Curates: MEDIHEAL Vitamide Brightening Pad (100 PCs) A daily toner pad to brighten, revitalize and clarify the skin for glass skin! Authentically sourced and independently curated by","Water, Glycerin (Check packaging for full details)"
341,Mediheal,MEDIHEAL Watermide Toner Pad (100 PCs),Toner Pads,R867.92,—,$21.00,R303.77,Tier C (Long-tail),65%,No local comp,https://kiyoko.com/products/mediheal-watermide-toner-pad-100pcs,"The Skin Boutique Curates: MEDIHEAL Watermide Toner Pad (100 PCs) A daily toner pad to cool, calm and hydrate dry, tired, puffy skin. Authentically sourced and independently curated by The Skin Boutiq","Water, Glycerin (Check packaging for full details)"
342,Mediheal,MEDIHEAL Teatree Trouble Pad (100 PCs),Toner Pads,R867.92,—,$21.00,R303.77,Tier C (Long-tail),65%,No local comp,https://kiyoko.com/products/mediheal-teatree-trouble-pad-100pcs,The Skin Boutique Curates: MEDIHEAL Teatree Trouble Pad (100 PCs) A daily toner pad to intensely calm and balance troubled skin. Authentically sourced and independently curated by The Skin Boutique — ,"Water, Glycerin (Check packaging for full details)"
343,Mediheal,MEDIHEAL Madecassoside Blemish Pad (100 PCs),Toner Pads,R826.59,—,$20.00,R289.31,Tier C (Long-tail),65%,No local comp,https://kiyoko.com/products/mediheal-madecassoside-blemish-pad-100pcs,The Skin Boutique Curates: MEDIHEAL Madecassoside Blemish Pad (100 PCs) A daily toner pad that calms and reduces the appearance of blemishes and dark spots. Authentically sourced and independently cur,"Water, Glycerin (Check packaging for full details)"
344,Mediheal,MEDIHEAL Collagen Ampoule Pad (100 PCs),Toner Pads,R867.92,—,$21.00,R303.77,Tier C (Long-tail),65%,No local comp,https://kiyoko.com/products/mediheal-collagen-ampoule-pad-100pcs-1,"The Skin Boutique Curates: MEDIHEAL Collagen Ampoule Pad (100 PCs) A daily toner pad to nourish, firm and reverse aging skin. Authentically sourced and independently curated by The Skin Boutique — you","Water, Glycerin (Check packaging for full details)"
345,Celimax,celimax The Real Noni Energy Ampoule,Ampoule,R702.61,—,$17.00,R245.91,Tier C (Long-tail),65%,No local comp,https://kiyoko.com/products/celimax-the-real-noni-energy-ampoule-30ml-50ml,"The Skin Boutique Curates: celimax The Real Noni Energy Ampoule An improved moisturizing and calming formula in a lightweight, non-greasy ampoule. Authentically sourced and independently curated by Th","Water, Glycerin (Check packaging for full details)"
346,ANUA,ANUA Heartleaf 80% Soothing Ampoule,Ampoule,R330.64,—,$8.00,R115.72,Tier C (Long-tail),65%,No local comp,https://kiyoko.com/products/anua-heartleaf-80-soothing-ampoule-30ml,The Skin Boutique Curates: ANUA Heartleaf 80% Soothing Ampoule A moisturizing and soothing ampoule for sensitive skin Authentically sourced and independently curated by The Skin Boutique — your truste,"Houttuynia Cordata Extract(80%), Butylene Glycol, Glycerin, 1,2-Hexanediol, Betaine, Cassia Obtusifolia Seed Extract, Panthenol, Hydroxyethylcellulose, Sodium Hyaluronate, Arginine, Carbomer, Ethylhex"
347,ANUA,ANUA Heartleaf 77% Soothing Toner (250ml),Toner,R149.00,R99,$22.00,R52.15,Tier C (Long-tail),65%,"Was R909, SA market R99. TikTok viral product.",https://kiyoko.com/products/anua-heartleaf-77-soothing-toner-40ml-250ml,"The Skin Boutique Curates: ANUA Heartleaf 77% Soothing Toner (250ml) Top selling facial toner in South Korea for clear, glass skin. Authentically sourced and independently curated by The Skin Boutique","Houttuynia Cordata Extract(77%), Purified Water, 1,2-Hexanediol, Glycerin, Betaine, Panthenol, Saccharum Officinarum (Sugarcane) Extract, Portulaca Oleracea Extract, Butylene Glycol, Vitex Agnus-Castu"
348,Celimax,celimax The Real Noni Acne Bubble Cleanser (155ml),Foam Cleanser,R785.27,—,$19.00,R274.84,Tier C (Long-tail),65%,No local comp,https://kiyoko.com/products/celimax-the-real-noni-acne-bubble-cleanser-155ml,"The Skin Boutique Curates: celimax The Real Noni Acne Bubble Cleanser (155ml) celimax The Real Noni Acne Bubble Cleanser is a low pH, microbubble cleanser that removes excess sebum without drying out ","Water, Glycerin (Check packaging for full details)"
349,ma:nyo,ma:nyo Pure & Deep Cleansing Foam (200ml),Foam Cleanser,R661.28,—,$16.00,R231.45,Tier C (Long-tail),65%,No local comp,https://kiyoko.com/products/ma-nyo-pure-deep-cleansing-foam-100ml,The Skin Boutique Curates: ma:nyo Pure & Deep Cleansing Foam (200ml) A foaming cleanser that revitalizes the skin and cleans without stripping the moisture barrier. Authentically sourced and independe,"Glycerine, Water, Myristic Acid, Stearic Acid, Lauric Acid, Potassium Cocoate, Potassium Hydroxide, Potassium Cocoyl Glycinate, Palmitic Acid, Sodium Hyaluronate, Butylene Glycol, Lavandula Angustifol"
350,Dr. Althea,Dr.Althea Amino Acid Gentle Bubble Cleanser (140ml),Foam Cleanser,R661.28,—,$16.00,R231.45,Tier C (Long-tail),65%,No local comp,https://kiyoko.com/products/dr-althea-amino-acid-gentle-bubble-cleanser-140ml,The Skin Boutique Curates: Dr.Althea Amino Acid Gentle Bubble Cleanser (140ml) Most gentle bubble cleanser but powerful cleansing ability Authentically sourced and independently curated by The Skin Bo,"Water, Glycerin (Check packaging for full details)"
351,AXIS-Y,AXIS-Y Sunday Morning Refreshing Cleansing Foam (120ml),Foam Cleanser,R619.95,—,$15.00,R216.98,Tier C (Long-tail),65%,No local comp,https://kiyoko.com/products/axis-y-sunday-morning-refreshing-cleansing-foam-120ml,The Skin Boutique Curates: AXIS-Y Sunday Morning Refreshing Cleansing Foam (120ml) A pH-balanced cleansing foam that removes impurities and oils without stripping the skin. Authentically sourced and i,"Water, Glycerin, Sodium Cocoyl Isethionate, Sodium Methyl Cocoyl Taurate, Potassium Cocoyl Glycinate, Coco-Betaine, Potassium Cocoate, Polyquaternium-67, Xylitylglucoside, Citric Acid, Anhydroxylitol,"
352,ANUA,ANUA Heartleaf Quercetinol Pore Deep Cleansing Foam (150ml),Foam Cleanser,R619.95,—,$15.00,R216.98,Tier C (Long-tail),65%,No local comp,https://kiyoko.com/products/anua-heartleaf-quercetinol-pore-deep-cleansing-foam-150ml,The Skin Boutique Curates: ANUA Heartleaf Quercetinol Pore Deep Cleansing Foam (150ml) A delicate foam cleanser infused with heartleaf extract to deep cleanse combination-oily skin. Authentically sour,"Houttuynia Cordata Water (33.32%), Glycerin, Sodium Cocoyl Glycinate, Water, Sodium Lauroyl Glutamate, Coco-Glucoside, Disodium Cocoamphodiacetate, Sodium Chloride, 1,2-Hexanediol, Betaine Salicylate,"
353,Dr. Reju-All,Dr. Reju-All Advanced Retino-Mela Serum (30ml),Serum,R1611.85,—,$39.00,R564.15,Tier C (Long-tail),65%,No local comp,https://kiyoko.com/products/dr-reju-all-advanced-retino-mela-serum-30ml,The Skin Boutique Curates: Dr. Reju-All Advanced Retino-Mela Serum (30ml) Experience the best of K-Beauty with Dr. Reju-All Advanced Retino-Mela Serum (30ml) by Dr. Reju-All — a premium formula crafte,"Water, Glycerin (Full ingredients list under review)"
354,d'Alba,d'Alba White Truffle Double Moisture Cream (60ml),Cream,R2066.48,—,$50.00,R723.27,Tier C (Long-tail),65%,No local comp,https://kiyoko.com/products/dalba-white-truffle-double-moisture-cream-60ml,The Skin Boutique Curates: d'Alba White Truffle Double Moisture Cream (60ml) Customizable cream for all skin types featuring luxurious white truffle extracts. Authentically sourced and independently c,"【Intense Cream】: Water, Glycerin, DPG, Cetyl Ethylhexanoate, Neopentyl Glycol Diheptanoate, Niacinamide, 1,2-Hexanediol, BG, Tuber Magnatum Extract (000m), Hydrogenated Polydecene, Tocopherol, Ceteary"
355,MEDITHERAPY,MEDITHERAPY Tranexamic Acid Skin Booster Cream + Booster Cap (100ml),Cream,R3099.72,—,$75.00,R1084.90,Tier C (Long-tail),65%,No local comp,https://kiyoko.com/products/meditherapy-tranexamic-acid-skin-booster-cream-booster-cap-100ml,The Skin Boutique Curates: MEDITHERAPY Tranexamic Acid Skin Booster Cream + Booster Cap (100ml) Innovative all-in-one K-beauty cream and microcurrent booster device Authentically sourced and independe,"Aqua (Water), Niacinamide (10%), Butylene Glycol, Glycerin, Arbutin (2%), 1,2-Hexanediol, Caprylic/Capric Triglyceride, Hydroxyacetophenone, Acrylates/C10-30 Alkyl Acrylate Crosspolymer, Arginine, Eth"
356,Dr. Reju-All,Dr. Reju-All Advanced PDRN Rejuvenating Cream,Cream,R1446.54,—,$35.00,R506.29,Tier C (Long-tail),65%,No local comp,https://kiyoko.com/products/dr-reju-all-advanced-pdrn-rejuvenating-cream-20g,The Skin Boutique Curates: Dr. Reju-All Advanced PDRN Rejuvenating Cream Experience the best of K-Beauty with Dr. Reju-All Advanced PDRN Rejuvenating Cream by Dr. Reju-All — a premium formula crafted ,"Water, Glycerin (Check packaging for full details)"
357,d'Alba,d'Alba White Truffle Double Layer Revitalizing Serum (30ml),Serum,R1901.16,—,$46.00,R665.41,Tier C (Long-tail),65%,No local comp,https://kiyoko.com/products/dalba-white-truffle-double-layer-revitalizing-serum-30ml,"The Skin Boutique Curates: d'Alba White Truffle Double Layer Revitalizing Serum (30ml) A double layered serum for firm, healthy and glowy skin. Authentically sourced and independently curated by The S","Water, Sunflower Seed Oil, BG, DPG, 1,2-Hexanediol, Macadamia Seed Oil, Tuber Magnatum Extract, Tri(caprylic/capric) Glyceride, Camellia Seed Oil, Evening Primrose Oil, Olive Fruit Oil, Avocado Oil, M"
358,LANEIGE,LANEIGE Water Bank Hyaluronic Intensive Moisture Cream (50ml),Cream,R1570.53,—,$38.00,R549.69,Tier C (Long-tail),65%,No local comp,https://kiyoko.com/products/laneige-water-bank-hyaluronic-intensive-moisture-cream-50ml,"The Skin Boutique Curates: LANEIGE Water Bank Hyaluronic Intensive Moisture Cream (50ml) A clinically backed, barrier-boosting cream powered by Korean skincare technology that delivers intense, long-l","Water, Glycerin (Check packaging for full details)"
359,LANEIGE,LANEIGE Water Bank Hyaluronic Intensive Gel Cream (50ml),Cream,R1570.53,—,$38.00,R549.69,Tier C (Long-tail),65%,No local comp,https://kiyoko.com/products/laneige-water-bank-hyaluronic-intensive-gel-cream-50ml,"The Skin Boutique Curates: LANEIGE Water Bank Hyaluronic Intensive Gel Cream (50ml) A clinically-proven, cool, and refreshing gel full of tiny cream beads that help to repair skin barrier Authenticall","Water, Glycerin (Check packaging for full details)"
360,MIZON,MIZON All in One Snail Repair Cream (75g),Cream,R1611.85,—,$39.00,R564.15,Tier C (Long-tail),65%,No local comp,https://kiyoko.com/products/mizon-all-in-one-snail-repair-cream-75g,"The Skin Boutique Curates: MIZON All in One Snail Repair Cream (75g) A multifunctional face cream with snail mucin that visibly repairs, hydrates and evens out skin Authentically sourced and independe","Water, Snail Secretion Filtrate(46,000ppm), Butylene Glycol, 1,2-Hexanediol, Cetearyl Olivate, Sorbitan Olivate, Cetearyl Alcohol, Glyceryk Stearate, Dimethicone, Hydrogenated Vegetable Oil, Palmitic "
361,Dr. Melaxin,Dr.Melaxin TX-Cream (50ml),Cream,R1653.18,—,$40.00,R578.61,Tier C (Long-tail),65%,No local comp,https://kiyoko.com/products/dr-melaxin-tx-cream-50ml,The Skin Boutique Curates: Dr.Melaxin TX-Cream (50ml) An efficient cream that is formulated with Niacinamide and Tranexemic Acid for brightening and barrier support Authentically sourced and independe,"Water, Butylene Glycol, Phenyl Trimethicone, Tranexamic Acid. Niacinamide, Butyrospermum Parkii (Shea) Butter, Beeswax, 1,2-Hexanediol, Caprylic/Capric Triglyceride, Terminalia Ferdinandiana Fruit Ext"
362,Dr. G,Dr.G Royal Black Snail Cream (50ml),Cream,R2149.14,—,$52.00,R752.20,Tier C (Long-tail),65%,No local comp,https://kiyoko.com/products/dr-g-royal-black-snail-cream-50ml,The Skin Boutique Curates: Dr.G Royal Black Snail Cream (50ml) Lifting and Firming Skin Solution for Sensitive Skin! Authentically sourced and independently curated by The Skin Boutique — your trusted,"Water, Glycerin (Check packaging for full details)"
363,d'Alba,d'Alba White Truffle Double Serum & Cream (70g),Cream,R2603.76,—,$63.00,R911.32,Tier C (Long-tail),65%,No local comp,https://kiyoko.com/products/dalba-white-truffle-double-serum-cream-70g,The Skin Boutique Curates: d'Alba White Truffle Double Serum & Cream (70g) Customizable cream for all skin types featuring luxurious white truffle extracts. Authentically sourced and independently cur,"【Intense Cream】: Water, Glycerin, DPG, Cetyl Ethylhexanoate, Neopentyl Glycol Diheptanoate, Niacinamide, 1,2-Hexanediol, BG, Tuber Magnatum Extract (000m), Hydrogenated Polydecene, Tocopherol, Ceteary"
364,Medicube,Medicube Deep Vita C Daily Quick Mask (30 PCs),Sheet Masks,R1446.54,—,$35.00,R506.29,Tier C (Long-tail),65%,No local comp,https://kiyoko.com/products/medicube-deep-vita-c-daily-quick-mask-30-pcs,The Skin Boutique Curates: Medicube Deep Vita C Daily Quick Mask (30 PCs) Potent pure Vitamin C for the simplest 1-minute brightening. Authentically sourced and independently curated by The Skin Bouti,"Water, Dipropylene Glycol, Glycerin, Niacinamide, 1,2-Hexanediol, Hydroxyethyl Urea, Hydroxyacetophenone, Hippophae Rhamnoides Water, Polyglyceryl-10 Laurate, Polyglyceryl-4 Laurate, Xanthan Gum, Buty"
365,Dr.Jart+,Dr.Jart+ Cicapair Intensive Soothing Repair Cream (50ml),Cream,R1983.82,—,$48.00,R694.34,Tier C (Long-tail),65%,No local comp,https://kiyoko.com/products/dr-jart-cicapair-intensive-soothing-repair-cream-50ml,The Skin Boutique Curates: Dr.Jart+ Cicapair Intensive Soothing Repair Cream (50ml) A protective skincare solution that strengthens and stabilizes your skin Authentically sourced and independently cur,"Water, Glycerin (Check packaging for full details)"
366,ROUND LAB,ROUND LAB Birch Juice Moisturizing Cream (80ml),Cream,R1694.51,—,$41.00,R593.08,Tier C (Long-tail),65%,No local comp,https://kiyoko.com/products/round-lab-birch-juice-moisturizing-cream-80ml,"The Skin Boutique Curates: ROUND LAB Birch Juice Moisturizing Cream (80ml) A gentle, well-rounded moisturizer for total moisture care and skin barrier strengthening. Authentically sourced and independ","Water, Glycerin (Check packaging for full details)"
367,Dr. Althea,Dr.Althea Gentle Pore Cleansing Oil (150ml),Oil Cleanser,R785.27,—,$19.00,R274.84,Tier C (Long-tail),65%,No local comp,https://kiyoko.com/products/dr-althea-gentle-pore-cleansing-oil,The Skin Boutique Curates: Dr.Althea Gentle Pore Cleansing Oil (150ml) Experience the best of K-Beauty with Dr.Althea Gentle Pore Cleansing Oil (150ml) by Dr. Althea — a premium formula crafted to tra,"Water, Glycerin (Full ingredients list under review)"
368,Dr. Althea,Dr.Althea Gentle Pore Vegan Cleansing Oil (150ml),Oil Cleanser,R785.27,—,$19.00,R274.84,Tier C (Long-tail),65%,No local comp,https://kiyoko.com/products/dr-althea-gentle-pore-vegan-cleansing-oil-150ml,The Skin Boutique Curates: Dr.Althea Gentle Pore Vegan Cleansing Oil (150ml) Vegan cleansing oil that melts away makeup and impurities Authentically sourced and independently curated by The Skin Bouti,"Water, Glycerin (Check packaging for full details)"
369,Beauty of Joseon,Beauty of Joseon Ginseng Essence Water (150ml),Essence,R743.94,—,$18.00,R260.38,Tier C (Long-tail),65%,No local comp,https://kiyoko.com/products/beauty-of-joseon-ginseng-essence-water-150ml,"The Skin Boutique Curates: Beauty of Joseon Ginseng Essence Water (150ml) Dry, damaged skin will drink up the Beauty of Joseon Ginseng Essence Water! This refreshing hydrating essence helps to revital","Panax Ginseng Root Water, Butylene Glycol, Glycerin, Propanediol, Niacinamide, 1,2-Hexanediol, Water, Hydroxyacetophenone, Glyceryl Glucoside, Xanthna Gum, Panthenol, Dipotassium Glycyrrhizate, Allant"
370,Dr. Althea,Dr.Althea Skin Relief Essence (30ml),Essence,R537.29,—,$13.00,R188.05,Tier C (Long-tail),65%,No local comp,https://kiyoko.com/products/dr-althea-skin-relief-essence-30ml,The Skin Boutique Curates: Dr.Althea Skin Relief Essence (30ml) Instantly soothing and relieving for sensitive and irritated skin. Authentically sourced and independently curated by The Skin Boutique ,"Water, Glycerin (Check packaging for full details)"
371,Dr. Althea,Dr.Althea Natural Radiance Essence (30ml),Essence,R537.29,—,$13.00,R188.05,Tier C (Long-tail),65%,No local comp,https://kiyoko.com/products/dr-althea-natural-radiance-essence-30ml-2,The Skin Boutique Curates: Dr.Althea Natural Radiance Essence (30ml) Brighten and improve uneven skin tone with Kakadu plum extract! Authentically sourced and independently curated by The Skin Boutiqu,"Water, Glycerin (Check packaging for full details)"
372,COSRX,COSRX Advanced Snail 96 Mucin Power Essence (100ml),Essence,R743.94,—,$18.00,R260.38,Tier C (Long-tail),65%,No local comp,https://kiyoko.com/products/cosrx-advanced-snail-96-mucin-power-essence-100ml,"The Skin Boutique Curates: COSRX Advanced Snail 96 Mucin Power Essence (100ml) A lightweight, highly-concentrated essence with 96% snail mucin that effectively hydrates and soothes damaged or aging sk","Water, Glycerin (Check packaging for full details)"
373,Biodance,Biodance Cera-nol Gel Toner Pads (60 PCs),Toner Pads,R1157.23,—,$28.00,R405.03,Tier C (Long-tail),65%,No local comp,https://kiyoko.com/products/biodance-cera-nol-gel-toner-pads-60pcs,"The Skin Boutique Curates: Biodance Cera-nol Gel Toner Pads (60 PCs) Biodance Cera-Nol Gel Toner Pads are versatile pads provide instant relief from dryness, while preparing and enhancing the skin for","Water, Glycerin (Check packaging for full details)"
374,Biodance,Biodance Vita Niacinamide Gel Toner Pads (60 PCs),Toner Pads,R1157.23,—,$28.00,R405.03,Tier C (Long-tail),65%,No local comp,https://kiyoko.com/products/biodance-vita-niacinamide-gel-toner-pads-60-pcs,The Skin Boutique Curates: Biodance Vita Niacinamide Gel Toner Pads (60 PCs) Biodance Vita Niacinamide Gel Toner Pads are brightening and skin-smoothing toner pads designed to enhance skin's natural r,"Water, Glycerin (Check packaging for full details)"
375,numbuzin,numbuzin No.4 Pore Zero Peeled Egg Toner Pad (70 PCs),Toner Pads,R991.91,—,$24.00,R347.17,Tier C (Long-tail),65%,No local comp,https://kiyoko.com/products/numbuzin-no-4-pore-zero-peeled-egg-toner-pad-70pcs,"The Skin Boutique Curates: numbuzin No.4 Pore Zero Peeled Egg Toner Pad (70 PCs) These one-step toner pads instantly tighten enlarged pores and refine skin texture for a flawless, smooth complexion. A","Water, Glycerin (Check packaging for full details)"
376,Biodance,Biodance Collagen Gel Toner Pads (60 PCs),Toner Pads,R1157.23,—,$28.00,R405.03,Tier C (Long-tail),65%,No local comp,https://kiyoko.com/products/biodance-collagen-gel-toner-pads-60-pcs,"The Skin Boutique Curates: Biodance Collagen Gel Toner Pads (60 PCs) Biodance's gel toner pads for youthful, firm, and hydrated skin Authentically sourced and independently curated by The Skin Boutiqu","Water, Glycerin (Check packaging for full details)"
377,Biodance,Biodance Sea Kelp Gel Toner Pads (60 PCs),Toner Pads,R1157.23,—,$28.00,R405.03,Tier C (Long-tail),65%,No local comp,https://kiyoko.com/products/biodance-sea-kelp-gel-toner-pads-60-pcs,"The Skin Boutique Curates: Biodance Sea Kelp Gel Toner Pads (60 PCs) Biodance's soothing and hydrating gel pads that offer a refreshing solution for irritated, oily, or acne-prone skin Authentically s","Water, Glycerin (Check packaging for full details)"
378,numbuzin,numbuzin No.1 Centella Re-Leaf Green Toner Pad (70 PCs),Toner Pads,R991.91,—,$24.00,R347.17,Tier C (Long-tail),65%,No local comp,https://kiyoko.com/products/numbuzin-no-1-centella-re-leaf-green-toner-pad-70-pcs,"The Skin Boutique Curates: numbuzin No.1 Centella Re-Leaf Green Toner Pad (70 PCs) Green toner pad, made with ground Centella Asiatica leaves and three calming herb extracts Authentically sourced and ","Water, 1,2-Hexanediol, Butylene Glycol, Glycerin, Dipropylene Glycol, Propanediol, Glycyrrhiza Uralensis (Licorice) Root Extract, Ethylhexylglycerin, Carbomer, Hydroxyethylcellulose, Houttuynia Cordat"
379,AXIS-Y,AXIS-Y Artichoke Intensive Skin Barrier Ampoule (30ml),Ampoule,R867.92,—,$21.00,R303.77,Tier C (Long-tail),65%,No local comp,https://kiyoko.com/products/axis-y-artichoke-intensive-skin-barrier-ampoule-30ml,The Skin Boutique Curates: AXIS-Y Artichoke Intensive Skin Barrier Ampoule (30ml) A specially formulated ampoule featuring antioxidants and anti-inflammatory properties. Authentically sourced and inde,"Water, Aloe Barbadensis Leaf Water, Butylene Glycol, Sodium Hyaluronate, Centella Asiatica Extract, Glycerin, Betaine, Propanediol, Glycyrrhiza Uralensis (Licorice) Root Extract, Hieracium Umbellatum "
380,Torriden,TORRIDEN Dive-In Low Molecular Hyaluronic Acid Multi-Pad (80pcs),Toner Pads,R909.25,—,$22.00,R318.24,Tier C (Long-tail),65%,No local comp,https://kiyoko.com/products/torriden-dive-in-low-molecular-hyaluronic-acid-multi-pad-80pcs,The Skin Boutique Curates: TORRIDEN Dive-In Low Molecular Hyaluronic Acid Multi-Pad (80pcs) A daily toner pad to soothe and hydrate or act as a facial pack. Authentically sourced and independently cur,"Water, Glycerin (Check packaging for full details)"
381,numbuzin,numbuzin No.3 Radiance Glowing Jumbo Essence Pad (70 PCs),Toner Pads,R909.25,—,$22.00,R318.24,Tier C (Long-tail),65%,No local comp,https://kiyoko.com/products/numbuzin-no-3-radiance-glowing-jumbo-essence-pad-70-pcs,The Skin Boutique Curates: numbuzin No.3 Radiance Glowing Jumbo Essence Pad (70 PCs) Revitalize dull and texture skin with these jumbo essence pads Authentically sourced and independently curated by T,"Water, Dipropylene Glycol, Glycereth-26, 1,2-Hexanediol, Niacinamide, Butylene Glycol, Methyl Gluceth-20, Cetearyl Olivate, Sorbitan Olivate, Betaine, Polyglyceryl-10 Laurate, Adenosine, Spiraea Ulmar"
382,numbuzin,numbuzin No.5+ Vitamin Niacinamide Concentrated Pads (70pcs),Toner Pads,R991.91,—,$24.00,R347.17,Tier C (Long-tail),65%,No local comp,https://kiyoko.com/products/numbuzin-no-5-vitamin-niacinamide-concentrated-pads-70pcs,"The Skin Boutique Curates: numbuzin No.5+ Vitamin Niacinamide Concentrated Pads (70pcs) Concentrated jelly pads to target old freckles, acne scars, hyperpigmentation and UV damage! Authentically sourc","Water, Niacinamide, Dipropylene Glycol, Glycerin, Propanediol, Butylene Glycol, Hydroxyethyl Urea, Diethoxyethyl Succinate, Hydroxyacetophenone, Caprylyl Glycol, Polyglyceryl-10 Laurate, Betaine, Pant"
383,AHC,AHC Premier Eye Cream (40ml),Eye Cream,R743.94,—,$18.00,R260.38,Tier C (Long-tail),65%,No local comp,https://kiyoko.com/products/ahc-premier-eye-cream-40ml,"The Skin Boutique Curates: AHC Premier Eye Cream (40ml) A powerful skin-firming cream supported by in-vivo test results for the forehead, eyelid, cheek and neck area Authentically sourced and independ","Water, Glycerin (Check packaging for full details)"
384,Purito,PURITO Wonder Releaf Centella Eye Cream (30ml),Eye Cream,R785.27,—,$19.00,R274.84,Tier C (Long-tail),65%,No local comp,https://kiyoko.com/products/purito-wonder-releaf-centella-eye-cream-30ml-2,The Skin Boutique Curates: PURITO Wonder Releaf Centella Eye Cream (30ml) A soothing and hydrating cream for the delicate eye area. Authentically sourced and independently curated by The Skin Boutique,"Centella Asiatica Extract, Water, Hydrogenated Poly, Glycerin, Cetyl Ethylhexanoate, Caprylic/Capric Triglyceride, Cetyl Alcohol, 1,2-Hexanediol, Butylene Glycol, Dipropylene Glycol, Methyl Trimethico"
385,SOME BY MI,SOME BY MI Retinol Intense Advanced Triple Action Eye Cream (30ml),Eye Cream,R537.29,—,$13.00,R188.05,Tier C (Long-tail),65%,No local comp,https://kiyoko.com/products/some-by-mi-retinol-intense-advanced-triple-action-eye-cream-30ml,The Skin Boutique Curates: SOME BY MI Retinol Intense Advanced Triple Action Eye Cream (30ml) A mild yet effective retinol anti-aging eye cream for sensitive skin Authentically sourced and independent,"Water, Glycerin, Caprylic/Capric Triglyceride, Dimethicone, Polysorbate 60, Niacinamide, Methylpropanediol, Cetyl Alcohol, Polymethylsilsesquioxane, Centella Asiatica Extract, Dioscorea Japonica Root "
386,Beauty of Joseon,Beauty of Joseon Ginseng Cleansing Oil (210ml),Oil Cleanser,R826.59,—,$20.00,R289.31,Tier C (Long-tail),65%,No local comp,https://kiyoko.com/products/beauty-of-joseon-ginseng-cleansing-oil-210ml,"The Skin Boutique Curates: Beauty of Joseon Ginseng Cleansing Oil (210ml) A lightweight yet potent cleanser that effectively removing dirt, sebum, and makeup residue Authentically sourced and independ","Glycine Soja (Soybean) Oil, Cetyl Ethylhexanoate, Sorbeth-30 Tetraoleate, Olea Europaea (Olive) Fruit Oil, Sorbitan Sesquioleate, Helianthus Annuus (Sunflower) Seed Oil, Tocopherol, Panax Ginseng Seed"
387,Celimax,celimax The Real Noni Refresh Clay Mask (120g),Wash-off Face Mask,R702.61,—,$17.00,R245.91,Tier C (Long-tail),65%,No local comp,https://kiyoko.com/products/celimax-the-real-noni-refresh-clay-mask-120g,The Skin Boutique Curates: celimax The Real Noni Refresh Clay Mask (120g) A clay mask with cleansing and moisturizing properties Authentically sourced and independently curated by The Skin Boutique — ,"Water, Glycerin (Check packaging for full details)"
388,AXIS-Y,AXIS-Y Mugwort Pore Clarifying Wash Off Pack (100ml),Wash-off Face Mask,R702.61,—,$17.00,R245.91,Tier C (Long-tail),65%,No local comp,https://kiyoko.com/products/axis-y-mugwort-pore-clarifying-wash-off-pack-100ml,The Skin Boutique Curates: AXIS-Y Mugwort Pore Clarifying Wash Off Pack (100ml) A gently exfoliating wash off mask that purifies the pores and soothes the skin. Authentically sourced and independently,"Water, Glycerin (Check packaging for full details)"
389,Beauty of Joseon,Beauty of Joseon Red Bean Refreshing Pore Mask (140ml),Wash-off Face Mask,R785.27,—,$19.00,R274.84,Tier C (Long-tail),65%,No local comp,https://kiyoko.com/products/beauty-of-joseon-red-bean-refreshing-pore-mask-140ml,"The Skin Boutique Curates: Beauty of Joseon Red Bean Refreshing Pore Mask (140ml) A powerful, moist clay/mud texture mask featuring red bean extract and kaolin that absorbs excess sebum and exfoliates","Phaseolus angularis seed extract, glycerin, kaolin, caprylic/capric triglyceride, 1,2-hexanediol, phaseolus angularis seed powder, hectorite, cetyl alcohol, glyceryl stearate se, sorbitan olivate, cet"
390,Purito,PURITO Galacto Niacin 97 Power Essence (60ml),Essence,R826.59,—,$20.00,R289.31,Tier C (Long-tail),65%,No local comp,https://kiyoko.com/products/purito-galacto-niacin-97-power-essence-60ml,The Skin Boutique Curates: PURITO Galacto Niacin 97 Power Essence (60ml) Soften and smoothen skin texture with galactomyces filtrates Authentically sourced and independently curated by The Skin Boutiq,"Water, Glycerin (Check packaging for full details)"
391,Medicube,Medicube PDRN Pink Cica Soothing Toner (250ml),Toner,R743.94,—,$18.00,R260.38,Tier C (Long-tail),65%,No local comp,https://kiyoko.com/products/medicube-pdrn-pink-cica-soothing-toner-250ml-1,"The Skin Boutique Curates: Medicube PDRN Pink Cica Soothing Toner (250ml) Achieve a clear, radiant complexion with a clear, natural glow. Authentically sourced and independently curated by The Skin Bo","Purified Water, Butylene Glycol, Glycerin, Niacinamide, 1,2-Hexanediol, Xylitol, Sodium DNA (1,000ppm), Sodium Citrate, Allantoin, Ethylhexylglycerin, Caprylyl Glycol, Citric Acid, Adenosine, Polyglyc"
392,Medicube,Medicube Kojic Acid Turmeric Resurfacing Toner (250ml),Toner,R785.27,—,$19.00,R274.84,Tier C (Long-tail),65%,No local comp,https://kiyoko.com/products/medicube-kojic-acid-turmeric-resurfacing-toner-250ml,"The Skin Boutique Curates: Medicube Kojic Acid Turmeric Resurfacing Toner (250ml) Daily, lightweight exfoliating toner for smooth glow. Authentically sourced and independently curated by The Skin Bout","Water, Niacinamide, Glycolic Acid, 1,2-Hexanediol, Curcuma Longa (Turmeric) Root Extract, Sodium Hydroxide, C12-14 Alketh-12, Ethylhexylglycerin, Gardenia Florida Fruit Extract, Dextrin, Adenosine, Mo"
393,Medicube,Medicube Azelaic Acid Niacinamide Clear Toner,Toner,R371.97,—,$9.00,R130.19,Tier C (Long-tail),65%,No local comp,https://kiyoko.com/products/medicube-azelaic-acid-niacinamide-clear-toner-250ml,The Skin Boutique Curates: Medicube Azelaic Acid Niacinamide Clear Toner A clarifying toner containing 4% azelaic acid for brightening and balancing Authentically sourced and independently curated by ,"Water, Propylene Glycol, Azelaic Acid (40,000ppm), Niacinamide (20,000ppm), Sodium Hydroxide, 1,2-Hexanediol, Diethoxyethyl Succinate, Trehalose, C12-14 Alketh-12, Ethylhexylglycerin, Melia Azadiracht"
394,Medicube,Medicube Zero Pore Toner (250ml),Toner,R702.61,—,$17.00,R245.91,Tier C (Long-tail),65%,No local comp,https://kiyoko.com/products/medicube-zero-pore-toner-250ml,"The Skin Boutique Curates: Medicube Zero Pore Toner (250ml) Hydrating toner that targets pores for a smooth, glass skin finish Authentically sourced and independently curated by The Skin Boutique — yo","Water, Xylitol, Niacinamide, Methylpropanediol, Butylene Glycol, Diethoxyethyl Succinate, C12-14 Alketh-12, Chlorphenesin, Sodium Citrate, Citric Acid, Ethylhexylglycerin, Menthyl Lactate, Adenosine, "
395,Celimax,celimax Derma Nature Fresh Blackhead Jojoba Cleansing Oil,Oil Cleanser,R206.65,—,$5.00,R72.33,Tier C (Long-tail),65%,No local comp,https://kiyoko.com/products/celimax-derma-nature-fresh-blackhead-jojoba-cleansing-oil-20ml,"The Skin Boutique Curates: celimax Derma Nature Fresh Blackhead Jojoba Cleansing Oil A light, non-greasy cleansing oil that gently removes makeup with zero irritation. Authentically sourced and indepe","Water, Glycerin (Check packaging for full details)"
396,Medicube,Medicube Triple Collagen Toner (140ml),Toner,R785.27,—,$19.00,R274.84,Tier C (Long-tail),65%,No local comp,https://kiyoko.com/products/medicube-triple-collagen-toner-140ml,The Skin Boutique Curates: Medicube Triple Collagen Toner (140ml) Get the perfect skin that glows from the inside with Triple Collagen Toner. Authentically sourced and independently curated by The Ski,"Water, Glycerin, Butylene Glycol, 1,2-Hexanediol, Dipropylene Glycol, Niacinamide, Propanediol, Trehalose, Polysorbate 60, Glycereth-25 PCA Isostearate, Ammonium Acryloyldimethyltaurate/VP Copolymer, "
397,Eqqualberry,Eqqualberry Daily Peeling Swimming Pool Toner,Toner,R619.95,—,$15.00,R216.98,Tier C (Long-tail),65%,No local comp,https://kiyoko.com/products/eqqualberry-daily-peeling-swimming-pool-toner-300ml,The Skin Boutique Curates: Eqqualberry Daily Peeling Swimming Pool Toner A hypoallergic toner that gently exfoliates dead skin cells and unclogs pores while providing a soothing effect Authentically s,"Water, Glycerin (Check packaging for full details)"
398,ITS Skin,ITS SKIN Collagen Nutrition Toner (150ml),Toner,R785.27,—,$19.00,R274.84,Tier C (Long-tail),65%,No local comp,https://kiyoko.com/products/its-skin-collagen-nutrition-toner-150ml-1,The Skin Boutique Curates: ITS SKIN Collagen Nutrition Toner (150ml) A concentrated collagen toner that is great for dry and matured skin Authentically sourced and independently curated by The Skin Bo,"Water, Glycerin (Check packaging for full details)"
399,ACWELL,ACWELL Licorice pH Balancing Cleansing Toner (150ml),Toner,R743.94,—,$18.00,R260.38,Tier C (Long-tail),65%,No local comp,https://kiyoko.com/products/acwell-licorice-ph-balancing-cleansing-toner-150ml,The Skin Boutique Curates: ACWELL Licorice pH Balancing Cleansing Toner (150ml) A best selling 5.5pH balancing toner for those with sensitive skin! Authentically sourced and independently curated by T,"Water, Glycerin (Check packaging for full details)"
400,Skin1004,SKIN1004 Madagascar Centella Hyalu-Cica Brightening Toner (210ml),Toner,R785.27,—,$19.00,R274.84,Tier C (Long-tail),65%,No local comp,https://kiyoko.com/products/skin1004-madagascar-centella-hyalu-cica-brightening-toner-210ml,The Skin Boutique Curates: SKIN1004 Madagascar Centella Hyalu-Cica Brightening Toner (210ml) A highly hydrating toner that helps to gently exfoliate while soothing and brightening the skin. Authentica,"Water, Glycerin (Check packaging for full details)"
401,Skin1004,SKIN1004 Madagascar Centella Toning Toner,Toner,R413.30,—,$10.00,R144.66,Tier C (Long-tail),65%,No local comp,https://kiyoko.com/products/skin1004-madagascar-centella-toning-toner-210ml,The Skin Boutique Curates: SKIN1004 Madagascar Centella Toning Toner A gentle exfoliating toner that can be used daily to help exfoliate dead skin cells and is suitable for sensitive skin. Authentical,"Water, Glycerin (Check packaging for full details)"
402,ROUND LAB,ROUND LAB Birch Juice Moisturizing Toner (300ml),Toner,R785.27,—,$19.00,R274.84,Tier C (Long-tail),65%,No local comp,https://kiyoko.com/products/round-lab-birch-juice-moisturizing-toner-300ml,"The Skin Boutique Curates: ROUND LAB Birch Juice Moisturizing Toner (300ml) A moisturizing toner infused with birch extract and hyaluronic acid, leaving skin plumped and radiant Authentically sourced ","Water, Glycerin (Check packaging for full details)"
403,ROUND LAB,ROUND LAB 1025 Dokdo Toner (200ml),Toner,R702.61,—,$17.00,R245.91,Tier C (Long-tail),65%,No local comp,https://kiyoko.com/products/round-lab-1025-dokdo-toner-200ml,The Skin Boutique Curates: ROUND LAB 1025 Dokdo Toner (200ml) A watery toner formulated with concentrated Korean deep-sea water for gentle pore care and exfoliation. Authentically sourced and independ,"Water, Glycerin (Check packaging for full details)"
404,Reihaku Hatomugi,Reihaku Hatomugi Toner (500ml),Toner,R537.29,—,$13.00,R188.05,Tier C (Long-tail),65%,No local comp,https://kiyoko.com/products/reihaku-hatomugi-toner-500ml-1,The Skin Boutique Curates: Reihaku Hatomugi Toner (500ml) Top selling Japanese toner! Authentically sourced and independently curated by The Skin Boutique — your trusted destination for premium K-Beau,"Water, Glycerin, DPG, Methylgluceth-10, PEG / PPG / Polybutylene Glycol-8 / 5/3 Glycerin, BG, Hyaluronic Acid Na, Hot Spring Seed Extract, Glycyrrhizinic Acid 2K, Xanthan Gum, (Styrene / Acryates) Cop"
405,Naturie,Naturie Hatomugi Skin Conditioner (500ml) - 2023 Version,Toner,R454.63,—,$11.00,R159.12,Tier C (Long-tail),65%,No local comp,https://kiyoko.com/products/naturie-hatomugi-skin-conditioner-500ml-2023-version,The Skin Boutique Curates: Naturie Hatomugi Skin Conditioner (500ml) - 2023 Version A bestselling non-sticky skin conditioner that retains moisture and prime your skin with natural plant ingredients. ,"Water, Glycerin (Check packaging for full details)"
406,Dr. Althea,Dr.Althea Fresh Deep Noni Lotion (110ml),Lotion,R702.61,—,$17.00,R245.91,Tier C (Long-tail),65%,No local comp,https://kiyoko.com/products/dr-althea-fresh-deep-noni-lotion-110ml,"The Skin Boutique Curates: Dr.Althea Fresh Deep Noni Lotion (110ml) Achieve a balanced, hydrated, and comfortable complexion with the Fresh Deep Noni Lotion Authentically sourced and independently cur","Water, Glycerin (Check packaging for full details)"
407,Purito,PURITO Wonder Releaf Centella Eye Cream Unscented (30ml),Eye Cream,R867.92,—,$21.00,R303.77,Tier C (Long-tail),65%,No local comp,https://kiyoko.com/products/purito-wonder-releaf-centella-eye-cream-unscented-30ml-1,The Skin Boutique Curates: PURITO Wonder Releaf Centella Eye Cream Unscented (30ml) A gentle and fragrance-free eye cream for sensitive skin. Authentically sourced and independently curated by The Ski,"Water, Hydrogenated Poly(C6-14 Olefin), Butylene Glycol, Glycerin, Cetyl Ethylhexanoate, Caprylic/Capric Triglyceride, Centella Asiatica Extract(25,545ppm), Cetyl Alcohol, Dipropylene Glycol, Methyl T"
408,COSRX,COSRX Ultimate Nourishing Rice Spa Overnight Mask (60ml),Sleep Mask,R743.94,—,$18.00,R260.38,Tier C (Long-tail),65%,No local comp,https://kiyoko.com/products/cosrx-ultimate-nourishing-rice-spa-overnight-mask-60ml,"The Skin Boutique Curates: COSRX Ultimate Nourishing Rice Spa Overnight Mask (60ml) Wake up to soft, nourished skin with this overnight mask treatment. Authentically sourced and independently curated ","Water, Glycerin (Check packaging for full details)"
409,numbuzin,numbuzin No.2 Deep Clean Fresh Cream Cleanser (120ml),Cleanser,R619.95,—,$15.00,R216.98,Tier C (Long-tail),65%,No local comp,https://kiyoko.com/products/numbuzin-no-2-deep-clean-fresh-cream-cleanser-120ml,"The Skin Boutique Curates: numbuzin No.2 Deep Clean Fresh Cream Cleanser (120ml) A gentle, creamy foam that deeply purifies pores and removes makeup without drying the skin. Authentically sourced and ","Water, Glycerin (Check packaging for full details)"
410,Purito,PURITO Oat-In Gentle Exfoliating Face Cleanser (150ml),Cleanser,R785.27,—,$19.00,R274.84,Tier C (Long-tail),65%,No local comp,https://kiyoko.com/products/purito-oat-in-gentle-exfoliating-face-cleanser-150ml,The Skin Boutique Curates: PURITO Oat-In Gentle Exfoliating Face Cleanser (150ml) A carefully crafted facial scrub and cleanser made with premium Korean ingredients Authentically sourced and independe,"Glycerin, Sodium Cocoyl Isethionate, Avena Sativa (Oat) Seed Water, Water, Prunus Amygdalus Dulcis (Sweet Almond) Seed Meal, Hydroxypropyl Starch Phosphate, Sodium Methyl Cocoyl Taurate, 1,2-hexanedio"
411,Abib,Abib Quick Sunstick Protection Bar SPF50+ PA++++ (22g),Sunscreen,R702.61,—,$17.00,R245.91,Tier C (Long-tail),65%,No local comp,https://kiyoko.com/products/abib-quick-sunstick-protection-bar-spf50-pa-22g,The Skin Boutique Curates: Abib Quick Sunstick Protection Bar SPF50+ PA++++ (22g) Quick and easy sunstick for sunscreen reapplication. Authentically sourced and independently curated by The Skin Bouti,"Octyldodecanol, Butylene Glycol Dicaprylate/Dicaprate, Ethylhexyl Methoxycinnamate, Dibutyl Ethylhexanoyl Glutamide, Dibutyl Lauroyl Glutamide, Diisostearyl Malate, Ethylhexyl Salicylate, Diethylamino"
412,Purito,PURITO From Green Deep Foaming Cleanser (150ml),Cleanser,R702.61,—,$17.00,R245.91,Tier C (Long-tail),65%,No local comp,https://kiyoko.com/products/purito-from-green-deep-foaming-cleanser-150ml,"The Skin Boutique Curates: PURITO From Green Deep Foaming Cleanser (150ml) A foaming cleanser made with gentle ingredients, excellent for sensitive skin. Authentically sourced and independently curate","Water, Sodium Cocoyl Isethionate, Glycerin, Lauric Acid, Sodium Methyl Cocoyl Taurate, Propanediol, Hydroxypropyl Starch Phosphate, Coco-Betaine, Glyceryl Stearate, Sodium Chloride, Sodium Benzoate, P"
413,ANUA,ANUA Heartleaf 87 Low pH Deep Cleansing Water (500g),Water Cleanser,R785.27,—,$19.00,R274.84,Tier C (Long-tail),65%,No local comp,https://kiyoko.com/products/anua-heartleaf-87-low-ph-deep-cleansing-water-500g,The Skin Boutique Curates: ANUA Heartleaf 87 Low pH Deep Cleansing Water (500g) The ultimate solution for gentle yet effective makeup removal. Authentically sourced and independently curated by The Sk,"Water, Glycerin (Check packaging for full details)"
414,Beauty of Joseon,Beauty of Joseon Green Plum Refreshing Cleanser (100ml),Water Cleanser,R619.95,—,$15.00,R216.98,Tier C (Long-tail),65%,No local comp,https://kiyoko.com/products/beauty-of-joseon-green-plum-refreshing-cleanser-100ml,The Skin Boutique Curates: Beauty of Joseon Green Plum Refreshing Cleanser (100ml) A gentle gel facial cleanser with a slightly acidic formula that cleanses the skin without stripping the natural oil ,"Water, Prunus Mume Fruit Water, Cocamidopropyl Hydroxysultaine, Phaseolus Radiatus Seed Extract, Sodium Cocoyl Isethionate, Glycerin, Sodium Chloride, Camellia Sinensis Leaf Extract, Houttuynia Cordat"
415,AXIS-Y,AXIS-Y Complete No-Stress Physical Sunscreen Broad Spectrum SPF 50+ PA++++ (50ml),Sunscreen,R661.28,—,$16.00,R231.45,Tier C (Long-tail),65%,No local comp,https://kiyoko.com/products/axis-y-complete-no-stress-physical-sunscreen-broad-spectrum-spf-50-pa-50ml,The Skin Boutique Curates: AXIS-Y Complete No-Stress Physical Sunscreen Broad Spectrum SPF 50+ PA++++ (50ml) Physical sunscreen with skin-loving ingredients. Authentically sourced and independently cu,"Water, Cyclohexasiloxane, Zinc Oxide, Titanium Dioxide (CI 77891), Propanediol, Polyglyceryl-3 Polydimethylsiloxyethyl Dimethicone, Dibutyl Adipate, Niacinamide, Caprylyl Methicone, 1,2-Hexanediol, Di"
416,COSRX,COSRX Salicylic Acid Daily Gentle Cleanser (150ml),Water Cleanser,R537.29,—,$13.00,R188.05,Tier C (Long-tail),65%,No local comp,https://kiyoko.com/products/cosrx-salicylic-acid-daily-gentle-cleanser-150ml-1,"The Skin Boutique Curates: COSRX Salicylic Acid Daily Gentle Cleanser (150ml) A foam cleanser formulated to reduce breakouts, slough dead skin cells, and help fade scars in oily, acne-prone skin. Auth","Water, Glycerin (Check packaging for full details)"
417,COSRX,COSRX Hydrium Triple Hyaluronic Moisture Ampoule (40ml),Ampoule,R1074.57,—,$26.00,R376.10,Tier C (Long-tail),65%,No local comp,https://kiyoko.com/products/cosrx-hydrium-triple-hyaluronic-moisture-ampoule-40ml,The Skin Boutique Curates: COSRX Hydrium Triple Hyaluronic Moisture Ampoule (40ml) A moisturizing serum formulated with three types of hyaluronic acid to provide deep hydration for dehydrated skin. Au,"Water, Glycerin (Check packaging for full details)"
418,COSRX,COSRX Full Fit Propolis Light Ampoule (30ml),Ampoule,R1157.23,—,$28.00,R405.03,Tier C (Long-tail),65%,No local comp,https://kiyoko.com/products/cosrx-full-fit-propolis-light-ampoule-30ml,The Skin Boutique Curates: COSRX Full Fit Propolis Light Ampoule (30ml) A non-sticky ampoule formulated with 83.3% propolis extract that hydrates and rejuvenates skin to reveal a glowing complexion. A,"Water, Glycerin (Check packaging for full details)"
419,Torriden,TORRIDEN Balanceful Cleansing Gel (200ml),Gel Cleanser,R785.27,—,$19.00,R274.84,Tier C (Long-tail),65%,No local comp,https://kiyoko.com/products/torriden-balanceful-cica-cleansing-gel-200ml,"The Skin Boutique Curates: TORRIDEN Balanceful Cleansing Gel (200ml) TORRIDEN Balanceful Cica Cleansing Gel is specially formulated to thoroughly remove makeup, dirt, and excess sebum while soothing a","Water, Glycerin (Check packaging for full details)"
420,AXIS-Y,AXIS-Y Quinoa One-Step Balanced Gel Cleanser (180ml),Gel Cleanser,R785.27,—,$19.00,R274.84,Tier C (Long-tail),65%,No local comp,https://kiyoko.com/products/axis-y-quinoa-one-step-balanced-gel-cleanser-180ml,The Skin Boutique Curates: AXIS-Y Quinoa One-Step Balanced Gel Cleanser (180ml) A balanced gel cleanser that clears and hydrates the skin. Authentically sourced and independently curated by The Skin B,"Water, Decyl Glucoside, Sodium Cocoyl Glutamate, Chenopodium Quinoa Seed Extract, Glycerin, Sodium Lauroyl Glutamate, Betaine, Glycine Soja (Soybean Oil),Melaleuca Alternifolia (Tea Tree) Extract, Chl"
421,COSRX,COSRX Advanced Snail Mucin Gel Cleanser (150ml),Gel Cleanser,R661.28,—,$16.00,R231.45,Tier C (Long-tail),65%,No local comp,https://kiyoko.com/products/cosrx-advanced-snail-mucin-gel-cleanser-150ml,"The Skin Boutique Curates: COSRX Advanced Snail Mucin Gel Cleanser (150ml) Gel cleanser formulated with 10,000 ppm snail secretion filtrate to hydrate, protect, and rejuvenate fatigued skin. Authentic","Water, Glycerin (Check packaging for full details)"
422,Dr. Althea,Dr.Althea Green Relief Amino Gel Cleanser (100ml),Gel Cleanser,R619.95,—,$15.00,R216.98,Tier C (Long-tail),65%,No local comp,https://kiyoko.com/products/dr-althea-green-relief-amino-gel-cleanser-100ml,The Skin Boutique Curates: Dr.Althea Green Relief Amino Gel Cleanser (100ml) Mildly acidic gel cleanser that maintains skin's natural balance Authentically sourced and independently curated by The Ski,"Water, Glycerin (Check packaging for full details)"
423,COSRX,COSRX Low pH Good Morning Gel Cleanser (150ml),Gel Cleanser,R578.62,—,$14.00,R202.52,Tier C (Long-tail),65%,No local comp,https://kiyoko.com/products/cosrx-low-ph-good-morning-gel-cleanser-150ml,The Skin Boutique Curates: COSRX Low pH Good Morning Gel Cleanser (150ml) A gentle but effective gel cleanser that boasts a mildly acidic pH level to cleanse while maintaining the integrity of the ski,"Water, Glycerin (Check packaging for full details)"
424,AXIS-Y,AXIS-Y New Skin Resolution Gel Mask (100ml),Wash-off Face Mask,R867.92,—,$21.00,R303.77,Tier C (Long-tail),65%,No local comp,https://kiyoko.com/products/axis-y-new-skin-resolution-gel-mask-100ml,The Skin Boutique Curates: AXIS-Y New Skin Resolution Gel Mask (100ml) A gel mask packed with powerful ingredients that calms and brightens the skin. Authentically sourced and independently curated by,"Water, Glycerin, Methylpropanediol, Betaine, 1,2-Hexanediol, Niacinamide, Diglycerin, Centella Asiatica Extract, Ficus Carica (Fig) Fruit Extract, Laminaria Japonica Extract, Eclipta Prostrata Leaf Ex"
425,Banila Co,Banila Co Clean It Zero Original Cleansing Balm (100ml),Cleansing Balm,R785.27,—,$19.00,R274.84,Tier C (Long-tail),65%,No local comp,https://kiyoko.com/products/banila-co-clean-it-zero-original-cleansing-balm-100ml-1,The Skin Boutique Curates: Banila Co Clean It Zero Original Cleansing Balm (100ml) A cleansing balm that helps rid of stubborn makeup without stripping the skin Authentically sourced and independently,"Water, Glycerin (Check packaging for full details)"
426,Beauty of Joseon,Beauty of Joseon Radiance Cleansing Balm (100ml),Cleansing Balm,R743.94,—,$18.00,R260.38,Tier C (Long-tail),65%,No local comp,https://kiyoko.com/products/beauty-of-joseon-radiance-cleansing-balm-100ml,"The Skin Boutique Curates: Beauty of Joseon Radiance Cleansing Balm (100ml) An effective balm cleanser that melts away makeup, excess sebum, and other impurities without stripping the natural moisture","Cetyl Ethylhexanoate, Caprylic/Capric Triglyceride, PEG-20 Glyceryl Triisostearate, Synthetic Wax, PEG-10 Isostearate, Lactobacillus/Soybean Ferment Extract, Hippophae Rhamnoides Oil, Oryza Sativa (Ri"
427,Medicube,Medicube PDRN Pink Niacinamide Milky Toner,Toner,R826.59,—,$20.00,R289.31,Tier C (Long-tail),65%,No local comp,https://kiyoko.com/products/medicube-pdrn-pink-niacinamide-milky-toner,The Skin Boutique Curates: Medicube PDRN Pink Niacinamide Milky Toner A soothing toner for instant hydration and texture improvement Authentically sourced and independently curated by The Skin Boutiqu,"Water (Aqua), Glycerin, Niacinamide, Cetyl Ethylhexanoate, Caprylic/Capric Triglyceride, 1,2-Hexanediol, Pentaerythrityl Tetraisostearate, Ethylhexyl Palmitate, Polyglyceryl-3 Distearate, Octyldodecan"
428,Purito,PURITO From Green Cleansing Oil (200ml),Oil Cleanser,R1033.24,—,$25.00,R361.63,Tier C (Long-tail),65%,No local comp,https://kiyoko.com/products/purito-from-green-cleansing-oil-200ml,"The Skin Boutique Curates: PURITO From Green Cleansing Oil (200ml) A minimal-ingredient, effective cleansing oil to remove dirt and makeup during the first cleansing step. Authentically sourced and in","Water, Glycerin (Check packaging for full details)"
429,ISNTREE,ISNTREE Green Tea Fresh Toner (200ml),Toner,R826.59,—,$20.00,R289.31,Tier C (Long-tail),65%,No local comp,https://kiyoko.com/products/isntree-green-tea-fresh-toner-200ml,"The Skin Boutique Curates: ISNTREE Green Tea Fresh Toner (200ml) A refreshing and antioxidant rich toner, perfect for reducing redness and controlling oil throughout the day Authentically sourced and ","Water, Glycerin (Check packaging for full details)"
430,numbuzin,numbuzin No.1 Easy Peasy Cleansing Oil (200ml),Oil Cleanser,R991.91,—,$24.00,R347.17,Tier C (Long-tail),65%,No local comp,https://kiyoko.com/products/numbuzin-no-1-easy-peasy-cleansing-oil-200ml-1,The Skin Boutique Curates: numbuzin No.1 Easy Peasy Cleansing Oil (200ml) A cleansing oil packed with antioxidant natural oils to dissolve impurities Authentically sourced and independently curated by,"Zea Mays (Corn) Oil, Isopropyl Myristate, Sorbeth-30 Tetraoleate, Ethylhexyl Palmitate, Caprylic/Capric Triglyceride, Diisostearyl Malate, Sorbitan Sesquioleate, Macadamia Ternifolia Seed Oil, Cyperus"
431,Skin1004,SKIN1004 Madagascar Centella Tone Brightening Boosting Toner (210ml),Toner,R329.00,R299,$20.00,R115.15,Tier C (Long-tail),65%,Matching.,https://kiyoko.com/products/skin1004-madagascar-centella-tone-brightening-boosting-toner-210ml,"The Skin Boutique Curates: SKIN1004 Madagascar Centella Tone Brightening Boosting Toner (210ml) A watery, hydrating toner that sinks in deeply to provide soft and supple skin. Authentically sourced an","Centella Asiatica Extract(90%), 1,2-Hexanediol, Niacinamide, Pentylene Glycol, Butylene Glycol, Glycerin, Propanediol, Betaine, Allantoin, Panthenol, Madecassoside, Xylitylglucoside, Anhydroxylitol, X"
432,Skin1004,SKIN1004 Madagascar Centella Poremizing Clear Toner (210ml),Toner,R826.59,—,$20.00,R289.31,Tier C (Long-tail),65%,No local comp,https://kiyoko.com/products/skin1004-madagascar-centella-poremizing-clear-toner-210ml,The Skin Boutique Curates: SKIN1004 Madagascar Centella Poremizing Clear Toner (210ml) A gentle exfoliating toner that removes dead skin cells and controls sebum production. Authentically sourced and ,"Centella Asiatica Extract(50.47%), Aqua(Water), Propanediol, 1,2-Hexanediol, Glycerin, Hydroxyacetophenone, Betaine, Mineral Salts, Panthenol, Ethylhexylglycerin, Sodium Polyacryloyldimethyl Taurate, "
433,ma:nyo,ma:nyo Pure Cleansing Oil (200ml),Oil Cleanser,R1074.57,—,$26.00,R376.10,Tier C (Long-tail),65%,No local comp,https://kiyoko.com/products/ma-nyo-pure-cleansing-oil-200ml-1,"The Skin Boutique Curates: ma:nyo Pure Cleansing Oil (200ml) A gentle and nourishing cleansing oil that removes makeup, impurities and sebum . Authentically sourced and independently curated by The Sk","Glycine Soja (Soybean) Oil, Corylus Avellana (Hazel) Seed Oil, Sorbeth-30 Tetraoleate, Vitis Vinifera (Grape) Seed Oil, Olea Europaea (Olive) Fruit Oil, Caprylic/Capric Triglyceride, Squalane, Isoamyl"
434,Soon Jung,ETUDE HOUSE Soon Jung Relief Toner (200ml),Toner,R826.59,—,$20.00,R289.31,Tier C (Long-tail),65%,No local comp,https://kiyoko.com/products/etude-house-soon-jung-relief-toner-200ml,The Skin Boutique Curates: ETUDE HOUSE Soon Jung Relief Toner (200ml) The SoonJung pH 5.5 Relief Toner uses 97% naturally derived ingredients and has a low pH of 5.5 to keep skin balanced and hydrated,"Water, Propanediol, Glycerin, Betaine, Panthenol, 1,2-Hexanediol, Polyglycerin-3, Ethylhexylglycerin, Disodium EDTA, Carbomer, Madecassoside, Butylene Glycol, Scutellaria Baicalensis Root Extract, Toc"
435,ANUA,ANUA Heartleaf Succinic Moisture Cleansing Foam,Foam Cleanser,R165.32,—,$4.00,R57.86,Tier C (Long-tail),65%,No local comp,https://kiyoko.com/products/anua-heartleaf-succinic-moisture-cleansing-foam,The Skin Boutique Curates: ANUA Heartleaf Succinic Moisture Cleansing Foam A delicate foam cleanser for dehydrated skin that removes dead skin cells and excess oil. Authentically sourced and independe,"Water, Disodium Cocoamphodiacetate, Sodium Cocoyl Alaninate, Sodium Methyl Cocoyl Taurate, Glycerin, Acrylates/C10-30 Alkyl Acrylate Crosspolymer, Disodium 2-Sulfolaurate, Sodium Chloride, Glycerin, M"
436,Purito,PURITO Hypochlorous Acid Rescue Spray (100ml),Facial Mist,R785.27,—,$19.00,R274.84,Tier C (Long-tail),65%,No local comp,https://kiyoko.com/products/purito-hypochlorous-acid-rescue-spray-100ml,The Skin Boutique Curates: PURITO Hypochlorous Acid Rescue Spray (100ml) PURITO Hypochlorous Acid Rescue Spray instantly refreshes the skin and targets of acne-causing bacteria. The product is based o,"Water, Glycerin, Dipropylene Glycol, Propanediol, Centella Asiatica Extract(34,685 ppm), Butylene Glycol, Niacinamide, 1,2-Hexanediol, Sodium Hyaluronate, Panthenol, Madecassoside, Asiaticoside, Madec"
437,Dr. Althea,Dr.Althea 345 Relief Cream Mist (100ml),Facial Mist,R702.61,—,$17.00,R245.91,Tier C (Long-tail),65%,No local comp,https://kiyoko.com/products/dr-althea-345-relief-cream-mist,The Skin Boutique Curates: Dr.Althea 345 Relief Cream Mist (100ml) 2-in-1 cream and water essence mist to nourish and refresh Authentically sourced and independently curated by The Skin Boutique — you,"Water, Glycerin (Check packaging for full details)"
438,Dr. Althea,Dr.Althea Aqua Marine Jelly Mist (100ml),Facial Mist,R785.27,—,$19.00,R274.84,Tier C (Long-tail),65%,No local comp,https://kiyoko.com/products/dr-althea-aqua-marine-jelly-mist-100ml,"The Skin Boutique Curates: Dr.Althea Aqua Marine Jelly Mist (100ml) Unique jelly-to-water facial mist, serum and setting spray Authentically sourced and independently curated by The Skin Boutique — yo","Water, Glycerin (Check packaging for full details)"
439,ANUA,ANUA Heartleaf 70% Daily Lotion,Lotion,R867.92,—,$21.00,R303.77,Tier C (Long-tail),65%,No local comp,https://kiyoko.com/products/anua-heartleaf-70-daily-lotion-200ml,The Skin Boutique Curates: ANUA Heartleaf 70% Daily Lotion A daily lotion that hydrates and soothes sensitive skin. Authentically sourced and independently curated by The Skin Boutique — your trusted ,"Water, Glycerin, 1,2-Hexanediol, Butylene Glycol, Houttuynia Cordata Extract, Glyceryl Stearate, Arginine, Carbomer, Ethylhexylglycerin, Sodium Stearoyl Glutamate, Glucose, Ulmus Davidiana Root Extrac"
440,ILLIYOON,ILLIYOON Ceramide Ato 6.0 Top to Toe Wash (500ml),Body Wash,R867.92,—,$21.00,R303.77,Tier C (Long-tail),65%,No local comp,https://kiyoko.com/products/illiyoon-ceramide-ato-6-0-top-to-toe-wash-500ml,The Skin Boutique Curates: ILLIYOON Ceramide Ato 6.0 Top to Toe Wash (500ml) A moisturizing cream that boosts the skin's hydrating abilities while strengthening the skin barrier. Authentically sourced,"Water/Aqua, Butylene Glycol, Glycerol, Cetearyloctanoate, Pentaerythrityl Tetraisostearate, Stearic Acid, Cyclopentasiloxane, Hexadecanoic Acid, Behenyl Alcohol, Hydroxypropyl Bispalmitamide Mea, Pana"
441,SOME BY MI,SOME BY MI AHA-BHA-PHA 30 Days Miracle Body Cleanser (400g),Body Wash,R826.59,—,$20.00,R289.31,Tier C (Long-tail),65%,No local comp,https://kiyoko.com/products/some-by-mi-aha-bha-pha-30-days-miracle-body-cleanser-400g,"The Skin Boutique Curates: SOME BY MI AHA-BHA-PHA 30 Days Miracle Body Cleanser (400g) An acne-clearing body wash that controls sebum, improves skin texture, and soothes irritation all-in-one! Authent","Water, Glycerin (Check packaging for full details)"
442,ILLIYOON,ILLIYOON Fresh Moisture Body Wash (500ml),Body Wash,R867.92,—,$21.00,R303.77,Tier C (Long-tail),65%,No local comp,https://kiyoko.com/products/illiyoon-fresh-moisture-body-wash-500ml,The Skin Boutique Curates: ILLIYOON Fresh Moisture Body Wash (500ml) A vitalizing body wash with citron fragrance for damaged and rough skin Authentically sourced and independently curated by The Skin,"Water, Sodium Laureth Sulfate, Ammonium Lauryl Sulfate, Acrylates Copolymer, Cocamidopropyl Betaine, 1,2-Hexandiol, Phenoxyethanol, Fragnance, Potassium Hydroxide, Sodium Benzoate, Limonene, Sodium Ch"
443,Purito,PURITO Fermented Complex 94 Boosting Essence (150ml),Essence,R1033.24,—,$25.00,R361.63,Tier C (Long-tail),65%,No local comp,https://kiyoko.com/products/purito-fermented-complex-94-boosting-essence-150ml-1,The Skin Boutique Curates: PURITO Fermented Complex 94 Boosting Essence (150ml) Experience the best of K-Beauty with PURITO Fermented Complex 94 Boosting Essence (150ml) by Purito — a premium formula ,"Water, Glycerin (Full ingredients list under review)"
444,numbuzin,numbuzin No.9 NAD Bio Lifting-Sil Essence (50ml),Essence,R1157.23,—,$28.00,R405.03,Tier C (Long-tail),65%,No local comp,https://kiyoko.com/products/numbuzin-no-9-nad-bio-lifting-sil-essence-50ml,The Skin Boutique Curates: numbuzin No.9 NAD Bio Lifting-Sil Essence (50ml) Game-changing anti-aging essence that's better than Botox. Authentically sourced and independently curated by The Skin Bouti,"Water, Glycerin, Hydrogenated Poly(C6-14 Olefin), Polyglycerin-3, Butylene Glycol, Pentaerythrityl Tetraethylhexanoate, Propanediol, Dimethicone, 1,2-Hexanediol, Niacinamide, Methylpropanediol, Cetear"
445,COSRX,COSRX Galactomyces 95 Tone Balancing Essence (100ml),Essence,R991.91,—,$24.00,R347.17,Tier C (Long-tail),65%,No local comp,https://kiyoko.com/products/cosrx-galactomyces-95-tone-balancing-essence-100ml,"The Skin Boutique Curates: COSRX Galactomyces 95 Tone Balancing Essence (100ml) A brightening and hydrating essence with 95% Galactomyces ferment filtrate, delivering hydration to dull or dehydrated s","Water, Glycerin (Check packaging for full details)"
446,COSRX,COSRX Hyaluronic Acid Hydra Power Essence (100ml),Essence,R1033.24,—,$25.00,R361.63,Tier C (Long-tail),65%,No local comp,https://kiyoko.com/products/cosrx-hyaluronic-acid-hydra-power-essence-100ml,"The Skin Boutique Curates: COSRX Hyaluronic Acid Hydra Power Essence (100ml) A highly concentrated, oil-free essence with hyaluronic acid that locks in moisture and plumps the skin to reduce the appea","Water, Glycerin (Check packaging for full details)"
447,COSRX,COSRX Advanced Snail Radiance Dual Essence (80ml),Essence,R991.91,—,$24.00,R347.17,Tier C (Long-tail),65%,No local comp,https://kiyoko.com/products/cosrx-advanced-snail-radiance-dual-essence-80ml,"The Skin Boutique Curates: COSRX Advanced Snail Radiance Dual Essence (80ml) A 2-in-1 dual formula essence containing Triple Snail Complexion that improves elasticity and radiance, and hydrates and pl","Water, Glycerin (Check packaging for full details)"
448,Celimax,celimax The Real Noni Starter Kit (3 PCs),Skincare Set,R702.61,—,$17.00,R245.91,Tier C (Long-tail),65%,No local comp,https://kiyoko.com/products/celimax-the-real-noni-starter-kit-3-pcs,The Skin Boutique Curates: celimax The Real Noni Starter Kit (3 PCs) A skin care routine with calming and radiance-boosting effects of noni extract. Authentically sourced and independently curated by ,"Water, Glycerin (Check packaging for full details)"
449,COSRX,COSRX Low pH Niacinamide Micellar Cleansing Water (400ml),Makeup Remover,R785.27,—,$19.00,R274.84,Tier C (Long-tail),65%,No local comp,https://kiyoko.com/products/cosrx-low-ph-niacinamide-micellar-cleansing-water-400ml,The Skin Boutique Curates: COSRX Low pH Niacinamide Micellar Cleansing Water (400ml) A gentle micellar cleansing water that deep cleans without irritating or stripping the skin Authentically sourced a,"Water, Glycerin (Check packaging for full details)"
450,Beauty of Joseon,Beauty of Joseon Red Bean Water Gel (100ml),Exfoliator,R702.61,—,$17.00,R245.91,Tier C (Long-tail),65%,No local comp,https://kiyoko.com/products/beauty-of-joseon-red-bean-water-gel-100ml,"The Skin Boutique Curates: Beauty of Joseon Red Bean Water Gel (100ml) A lightweight gel featuring red bean extract and 3 types of peptides, ideal for oily skin types. Authentically sourced and indepe","Phaseolus angularis seed extract (441,000 ppm), water, butylene glycol, glycerin, 1,2-hexanediol, methyl trimethicone, acrylates/c10-30 alkyl acrylate crosspolymer, tromethamine, glyceryl glucoside, c"
451,COSRX,COSRX Low pH Good Night Soft Peeling Gel (120ml),Exfoliator,R661.28,—,$16.00,R231.45,Tier C (Long-tail),65%,No local comp,https://kiyoko.com/products/cosrx-low-ph-good-night-soft-peeling-gel-120ml,The Skin Boutique Curates: COSRX Low pH Good Night Soft Peeling Gel (120ml) A gentle peeling gel with a low pH formula that will sweep away impurities and strengthen the skin barrier all in one produc,"Water, Glycerin (Check packaging for full details)"
452,Beauty of Joseon,Beauty of Joseon Apricot Blossom Peeling Gel (100ml),Peeling Gel,R537.29,—,$13.00,R188.05,Tier C (Long-tail),65%,No local comp,https://kiyoko.com/products/beauty-of-joseon-apricot-blossom-peeling-gel-100ml,"The Skin Boutique Curates: Beauty of Joseon Apricot Blossom Peeling Gel (100ml) A gentle, gommage type exfoliant that removes old dead skin cells and has oil control properties. Skin is left feeling s","Water, Prunus Mume Flower Water, Cellulose, Methypropandiol, 1,2-Hexandiol, Carbomer, Arginine, Ethylhexylglycerin, Allantoin, Sorbitol, Pyrus Malus (Apple) Fruit Extract, Camellia Sinensis Leaf Extra"
453,ANUA,ANUA Heartleaf Pore Control Cleansing Oil,Oil Cleanser,R179.00,R129,$19.00,R62.65,Tier C (Long-tail),65%,"Was ~R413, SA market R129.",https://kiyoko.com/products/anua-heartleaf-pore-control-cleansing-oil-regular-mild,"The Skin Boutique Curates: ANUA Heartleaf Pore Control Cleansing Oil Melt away blackheads, whiteheads, sebum and impurities! Authentically sourced and independently curated by The Skin Boutique — your","[Regular] Ethylhexyl Palmitate, Sorbeth-30 Tetraoleate, Sorbitan Sesquioleate, Caprylic/Capric Triglyceride, Butyl Avocadate, Fragrance, Helianthus Annuus (Sunflower) Seed Oil, Macadamia Ternifolia Se"
454,ANUA,ANUA Heartleaf LHA Moisture Peeling Gel (120ml),Peeling Gel,R702.61,—,$17.00,R245.91,Tier C (Long-tail),65%,No local comp,https://kiyoko.com/products/anua-heartleaf-lha-moisture-peeling-gel-120ml,The Skin Boutique Curates: ANUA Heartleaf LHA Moisture Peeling Gel (120ml) Lift and roll your dead skin cells into little particles that easily wash off! Authentically sourced and independently curate,"Water, Dipropylene Glycol, Cellulose, 1,2-Hexanediol, Arginine, Acrylates/C10-30 Alkyl Acrylate Crosspolymer, Propanediol, Allantoin, Carthamus Tinctorius (Safflower) Flower Extract, Dextrin, Polyglyc"
455,Torriden,TORRIDEN Dive-In Low Molecular Hyaluronic Acid Cleansing Water (400ml),Makeup Remover,R785.27,—,$19.00,R274.84,Tier C (Long-tail),65%,No local comp,https://kiyoko.com/products/torriden-dive-in-low-molecular-hyaluronic-acid-cleansing-water-400ml,The Skin Boutique Curates: TORRIDEN Dive-In Low Molecular Hyaluronic Acid Cleansing Water (400ml) A cleansing water that removes excess oil and impurities but restores hydration. Authentically sourced,"Water, Glycerin (Check packaging for full details)"
456,AXIS-Y,AXIS-Y Spot The Difference Blemish Treatment (15ml),Spot Treatment,R619.95,—,$15.00,R216.98,Tier C (Long-tail),65%,No local comp,https://kiyoko.com/products/axis-y-spot-the-difference-blemish-treatment-15ml-1,The Skin Boutique Curates: AXIS-Y Spot The Difference Blemish Treatment (15ml) A bestselling hydrating spot treatment for breakouts and blemishes. Authentically sourced and independently curated by Th,"Water, Glycerin, Propanediol, 1,2-Hexanediol, Glycereth-26, Niacinamide, Caprylic/Capric Triglyceride, Aloe Barbadensis Leaf Extract, Althaea Rosea Flower Extract, Laminaria Japonica Extract, Eclipta "
457,Purito,PURITO Clear Code Superfruit Cleanser (150ml),Cleanser,R867.92,—,$21.00,R303.77,Tier C (Long-tail),65%,No local comp,https://kiyoko.com/products/purito-clear-code-superfruit-cleanser-150ml,The Skin Boutique Curates: PURITO Clear Code Superfruit Cleanser (150ml) Skin-soothing Holy Grail serum! Authentically sourced and independently curated by The Skin Boutique — your trusted destination,"Water, Glycerin, Dipropylene Glycol, Propanediol, Centella Asiatica Extract(34,685 ppm), Butylene Glycol, Niacinamide, 1,2-Hexanediol, Sodium Hyaluronate, Panthenol, Madecassoside, Asiaticoside, Madec"
458,Purito,PURITO Mighty Bamboo Panthenol Cleanser (150ml),Cleanser,R826.59,—,$20.00,R289.31,Tier C (Long-tail),65%,No local comp,https://kiyoko.com/products/purito-mighty-bamboo-panthenol-cleanser-150ml,"The Skin Boutique Curates: PURITO Mighty Bamboo Panthenol Cleanser (150ml) An unscented, gentle, low pH gel cleanser suitable for all skin types and daily use Authentically sourced and independently c","Water, Acrylates/C10-30 Alkyl Acrylate Crosspolymer, Coco-Betaine, Sodium Chloride, Sodium Lauroyl Methyl Isethionate, Sodium Methyl Isethionate, Lauric Acid, Sodium Laurate, Hydroxyacetophenone, Ethy"
459,numbuzin,numbuzin No.1 Pantothenic Skincare 100 Powder (7g),Setting Powder,R785.27,—,$19.00,R274.84,Tier C (Long-tail),65%,No local comp,https://kiyoko.com/products/numbuzin-no-1-pantothenic-skincare-100-powder-7g,"The Skin Boutique Curates: numbuzin No.1 Pantothenic Skincare 100 Powder (7g) A skin-soothing, 100% skincare powder that instantly absorbs excess oil without clogging pores. Authentically sourced and ","Water, Glycerin (Check packaging for full details)"
460,Purito,PURITO Cica Clearing BB Cream (30ml) - #31 Deep Warm,BB Cream,R413.30,—,$10.00,R144.66,Tier C (Long-tail),65%,No local comp,https://kiyoko.com/products/purito-cica-clearing-bb-cream-30ml-31-deep-warm,The Skin Boutique Curates: PURITO Cica Clearing BB Cream (30ml) - #31 Deep Warm A medium coverage BB cream in a non-greasy formula that soothes redness and irritation and leaves a radiant finish. Auth,"Water, Titanium Dioxide (Ci 77891), Ethylhexyl Methoxycinnamate, Cyclopentasiloxane, Butylene Glycol, Ethylhexyl Salicylate, Cyclohexasiloxane, Lauryl Polyglyceryl-3 Polydimethylsiloxyethyl Dimethicon"
461,Purito,PURITO Wonder Releaf Centella BB Cream SPF 30 PA+++ (30ml),BB Cream,R619.95,—,$15.00,R216.98,Tier C (Long-tail),65%,No local comp,https://kiyoko.com/products/purito-wonder-releaf-centella-bb-cream-spf-30-pa-30ml,"The Skin Boutique Curates: PURITO Wonder Releaf Centella BB Cream SPF 30 PA+++ (30ml) A s emi-matte, breathable BB cream that creates smooth, even looking skin Authentically sourced and independently ","13: Water, Titanium Dioxide, Cyclopentasiloxane, Caprylic/Capric Triglyceride, Butylene Glycol, Zinc Oxide, Lauryl Polyglyceryl-3 Polydimethylsiloxyethyl Dimethicone, Cyclohexasiloxane, Diisostearyl M"
462,Beauty of Joseon,Beauty of Joseon Revive Eye Serum: Ginseng + Retinal (30ml),Eye Serum,R661.28,—,$16.00,R231.45,Tier C (Long-tail),65%,No local comp,https://kiyoko.com/products/beauty-of-joseon-revive-eye-serum-ginseng-retinal-30ml,The Skin Boutique Curates: Beauty of Joseon Revive Eye Serum: Ginseng + Retinal (30ml) An eye serum that helps to improve wrinkles on the sensitive skin around the eyes by combining ginseng extract an,"Water, panax ginseng root extract, glycerin, dipropylene glycol, caprylic/caprictriglyceride, 1,2-hexanediol, pentaerythrityl tetraethylhexanoate, niacinamide, butyleneglycol dicaprylate/dicaprate, ce"
463,AXIS-Y,AXIS-Y Vegan Collagen Eye Serum (10ml),Eye Serum,R702.61,—,$17.00,R245.91,Tier C (Long-tail),65%,No local comp,https://kiyoko.com/products/axis-y-vegan-collagen-eye-serum-10ml,"The Skin Boutique Curates: AXIS-Y Vegan Collagen Eye Serum (10ml) Ultimate solution to combat wrinkles, puffiness, and dark circles. Authentically sourced and independently curated by The Skin Boutiqu","Water, Methylpropanediol, Glycerin, 1,2-Hexanediol, Niacinamide, Adenosine, Collagen(450ppm), Sodium Hyaluronate, Hydrolyzed Hyaluronic Acid, Sodium Acetylated Hyaluronate, Tripeptide-1, Palmitoyl Pen"
464,Innisfree,INNISFREE No Sebum Mineral Powder (5g),Setting Powder,R578.62,—,$14.00,R202.52,Tier C (Long-tail),65%,No local comp,https://kiyoko.com/products/innisfree-no-sebum-mineral-powder-5g,The Skin Boutique Curates: INNISFREE No Sebum Mineral Powder (5g) A loose powder that absorbs excess sebum for soft and matte skin Authentically sourced and independently curated by The Skin Boutique ,"Water, Glycerin (Check packaging for full details)"
465,Missha,MISSHA Perfect Cover BB Cream (50ml),BB Cream,R578.62,—,$14.00,R202.52,Tier C (Long-tail),65%,No local comp,https://kiyoko.com/products/missha-perfect-cover-bb-cream-50ml-1,The Skin Boutique Curates: MISSHA Perfect Cover BB Cream (50ml) A cream that provides impeccable coverage and numerous skin-loving benefits Authentically sourced and independently curated by The Skin ,"Water, Glycerin (Check packaging for full details)"
466,COSRX,COSRX Advanced Snail Peptide Eye Cream (25ml),Eye Cream,R991.91,—,$24.00,R347.17,Tier C (Long-tail),65%,No local comp,https://kiyoko.com/products/cosrx-advanced-snail-peptide-eye-cream-25ml,"The Skin Boutique Curates: COSRX Advanced Snail Peptide Eye Cream (25ml) A hydrating eye cream containing snail secretion filtrate, peptides, and niacinamide. This formulation has anti-aging, moisturi","Water, Glycerin (Check packaging for full details)"
467,Torriden,TORRIDEN SOLID-IN Ceramide Lip Essence,Lip Care,R413.30,—,$10.00,R144.66,Tier C (Long-tail),65%,No local comp,https://kiyoko.com/products/torriden-solid-in-ceramide-lip-essence-11ml,"The Skin Boutique Curates: TORRIDEN SOLID-IN Ceramide Lip Essence Glowy, plush, soft, hydrated and firm lips in a tube! Authentically sourced and independently curated by The Skin Boutique — your trus","Water, Glycerin (Check packaging for full details)"
468,numbuzin,numbuzin No.9 NAD+ Collagen Under Eye Patches (5 Pairs),Eye Patch,R826.59,—,$20.00,R289.31,Tier C (Long-tail),65%,No local comp,https://kiyoko.com/products/numbuzin-no-9-nad-collagen-under-eye-patches-5-pairs,The Skin Boutique Curates: numbuzin No.9 NAD+ Collagen Under Eye Patches (5 Pairs) Experience the best of K-Beauty with numbuzin No.9 NAD+ Collagen Under Eye Patches (5 Pairs) by numbuzin — a premium ,"Water, Glycerin (Full ingredients list under review)"
469,Mediheal,MEDIHEAL Derma Layer Foot Mask,Feet Mask,R206.65,—,$5.00,R72.33,Tier C (Long-tail),65%,No local comp,https://kiyoko.com/products/mediheal-derma-layer-foot-mask-1-pc-1-box,The Skin Boutique Curates: MEDIHEAL Derma Layer Foot Mask Nourishing foot mask socks that moisturize and revitalize the skin. Authentically sourced and independently curated by The Skin Boutique — you,"Water, Glycerin (Check packaging for full details)"
470,Banila Co,Banila Co. Clean It Zero Cica-Relief Calming Cleansing Balm (100ml),Cleansing Balm,R867.92,—,$21.00,R303.77,Tier C (Long-tail),65%,No local comp,https://kiyoko.com/products/banila-co-clean-it-zero-cica-relief-calming-cleansing-balm-100ml,The Skin Boutique Curates: Banila Co. Clean It Zero Cica-Relief Calming Cleansing Balm (100ml) A vegan cleansing balm for sensitive skin types! Authentically sourced and independently curated by The S,"Water, Glycerin (Check packaging for full details)"
471,Banila Co,Banila Co. Clean It Zero Ginseng-Glow Nourishing Cleansing Balm (100ml),Cleansing Balm,R867.92,—,$21.00,R303.77,Tier C (Long-tail),65%,No local comp,https://kiyoko.com/products/banila-co-clean-it-zero-ginseng-glow-nourishing-cleansing-balm-100ml,The Skin Boutique Curates: Banila Co. Clean It Zero Ginseng-Glow Nourishing Cleansing Balm (100ml) A vegan cleansing balm for dry skin types! Authentically sourced and independently curated by The Ski,"Water, Glycerin (Check packaging for full details)"
472,Banila Co,Banila Co. Clean It Zero Tea-Tree EX Pore Clarifying Cleansing Balm (100ml),Cleansing Balm,R867.92,—,$21.00,R303.77,Tier C (Long-tail),65%,No local comp,https://kiyoko.com/products/banila-co-clean-it-zero-tea-tree-ex-pore-clarifying-cleansing-balm-100ml,The Skin Boutique Curates: Banila Co. Clean It Zero Tea-Tree EX Pore Clarifying Cleansing Balm (100ml) A hypoallergenic cleansing balm for combo-oily skin types! Authentically sourced and independentl,"Water, Glycerin (Check packaging for full details)"
473,Dr. Althea,Dr.Althea Pore Refresh Grinding Cleansing Balm (50ml),Cleansing Balm,R867.92,—,$21.00,R303.77,Tier C (Long-tail),65%,No local comp,https://kiyoko.com/products/dr-althea-pore-refresh-grinding-cleansing-balm-50ml,The Skin Boutique Curates: Dr.Althea Pore Refresh Grinding Cleansing Balm (50ml) Effective deep pore cleansing balm in a convenient and hygienic dispenser Authentically sourced and independently curat,"Water, Glycerin (Check packaging for full details)"
474,Purito,PURITO From Green Avocado Cleansing Balm (100ml),Cleansing Balm,R867.92,—,$21.00,R303.77,Tier C (Long-tail),65%,No local comp,https://kiyoko.com/products/purito-from-green-avocado-cleansing-balm-100ml,"The Skin Boutique Curates: PURITO From Green Avocado Cleansing Balm (100ml) A hydrophilic balm effectively cleanses the skin, dissolving makeup, sunscreen, and other impurities Authentically sourced a","Ethylhexyl Palmitate, Cetyl Ethylhexanoate, Sorbeth-30 Tetraoleate, Synthetic Wax, Caprylic/Capric Triglyceride, Persea Gratissima (Avocado) Oil (10,000ppm), Citrullus Lanatus (Watermelon) Seed Oil, A"
475,Beauty of Joseon,Beauty of Joseon Ground Rice And Honey Glow Mask (150ml),Wash-off Face Mask,R909.25,—,$22.00,R318.24,Tier C (Long-tail),65%,No local comp,https://kiyoko.com/products/beauty-of-joseon-ground-rice-and-honey-glow-mask-150ml,The Skin Boutique Curates: Beauty of Joseon Ground Rice And Honey Glow Mask (150ml) Discover the power of rice and honey in this delicious wash-off mask. Authentically sourced and independently curate,"Water, Kaolin, Honey, Glycerin, Propanediol, Dipropylene Glycol, Oryza Sativa (Rice) Hull Powder, Isononyl Isononanoate, 1,2-Hexanediol, Cetyl Alcohol, Caprylic/Capric Triglyceride, Polyglyceryl-3 Met"
476,Skin1004,SKIN1004 Madagascar Centella Tone Brightening Dark Spot Ampoule Pad (60 pads),Toner Pads,R329.00,R299,$19.00,R115.15,Tier C (Long-tail),65%,Matching.,https://kiyoko.com/products/skin1004-madagascar-centella-tone-brightening-dark-spot-ampoule-pad-60-pads,The Skin Boutique Curates: SKIN1004 Madagascar Centella Tone Brightening Dark Spot Ampoule Pad (60 pads) Crescent shaped pads to brighten complexion and add radiance. Authentically sourced and indepen,"Water, Niacinamide, Butylene Glycol, 1,2-Hexanediol, Panthenol, Erythritol, Centella Asiatica Extract, Hydroxyethyl Urea, Carbomer, Arginine, Ethylhexylglycerin, Polyglyceryl-4 Caprate, Ammonium Acryl"
477,Skin1004,SKIN1004 Madagascar Centella Quick Calming Pad (70 Pads),Toner Pads,R785.27,—,$19.00,R274.84,Tier C (Long-tail),65%,No local comp,https://kiyoko.com/products/skin1004-madagascar-centella-quick-calming-pad-70-pads,The Skin Boutique Curates: SKIN1004 Madagascar Centella Quick Calming Pad (70 Pads) Crescent shaped calming pads to hydrate and rejuvenate the skin in under 5 mins Authentically sourced and independen,"Centella Asiatica Extract, Aqua (Water), Hexanediol (1,2), Butylene Glycol, Panthenol, Xanthan Gum, Sodium Hyaluronate, Ethylhexylglycerin, Disodium EDTA, Citric acid."
478,ILLIYOON,ILLIYOON Ceramide Ato Lotion (350ml),Body Lotion,R826.59,—,$20.00,R289.31,Tier C (Long-tail),65%,No local comp,https://kiyoko.com/products/illiyoon-ceramide-ato-lotion-350ml,The Skin Boutique Curates: ILLIYOON Ceramide Ato Lotion (350ml) An ultra-moisturizing body and face lotion that feels light as air. Authentically sourced and independently curated by The Skin Boutique,"Purified Water, Glycerin, Butylene Glycol, Shea Butter, Cyclopentasiloxane, Biosaccharide Gum-1, Hydrogenated Poly (C6-14 Olefin), Clohexasiloxane, Lactobacillus/Soybean Ferment Extract, Panax Ginseng"
479,JMELLA,JMELLA In France Favorite Perfume Hair Treatment (500ml),Conditioner,R330.64,—,$8.00,R115.72,Tier C (Long-tail),65%,No local comp,https://kiyoko.com/products/jmella-in-france-favorite-perfume-hair-treatment-500ml,"The Skin Boutique Curates: JMELLA In France Favorite Perfume Hair Treatment (500ml) A mild hair treatment with long-lasting aroma, suitable for sensitive scalps and skin. Authentically sourced and ind","Water, Glycerin (Check packaging for full details)"
480,KUNDAL,KUNDAL Protein Bonding Treatment (250ml),Conditioner,R702.61,—,$17.00,R245.91,Tier C (Long-tail),65%,No local comp,https://kiyoko.com/products/kundal-protein-bonding-treatment-250ml,The Skin Boutique Curates: KUNDAL Protein Bonding Treatment (250ml) Spa-like hair care to strengthen and smooth damaged hair Authentically sourced and independently curated by The Skin Boutique — your,"Water, Glycerin (Check packaging for full details)"
481,KUNDAL,KUNDAL Airy Volume Hyaluron Treatment (500ml),Conditioner,R785.27,—,$19.00,R274.84,Tier C (Long-tail),65%,No local comp,https://kiyoko.com/products/kundal-airy-volume-hyaluron-treatment-500ml,The Skin Boutique Curates: KUNDAL Airy Volume Hyaluron Treatment (500ml) A hyaluronic acid infused treatment that delivers moisture deep into the scalp and hair. Authentically sourced and independentl,"Water, Glycerin (Check packaging for full details)"
482,KUNDAL,KUNDAL Protein Bonding No Wash Treatment (130ml),Conditioner,R785.27,—,$19.00,R274.84,Tier C (Long-tail),65%,No local comp,https://kiyoko.com/products/kundal-protein-bonding-no-wash-treatment-130ml,The Skin Boutique Curates: KUNDAL Protein Bonding No Wash Treatment (130ml) Spa-like hair care to strengthen and smooth damaged hair Authentically sourced and independently curated by The Skin Boutiqu,"Water, Glycerin (Check packaging for full details)"
483,KUNDAL,KUNDAL Honey & Macadamia Protein Treatment,Conditioner,R702.61,—,$17.00,R245.91,Tier C (Long-tail),65%,No local comp,https://kiyoko.com/products/kundal-honey-macadamia-protein-treatment-500ml,"The Skin Boutique Curates: KUNDAL Honey & Macadamia Protein Treatment Plant based fragrant protein treatment for smooth, healthy hair. Authentically sourced and independently curated by The Skin Bouti","Water, Glycerin (Check packaging for full details)"
484,Shiseido Tsubaki,Shiseido Tsubaki Premium EX Damage Care & Repair Conditioner (450ml),Conditioner,R619.95,—,$15.00,R216.98,Tier C (Long-tail),65%,No local comp,https://kiyoko.com/products/shiseido-tsubaki-premium-ex-damage-care-repair-conditioner-450ml,The Skin Boutique Curates: Shiseido Tsubaki Premium EX Damage Care & Repair Conditioner (450ml) An intensive regenerating hair conditioner with Camellia oil Shiseido Tsubaki Premium EX Damage Care &am,"Water, Glycerin (Check packaging for full details)"
485,Shiseido Tsubaki,Shiseido Tsubaki Premium Volume & Repair Conditioner (450ml),Conditioner,R537.29,—,$13.00,R188.05,Tier C (Long-tail),65%,No local comp,https://kiyoko.com/products/shiseido-tsubaki-premium-volume-repair-conditioner-450ml,The Skin Boutique Curates: Shiseido Tsubaki Premium Volume & Repair Conditioner (450ml) A conditioner that moisturizes and enhances volume Shiseido Tsubaki Premium Repair Conditioner is designed to de,"Water, Glycerin (Check packaging for full details)"
486,Shiseido Tsubaki,Shiseido Tsubaki Premium Moist & Repair Treatment (160g),Conditioner,R619.95,—,$15.00,R216.98,Tier C (Long-tail),65%,No local comp,https://kiyoko.com/products/shiseido-tsubaki-premium-moist-repair-treatment-160g,The Skin Boutique Curates: Shiseido Tsubaki Premium Moist & Repair Treatment (160g) A treatment that that repairs damaged and dry hair Authentically sourced and independently curated by The Skin Bouti,"Water, Glycerin (Check packaging for full details)"
487,Shiseido Tsubaki,Shiseido Tsubaki Premium Moist & Repair Conditioner (450ml),Conditioner,R537.29,—,$13.00,R188.05,Tier C (Long-tail),65%,No local comp,https://kiyoko.com/products/shiseido-tsubaki-premium-moist-repair-conditioner-450ml,"The Skin Boutique Curates: Shiseido Tsubaki Premium Moist & Repair Conditioner (450ml) A conditioner that moisturizes dry, fly-away hair right down to the ends Authentically sourced and independently ","Water, Glycerin (Check packaging for full details)"
488,KRACIE Ichikami,KRACIE Ichikami Moisturizing Conditioner (480ml),Conditioner,R537.29,—,$13.00,R188.05,Tier C (Long-tail),65%,No local comp,https://kiyoko.com/products/kracie-ichikami-moisturizing-conditioner-480ml,"The Skin Boutique Curates: KRACIE Ichikami Moisturizing Conditioner (480ml) Tame dry and frizzy hair, making it sleek and silky smooth. Authentically sourced and independently curated by The Skin Bout","Water, Glycerin (Check packaging for full details)"
489,KRACIE Ichikami,KRACIE Ichikami Smoothing Conditioner (480ml),Conditioner,R537.29,—,$13.00,R188.05,Tier C (Long-tail),65%,No local comp,https://kiyoko.com/products/kracie-ichikami-smoothing-conditioner-480ml,The Skin Boutique Curates: KRACIE Ichikami Smoothing Conditioner (480ml) A limited edition shampoo and conditioner set in the enchanting scent of yuzu! Authentically sourced and independently curated ,"Shampoo: Water, lauroyl sarcosine TEA, palm kernel fatty acid amidopropyl betaine, cocamide methyl MEA, cocamide MEA, glycol distearate, cocoyl glutamic acid TEA, yuzu fruit extract, asitaba leaf/stem"
490,KUMANOYUSHI,KUMANOYUSHI Horse Oil Conditioner (600ml),Conditioner,R495.96,—,$12.00,R173.59,Tier C (Long-tail),65%,No local comp,https://kiyoko.com/products/kumanoyushi-horse-oil-conditioner-600ml,"The Skin Boutique Curates: KUMANOYUSHI Horse Oil Conditioner (600ml) This Japanese conditioner with horse oil, recommended for people who want to improve their hair condition Authentically sourced and","Water, Glycerin (Check packaging for full details)"
491,Shiseido Ma Cherie,Shiseido Ma Cherie Air Feel Conditioner (450ml),Conditioner,R413.30,—,$10.00,R144.66,Tier C (Long-tail),65%,No local comp,https://kiyoko.com/products/shiseido-ma-cherie-air-feel-conditioner-450ml,"The Skin Boutique Curates: Shiseido Ma Cherie Air Feel Conditioner (450ml) A moisturizing hair line suitable for oily, flat hair. Authentically sourced and independently curated by The Skin Boutique —","Water, Glycerin (Check packaging for full details)"
492,Moist Diane,MOIST DIANE Perfect Beauty Extra Moist & Shine Treatment (450ml),Conditioner,R619.95,—,$15.00,R216.98,Tier C (Long-tail),65%,No local comp,https://kiyoko.com/products/moist-diane-perfect-beauty-extra-moist-shine-treatment-450ml,"The Skin Boutique Curates: MOIST DIANE Perfect Beauty Extra Moist & Shine Treatment (450ml) A moisturizing conditioner treatment that leaves hair smooth, hydrated, and glossy. Authentically sourced an","Water, Cetearyl Alcohol, Dimethicone, Ricinus Communis (Castor) Seed Oil, Propanediol, Quaternium-33, Gamma-Docosalactone, Terminalia Ferdinandiana Fruit Extract, Microcitrus Australasica Fruit Extrac"
493,Moist Diane,MOIST DIANE Perfect Beauty Extra Smooth & Straight Treatment (450ml),Conditioner,R619.95,—,$15.00,R216.98,Tier C (Long-tail),65%,No local comp,https://kiyoko.com/products/moist-diane-perfect-beauty-extra-smooth-straight-treatment-450ml-1,"The Skin Boutique Curates: MOIST DIANE Perfect Beauty Extra Smooth & Straight Treatment (450ml) Manage unruly hair and achieve smooth, straight locks Authentically sourced and independently curated by","Water, Cetearyl Alcohol, Dimethicone, Ricinus Communis (Castor) Seed Oil, Propanediol, Terminalia Ferdinandiana Fruit Extract, Quaternium-33, Gamma-Docosalactone, Glucose, Butylene Glycol, Acetyl Cyst"
494,Moist Diane,MOIST DIANE Perfect Beauty Extra Vital Treatment (450ml),Conditioner,R619.95,—,$15.00,R216.98,Tier C (Long-tail),65%,No local comp,https://kiyoko.com/products/moist-diane-perfect-beauty-extra-vital-treatment-450ml,The Skin Boutique Curates: MOIST DIANE Perfect Beauty Extra Vital Treatment (450ml) A superior combination of scalp revitalizing properties and oils. Authentically sourced and independently curated by,"Water, Cetearyl Alcohol, Dimethicone, Ricinus Communis (Castor) Seed Oil, Camellia Sinensis Seed Oil, Propanediol, Gamma-Docosalactone, Quaternium-33, Glucose, Butylene Glycol, Glycerin, Prunus Domest"
495,Moist Diane,MOIST DIANE Perfect Beauty Fresh Hydrate Treatment (450ml),Conditioner,R619.95,—,$15.00,R216.98,Tier C (Long-tail),65%,No local comp,https://kiyoko.com/products/moist-diane-perfect-beauty-fresh-hydrate-treatment-450ml-1,"The Skin Boutique Curates: MOIST DIANE Perfect Beauty Fresh Hydrate Treatment (450ml) Helps treat and prevent a oily scalp, revitalizing the hair from the roots Authentically sourced and independently","Water, Cetearyl Alcohol, Corbitol, Butylene Glycol, Prunus Domestica Seed Extract, Mentha Piperita (Peppermint) Leaf Extract, Leontopodium Alpinum Extract, Althaea Officinalis Root Extract, Sanguisorb"
496,Moist Diane,MOIST DIANE Perfect Beauty Extra Volume & Scalp Treatment (450ml),Conditioner,R619.95,—,$15.00,R216.98,Tier C (Long-tail),65%,No local comp,https://kiyoko.com/products/moist-diane-perfect-beauty-extra-volume-scalp-treatment-450ml,The Skin Boutique Curates: MOIST DIANE Perfect Beauty Extra Volume & Scalp Treatment (450ml) Treats your scalp for more voluminous and healthy hair. Authentically sourced and independently curated by ,"Water, Cetearyl Alcohol, Ethylhexyl Palmitate, Asparagopsis Armata Extract, Propanediol, Gamma-Docosalactone, Quaternium-33, Glucose, Butylene Glycol, Glucosyl Hesperidin, Sorbitl, Hydrolyzed Rice Pro"
497,Moist Diane,MOIST DIANE Perfect Extra Damage Repair Treatment (450ml),Conditioner,R619.95,—,$15.00,R216.98,Tier C (Long-tail),65%,No local comp,https://kiyoko.com/products/moist-diane-perfect-extra-damage-repair-treatment-450ml-1,The Skin Boutique Curates: MOIST DIANE Perfect Extra Damage Repair Treatment (450ml) Target and reverse hair damaged by heat and chemicals. Authentically sourced and independently curated by The Skin ,"Water, Cetearyl Alcohol, Dimethicone, Ricinus Communis (Castor) Seed Oil, Propanediol, Quaternium-33, Steardimonium Hydroxypropyl Hydrolyzed Keratin, Gamma-Docosalactone, Glucose, Butylene Glycol, Ala"
498,ELIZAVECCA,ELIZAVECCA CER-100 Collagen Coating Hair Muscle Treatment Rinse (500ml),Conditioner,R619.95,—,$15.00,R216.98,Tier C (Long-tail),65%,No local comp,https://kiyoko.com/products/elizavecca-cer-100-collagen-coating-hair-muscle-treatment-rinse-500ml,"The Skin Boutique Curates: ELIZAVECCA CER-100 Collagen Coating Hair Muscle Treatment Rinse (500ml) A intensive conditioner that is formulated with collagen and naturally-derived oils to help hydrate, ","Water, Glycerin (Check packaging for full details)"
499,Oshima Tsubaki,Oshima Tsubaki Camellia Premium Conditioner (300ml),Conditioner,R578.62,—,$14.00,R202.52,Tier C (Long-tail),65%,No local comp,https://kiyoko.com/products/oshima-tsubaki-camellia-premium-conditioner-300ml-1,The Skin Boutique Curates: Oshima Tsubaki Camellia Premium Conditioner (300ml) Nourishing conditioner made with the brand's popular Camellia Oil. Authentically sourced and independently curated by The,"Water, Camellia Japonica Seed Oil, Cetearyl Alcohol, Stearyl Alcohol, Dimethicone, Behentrimonium Chloride, Camellia Japonica Seed Extract, Camellia Japonica Flower Extract, Camellia Japonica Leaf Ext"
500,ELIZAVECCA,ELIZAVECCA CER-100 Collagen Ceramide Coating Protein Treatment (100ml),Conditioner,R371.97,—,$9.00,R130.19,Tier C (Long-tail),65%,No local comp,https://kiyoko.com/products/elizavecca-cer-100-collagen-ceramide-coating-protein-treatment-100ml,"The Skin Boutique Curates: ELIZAVECCA CER-100 Collagen Ceramide Coating Protein Treatment (100ml) For rough, dry, damaged hair from coloring or hair styling. Authentically sourced and independently cu","Water, Glycerin (Check packaging for full details)"
501,Shiseido Fino,Shiseido Fino Premium Touch Moist Conditioner (550ml),Conditioner,R619.95,—,$15.00,R216.98,Tier C (Long-tail),65%,No local comp,https://kiyoko.com/products/shiseido-fino-premium-touch-moist-conditioner-550ml,"The Skin Boutique Curates: Shiseido Fino Premium Touch Moist Conditioner (550ml) Strengthen, nourish and restore damaged hair. Authentically sourced and independently curated by The Skin Boutique — yo","Water, Glycerin (Check packaging for full details)"
502,&honey,&honey Melty Moist Repair Hair Treatment 2.0 (445ml),Conditioner,R785.27,—,$19.00,R274.84,Tier C (Long-tail),65%,No local comp,https://kiyoko.com/products/honey-melty-moist-repair-hair-treatment-2-0-445ml,The Skin Boutique Curates: &honey Melty Moist Repair Hair Treatment 2.0 (445ml) A new honey swell care treatment that focuses on hair with a water content of 14% and eliminates swelling and curly hair,"Water, Glycerin (Check packaging for full details)"
503,Medicube,Medicube Exosome Cica Toner (210ml),Toner,R909.25,—,$22.00,R318.24,Tier C (Long-tail),65%,No local comp,https://kiyoko.com/products/medicube-exosome-cica-toner-210ml,The Skin Boutique Curates: Medicube Exosome Cica Toner (210ml) Daily soothing toner for balanced hydration and skin texture Authentically sourced and independently curated by The Skin Boutique — your ,"Water(Aqua), Methylpropanediol, 1,2-Hexanediol, Saccharide Hydrolysate, Glycereth-25 PCA Isostearate, Gluconolactone, Ethylhexylglycerin, Centella Asiatica Leaf Water, Hydroxyethylcellulose, Dipotassi"
504,S.NATURE,S.NATURE Aqua Oasis Toner (300ml),Toner,R991.91,—,$24.00,R347.17,Tier C (Long-tail),65%,No local comp,https://kiyoko.com/products/s-nature-aqua-oasis-toner-300ml,The Skin Boutique Curates: S.NATURE Aqua Oasis Toner (300ml) Experience the best of K-Beauty with S.NATURE Aqua Oasis Toner (300ml) by S.NATURE — a premium formula crafted to transform your skincare r,"Water, Glycerin (Full ingredients list under review)"
505,I'M FROM,I'M FROM Black Rice Toner (150ml),Toner,R1198.56,—,$29.00,R419.50,Tier C (Long-tail),65%,No local comp,https://kiyoko.com/products/im-from-black-rice-toner-150ml,The Skin Boutique Curates: I'M FROM Black Rice Toner (150ml) A radiance boosting toner that hydrates skin and control sebum production Authentically sourced and independently curated by The Skin Bouti,"Water, Oryza Sativa (Rice) Seed Water, Dicaprylyl Ether, Methylpropanediol, Hydrogenated Poly(C6-14 Olefin), 1,2-Hexanediol, Niacinamide, Sodium Chloride, Glycerin, Melia Azadirachta Flower Extract, P"
506,Medicube,Medicube Age-R Glutathione Glow Toner (140ml),Toner,R909.25,—,$22.00,R318.24,Tier C (Long-tail),65%,No local comp,https://kiyoko.com/products/medicube-age-r-glutathione-glow-toner-140ml,The Skin Boutique Curates: Medicube Age-R Glutathione Glow Toner (140ml) Get radiant complexion and even out skin tone. Authentically sourced and independently curated by The Skin Boutique — your trus,"WATER, TRIETHYLHEXANOIN, HYDROGENATED POLY(C6-14 OLEFIN), BUTYLENE GLYCOL, 1,2-HEXANEDIOL, METHYLPROPANEDIOL, NIACINAMIDE, PHENYL TRIMETHICONE, DIETHOXYETHYL SUCCINATE, POLYGLYCERYL-10 MYRISTATE, FRAG"
507,Medicube,Medicube PDRN Pink Peptide Toner (250ml),Toner,R950.58,—,$23.00,R332.70,Tier C (Long-tail),65%,No local comp,https://kiyoko.com/products/medicube-pdrn-pink-peptide-toner-250ml-1,"The Skin Boutique Curates: Medicube PDRN Pink Peptide Toner (250ml) Achieve a clear, radiant complexion with a clear, natural glow. Authentically sourced and independently curated by The Skin Boutique","Water, Butylene Glycol, Glycerin, Niacinamide, 1,2-Hexanediol, Xylitol, Sodium Citrate, Ethylhexylglycerin, Allantoin, Caprylyl Glycol, Citric Acid, Adenosine, Polyglyceryl-10 Laurate, Disodium EDTA, "
508,ISNTREE,ISNTREE Hyaluronic Acid Toner (200ml),Toner,R950.58,—,$23.00,R332.70,Tier C (Long-tail),65%,No local comp,https://kiyoko.com/products/isntree-hyaluronic-acid-toner-200ml,"The Skin Boutique Curates: ISNTREE Hyaluronic Acid Toner (200ml) A water-based, non-sticky moisturizing toner for dry and normal skin Authentically sourced and independently curated by The Skin Boutiq","Water, Pentylene Glycol, 1,2-Hexanediol, Sodium Hyaluronate, Trehalose, Caprylyl Glycol, Panthenol, Sodium PCA, Butylene Glycol, Betula Alba Juice, Portulaca Oleracea Extract, Hyaluronic Acid, Althaea"
509,TIRTIR,TIRTIR Milk Skin Toner (150ml),Toner,R1074.57,—,$26.00,R376.10,Tier C (Long-tail),65%,No local comp,https://kiyoko.com/products/tirtir-milk-skin-toner-150ml,"The Skin Boutique Curates: TIRTIR Milk Skin Toner (150ml) An award-winning toner hailed as ""glass skin in a bottle."" Authentically sourced and independently curated by The Skin Boutique — your trusted","Water, Glycerin (Check packaging for full details)"
510,Skin1004,SKIN1004 Centella Tea Trica Purifying Toner (210ml),Toner,R1033.24,—,$25.00,R361.63,Tier C (Long-tail),65%,No local comp,https://kiyoko.com/products/skin1004-centella-tea-trica-purifying-toner-210ml,The Skin Boutique Curates: SKIN1004 Centella Tea Trica Purifying Toner (210ml) A gentle toner that exfoliates away pore-clogging dead skin cells and stops excessive sebum production Authentically sour,"Water, Chamaecyparis Obtusa Water, Melaleuca Alternifolia (Tea Tree) Leaf Water(12%), Butylene Glycol, Centella Asiatica Extract(9.8%), Propanediol, Pinus Palustris Leaf Extract, Methyl Gluceth-20, 1,"
511,Skin1004,SKIN1004 Centella Probio-Cica Essence Toner (210ml),Toner,R1033.24,—,$25.00,R361.63,Tier C (Long-tail),65%,No local comp,https://kiyoko.com/products/skin1004-centella-probio-cica-essence-toner-210ml,"The Skin Boutique Curates: SKIN1004 Centella Probio-Cica Essence Toner (210ml) A liquid-essence toner that provides the benefits and richness of an essence, but also a refreshing finish like a liquid ","Centella Asiatica Extract, Water, Butylene Glycol, Glycerin, Polypropanediol, Lactobacillus/Centella Asiatica Extract Ferment Filtrate, Polyglyceryl-10 Laurate, Potassium Acrylates/C10-30 Alkyl Acryla"
512,I'M FROM,I'M FROM Rice Toner (150ml),Toner,R1198.56,—,$29.00,R419.50,Tier C (Long-tail),65%,No local comp,https://kiyoko.com/products/im-from-rice-toner-150ml-2,"The Skin Boutique Curates: I'M FROM Rice Toner (150ml) A rice toner that revitalizes dull, tired skin by hydrating and brightening the complexion. Authentically sourced and independently curated by Th","Oryza Sativa (Rice) Extract (77.78%), Methylpropanediol, Triethylhexanoin, Hydrogenated Poly(C6-14 Olefin), Niacinamide, Pentylene Glycol, Portulaca Oleracea Extract, Oryza Sativa (Rice) Bran Extract,"
513,Ishizawa,ISHIZAWA KEANA Nadeshiko Rice Toner (300ml),Toner,R1115.90,—,$27.00,R390.56,Tier C (Long-tail),65%,No local comp,https://kiyoko.com/products/ishizawa-keana-nadeshiko-rice-toner-300ml,"The Skin Boutique Curates: ISHIZAWA KEANA Nadeshiko Rice Toner (300ml) A moisturizing rice toner that minimizes visible pores, moisturizes, nourishes, and improves elasticity. Authentically sourced an","Water, Glycerin (Check packaging for full details)"
514,Mediheal,MEDIHEAL Derma Clear Teatree Treatment Spot Patch (44 PCs),Acne Treatments & Kits,R289.31,—,$7.00,R101.26,Tier C (Long-tail),65%,No local comp,https://kiyoko.com/products/mediheal-derma-clear-teatree-treatment-spot-patch-44-pcs,The Skin Boutique Curates: MEDIHEAL Derma Clear Teatree Treatment Spot Patch (44 PCs) Mediheal's independently developed square spot patch. Spot patch containing tea tree and salicylic acid soothes re,"Water, Glycerin (Check packaging for full details)"
515,COSRX,COSRX Acne Pimple Master Patch (24 Patches),Acne Treatments & Kits,R206.65,—,$5.00,R72.33,Tier C (Long-tail),65%,No local comp,https://kiyoko.com/products/cosrx-acne-pimple-master-patch-24-patches,"The Skin Boutique Curates: COSRX Acne Pimple Master Patch (24 Patches) A COSRX bestseller, these hydrocolloid pimple patches offer protection against bacteria or other external trauma and simultaneous","Water, Glycerin (Check packaging for full details)"
516,COSRX,COSRX Oil-Free Ultra Moisturizing Lotion (100ml),Lotion,R1033.24,—,$25.00,R361.63,Tier C (Long-tail),65%,No local comp,https://kiyoko.com/products/cosrx-oil-free-ultra-moisturizing-lotion-100ml-1,"The Skin Boutique Curates: COSRX Oil-Free Ultra Moisturizing Lotion (100ml) A lightweight, oil-free moisturizing lotion formulated with 70% birch sap to deliver amino acids, vitamins, minerals and ant","Water, Glycerin (Check packaging for full details)"
517,ANUA,ANUA Peach 77% Niacin Conditioning Milk (150ml),Lotion,R909.25,—,$22.00,R318.24,Tier C (Long-tail),65%,No local comp,https://kiyoko.com/products/anua-peach-77-niacin-conditioning-milk-150ml,The Skin Boutique Curates: ANUA Peach 77% Niacin Conditioning Milk (150ml) Refreshing milky lotion to hydrate and brighten skin. Authentically sourced and independently curated by The Skin Boutique — ,"Prunus Persica (Peach) Fruit Extract (77%), Glycerin, Ethylhexyl Stearate, Dipropylene Glycol, Niacinamide (2%), Methyl Trimethicone, 1,2-Hexanediol, Lactobacillus Ferment, Polyglyceryl-3 Distearate, "
518,JMELLA,JMELLA In France Signature Perfume Hair Shampoo (500ml),Shampoo,R330.64,—,$8.00,R115.72,Tier C (Long-tail),65%,No local comp,https://kiyoko.com/products/jmella-in-france-signature-perfume-hair-shampoo-500ml,"The Skin Boutique Curates: JMELLA In France Signature Perfume Hair Shampoo (500ml) A mild shampoo with long-lasting aroma, suitable for sensitive scalps and skin. Authentically sourced and independent","Water, Glycerin (Check packaging for full details)"
519,KUNDAL,KUNDAL Caffeine Shampoo (500ml),Shampoo,R785.27,—,$19.00,R274.84,Tier C (Long-tail),65%,No local comp,https://kiyoko.com/products/kundal-caffeine-shampoo-500ml,The Skin Boutique Curates: KUNDAL Caffeine Shampoo (500ml) A hydrating formula that promotes shine and stimulates hair growth. Authentically sourced and independently curated by The Skin Boutique — yo,"Water, Glycerin (Check packaging for full details)"
520,KUNDAL,KUNDAL Tea Tree & Macadamia Deep Cleansing Shampoo (500ml),Shampoo,R702.61,—,$17.00,R245.91,Tier C (Long-tail),65%,No local comp,https://kiyoko.com/products/kundal-tea-tree-macadamia-deep-cleansing-shampoo-500ml,The Skin Boutique Curates: KUNDAL Tea Tree & Macadamia Deep Cleansing Shampoo (500ml) An invigorating deep cleansing shampoo enriched with tea tree extract and peat water. Authentically sourced and in,"Water, Glycerin (Check packaging for full details)"
521,KUNDAL,KUNDAL Protein Bonding Shampoo (500ml),Shampoo,R785.27,—,$19.00,R274.84,Tier C (Long-tail),65%,No local comp,https://kiyoko.com/products/kundal-protein-bonding-shampoo-500ml,The Skin Boutique Curates: KUNDAL Protein Bonding Shampoo (500ml) Spa-like hair care to strengthen and smooth damaged hair Authentically sourced and independently curated by The Skin Boutique — your t,"Water, Glycerin (Check packaging for full details)"
522,KUNDAL,KUNDAL Dandruff Relief Shampoo (500ml),Shampoo,R785.27,—,$19.00,R274.84,Tier C (Long-tail),65%,No local comp,https://kiyoko.com/products/kundal-dandruff-relief-shampoo-500ml,The Skin Boutique Curates: KUNDAL Dandruff Relief Shampoo (500ml) A deep cleansing shampoo for dry scalp and dandruff concerns. Authentically sourced and independently curated by The Skin Boutique — y,"Water, Glycerin (Check packaging for full details)"
523,KUNDAL,KUNDAL Airy Volume Hyaluron Shampoo (500ml),Shampoo,R785.27,—,$19.00,R274.84,Tier C (Long-tail),65%,No local comp,https://kiyoko.com/products/kundal-airy-volume-hyaluron-shampoo-500ml,"The Skin Boutique Curates: KUNDAL Airy Volume Hyaluron Shampoo (500ml) A hyaluronic acid infused shampoo for bouncy, full-bodied hair that lasts all day. Authentically sourced and independently curate","Water, Glycerin (Check packaging for full details)"
524,Shiseido Tsubaki,Shiseido Tsubaki Premium EX Damage Care & Repair Shampoo (450ml),Shampoo,R619.95,—,$15.00,R216.98,Tier C (Long-tail),65%,No local comp,https://kiyoko.com/products/shiseido-tsubaki-premium-ex-damage-care-repair-shampoo-450ml,The Skin Boutique Curates: Shiseido Tsubaki Premium EX Damage Care & Repair Shampoo (450ml) A premium shampoo that infuses ion ingredients to rescue damaged hair Authentically sourced and independentl,"Water, Sodium Laureth Sulfate, Cocamidopropyl Betaine, Glycol Distearate, Sorbitol, Glycerin, Guar Hydroxypropyltrimonium Chloride, Alkyl (C12, 14) Oxy Hydroxypropyl Arginine HCl, Polyquaternium-10, H"
525,Shiseido Tsubaki,Shiseido Tsubaki Premium Volume & Repair Shampoo (450ml),Shampoo,R537.29,—,$13.00,R188.05,Tier C (Long-tail),65%,No local comp,https://kiyoko.com/products/shiseido-tsubaki-premium-volume-repair-shampoo-450ml,The Skin Boutique Curates: Shiseido Tsubaki Premium Volume & Repair Shampoo (450ml) A shampoo that moisturizes and enhances volume Authentically sourced and independently curated by The Skin Boutique ,"Water, Glycerin (Check packaging for full details)"
526,Shiseido Tsubaki,Shiseido Tsubaki Premium Moist & Repair Shampoo (450ml),Shampoo,R537.29,—,$13.00,R188.05,Tier C (Long-tail),65%,No local comp,https://kiyoko.com/products/shiseido-tsubaki-premium-moist-repair-shampoo-450ml,"The Skin Boutique Curates: Shiseido Tsubaki Premium Moist & Repair Shampoo (450ml) A shampoo that moisturizes dry, fly-away hair right down to the ends Authentically sourced and independently curated ","Water, Glycerin (Check packaging for full details)"
527,Mediheal,MEDIHEAL Derma Layer Hand Mask,Hand Mask,R206.65,—,$5.00,R72.33,Tier C (Long-tail),65%,No local comp,https://kiyoko.com/products/mediheal-derma-layer-hand-mask,"The Skin Boutique Curates: MEDIHEAL Derma Layer Hand Mask Say goodbye to dry, rough hands. Authentically sourced and independently curated by The Skin Boutique — your trusted destination for premium K","Water, Glycerin (Check packaging for full details)"
528,KRACIE Ichikami,KRACIE Ichikami Moisturizing Shampoo (480ml),Shampoo,R537.29,—,$13.00,R188.05,Tier C (Long-tail),65%,No local comp,https://kiyoko.com/products/kracie-ichikami-moisturizing-shampoo-480ml,"The Skin Boutique Curates: KRACIE Ichikami Moisturizing Shampoo (480ml) Tame dry and frizzy hair, making it sleek and silky smooth. Authentically sourced and independently curated by The Skin Boutique","Water, Glycerin (Check packaging for full details)"
529,KRACIE Ichikami,KRACIE Ichikami Smoothing Shampoo (480ml),Shampoo,R537.29,—,$13.00,R188.05,Tier C (Long-tail),65%,No local comp,https://kiyoko.com/products/kracie-ichikami-smoothing-shampoo-480ml,The Skin Boutique Curates: KRACIE Ichikami Smoothing Shampoo (480ml) Get dazzing-ly beautiful silky smooth hair. Authentically sourced and independently curated by The Skin Boutique — your trusted des,"Water, Glycerin (Check packaging for full details)"
530,Moist Diane,Moist Diane Perfect Beauty Extra Volume & Scalp Shampoo (450ml),Shampoo,R619.95,—,$15.00,R216.98,Tier C (Long-tail),65%,No local comp,https://kiyoko.com/products/moist-diane-perfect-beauty-extra-volume-scalp-shampoo-450ml,The Skin Boutique Curates: Moist Diane Perfect Beauty Extra Volume & Scalp Shampoo (450ml) Treats your scalp for more voluminous and healthy hair. Authentically sourced and independently curated by Th,"Water, Sodium C14-16 Olefin Sulfonate, Lauryl Betaine, Cocamide Methyl Mea, Asparagopsis Armata Extract, Propanediol, Gamma-Docosalactone, Quaternium-33, PEG-32, PEG-6, Dipropylene Glycol, Glucosyl He"
531,Moist Diane,MOIST DIANE Perfect Beauty Fresh Hydrate Shampoo (450ml),Shampoo,R619.95,—,$15.00,R216.98,Tier C (Long-tail),65%,No local comp,https://kiyoko.com/products/moist-diane-perfect-beauty-fresh-hydrate-shampoo-450ml,"The Skin Boutique Curates: MOIST DIANE Perfect Beauty Fresh Hydrate Shampoo (450ml) Helps treat and prevent a oily scalp, revitalizing the hair from the roots Authentically sourced and independently c","Water, Sodium Laureth Sulfonate, Glycerin, Butylene Glycol, Prunus Domestica Seed Extract, Mentha Piperita (Peppermint) Leaf Extract, Leontopodium Alpinum Extract, Sanguisorba Officinalis Root Extract"
532,KUMANOYUSHI,KUMANOYUSHI Horse Oil Shampoo (600ml),Shampoo,R495.96,—,$12.00,R173.59,Tier C (Long-tail),65%,No local comp,https://kiyoko.com/products/kumanoyushi-horse-oil-shampoo-600ml,The Skin Boutique Curates: KUMANOYUSHI Horse Oil Shampoo (600ml) A natural oil shampoo that hydrates and improves hair and scalp quality Authentically sourced and independently curated by The Skin Bou,"Water, Glycerin (Check packaging for full details)"
533,Shiseido Ma Cherie,Shiseido Ma Cherie Air Feel Shampoo (450ml),Shampoo,R413.30,—,$10.00,R144.66,Tier C (Long-tail),65%,No local comp,https://kiyoko.com/products/shiseido-ma-cherie-air-feel-shampoo-450ml,"The Skin Boutique Curates: Shiseido Ma Cherie Air Feel Shampoo (450ml) A moisturizing hair line suitable for oily, flat hair. Authentically sourced and independently curated by The Skin Boutique — you","Water, Glycerin (Check packaging for full details)"
534,Moist Diane,MOIST DIANE Perfect Beauty Extra Smooth & Straight Shampoo (450ml),Shampoo,R619.95,—,$15.00,R216.98,Tier C (Long-tail),65%,No local comp,https://kiyoko.com/products/moist-diane-perfect-beauty-extra-smooth-straight-shampoo-450ml,"The Skin Boutique Curates: MOIST DIANE Perfect Beauty Extra Smooth & Straight Shampoo (450ml) Manage unruly hair and achieve smooth, straight locks Authentically sourced and independently curated by T","Water, Sodium C14-16 Olefin Sulfonate, Cocamidopropyl Betaine, Cocamide Methyl MEA, Tea-Cocoyl Glutamate, Propanediol, Terminalia Ferdinandiana Fruit Extract, Gamma Docosalactone, Quaternium-33, Dipro"
535,Shiseido Ma Cherie,Shiseido Ma Cherie Moisture Shampoo (450ml),Shampoo,R578.62,—,$14.00,R202.52,Tier C (Long-tail),65%,No local comp,https://kiyoko.com/products/shiseido-ma-cherie-moisture-shampoo-450ml,"The Skin Boutique Curates: Shiseido Ma Cherie Moisture Shampoo (450ml) A moisturizing and repairing hair line suitable for dry, unruly hair. Authentically sourced and independently curated by The Skin","Water, Glycerin (Check packaging for full details)"
536,Moist Diane,MOIST DIANE Perfect Beauty Extra Moist & Shine Shampoo (450ml),Shampoo,R619.95,—,$15.00,R216.98,Tier C (Long-tail),65%,No local comp,https://kiyoko.com/products/moist-diane-perfect-beauty-extra-moist-shine-shampoo-450ml-1,"The Skin Boutique Curates: MOIST DIANE Perfect Beauty Extra Moist & Shine Shampoo (450ml) A moisturizing shampoo that cleanses and leaves hair smooth, hydrated, and glossy. Authentically sourced and i","Water, Sodium C14-16 Olefin Sulfonate, Cocamidopropyl Betaine, Cocamide Methyl Mea, Tea-Cocyl Glutamate, Propanediol, Terminalia Ferdinandiana Fruit Extract, Microcitrus Australasica Fruit Extract, Ga"
537,Moist Diane,MOIST DIANE Perfect Beauty Extra Vital Shampoo (450ml),Shampoo,R619.95,—,$15.00,R216.98,Tier C (Long-tail),65%,No local comp,https://kiyoko.com/products/moist-diane-perfect-beauty-extra-vital-shampoo-450ml,The Skin Boutique Curates: MOIST DIANE Perfect Beauty Extra Vital Shampoo (450ml) A superior combination of scalp revitalizing properties and oils. Authentically sourced and independently curated by T,"Water, Sodium C14-16 Olefin Sulfate, Cocamidopropyl Betaine, Cocamide Methyl Mea, Tea-Cocoyl Glutamate, Camellia Sinensis Seed Oil, Propanediol, Gamma-Docosalactone, Quaternium-33, Dipropylene Glycol,"
538,Moist Diane,MOIST DIANE Perfect Extra Damage Repair Shampoo (450ml),Shampoo,R619.95,—,$15.00,R216.98,Tier C (Long-tail),65%,No local comp,https://kiyoko.com/products/moist-diane-perfect-extra-damage-repair-shampoo-450ml,The Skin Boutique Curates: MOIST DIANE Perfect Extra Damage Repair Shampoo (450ml) Target and reverse hair damaged by heat and chemicals. Authentically sourced and independently curated by The Skin Bo,"Water, Sodium C14-16 Olefin Sulfonate, Cocamidopropyl Betaine, Cocamide Methyl MEA, Tea-Cocoyl Glutamate, Steardimonium Hydroxypropyl Hydrolyzed Keratin, Propanediol, Gamma-Docosalactone, Quaternium-3"
539,KUMANOYUSHI,KUMANOYUSHI Horse Oil Non Silicone Rinse In Shampoo (600ml),Shampoo,R495.96,—,$12.00,R173.59,Tier C (Long-tail),65%,No local comp,https://kiyoko.com/products/kumanoyushi-horse-oil-non-silicone-rinse-in-shampoo-600ml,"The Skin Boutique Curates: KUMANOYUSHI Horse Oil Non Silicone Rinse In Shampoo (600ml) A gentle, silicone-free shampoo with a variety of moisturizing oils. Authentically sourced and independently cura","Water, Glycerin (Check packaging for full details)"
540,Shiseido Fino,Shiseido Fino Premium Touch Moist Shampoo (550ml),Shampoo,R619.95,—,$15.00,R216.98,Tier C (Long-tail),65%,No local comp,https://kiyoko.com/products/shiseido-fino-premium-touch-moist-shampoo-550ml,"The Skin Boutique Curates: Shiseido Fino Premium Touch Moist Shampoo (550ml) Strengthen, nourish and restore damaged hair. Authentically sourced and independently curated by The Skin Boutique — your t","Water, Glycerin (Check packaging for full details)"
541,&honey,&honey Melty Moist Repair Shampoo 1.0 (440ml),Shampoo,R785.27,—,$19.00,R274.84,Tier C (Long-tail),65%,No local comp,https://kiyoko.com/products/honey-melty-moist-repair-shampoo-1-0-440ml,The Skin Boutique Curates: &honey Melty Moist Repair Shampoo 1.0 (440ml) A bestselling Japanese shampoo that is specially made for hair repair and moisture sustaining. Contains a blend of 3 types of h,"Water, Glycerin (Check packaging for full details)"
542,Purito,PURITO Luminous Ceramide Sleeping Pack (100ml),Sleep Mask,R909.25,—,$22.00,R318.24,Tier C (Long-tail),65%,No local comp,https://kiyoko.com/products/purito-dermide-cica-barrier-sleeping-pack-80ml,The Skin Boutique Curates: PURITO Luminous Ceramide Sleeping Pack (100ml) This sleeping pack helps to soothe the skin exhausted from damaging UV rays and other environmental stressors overnight. It is,"Water, Glycerin (Check packaging for full details)"
543,Haruharu Wonder,Haruharu Wonder Black Rice Hyaluronic Toner for Sensitive Skin,Toner,R149.00,R99,$17.00,R52.15,Tier C (Long-tail),65%,"Was ~R413, SA market R99.",https://kiyoko.com/products/haruharu-wonder-black-rice-hyaluronic-toner-for-sensitive-skin-150ml-300ml,The Skin Boutique Curates: Haruharu Wonder Black Rice Hyaluronic Toner for Sensitive Skin A hydrating toner formulated with fermented black rice to also provide a boost of antioxidants to the skin. Au,"Water, Glycerin (Check packaging for full details)"
544,Haruharu Wonder,Haruharu Wonder Black Rice Hyaluronic Toner (150ml),Toner,R149.00,R99,$15.00,R52.15,Tier C (Long-tail),65%,"Was ~R413, SA market R99.",https://kiyoko.com/products/haruharu-wonder-black-rice-hyaluronic-toner-150ml-1,The Skin Boutique Curates: Haruharu Wonder Black Rice Hyaluronic Toner (150ml) A hydrating toner formulated with fermented black rice to also provide a boost of antioxidants to the skin. Authentically,"Water, Glycerin (Check packaging for full details)"
545,ANUA,ANUA Airy Sun Cream SPF 50+ PA++++ (50ml),Sunscreen,R1033.24,—,$25.00,R361.63,Tier C (Long-tail),65%,No local comp,https://kiyoko.com/products/anua-airy-sun-cream-spf-50-pa,The Skin Boutique Curates: ANUA Airy Sun Cream SPF 50+ PA++++ (50ml) A physical UV filter that provides maximum protection against UVA and UVB rays Authentically sourced and independently curated by T,"Water, Glycerin (Check packaging for full details)"
546,Purito,PURITO Wonder Releaf Centella Mini Kit Unscented (3 PCs),Travel Set,R867.92,—,$21.00,R303.77,Tier C (Long-tail),65%,No local comp,https://kiyoko.com/products/purito-wonder-releaf-centella-mini-kit-unscented-3-pcs,The Skin Boutique Curates: PURITO Wonder Releaf Centella Mini Kit Unscented (3 PCs) Mini set of Purito's most popular products for rapid soothing and renewal Authentically sourced and independently cu,"Wonder Releaf Centella Toner Unscented: Water, Butylene Glycol, Pentylene Glycol, Dipropylene Glycol, 1,2-Hexanediol, Centella Asiatica Extract(6,000ppm), Sodium Hyaluronate, Panthenol, Madecassoside,"
547,Biodance,Biodance Rejuvenating Caviar PDRN Real Deep Mask,Sleep Mask,R179.00,R139,$7.00,R62.65,Tier C (Long-tail),65%,"Was ~R413, SA market R139.",https://kiyoko.com/products/biodance-rejuvenating-caviar-pdrn-real-deep-mask-4pcs,The Skin Boutique Curates: Biodance Rejuvenating Caviar PDRN Real Deep Mask Experience the best of K-Beauty with Biodance Rejuvenating Caviar PDRN Real Deep Mask by Biodance — a premium formula crafte,"Water, Glycerin (Full ingredients list under review)"
548,Mediheal,MEDIHEAL Labocare Pantenolips (10ml),Lip Care,R206.65,—,$5.00,R72.33,Tier C (Long-tail),65%,No local comp,https://kiyoko.com/products/mediheal-labocare-pantenolips-10ml,The Skin Boutique Curates: MEDIHEAL Labocare Pantenolips (10ml) A non-sticky gel lip essence that hydrates and soothes rough lips with natural ingredients. Authentically sourced and independently cura,"Water, Glycerin (Check packaging for full details)"
549,Abib,Abib Collagen Eye Patch Jericho Rose Jelly (30 Pairs / 60 pcs),Eye Patch,R991.91,—,$24.00,R347.17,Tier C (Long-tail),65%,No local comp,https://kiyoko.com/products/abib-collagen-eye-patch-jericho-rose-jelly-30-pairs-60-pcs,The Skin Boutique Curates: Abib Collagen Eye Patch Jericho Rose Jelly (30 Pairs / 60 pcs) Hydrogel eye patches for bright and revitalized undereyes Authentically sourced and independently curated by T,"Water, Glycerin (Check packaging for full details)"
550,COSRX,COSRX Advanced Snail Hydrogel Eye Patch (30 Pairs),Eye Masks,R991.91,—,$24.00,R347.17,Tier C (Long-tail),65%,No local comp,https://kiyoko.com/products/cosrx-advanced-snail-hydrogel-eye-patch-30-pairs-60-pcs,"The Skin Boutique Curates: COSRX Advanced Snail Hydrogel Eye Patch (30 Pairs) Hydrogel patches infused with snail secretion filtrate and niacinamide to visibly hydrate, plump, and brighten the under-e","Water, Glycerin (Check packaging for full details)"
551,Medicube,Medicube Zero Pore Pads 2.0,Toner Pads,R867.92,—,$21.00,R303.77,Tier C (Long-tail),65%,No local comp,https://kiyoko.com/products/medicube-zero-pore-pads-2-0-70pcs,"The Skin Boutique Curates: Medicube Zero Pore Pads 2.0 Say goodbye to enlarged pores, greasy skin, and pesky blackheads and whiteheads Authentically sourced and independently curated by The Skin Bouti","Water, Methylpropanediol, Trometamin, Lactic Acid, Alcohol Denat., 1,2-Hexanediol, Panthenol, Glycereth-26, Salicylic Acid, Ammonium Acryloyldimethyltaurate/VP, Copolymer, Betaine, Trehalose, Polyglyc"
552,Dr. Althea,Dr.Althea Pure Grinding Cleansing Balm (50ml),Cleansing Balm,R909.25,—,$22.00,R318.24,Tier C (Long-tail),65%,No local comp,https://kiyoko.com/products/dr-althea-pure-grinding-cleansing-balm-50ml,The Skin Boutique Curates: Dr.Althea Pure Grinding Cleansing Balm (50ml) Effective cleansing balm in a convenient and hygienic dispenser Authentically sourced and independently curated by The Skin Bou,"Water, Glycerin (Check packaging for full details)"
553,&honey,&honey Herb Smooth Treatment (440ml),Conditioner,R867.92,—,$21.00,R303.77,Tier C (Long-tail),65%,No local comp,https://kiyoko.com/products/honey-herb-smooth-treatment-440ml,"The Skin Boutique Curates: &honey Herb Smooth Treatment (440ml) A treatment enriched with organic honey , botanical herbs , and other natural extracts Authentically sourced and independently curated b","Water, Cetearyl Alcohol, Behentrimonium Chloride , Glycerin, Dimethiconol, Ethylhexyl Palmitate, Rosmarinus O cinalis (Rosemary) Leaf Oil , Rosmarinus O cinalis (Rosemary) Leaf Extract, Chamomilla Rec"
554,Curél,Curél Conditioner Pump (420ml),Conditioner,R826.59,—,$20.00,R289.31,Tier C (Long-tail),65%,No local comp,https://kiyoko.com/products/curel-conditioner-pump-420ml-1,The Skin Boutique Curates: Curél Conditioner Pump (420ml) Mild conditioner to soothe and protect the scalp's moisture barrier. Authentically sourced and independently curated by The Skin Boutique — yo,"Water, Glycerin (Check packaging for full details)"
555,&honey,&honey Milky Precious EX Repair Treatment (500ml),Conditioner,R826.59,—,$20.00,R289.31,Tier C (Long-tail),65%,No local comp,https://kiyoko.com/products/honey-milky-precious-ex-repair-treatment-2-0-500ml,The Skin Boutique Curates: &honey Milky Precious EX Repair Treatment (500ml) Highest level of moisture and damage care from the &amp;honey line. Authentically sourced and independently curated by The ,"Water, Cetearyl alcohol, Dimethicone, Behentrimonium chloride, Ethylhexyl palmitate, Hydrogenated palm oil, Amodimethicone, Honey, Hydrolysed keratin (wool), Hydrolysed milk protein, Honey water, Roya"
556,FREE MOMENT,FREE MOMENT Refresh Moment Perfume Treatment (150ml),Conditioner,R826.59,—,$20.00,R289.31,Tier C (Long-tail),65%,No local comp,https://kiyoko.com/products/free-moment-refresh-moment-perfume-treatment-150ml,The Skin Boutique Curates: FREE MOMENT Refresh Moment Perfume Treatment (150ml) Formulated with natural oils that infuse moisture and nourishment to the hair to keep the hair soft and silky Authentica,"Water, Glycerin,Cetyl Alcohol, Dimethicone, Behentrimonium Chloride, Butylene Glycol, Stearyl Alcohol, Chamaecyparis Obtusa Water, Stearamidopropyl Dimethylamine, Fragrance, Alcohol Denat., Behentrimo"
557,Medicube,Medicube One Day Exosome Shot Pore Ampoule 25000 (13ml),Ampoule,R702.61,—,$17.00,R245.91,Tier C (Long-tail),65%,No local comp,https://kiyoko.com/products/medicube-one-day-exosome-shot-pore-ampoule-25000-13ml,The Skin Boutique Curates: Medicube One Day Exosome Shot Pore Ampoule 25000 (13ml) A powerful serum containing 25000PPM exosomes offering high-end pore care Authentically sourced and independently cur,"Water, Glycereth-26, Dipropylene Glycol, Butylene Glycol, Caprylic/Capric Triglyceride, Niacinamide, Calcium aluminum borosilicate, Hydrolyzed Sponge, Sodium Acrylate/Sodium Acryloyldimethyl Taurate C"
558,Skin1004,SKIN1004 Madagascar Centella Niacinamide 10 Boosting Shot Ampoule (30ml),Ampoule,R661.28,—,$16.00,R231.45,Tier C (Long-tail),65%,No local comp,https://kiyoko.com/products/skin1004-madagascar-centella-niacinamide-10-boosting-shot-ampoule-30ml,The Skin Boutique Curates: SKIN1004 Madagascar Centella Niacinamide 10 Boosting Shot Ampoule (30ml) Daily Toning Ampoule for Radiance Boost and Targeted Pore Care Authentically sourced and independent,"Water, Butylene Glycol, Niacinamide, 1,2-Hexanediol, Ascorbyl Glucoside, Propanediol, Carbomer, Methylpropanediol, Tromethamine, Xanthan Gum, Tranexamic Acid, Centella Asiatica Extract, Polyglutamic A"
559,Skin1004,SKIN1004 Madagascar Centella Retinol 0.2 Boosting Shot Ampoule (30ml),Ampoule,R743.94,—,$18.00,R260.38,Tier C (Long-tail),65%,No local comp,https://kiyoko.com/products/skin1004-madagascar-centella-retinol-0-2-boosting-shot-ampoule-30ml,The Skin Boutique Curates: SKIN1004 Madagascar Centella Retinol 0.2 Boosting Shot Ampoule (30ml) Elasticity and Barrier Solution Firming Elasticity Ampoule Authentically sourced and independently cura,"Water, Glycerin, 1,2-Hexanediol, Cetearyl Olivate, Squalane, Sorbitan Olivate, Carbomer, Retinol, Caprylic/Capric Triglyceride, Hippophae Rhamnoides Fruit Extract, Tromethamine, Phaseolus Radiatus See"
560,Eqqualberry,Eqqualberry Swimming Pool Ampoule (50ml),Ampoule,R785.27,—,$19.00,R274.84,Tier C (Long-tail),65%,No local comp,https://kiyoko.com/products/eqqualberry-swimming-pool-ampoule-50ml,The Skin Boutique Curates: Eqqualberry Swimming Pool Ampoule (50ml) An ampoule that uses innovative multi-layering hydration technology to soothe and quench dryness Authentically sourced and independe,"Water, Glycerin (Check packaging for full details)"
561,ITS Skin,ITS SKIN Power 10 Formula GF Effector Soak Up Helper (30ml),Ampoule,R454.63,—,$11.00,R159.12,Tier C (Long-tail),65%,No local comp,https://kiyoko.com/products/its-skin-power-10-formula-gf-effector-soak-up-helper-30ml,The Skin Boutique Curates: ITS SKIN Power 10 Formula GF Effector Soak Up Helper (30ml) Light and hydrating essence for moist skin Authentically sourced and independently curated by The Skin Boutique —,"Water, Glycerin (Check packaging for full details)"
562,Skin1004,SKIN1004 Madagascar Centella Ampoule,Ampoule,R359.00,R329,$15.00,R125.65,Tier C (Long-tail),65%,Close match.,https://kiyoko.com/products/skin1004-madagascar-centella-ampoule-55ml-100ml,The Skin Boutique Curates: SKIN1004 Madagascar Centella Ampoule A soothing ampoule that helps calm and restore imbalance in the skin caused by harsh environments. Authentically sourced and independent,"Water, Glycerin (Check packaging for full details)"
563,Skin1004,SKIN1004 Centella Probio Cica Intensive Ampoule,Ampoule,R578.62,—,$14.00,R202.52,Tier C (Long-tail),65%,No local comp,https://kiyoko.com/products/skin1004-centella-probio-cica-intensive-ampoule-50ml-95ml,"The Skin Boutique Curates: SKIN1004 Centella Probio Cica Intensive Ampoule A lightweight but highly concentrated ampoule with fermented cica extract that hydrates, plumps, and strengthens the skin's b","Centella Asiatica Extract, Butylene Glycol, Glycerin, Water, Propanediol, Caprylic/ Capric Triglyceride, Niacinamide, Lactobacillus/Centella Asiatica Extract Ferment Filtrate, 1,2-Hexa-nediol, Dipropy"
564,Skin1004,SKIN1004 Madagascar Centella Tone Brightening Capsule Ampoule,Ampoule,R329.00,R299,$15.00,R115.15,Tier C (Long-tail),65%,Matching.,https://kiyoko.com/products/skin1004-madagascar-centella-tone-brightening-capsule-ampoule-100ml,The Skin Boutique Curates: SKIN1004 Madagascar Centella Tone Brightening Capsule Ampoule A fast absorbing ampoule that will provide you with clear and brightened skin. Authentically sourced and indepe,"Centella Asiatica Extract(77%), Butylene Glycol, Glycerin, Niacinamide, Tranexamic Acid, 1,2-Hexanediol, Water, Betaine, Madecassoside, Hydrogenated Lecithin, Xylitylglucoside, Anhydroxylitol, Xylitol"
565,numbuzin,numbuzin No.3 Velvet Beauty Cream (60ml),Primer,R1033.24,—,$25.00,R361.63,Tier C (Long-tail),65%,No local comp,https://kiyoko.com/products/numbuzin-no-3-velvet-beauty-cream-60ml,"The Skin Boutique Curates: numbuzin No.3 Velvet Beauty Cream (60ml) A silky, multi-tasking cream that smooths pores and hydrates deeply for a flawless, long-lasting makeup base. Authentically sourced ","Water, Glycerin (Check packaging for full details)"
566,ILLIYOON,ILLIYOON Ultra Repair Lotion (350ml),Body Lotion,R1033.24,—,$25.00,R361.63,Tier C (Long-tail),65%,No local comp,https://kiyoko.com/products/illiyoon-ultra-repair-lotion-350ml,The Skin Boutique Curates: ILLIYOON Ultra Repair Lotion (350ml) Experience the best of K-Beauty with ILLIYOON Ultra Repair Lotion (350ml) by ILLIYOON — a premium formula crafted to transform your skin,"Water, Glycerin (Full ingredients list under review)"
567,&honey,&honey Herb Smooth Shampoo (440ml),Shampoo,R867.92,—,$21.00,R303.77,Tier C (Long-tail),65%,No local comp,https://kiyoko.com/products/honey-herb-smooth-shampoo-440ml,The Skin Boutique Curates: &honey Herb Smooth Shampoo (440ml) A balancing organic herbal shampoo for oily or flat hair Authentically sourced and independently curated by The Skin Boutique — your trust,"Aqua, Lauramidopropyl Betaine, Sodium C14-16 Olefin Sulfonate, Sodium Lauroyl Methylaminopropionate, Cocamide MEA, Glycerol, Cocamide Methyl MEA, Parfum, PPG-7, Butylene Glycol, Polyquaternium-10, Cit"
568,&honey,&honey Milky Precious EX Repair Shampoo (500ml),Shampoo,R826.59,—,$20.00,R289.31,Tier C (Long-tail),65%,No local comp,https://kiyoko.com/products/honey-milky-precious-ex-repair-shampoo-1-0-500ml,The Skin Boutique Curates: &honey Milky Precious EX Repair Shampoo (500ml) Highest level of moisture and damage care from the &amp;honey line. Authentically sourced and independently curated by The Sk,"Water, Lauramidopropyl betaine, Sodium olefin (C14-16) sulphonate, Sodium cocoyl methyl taurine, Cocamidomethyl MEA, Sodium lauroyl methyl alanine, Honey, Hydrolysed keratin (wool), Hydrolysed milk pr"
569,FREE MOMENT,FREE MOMENT Refresh Moment Perfume Shampoo (500ml),Shampoo,R826.59,—,$20.00,R289.31,Tier C (Long-tail),65%,No local comp,https://kiyoko.com/products/free-moment-refresh-moment-perfume-shampoo-500ml,The Skin Boutique Curates: FREE MOMENT Refresh Moment Perfume Shampoo (500ml) A perfume shampoo that provides a fragrant hair experience all day long Authentically sourced and independently curated by,"Water, Disodium Laureth Sulfosuccinate, Lauryl Hydroxysultaine, Lauryl Glucoside, Cocamide MIPA, Fragrance, Glycerin, Sodium Cocoyl Isethionate, Sodium Chloride, Sodium Lauroyl Methylaminopropionate, "
570,ILLIYOON,ILLIYOON Fresh Moisture Body Lotion (350ml),Body Lotion,R1033.24,—,$25.00,R361.63,Tier C (Long-tail),65%,No local comp,https://kiyoko.com/products/illiyoon-fresh-moisture-body-lotion-350ml,"The Skin Boutique Curates: ILLIYOON Fresh Moisture Body Lotion (350ml) A vitalizing body wash with citron fragrance washes away sebum, sweat, and even sunscreen from skin. Authentically sourced and in","Water, Sodium Laureth Sulfate, Cocamidopropyl Betaine, Ammonium Lauryl Sulfate, Fragrance, Sodium Chloride, Sorbitol, Sodium Benzoate, Limonene, Caprylyl Glycol, Phenoxyethanol, Linalool, Citric Acid,"
571,AXIS-Y,AXIS-Y Biome Recharging Night Renewal Set (2pcs),Skincare Set,R1074.57,—,$26.00,R376.10,Tier C (Long-tail),65%,No local comp,https://kiyoko.com/products/axis-y-biome-recharging-night-renewal-set-2pcs,The Skin Boutique Curates: AXIS-Y Biome Recharging Night Renewal Set (2pcs) A skincare duo that lifts and rejuvenates tired skin overnight. Authentically sourced and independently curated by The Skin ,"Water, Glycerin (Check packaging for full details)"
572,Shiseido Senka,Shiseido Senka Perfect Whip Berry Bright Foam Cleanser (100g),Foam Cleanser,R371.97,—,$9.00,R130.19,Tier C (Long-tail),65%,No local comp,https://kiyoko.com/products/shiseido-senka-perfect-whip-berry-bright-foam-cleanser-100g_705921,The Skin Boutique Curates: Shiseido Senka Perfect Whip Berry Bright Foam Cleanser (100g) Richly foaming Perfect Whip cleanser featuring berries and blossom extract. Authentically sourced and independe,"Water(Aqua), Glycerin, Stearic Acid, Myristic Acid, Potassium Hydroxide, Lauric Acid, PEG-8, Glyceryl Stearate SE, Sodium Methyl Cocoyl Taurate, Polyquaternium-7, Fragrance, Acrylates Copolymer, Disod"
573,Shiseido Senka,Shiseido Senka Perfect Whip Vit C Poreless Foam Cleanser (100g),Foam Cleanser,R371.97,—,$9.00,R130.19,Tier C (Long-tail),65%,No local comp,https://kiyoko.com/products/shiseido-senka-perfect-whip-vit-c-poreless-foam-cleanser-100g,The Skin Boutique Curates: Shiseido Senka Perfect Whip Vit C Poreless Foam Cleanser (100g) Richly foaming Perfect Whip cleanser featuring Vitamin C and antioxidants. Authentically sourced and independ,"Water, Glycerin, Stearic Acid, Myristic Acid, Potassium Hydroxide, Propylene Glycol Laurate, Lauric Acid, PEG-8, Cocamidopropyl Betaine, Sodium Methyl Cocoyl Taurate, Glyceryl Stearate SE, Polyquatern"
574,Medicube,Medicube Kojic Acid Turmeric Toning Cleanser (120g),Foam Cleanser,R702.61,—,$17.00,R245.91,Tier C (Long-tail),65%,No local comp,https://kiyoko.com/products/medicube-kojic-acid-turmeric-toning-cleanser-120g,The Skin Boutique Curates: Medicube Kojic Acid Turmeric Toning Cleanser (120g) Clean pore impurities while visibly brightening and improving skin tone. Authentically sourced and independently curated ,"Water, Glycerin (Check packaging for full details)"
575,Medicube,Medicube Red Foam Cleanser (230ml),Foam Cleanser,R743.94,—,$18.00,R260.38,Tier C (Long-tail),65%,No local comp,https://kiyoko.com/products/medicubve-red-foam-cleanser-120ml,The Skin Boutique Curates: Medicube Red Foam Cleanser (230ml) Salicylic acid cleanser to deeply cleanse and unclog acne-prone skin. Authentically sourced and independently curated by The Skin Boutique,"Water, Glycerin (Check packaging for full details)"
576,iUNIK,iUNIK Centella Bubble Cleansing Foam (150ml),Foam Cleanser,R702.61,—,$17.00,R245.91,Tier C (Long-tail),65%,No local comp,https://kiyoko.com/products/iunik-centella-bubble-cleansing-foam-150ml,The Skin Boutique Curates: iUNIK Centella Bubble Cleansing Foam (150ml) A mildly acidic cleanser that cleanses skin residues with micro-bubbles Authentically sourced and independently curated by The S,"Centella Asiatica Leaf Water, Water, Sodium Chloride, 1,2-Heyanediol, Pentylene Glycol, Butylene Glycol, Caprylyl Glycol, Trehalose, Allantoin, Disodium Cocoam-phodiacetate, Hexylene Glycol, TEA-Cocoy"
577,Ishizawa,ISHIZAWA KEANA Baking Soda Face Foam (100g),Foam Cleanser,R619.95,—,$15.00,R216.98,Tier C (Long-tail),65%,No local comp,https://kiyoko.com/products/ishizawa-keana-baking-soda-face-foam-100g,"The Skin Boutique Curates: ISHIZAWA KEANA Baking Soda Face Foam (100g) A foaming face cleanser that uses baking soda powder to clean the pores, while hyaluronic acid and royal jelly deliver intense mo","Water, Glycerin (Check packaging for full details)"
578,Medicube,Medicube Azelaic Acid Niacinamide Deep Clean Foam Cleanser (120g),Foam Cleanser,R743.94,—,$18.00,R260.38,Tier C (Long-tail),65%,No local comp,https://kiyoko.com/products/medicube-azelaic-acid-niacinamide-deep-clean-foam-cleanser-120g,"The Skin Boutique Curates: Medicube Azelaic Acid Niacinamide Deep Clean Foam Cleanser (120g) Your first step to clear, refined, glass-like skin. Authentically sourced and independently curated by The ","Water, Glycerin (Check packaging for full details)"
579,Medicube,Medicube PDRN Pink Niacinamide Whip Cleanser,Foam Cleanser,R743.94,—,$18.00,R260.38,Tier C (Long-tail),65%,No local comp,https://kiyoko.com/products/medicube-pdrn-pink-niacinamide-whip-cleanser,"The Skin Boutique Curates: Medicube PDRN Pink Niacinamide Whip Cleanser A gentle, whipped cleanser infused with PDRN and niacinamide Authentically sourced and independently curated by The Skin Boutiqu","Water, Glycerin (Check packaging for full details)"
580,Shiseido Senka,Shiseido Senka Perfect Whip Face Cleansing Foam Collagen (120g),Foam Cleanser,R371.97,—,$9.00,R130.19,Tier C (Long-tail),65%,No local comp,https://kiyoko.com/products/shiseido-senka-perfect-whip-face-cleansing-foam-collagen-120g,The Skin Boutique Curates: Shiseido Senka Perfect Whip Face Cleansing Foam Collagen (120g) Gentle and deep cleanser enriched with collagen. Authentically sourced and independently curated by The Skin ,"Water, Glycerin (Check packaging for full details)"
581,Shiseido Senka,Shiseido Senka Perfect Whip Face Cleansing Foam (120g),Foam Cleanser,R371.97,—,$9.00,R130.19,Tier C (Long-tail),65%,No local comp,https://kiyoko.com/products/shiseido-senka-perfect-whip-face-cleansing-foam-120g,The Skin Boutique Curates: Shiseido Senka Perfect Whip Face Cleansing Foam (120g) Shiseido Senka Perfect Whip forms a super rich foam with fine bubbles to give you a perfect cleansing experience with ,"Water, Glycerin (Check packaging for full details)"
582,Skin1004,SKIN1004 Centella Poremizing Deep Cleansing Foam (125ml),Foam Cleanser,R578.62,—,$14.00,R202.52,Tier C (Long-tail),65%,No local comp,https://kiyoko.com/products/skin1004-centella-poremizing-deep-cleansing-foam-125ml,"The Skin Boutique Curates: SKIN1004 Centella Poremizing Deep Cleansing Foam (125ml) A creamy foam cleanser that removes dirt, makeup and sunscreen with the help of Himalayan salt and Papaya Papain Aut","Myristic Acid, Centella Asiatica Extract, Glycerin, Water, Potassium Hydroxide, Stearic Acid, Glyceryl Stearate, Palmitic Acid, Cocamidopropyl Betaine, Sodium C14-16 Olefin Sulfonate, Butylene Glycol,"
583,Skin1004,SKIN1004 Madagascar Centella Ampoule Foam (125ml),Foam Cleanser,R359.00,R329,$15.00,R125.65,Tier C (Long-tail),65%,Close match.,https://kiyoko.com/products/skin1004-madagascar-centella-ampoule-foam-125ml,"The Skin Boutique Curates: SKIN1004 Madagascar Centella Ampoule Foam (125ml) A rich, foaming cleanser that effectively removes makeup and impurities without stripping the skin. Authentically sourced a","Water, Glycerin (Check packaging for full details)"
584,Hada Labo,Hada-Labo Gokujyun Foaming Face Wash (160ml),Foam Cleanser,R619.95,—,$15.00,R216.98,Tier C (Long-tail),65%,No local comp,https://kiyoko.com/products/hada-labo-gokujyun-foaming-face-wash-160ml,"The Skin Boutique Curates: Hada-Labo Gokujyun Foaming Face Wash (160ml) Gentle, daily foaming face wash Authentically sourced and independently curated by The Skin Boutique — your trusted destination ","Water, Glycerin (Check packaging for full details)"
585,ROSY ROSA,ROSY ROSA Real Look Mirror (1pc),Makeup Sponge,R413.30,—,$10.00,R144.66,Tier C (Long-tail),65%,No local comp,https://kiyoko.com/products/rosy-rosa-real-look-mirror-1pc-2,The Skin Boutique Curates: ROSY ROSA Real Look Mirror (1pc) High reflectivity mirror that reveals true skin tone for easier makeup application Authentically sourced and independently curated by The Sk,"Water, Glycerin (Check packaging for full details)"
586,ROSY ROSA,ROSY ROSA Multi Use Brush - Face,Makeup Sponge,R537.29,—,$13.00,R188.05,Tier C (Long-tail),65%,No local comp,https://kiyoko.com/products/rosy-rosa-multi-use-brush-face,The Skin Boutique Curates: ROSY ROSA Multi Use Brush - Face A face brush with an ergonomically designed handle Authentically sourced and independently curated by The Skin Boutique — your trusted desti,"Water, Glycerin (Check packaging for full details)"
587,ROSY ROSA,ROSY ROSA Eyebrow Brush Set - Mini (3pcs),Makeup Sponge,R661.28,—,$16.00,R231.45,Tier C (Long-tail),65%,No local comp,https://kiyoko.com/products/rosy-rosa-eyebrow-brush-set-mini-3pcs,The Skin Boutique Curates: ROSY ROSA Eyebrow Brush Set - Mini (3pcs) Mini eyebrow brush set for defined and natural brows. Authentically sourced and independently curated by The Skin Boutique — your t,"Water, Glycerin (Check packaging for full details)"
588,ROSY ROSA,ROSY ROSA Multi Use Brush - Point (1pc),Makeup Sponge,R330.64,—,$8.00,R115.72,Tier C (Long-tail),65%,No local comp,https://kiyoko.com/products/rosy-rosa-multi-use-brush-point-1pc,The Skin Boutique Curates: ROSY ROSA Multi Use Brush - Point (1pc) A face brush with an ergonomically designed handle Authentically sourced and independently curated by The Skin Boutique — your truste,"Water, Glycerin (Check packaging for full details)"
589,ROSY ROSA,ROSY ROSA Multi Use Foundation Puff (2pcs),Makeup Sponge,R371.97,—,$9.00,R130.19,Tier C (Long-tail),65%,No local comp,https://kiyoko.com/products/rosy-rosa-multi-use-foundation-puff-2pcs,"The Skin Boutique Curates: ROSY ROSA Multi Use Foundation Puff (2pcs) Plush, multipurpose foundation puff Authentically sourced and independently curated by The Skin Boutique — your trusted destinatio","Water, Glycerin (Check packaging for full details)"
590,ROSY ROSA,ROSY ROSA Value Sponge - N Assorted NBR (20pcs),Makeup Sponge,R413.30,—,$10.00,R144.66,Tier C (Long-tail),65%,No local comp,https://kiyoko.com/products/rosy-rosa-value-sponge-n-assorted-nbr-20pcs,The Skin Boutique Curates: ROSY ROSA Value Sponge - N Assorted NBR (20pcs) Assortment of NBR sponges in different sizes and shape Authentically sourced and independently curated by The Skin Boutique —,"Water, Glycerin (Check packaging for full details)"
591,ROSY ROSA,ROSY ROSA Value Sponge - Diamond M (6pcs),Makeup Sponge,R330.64,—,$8.00,R115.72,Tier C (Long-tail),65%,No local comp,https://kiyoko.com/products/rosy-rosa-value-sponge-diamond-m-6pcs,"The Skin Boutique Curates: ROSY ROSA Value Sponge - Diamond M (6pcs) Large diamond-shaped sponge, available in a value package. Authentically sourced and independently curated by The Skin Boutique — y","Water, Glycerin (Check packaging for full details)"
592,KUNDAL,KUNDAL Honey & Macadamia Shampoo,Shampoo,R206.65,—,$5.00,R72.33,Tier C (Long-tail),65%,No local comp,https://kiyoko.com/products/kundal-honey-macadamia-shampoo-500ml,"The Skin Boutique Curates: KUNDAL Honey & Macadamia Shampoo Plant based fragrant shampoo for smooth, healthy hair. Authentically sourced and independently curated by The Skin Boutique — your trusted d","Water, Glycerin (Check packaging for full details)"
593,Celimax,celimax The Real Cica Calming Serum Mask (1 PC),Face Mask,R123.99,—,$3.00,R43.40,Tier C (Long-tail),65%,No local comp,https://kiyoko.com/products/celimax-the-real-cica-calming-serum-mask-1-pc,The Skin Boutique Curates: celimax The Real Cica Calming Serum Mask (1 PC) A moisture-rich serum leaves skin deeply hydrated with no sticky or tacky feel Authentically sourced and independently curate,"Water, Glycerin (Check packaging for full details)"
594,Celimax,celimax The Real Noni Energy Ampoule Mask (1 PC),Face Mask,R123.99,—,$3.00,R43.40,Tier C (Long-tail),65%,No local comp,https://kiyoko.com/products/celimax-the-real-noni-energy-ampoule-mask-1-pc,The Skin Boutique Curates: celimax The Real Noni Energy Ampoule Mask (1 PC) A sheet mask that helps to improve skin texture and provides a lifting effect Authentically sourced and independently curate,"Water, Glycerin (Check packaging for full details)"
595,COSRX,COSRX Propolis Nourishing Magnet Sheet Mask (1 PC),Face Mask,R123.99,—,$3.00,R43.40,Tier C (Long-tail),65%,No local comp,https://kiyoko.com/products/cosrx-propolis-nourishing-magnet-sheet-mask-1-pc,The Skin Boutique Curates: COSRX Propolis Nourishing Magnet Sheet Mask (1 PC) A nourishing face mask that soothes and promotes skin renewal Authentically sourced and independently curated by The Skin ,"Water, Glycerin (Check packaging for full details)"
596,Cow Brand,COW BRAND Bouncia Additive Free Cleansing Oil Pump (150ml),Oil Cleanser,R619.95,—,$15.00,R216.98,Tier C (Long-tail),65%,No local comp,https://kiyoko.com/products/cow-brand-bouncia-additive-free-cleansing-oil-pump-150ml,The Skin Boutique Curates: COW BRAND Bouncia Additive Free Cleansing Oil Pump (150ml) A additive-free hypoallergenic oil cleanser that is specially designed for delicate skin. Authentically sourced an,"Water, Glycerin (Check packaging for full details)"
597,Eqqualberry,Eqqualberry Purple Rice Cleansing Oil (200ml),Oil Cleanser,R785.27,—,$19.00,R274.84,Tier C (Long-tail),65%,No local comp,https://kiyoko.com/products/eqqualberry-purple-rice-cleansing-oil-200ml,The Skin Boutique Curates: Eqqualberry Purple Rice Cleansing Oil (200ml) A highly effective cleansing with a 24hr moisturizing effect Authentically sourced and independently curated by The Skin Boutiq,"Water, Glycerin (Check packaging for full details)"
598,K-SECRET SEOUL 1988,K-SECRET SEOUL 1988 Cleansing Oil: Pine Cica 1% + Probiotics (200ml),Oil Cleanser,R743.94,—,$18.00,R260.38,Tier C (Long-tail),65%,No local comp,https://kiyoko.com/products/ksecret-seoul-1988-cleansing-oil-pine-cica-1-probiotics-200ml,The Skin Boutique Curates: K-SECRET SEOUL 1988 Cleansing Oil: Pine Cica 1% + Probiotics (200ml) A purifying cleansing oil enriched with Japanese red pine extract and Centella Asiatica Authentically so,"Ethylhexyl Palmitate, Sorbeth-30 Tetraoleate, Pinus Densiflora Leaf Extract, Centella Asiatica Extract, Butylene Glycol, Bifida Ferment Filtrate, Macadamia Ternifolia Seed Oil, Olea Europaea (Olive) F"
599,Kosé Softymo,Kose Softymo Speedy Cleansing Oil - 2024 Version (240ml),Oil Cleanser,R413.30,—,$10.00,R144.66,Tier C (Long-tail),65%,No local comp,https://kiyoko.com/products/kose-softymo-speedy-cleansing-oil-2024-version-240ml,The Skin Boutique Curates: Kose Softymo Speedy Cleansing Oil - 2024 Version (240ml) Softymo Speedy Cleansing Oil is Japanese cleansing oil that dissolves makeup with lightning speed. Authentically sou,"Water, Glycerin (Check packaging for full details)"
600,Kosé Softymo,Kose Softymo Deep Cleansing Oil - 2024 Version (240ml),Oil Cleanser,R495.96,—,$12.00,R173.59,Tier C (Long-tail),65%,No local comp,https://kiyoko.com/products/kose-softymo-deep-cleansing-oil-2024-version-240ml,The Skin Boutique Curates: Kose Softymo Deep Cleansing Oil - 2024 Version (240ml) Removes sunscreen and waterproof makeup completely! Authentically sourced and independently curated by The Skin Boutiq,"Water, Glycerin (Check packaging for full details)"
601,Kikumasamune,KIKUMASAMUNE Rice Made+ Mild Cleansing Oil (200ml),Oil Cleanser,R537.29,—,$13.00,R188.05,Tier C (Long-tail),65%,No local comp,https://kiyoko.com/products/kikumasamune-rice-made-mild-cleansing-oil-200ml,The Skin Boutique Curates: KIKUMASAMUNE Rice Made+ Mild Cleansing Oil (200ml) A Japanese rice-derived cleansing oil that will not aggravate the skin. Authentically sourced and independently curated by,"Water, Glycerin (Check packaging for full details)"
602,ILLIYOON,ILLIYOON Ultra Repair Intensive Care Cream (200ml),Body Cream,R1033.24,—,$25.00,R361.63,Tier C (Long-tail),65%,No local comp,https://kiyoko.com/products/illiyoon-ultra-repair-intensive-care-cream-200ml,The Skin Boutique Curates: ILLIYOON Ultra Repair Intensive Care Cream (200ml) Experience the best of K-Beauty with ILLIYOON Ultra Repair Intensive Care Cream (200ml) by ILLIYOON — a premium formula cr,"Water, Glycerin (Full ingredients list under review)"
603,K-SECRET SEOUL 1988,K-SECRET SEOUL 1988 Essence: Snail Mucin 97% + Rice (100ml),Essence,R743.94,—,$18.00,R260.38,Tier C (Long-tail),65%,No local comp,https://kiyoko.com/products/ksecret-seoul-1988-essence-snail-mucin-97-rice-100ml,The Skin Boutique Curates: K-SECRET SEOUL 1988 Essence: Snail Mucin 97% + Rice (100ml) A snail mucin essence that rejuvenates the skin and enhances skin clarity Authentically sourced and independently,"Snail Secretion Filtrate (970,0 00ppm), Butylene Glycol, 1,2-Hexanediol, Ethyl Hexanediol, Allantoin, Phenoxyethanol, Sodium Polyacrylate, Sodium Hyaluronate, Carbomer, Ammonium Acryloyldimethyltaurat"
604,Haruharu Wonder,Haruharu Wonder Black Rice Hyaluronic Essence (50ml),Essence,R454.63,—,$11.00,R159.12,Tier C (Long-tail),65%,No local comp,https://kiyoko.com/products/haruharu-wonder-black-rice-hyaluronic-essence-50ml,The Skin Boutique Curates: Haruharu Wonder Black Rice Hyaluronic Essence (50ml) Contains highly concentrated hyaluronic acid to provide the skin with deep hydration. Authentically sourced and independ,"Water, Glycerin (Check packaging for full details)"
605,COSRX,COSRX The Peptide Collagen Hydrogel Eye Patch (30 Pairs),Eye Patch,R1405.21,—,$34.00,R491.82,Tier C (Long-tail),65%,No local comp,https://kiyoko.com/products/cosrx-the-peptide-collagen-hydrogel-eye-patch-30-pairs,"The Skin Boutique Curates: COSRX The Peptide Collagen Hydrogel Eye Patch (30 Pairs) S ay goodbye to puffiness and hello to brighter, youthful eyes! Authentically sourced and independently curated by T","Water, Glycerin (Check packaging for full details)"
606,JOOCYEE,JOOCYEE Glazed Multi-Purpose Stick (5.2g),Blush & Highlighter,R661.28,—,$16.00,R231.45,Tier C (Long-tail),65%,No local comp,https://kiyoko.com/products/joocyee-glazed-multi-purpose-stick,The Skin Boutique Curates: JOOCYEE Glazed Multi-Purpose Stick (5.2g) Effortlessly add color with this versatile multi-purpose stick that glides onto skin and blends seamlessly. The built-in cushion ap,"Water, Glycerin (Check packaging for full details)"
607,JOOCYEE,JOOCYEE Satin Multi-Purpose Stick (5.2g),Blush & Highlighter,R661.28,—,$16.00,R231.45,Tier C (Long-tail),65%,No local comp,https://kiyoko.com/products/joocyee-satin-multi-purpose-stick,The Skin Boutique Curates: JOOCYEE Satin Multi-Purpose Stick (5.2g) Experience the best of K-Beauty with JOOCYEE Satin Multi-Purpose Stick (5.2g) by JOOCYEE — a premium formula crafted to transform yo,"Water, Glycerin (Full ingredients list under review)"
608,JOOCYEE,JOOCYEE Happy Me Day Cream Blush (4g),Blush & Highlighter,R661.28,—,$16.00,R231.45,Tier C (Long-tail),65%,No local comp,https://kiyoko.com/products/joocyee-happy-me-day-cream-blush-4g,The Skin Boutique Curates: JOOCYEE Happy Me Day Cream Blush (4g) Dr. Reju-All Advanced LC-Ceramide Barrier Cream is uniquely formulated with advanced long-chain ceramides that authentically replicate ,"Water, Glycerin (Check packaging for full details)"
609,JOOCYEE,JOOCYEE Jelly Highlighter Glitter Stick (2g),Blush & Highlighter,R619.95,—,$15.00,R216.98,Tier C (Long-tail),65%,No local comp,https://kiyoko.com/products/joocyee-jelly-highlighter-glitter-stick,"The Skin Boutique Curates: JOOCYEE Jelly Highlighter Glitter Stick (2g) Experience radiant, long-lasting luminosity with this innovative jelly highlighter stick. The lightweight, gel-like formula glid","Water, Glycerin (Check packaging for full details)"
610,JOOCYEE,JOOCYEE Multi-Purpose Lip & Cheek Cream (4.5g),Blush & Highlighter,R537.29,—,$13.00,R188.05,Tier C (Long-tail),65%,No local comp,https://kiyoko.com/products/joocyee-multi-purpose-lip-cheek-cream,The Skin Boutique Curates: JOOCYEE Multi-Purpose Lip & Cheek Cream (4.5g) JOOCYEE Multi-Purpose Lip &amp; Cheek Cream glides on like silk and melts into your skin for a naturally luminous finish. The ,"Water, Glycerin (Check packaging for full details)"
611,JUDYDOLL,JUDYDOLL Liquid Contour & Under Eye Brightening Duo (4.8g),Blush & Highlighter,R537.29,—,$13.00,R188.05,Tier C (Long-tail),65%,No local comp,https://kiyoko.com/products/judydoll-liquid-contour-under-eye-brightening-duo-4-8g,"The Skin Boutique Curates: JUDYDOLL Liquid Contour & Under Eye Brightening Duo (4.8g) JUDYDOLL Liquid Contour &amp; Under Eye Brightening Duo is designed to provide a flawless, powder-free finish with","Water, Glycerin (Check packaging for full details)"
612,JUDYDOLL,JUDYDOLL Blush & Highlight Palette (9g),Blush & Highlighter,R578.62,—,$14.00,R202.52,Tier C (Long-tail),65%,No local comp,https://kiyoko.com/products/judydoll-2-in-1-blush-highlight-palette-9g,The Skin Boutique Curates: JUDYDOLL Blush & Highlight Palette (9g) df Authentically sourced and independently curated by The Skin Boutique — your trusted destination for premium K-Beauty in South Afri,"Water, Glycerin (Check packaging for full details)"
613,JUDYDOLL,JUDYDOLL Liquid Blush (4.5g),Blush & Highlighter,R413.30,—,$10.00,R144.66,Tier C (Long-tail),65%,No local comp,https://kiyoko.com/products/judydoll-sport-chic-liquid-blush-4-5g,The Skin Boutique Curates: JUDYDOLL Liquid Blush (4.5g) JUDYDOLL Sport Chic Liquid Blush provides a naturally subtle redness and has a liquid consistency when applied. It is designed with an unique mu,"Water, Glycerin (Check packaging for full details)"
614,JUDYDOLL,JUDYDOLL Liquid Highlighter (4.8g),Blush & Highlighter,R413.30,—,$10.00,R144.66,Tier C (Long-tail),65%,No local comp,https://kiyoko.com/products/judydoll-liquid-highlighter-contour-duo-4-8g,The Skin Boutique Curates: JUDYDOLL Liquid Highlighter (4.8g) JUDYDOLL Liquid Highlighter are used for meticulous color blending to create a soft and radiant look that naturally illuminates and enhanc,"Water, Glycerin (Check packaging for full details)"
615,nuse,nuse Mousse Care Cheek Handy (10g),Blush & Highlighter,R454.63,—,$11.00,R159.12,Tier C (Long-tail),65%,No local comp,https://kiyoko.com/products/nuse-mousse-care-cheek-handy-10g,The Skin Boutique Curates: nuse Mousse Care Cheek Handy (10g) Liquid blush with blurring effect that blends and hides skin imperfections. Authentically sourced and independently curated by The Skin Bo,"Water, Glycerin (Check packaging for full details)"
616,nuse,nuse Mousse Care Cheek (16ml),Blush & Highlighter,R661.28,—,$16.00,R231.45,Tier C (Long-tail),65%,No local comp,https://kiyoko.com/products/nuse-mousse-care-cheek-16ml,The Skin Boutique Curates: nuse Mousse Care Cheek (16ml) Liquid blush with blurring effect that blends and hides skin imperfections. Authentically sourced and independently curated by The Skin Boutiqu,"Water, Glycerin (Check packaging for full details)"
617,nuse,nuse Liquid Care Cheek (16ml),Blush & Highlighter,R661.28,—,$16.00,R231.45,Tier C (Long-tail),65%,No local comp,https://kiyoko.com/products/nuse-liquid-care-cheek-16ml,The Skin Boutique Curates: nuse Liquid Care Cheek (16ml) Moisturizing and glowy cream blush with skincare benefits. Authentically sourced and independently curated by The Skin Boutique — your trusted ,"Water, Glycerin (Check packaging for full details)"
618,fwee,fwee Glitz Stone Highlighter (4.6-6g),Blush & Highlighter,R785.27,—,$19.00,R274.84,Tier C (Long-tail),65%,No local comp,https://kiyoko.com/products/fwee-glitz-stone-highlighter-4-6-6g,The Skin Boutique Curates: fwee Glitz Stone Highlighter (4.6-6g) Highlighter inspired by birthstones to c reate a gemstone-like effect on the skin Authentically sourced and independently curated by Th,"Water, Glycerin (Check packaging for full details)"
619,PERIPERA,PERIPERA Syrupy Tok Cheek (9g),Blush & Highlighter,R537.29,—,$13.00,R188.05,Tier C (Long-tail),65%,No local comp,https://kiyoko.com/products/peripera-syrupy-tok-cheek-9g,The Skin Boutique Curates: PERIPERA Syrupy Tok Cheek (9g) A hydrating and glowing liquid blush Authentically sourced and independently curated by The Skin Boutique — your trusted destination for premi,"Water, Glycerin (Check packaging for full details)"
620,Romand,rom&nd Better Than Cheek (4g),Blush & Highlighter,R454.63,—,$11.00,R159.12,Tier C (Long-tail),65%,No local comp,https://kiyoko.com/products/rom-nd-better-than-cheek-4g,"The Skin Boutique Curates: rom&nd Better Than Cheek (4g) Natural, pastel blush colors with an airbrushed finish Authentically sourced and independently curated by The Skin Boutique — your trusted dest","Water, Glycerin (Check packaging for full details)"
621,Laka,LAKA Love Silk Blush (5.2g),Blush & Highlighter,R454.63,—,$11.00,R159.12,Tier C (Long-tail),65%,No local comp,https://kiyoko.com/products/laka-love-silk-blush-5-2g,The Skin Boutique Curates: LAKA Love Silk Blush (5.2g) A fine powdered blush highlighting delicate colors with subtle glitter particles Authentically sourced and independently curated by The Skin Bout,"Water, Glycerin (Check packaging for full details)"
622,Laka,LAKA Dream Beam Highlighter (2.8g),Blush & Highlighter,R537.29,—,$13.00,R188.05,Tier C (Long-tail),65%,No local comp,https://kiyoko.com/products/laka-dream-beam-highlighter-2-8g,The Skin Boutique Curates: LAKA Dream Beam Highlighter (2.8g) A hydrating and silky highlighter that blends smoothly into the skin and is long-lasting Authentically sourced and independently curated b,"Water, Glycerin (Check packaging for full details)"
623,Romand,rom&nd Juicy Roll Cheek (8.4g),Blush & Highlighter,R537.29,—,$13.00,R188.05,Tier C (Long-tail),65%,No local comp,https://kiyoko.com/products/rom-nd-juicy-roll-cheek-8-4g,The Skin Boutique Curates: rom&nd Juicy Roll Cheek (8.4g) A mess-free on-the-go jelly-like blush with skincare ingredients Authentically sourced and independently curated by The Skin Boutique — your t,"Water, Glycerin (Check packaging for full details)"
624,Medicube,Medicube Red Succinic Acid Peeling Pad,Toner Pads,R909.25,—,$22.00,R318.24,Tier C (Long-tail),65%,No local comp,https://kiyoko.com/products/medicube-red-succinic-acid-peeling-pad-70-pcs,The Skin Boutique Curates: Medicube Red Succinic Acid Peeling Pad Daily toner pad for acne-prone skin Authentically sourced and independently curated by The Skin Boutique — your trusted destination fo,"Water, Butylene Glycol, Propanediol, Niacinamide, 1,2-Hexanediol, Alcohol, Panthenol, Succinic Acid, Glycerin, Polyglyceryl-10 Laurate, Polyglycerin-3, Tromethamine, Allantoin, Salicylic Acid, Vinyl D"
625,Medicube,Medicube Kojic Acid Turmeric Pad (70 PCs),Toner Pads,R991.91,—,$24.00,R347.17,Tier C (Long-tail),65%,No local comp,https://kiyoko.com/products/medicube-kojic-acid-turmeric-pad-70-pcs,The Skin Boutique Curates: Medicube Kojic Acid Turmeric Pad (70 PCs) Daily toner pad for troubled skin and uneven patches. Authentically sourced and independently curated by The Skin Boutique — your t,"Water, Glycolic Acid, Methylpropanediol, Niacinamide, Glycerin, Dipropylene Glycol, Sodium Hydroxide, Curcuma Longa (Turmeric) Root Extract, Butylene Glycol, 1,2-Hexanediol, Hydroxyacetophenone, Glyce"
626,Skin1004,SKIN1004 Madagascar Centella Matrixyl 10 Boosting Shot Ampoule (30ml),Ampoule,R867.92,—,$21.00,R303.77,Tier C (Long-tail),65%,No local comp,https://kiyoko.com/products/skin1004-madagascar-centella-matrixyl-10-boosting-shot-ampoule-30ml,The Skin Boutique Curates: SKIN1004 Madagascar Centella Matrixyl 10 Boosting Shot Ampoule (30ml) Hydrating plumping ampoule from deep within the skin Authentically sourced and independently curated by,"Water, Butylene Glycol, Hydrogenated Polyisobutene, Glycerin, 1,2-Hexanediol, Glyceryl Stearate SE, Cetearyl Alcohol, Sorbitan Stearate, Carbomer, Cetearyl Olivate, Sorbitan Olivate, Tromethamine, Sod"
627,Eqqualberry,Eqqualberry Collagen Pore-Tight Up Gel Toner Pad (60pcs),Toner Pads,R1033.24,—,$25.00,R361.63,Tier C (Long-tail),65%,No local comp,https://kiyoko.com/products/eqqualberry-collagen-pore-tight-up-gel-toner-pad-60pcs,"The Skin Boutique Curates: Eqqualberry Collagen Pore-Tight Up Gel Toner Pad (60pcs) Toner pads for pore tightening, exfoliation and deep hydration Authentically sourced and independently curated by Th","Water, Glycerin (Check packaging for full details)"
628,Eqqualberry,Eqqualberry Collagen Glow Up Gel Toner Pad (60pcs),Toner Pads,R1033.24,—,$25.00,R361.63,Tier C (Long-tail),65%,No local comp,https://kiyoko.com/products/eqqualberry-collagen-glow-up-gel-toner-pad-60pcs,The Skin Boutique Curates: Eqqualberry Collagen Glow Up Gel Toner Pad (60pcs) Toner pads packed with a high-potency collagen that is easy to absorb into the skin Authentically sourced and independentl,"Water, Glycerin (Check packaging for full details)"
629,Medicube,Medicube Age-R Vita C Pro Ampoule (20ml),Ampoule,R867.92,—,$21.00,R303.77,Tier C (Long-tail),65%,No local comp,https://kiyoko.com/products/medicube-age-r-vita-c-pro-ampoule-20ml,The Skin Boutique Curates: Medicube Age-R Vita C Pro Ampoule (20ml) Powerful brightening care in 3 days Authentically sourced and independently curated by The Skin Boutique — your trusted destination ,"Water, Ascorbic Acid, Propanediol, Glycerin, Alcohol Denat., Tromethamine, 1,2-Hexanediol, Ethyl Ascorbyl Ether, Dimethicone, Panthenol, Hydrogenated Ethylhexyl Olivate, Methylpropanediol, Hydrolyzed "
630,Eqqualberry,Eqqualberry Big Calming Swimming Pool Toner Pads (70pads),Toner Pads,R1074.57,—,$26.00,R376.10,Tier C (Long-tail),65%,No local comp,https://kiyoko.com/products/eqqualberry-big-calming-swimming-pool-toner-pads-70pads,"The Skin Boutique Curates: Eqqualberry Big Calming Swimming Pool Toner Pads (70pads) Vegan exfoliating toner pads designed with Hyal 8 Complex to establish a prolonged hydrating barrier, effectively e","Water, Glycerin (Check packaging for full details)"
631,Medicube,Medicube Zero Pore Madecassoside Pad - Mild (70 PCs),Toner Pads,R950.58,—,$23.00,R332.70,Tier C (Long-tail),65%,No local comp,https://kiyoko.com/products/medicube-zero-pore-madecassoside-pad-mild-70-pcs,The Skin Boutique Curates: Medicube Zero Pore Madecassoside Pad - Mild (70 PCs) Gentle soothing and exfoliating toner pads for sensitive skin. Authentically sourced and independently curated by The Sk,"Water (Aqua), Propanediol, Methylpropanediol, 1,2-Hexanediol, Glycereth-26, Butylene Glycol, Saccharide Hydrolysate, Tromethamine, Gluconolactone, Panthenol, Ethylhexylglycerin, Disodium EDTA, Pyrus C"
632,ROUND LAB,ROUND LAB Birch Moisturizing Pad (80pcs),Toner Pads,R1198.56,—,$29.00,R419.50,Tier C (Long-tail),65%,No local comp,https://kiyoko.com/products/round-lab-birch-moisturizing-pad-80pcs,"The Skin Boutique Curates: ROUND LAB Birch Moisturizing Pad (80pcs) Instant soothing treatment for tired, irritated skin. Authentically sourced and independently curated by The Skin Boutique — your tr","Water, Glycerin (Check packaging for full details)"
633,Mary&May,Mary&May Tranexamic Acid+ Glutathion Eye Cream (30ml),Eye Cream,R661.28,—,$16.00,R231.45,Tier C (Long-tail),65%,No local comp,https://kiyoko.com/products/mary-may-tranexamic-acid-glutathion-eye-cream-30ml,The Skin Boutique Curates: Mary&May Tranexamic Acid+ Glutathion Eye Cream (30ml) A powerful antioxidant formula that inhibits melanin synthesis Authentically sourced and independently curated by The S,"Water, Glycerin (Check packaging for full details)"
634,ISNTREE,ISNTREE Tw-Real Eye Cream (30ml),Eye Cream,R743.94,—,$18.00,R260.38,Tier C (Long-tail),65%,No local comp,https://kiyoko.com/products/isntree-tw-real-eye-cream-30ml,The Skin Boutique Curates: ISNTREE Tw-Real Eye Cream (30ml) A brightening and anti-wrinkle eye cream that smooths out fine lines and promotes anti-aging. Authentically sourced and independently curate,"Bifida Ferment Lysate, Dipropylene Glycol, Cyclopentasiloxane, Glycerin, Squalane, Hydrogenated Polydecene, Niacinamide, Dimethicone, Pentaerythrityl Tetraethylhexanoate, Arachidyl Alcohol, Water, But"
635,ITS Skin,ITS SKIN Hyaluronic Acid Moisture Eye Cream (25ml),Eye Cream,R785.27,—,$19.00,R274.84,Tier C (Long-tail),65%,No local comp,https://kiyoko.com/products/its-skin-hyaluronic-acid-moisture-eye-cream-25ml,The Skin Boutique Curates: ITS SKIN Hyaluronic Acid Moisture Eye Cream (25ml) A nourishing eye cream that will help reduce the appearance of fine lines and darkness around the eyes Authentically sourc,"Water, Glycerin (Check packaging for full details)"
636,ITS Skin,ITS SKIN Collagen Nutrition Eye Cream (25ml),Eye Cream,R702.61,—,$17.00,R245.91,Tier C (Long-tail),65%,No local comp,https://kiyoko.com/products/its-skin-collagen-nutrition-eye-cream-25ml,The Skin Boutique Curates: ITS SKIN Collagen Nutrition Eye Cream (25ml) A delicate eye cream infused with collagen that targets visible signs of fatigue and aging Authentically sourced and independent,"Water, Glycerin (Check packaging for full details)"
637,Skin1004,SKIN1004 Centella Probio Cica Bakuchiol Eye Cream (20ml),Eye Cream,R661.28,—,$16.00,R231.45,Tier C (Long-tail),65%,No local comp,https://kiyoko.com/products/skin1004-centella-probio-cica-bakuchiol-eye-cream-20ml,The Skin Boutique Curates: SKIN1004 Centella Probio Cica Bakuchiol Eye Cream (20ml) A gentle but effective anti-aging eye cream. Authentically sourced and independently curated by The Skin Boutique — ,"Centella Asiatica Extract, Glycerin, Butylene Glycol, Dipentaerythrityl Hexa C5-9 Acid Esters, 1,2-Hexanediol, Niacinamide, Squalane, Water, Polyglyceryl-3 Distearate, Cetearyl Alcohol, Caprylic/Capri"
638,Haruharu Wonder,Haruharu Wonder Black Rice Bakuchiol Eye Cream (20ml),Eye Cream,R619.95,—,$15.00,R216.98,Tier C (Long-tail),65%,No local comp,https://kiyoko.com/products/haruharu-wonder-black-rice-bakuchiol-eye-cream-20ml,The Skin Boutique Curates: Haruharu Wonder Black Rice Bakuchiol Eye Cream (20ml) A safe and effective plant-based substitute for retinol eye cream. Authentically sourced and independently curated by T,"Water, Glycerin (Check packaging for full details)"
639,OFF & RELAX,OFF & RELAX 2.0 Spa Treatment Fluffy Refresh (460ml),Conditioner,R1033.24,—,$25.00,R361.63,Tier C (Long-tail),65%,No local comp,https://kiyoko.com/products/off-relax-2-0-spa-treatment-fluffy-refresh-460ml,"The Skin Boutique Curates: OFF & RELAX 2.0 Spa Treatment Fluffy Refresh (460ml) Renewed formula focusing on scalp health and lightweight, shiny volume. Authentically sourced and independently curated ","Water, Glycerin (Check packaging for full details)"
640,OFF & RELAX,OFF & RELAX 2.0 Spa Treatment Glossy Moisture (460ml),Conditioner,R1033.24,—,$25.00,R361.63,Tier C (Long-tail),65%,No local comp,https://kiyoko.com/products/off-relax-2-0-spa-treatment-glossy-moisture-460ml,The Skin Boutique Curates: OFF & RELAX 2.0 Spa Treatment Glossy Moisture (460ml) Renewed formula focusing on scalp health and shiny moisture. Authentically sourced and independently curated by The Ski,"Water, Glycerin (Check packaging for full details)"
641,Unove,UNOVE Deep Damage Treatment EX,Conditioner,R909.25,—,$22.00,R318.24,Tier C (Long-tail),65%,No local comp,https://kiyoko.com/products/unove-deep-damage-treatment-ex-320ml,The Skin Boutique Curates: UNOVE Deep Damage Treatment EX A hair treatment for those with high porosity hair and damage Authentically sourced and independently curated by The Skin Boutique — your trus,"Water, Glycerin (Check packaging for full details)"
642,OFF & RELAX,OFF & RELAX SPA Treatment Moisture (460ml),Conditioner,R1033.24,—,$25.00,R361.63,Tier C (Long-tail),65%,No local comp,https://kiyoko.com/products/off-relax-spa-treatment-moisture-460ml-400ml,The Skin Boutique Curates: OFF & RELAX SPA Treatment Moisture (460ml) A Japanese treatment developed with a focus on beautiful hair through caring for the scalp and hair. For those who are worried abo,"Water, Glycerin (Check packaging for full details)"
643,OFF & RELAX,OFF & RELAX SPA Treatment Refresh (460ml),Conditioner,R1033.24,—,$25.00,R361.63,Tier C (Long-tail),65%,No local comp,https://kiyoko.com/products/off-relax-spa-treatment-refresh-460ml-1,The Skin Boutique Curates: OFF & RELAX SPA Treatment Refresh (460ml) A Japanese treatment developed with a focus on beautiful hair through caring for the scalp and hair. Moisturizes the hair while add,"Water, Glycerin (Check packaging for full details)"
644,OFF & RELAX,OFF & RELAX Hot Spring Water Silky Night Repair Spa Treatment (460ml),Conditioner,R1033.24,—,$25.00,R361.63,Tier C (Long-tail),65%,No local comp,https://kiyoko.com/products/off-relax-hot-spring-water-silky-night-repair-spa-treatment-460ml-400ml,The Skin Boutique Curates: OFF & RELAX Hot Spring Water Silky Night Repair Spa Treatment (460ml) A Japanese hair line that repairs hair overnight. Authentically sourced and independently curated by Th,"Water, Glycerin, Cetanol, Stearyl Alcohol, Amodimethicone, Behentrimonium Chloride, Sodium Cocoyl Methyl Taurate, Sodium Cocoyl Methyl Taurate, Taurine, Meadowfoam Delta-Lactone, Yuzu Fruit Extract, U"
645,OFF & RELAX,OFF & RELAX Hot Spring Water Deep Cleanse Spa Treatment (460ml),Conditioner,R1033.24,—,$25.00,R361.63,Tier C (Long-tail),65%,No local comp,https://kiyoko.com/products/off-relax-hot-spring-water-deep-cleanse-spa-treatment-460ml-400ml,The Skin Boutique Curates: OFF & RELAX Hot Spring Water Deep Cleanse Spa Treatment (460ml) A deep cleansing hair line focused on excess sebum. Authentically sourced and independently curated by The Sk,"Water, Stearyl Alcohol, Cetanol, Stearoxypropyltrimonium Chloride, Amodimethicone, Hydrolyzed Cornstarch, Hot Spring Water, Saccharomyces/Zinc Culture, Dilauroylglutamate Lysine Sodium, Sake Lees Extr"
646,&honey,&honey Deep Moist Treatment 2.0 (445ml),Conditioner,R909.25,—,$22.00,R318.24,Tier C (Long-tail),65%,No local comp,https://kiyoko.com/products/honey-deep-moist-treatment-2-0-445ml-1,"The Skin Boutique Curates: &honey Deep Moist Treatment 2.0 (445ml) A deep hydrating, moisture-sustaining treatment with a luxurious blend of honey! Authentically sourced and independently curated by T","Water, Glycerin (Check packaging for full details)"
647,ISNTREE,ISNTREE Hyaluronic Acid Low PH Cleansing Foam (150ml),Foam Cleanser,R867.92,—,$21.00,R303.77,Tier C (Long-tail),65%,No local comp,https://kiyoko.com/products/isntree-hyaluronic-acid-low-ph-cleansing-foam-150ml,"The Skin Boutique Curates: ISNTREE Hyaluronic Acid Low PH Cleansing Foam (150ml) A low-pH, creamy soft foam cleanser that maintains the skin's natural moisture balance Authentically sourced and indepe","Water, Sodium Cocoyl Isethionate, Glycerin, Sodium Methyl Cocoyl Taurate, Glycol Distearate, Potassium Cocoate, Potassium Cocoyl Glycinate, Caprylyl/Capryl Glucoside, Sodium Hyaluronate, Hydrolyzed Hy"
648,Ishizawa,ISHIZAWA KEANA Nadeshiko Rice Powder Wash (50g),Foam Cleanser,R826.59,—,$20.00,R289.31,Tier C (Long-tail),65%,No local comp,https://kiyoko.com/products/ishizawa-keana-nadeshiko-rice-powder-wash-50g,The Skin Boutique Curates: ISHIZAWA KEANA Nadeshiko Rice Powder Wash (50g) A powder-to-foam face wash for enlarged pores Authentically sourced and independently curated by The Skin Boutique — your tru,"Kaolin, Rice Flour, Olefin (C14-16) Sodium Sulfonate, Dextrin, Rice Fermentation Liquid, Rice Bran Oil, Glycosphingolipids, Rice Bran Extract, BG, Arginine, Glycerin, Hydrogenated Lecithin, Hydrogenat"
649,ROUND LAB,ROUND LAB 1025 Dokdo Bubble Foam (150ml),Foam Cleanser,R867.92,—,$21.00,R303.77,Tier C (Long-tail),65%,No local comp,https://kiyoko.com/products/round-lab-1025-dokdo-bubble-foam-150ml,"The Skin Boutique Curates: ROUND LAB 1025 Dokdo Bubble Foam (150ml) A creamy, foaming cleanser suitable for all skin types. It cleanses away impurities and makeup and removes excess sebum. Authentical","Water, Glycerin (Check packaging for full details)"
650,Curél,Curél Intensive Moisture Care Foaming Wash (150ml),Foam Cleanser,R826.59,—,$20.00,R289.31,Tier C (Long-tail),65%,No local comp,https://kiyoko.com/products/curel-intensive-moisture-care-foaming-wash-150ml-1,The Skin Boutique Curates: Curél Intensive Moisture Care Foaming Wash (150ml) Ultra-soft water-based foam cleanser specially designed for dry and sensitive skin types. Authentically sourced and indepe,"Water/Aqua, Glycerin, Maltitol, Propylene Glycol, PEG-150, Sodium Cocoyl Glutamate, Sodium Lauroyl Aspartate, Lauryl Hydroxysultaine, Polysorbate 60, Ethylhexylglycerin, Disodium EDTA, Dipotassium Gly"
651,JOOCYEE,JOOCYEE Happy Me Day Crystal Gloss (8ml),Lip Gloss,R495.96,—,$12.00,R173.59,Tier C (Long-tail),65%,No local comp,https://kiyoko.com/products/joocyee-crystal-gloss-lipstick-8ml,The Skin Boutique Curates: JOOCYEE Happy Me Day Crystal Gloss (8ml) Experience the best of K-Beauty with JOOCYEE Happy Me Day Crystal Gloss (8ml) by JOOCYEE — a premium formula crafted to transform yo,"Water, Glycerin (Full ingredients list under review)"
652,JUDYDOLL,JUDYDOLL Gummy Plump Peptide Lip Oil (6.5g),Lip Gloss,R454.63,—,$11.00,R159.12,Tier C (Long-tail),65%,No local comp,https://kiyoko.com/products/judydoll-lip-oil-6-5g,"The Skin Boutique Curates: JUDYDOLL Gummy Plump Peptide Lip Oil (6.5g) JUDYDOLL Lip Oils features a clear, non-sticky formulation that imparts a dewy and luscious appearance to the lips. Its a great l","Water, Glycerin (Check packaging for full details)"
653,TIRTIR,TIRTIR Waterism Lip Plumper (3.3g),Lip Gloss,R619.95,—,$15.00,R216.98,Tier C (Long-tail),65%,No local comp,https://kiyoko.com/products/tirtir-waterism-lip-plumper-3-3g,The Skin Boutique Curates: TIRTIR Waterism Lip Plumper (3.3g) TIRTIR Waterism Lip Plumper delivers a glassy shine and a naturally plumped appearance to lips without a sticky feel. Its gel-oil texture ,"Water, Glycerin (Check packaging for full details)"
654,TIRTIR,TIRTIR Waterism Glow Tint (4g),Lip Gloss,R785.27,—,$19.00,R274.84,Tier C (Long-tail),65%,No local comp,https://kiyoko.com/products/tirtir-waterism-glow-tint-4g,The Skin Boutique Curates: TIRTIR Waterism Glow Tint (4g) Experience the best of K-Beauty with TIRTIR Waterism Glow Tint (4g) by TIRTIR — a premium formula crafted to transform your skincare routine. ,"Water, Glycerin (Full ingredients list under review)"
655,JOOCYEE,JOOCYEE MagneGlow Lip Gloss (6g),Lip Gloss,R661.28,—,$16.00,R231.45,Tier C (Long-tail),65%,No local comp,https://kiyoko.com/products/joocyee-magneglow-lip-gloss-6g,The Skin Boutique Curates: JOOCYEE MagneGlow Lip Gloss (6g) JOOCYEE MagneGlow Lip Gloss features a mesmerizing cat eye effect that shifts and shimmers with every movement. Powered by safe magnetic tec,"Water, Glycerin (Check packaging for full details)"
656,JOOCYEE,JOOCYEE Dewdrop Glaze Lip Oil (1.9g),Lip Gloss,R619.95,—,$15.00,R216.98,Tier C (Long-tail),65%,No local comp,https://kiyoko.com/products/joocyee-dewdrop-glaze-lip-oil,The Skin Boutique Curates: JOOCYEE Dewdrop Glaze Lip Oil (1.9g) Experience the best of K-Beauty with JOOCYEE Dewdrop Glaze Lip Oil (1.9g) by JOOCYEE — a premium formula crafted to transform your skinc,"Water, Glycerin (Full ingredients list under review)"
657,JOOCYEE,JOOCYEE 2-IN-1 Lip Liner And Gloss (0.13g + 2.3g),Lip Gloss,R661.28,—,$16.00,R231.45,Tier C (Long-tail),65%,No local comp,https://kiyoko.com/products/joocyee-plump-glossy-dual-lip-combo,The Skin Boutique Curates: JOOCYEE 2-IN-1 Lip Liner And Gloss (0.13g + 2.3g) Experience the best of K-Beauty with JOOCYEE 2-IN-1 Lip Liner And Gloss (0.13g + 2.3g) by JOOCYEE — a premium formula craft,"Water, Glycerin (Full ingredients list under review)"
658,JOOCYEE,JOOCYEE New Smoky Glazed Gloss (4g),Lip Gloss,R661.28,—,$16.00,R231.45,Tier C (Long-tail),65%,No local comp,https://kiyoko.com/products/joocyee-new-smoky-glazed-gloss,"The Skin Boutique Curates: JOOCYEE New Smoky Glazed Gloss (4g) Achieve a plump, glazed pout with this innovative lip gloss. The lightweight formula delivers translucent color while menthol provides a ","Water, Glycerin (Check packaging for full details)"
659,JUDYDOLL,JUDYDOLL Dual Flash Watery Lip Gloss (2.4g),Lip Gloss,R454.63,—,$11.00,R159.12,Tier C (Long-tail),65%,No local comp,https://kiyoko.com/products/judydoll-dual-flash-watery-lip-gloss-2-4g,"The Skin Boutique Curates: JUDYDOLL Dual Flash Watery Lip Gloss (2.4g) JUDYDOLL Dual Flash Watery Lip Gloss feature is a watery, non-sticky texture that glides smoothly on lips without feeling heavy. ","Water, Glycerin (Check packaging for full details)"
660,nuse,nuse Mousse Liptual (4.5g),Lip Gloss,R619.95,—,$15.00,R216.98,Tier C (Long-tail),65%,No local comp,https://kiyoko.com/products/nuse-mousse-liptual-4-5g,The Skin Boutique Curates: nuse Mousse Liptual (4.5g) Experience the best of K-Beauty with nuse Mousse Liptual (4.5g) by nuse — a premium formula crafted to transform your skincare routine. Authentica,"Water, Glycerin (Full ingredients list under review)"
661,nuse,nuse Care Liptual (4.5g),Lip Gloss,R619.95,—,$15.00,R216.98,Tier C (Long-tail),65%,No local comp,https://kiyoko.com/products/nuse-care-liptual-4-5g,The Skin Boutique Curates: nuse Care Liptual (4.5g) Experience the best of K-Beauty with nuse Care Liptual (4.5g) by nuse — a premium formula crafted to transform your skincare routine. Authentically ,"Water, Glycerin (Full ingredients list under review)"
662,nuse,nuse Reju Lip Gloss (10.5g),Lip Gloss,R578.62,—,$14.00,R202.52,Tier C (Long-tail),65%,No local comp,https://kiyoko.com/products/nuse-reju-lip-gloss-10-5g,The Skin Boutique Curates: nuse Reju Lip Gloss (10.5g) PDRN infused lip gloss for plump and hydrated lips. Authentically sourced and independently curated by The Skin Boutique — your trusted destinati,"Water, Glycerin (Check packaging for full details)"
663,fwee,fwee 3D Voluming Gloss (5.3g),Lip Gloss,R619.95,—,$15.00,R216.98,Tier C (Long-tail),65%,No local comp,https://kiyoko.com/products/fwee-3d-voluming-gloss-5-3g-1,The Skin Boutique Curates: fwee 3D Voluming Gloss (5.3g) A lip-gloss that is infused with botanical oils and gives an instant volumizing glow Authentically sourced and independently curated by The Ski,"Hydrogenated Polyisobutene, Bis-Diglyceryl Polyacyladipate-2, Hydrogenated Castor Oil Isostearate, Diisostearyl Malate, Bis-Behenyl/Isostearyl/Phytosteryl Dimer Dilinoleyl Dimer Dilinoleate, Hydrogena"
664,fwee,fwee 3D Changing Gloss (5.3g),Lip Gloss,R619.95,—,$15.00,R216.98,Tier C (Long-tail),65%,No local comp,https://kiyoko.com/products/fwee-3d-changing-gloss-5-3g,The Skin Boutique Curates: fwee 3D Changing Gloss (5.3g) A unique color filtering lip gloss that provides a glazed lip effect Authentically sourced and independently curated by The Skin Boutique — you,"Water, Glycerin (Check packaging for full details)"
665,Medicube,Medicube PDRN Pink Collagen Toning Gel Toner Pad,Toner Pads,R82.66,—,$2.00,R28.93,Tier C (Long-tail),65%,No local comp,https://kiyoko.com/products/medicube-pdrn-pink-collagen-toning-gel-toner-pad-70-pcs,The Skin Boutique Curates: Medicube PDRN Pink Collagen Toning Gel Toner Pad Collagen bouncy pink gel pads for smooth and plumped skin Authentically sourced and independently curated by The Skin Boutiq,"Water, Glycerin, Methylpropanediol, Niacinamide, Xylitol, Hydroxyacetophenone, Octyldodeceth-16, Diglycerin, Allantoin, Cellulose Gum, Ethylhexylglycerin, Hydroxyethylcellulose, Sodium Citrate, Sodium"
666,Laka,LAKA Jelling Nude Gloss (4.5g),Lip Gloss,R495.96,—,$12.00,R173.59,Tier C (Long-tail),65%,No local comp,https://kiyoko.com/products/laka-jelling-nude-gloss-4-5g,The Skin Boutique Curates: LAKA Jelling Nude Gloss (4.5g) A transparent and smooth glowy lip colour that applies like a lip balm Authentically sourced and independently curated by The Skin Boutique — ,"Water, Glycerin (Check packaging for full details)"
667,Medicube,Medicube Exosome Cica Calming Pad,Toner Pads,R82.66,—,$2.00,R28.93,Tier C (Long-tail),65%,No local comp,https://kiyoko.com/products/medicube-exosome-cica-calming-pad-100-pcs,The Skin Boutique Curates: Medicube Exosome Cica Calming Pad Daily toner pad for troubled skin Authentically sourced and independently curated by The Skin Boutique — your trusted destination for premi,"Water, Dipropylene glycol, Glycerin, Niacinamide, Glycereth-26, Diphenyl dimethicone, Triethylhexanoin, Chlorphenesin, Hydrogenated lecithin, Polyclyceryl-10 oleate, Propanediol, Polyglycerly-10 laura"
668,JUDYDOLL,JUDYDOLL Watery Lip Gloss (2.4g),Lip Gloss,R454.63,—,$11.00,R159.12,Tier C (Long-tail),65%,No local comp,https://kiyoko.com/products/judydoll-watery-lip-gloss,The Skin Boutique Curates: JUDYDOLL Watery Lip Gloss (2.4g) An innovative lip gloss with metallic ice ironing technology. Authentically sourced and independently curated by The Skin Boutique — your tr,"Water, Glycerin (Check packaging for full details)"
669,Medicube,Medicube Deep Vita C Pad,Toner Pads,R82.66,—,$2.00,R28.93,Tier C (Long-tail),65%,No local comp,https://kiyoko.com/products/medicube-deep-vita-c-pad-70pcs,"The Skin Boutique Curates: Medicube Deep Vita C Pad Highly effective toner pads to unveil a clearer, brighter complexion Authentically sourced and independently curated by The Skin Boutique — your tru","Hippophae Rhamnoides Water, Water(Aqua), Methyl Gluceth-20, Methylpropanediol, Niacinamide, Glycereth-26, Methyl Gluceth-10, Polyglycerin-3, 1,2-Hexanediol, Gluconolactone, 3-O-Ethyl Ascorbic Acid, Et"
670,Romand,rom&nd Glasting Color Gloss (4g),Lip Gloss,R454.63,—,$11.00,R159.12,Tier C (Long-tail),65%,No local comp,https://kiyoko.com/products/rom-nd-glasting-color-gloss-4g,The Skin Boutique Curates: rom&nd Glasting Color Gloss (4g) Effortlessly plump and juicy glow reminiscent of an angel ring on your lips Authentically sourced and independently curated by The Skin Bout,"Water, Glycerin (Check packaging for full details)"
671,Romand,rom&nd Glasting Water Gloss (4.5g),Lip Gloss,R454.63,—,$11.00,R159.12,Tier C (Long-tail),65%,No local comp,https://kiyoko.com/products/rom-nd-glasting-water-gloss-4-5g,The Skin Boutique Curates: rom&nd Glasting Water Gloss (4.5g) A transparent and sparkly lip gloss that glimmers under the light! Authentically sourced and independently curated by The Skin Boutique — ,"Water, Glycerin (Check packaging for full details)"
672,PYUNKANG YUL,PYUNKANG YUL Ultimate Calming Solution Ampoule (30ml),Ampoule,R289.31,—,$7.00,R101.26,Tier C (Long-tail),65%,No local comp,https://kiyoko.com/products/pyunkang-yul-ultimate-calming-solution-ampoule-30ml,"The Skin Boutique Curates: PYUNKANG YUL Ultimate Calming Solution Ampoule (30ml) Ultimate ampoule to calm skin troubles, balance oil and moisture, and strengthen the moisture barrier. Authentically so","Water, Glycerin, Methylpropanediol, Phellodendron Amurense Bark Extract, Paeonia Lactiflora Bark/Sap Extract, Scutellaria Baicalensis Root Extract, Mentha Arvensis Extract, Butylene Glycol, Dipropylen"
673,OFF & RELAX,OFF & RELAX 2.0 Spa Shampoo Fluffy Refresh (460ml),Shampoo,R1033.24,—,$25.00,R361.63,Tier C (Long-tail),65%,No local comp,https://kiyoko.com/products/off-relax-2-0-spa-shampoo-fluffy-refresh-460ml-1,"The Skin Boutique Curates: OFF & RELAX 2.0 Spa Shampoo Fluffy Refresh (460ml) Renewed formula focusing on scalp health and lightweight, shiny volume. Authentically sourced and independently curated by","Water, Glycerin (Check packaging for full details)"
674,OFF & RELAX,OFF & RELAX 2.0 Spa Shampoo Glossy Moisture (460ml),Shampoo,R1033.24,—,$25.00,R361.63,Tier C (Long-tail),65%,No local comp,https://kiyoko.com/products/off-relax-2-0-spa-shampoo-glossy-moisture-460ml,The Skin Boutique Curates: OFF & RELAX 2.0 Spa Shampoo Glossy Moisture (460ml) Renewed formula focusing on scalp health and shiny moisture. Authentically sourced and independently curated by The Skin ,"Water, Glycerin (Check packaging for full details)"
675,Unove,UNOVE Deep Damage Repair Shampoo (500ml),Shampoo,R1033.24,—,$25.00,R361.63,Tier C (Long-tail),65%,No local comp,https://kiyoko.com/products/unove-deep-damage-repair-shampoo-500ml,The Skin Boutique Curates: UNOVE Deep Damage Repair Shampoo (500ml) A shampoo to protect hair cuticles and maintain a healthy scalp microbiome Authentically sourced and independently curated by The Sk,"Water, Glycerin (Check packaging for full details)"
676,OFF & RELAX,OFF & RELAX SPA Shampoo Moisture (460ml),Shampoo,R1033.24,—,$25.00,R361.63,Tier C (Long-tail),65%,No local comp,https://kiyoko.com/products/off-relax-spa-shampoo-moisture-460ml-400ml,The Skin Boutique Curates: OFF & RELAX SPA Shampoo Moisture (460ml) A Japanese shampoo developed with a focus on beautiful hair through caring for the scalp and hair. For those who are worried about d,"Water, Glycerin (Check packaging for full details)"
677,OFF & RELAX,OFF & RELAX SPA Shampoo Refresh (460ml),Shampoo,R1033.24,—,$25.00,R361.63,Tier C (Long-tail),65%,No local comp,https://kiyoko.com/products/off-relax-spa-shampoo-refresh-460ml-400ml,The Skin Boutique Curates: OFF & RELAX SPA Shampoo Refresh (460ml) A Japanese shampoo developed with a focus on beautiful hair through caring for the scalp and hair. Moisturizes the hair while adding ,"Water, Glycerin (Check packaging for full details)"
678,OFF & RELAX,OFF & RELAX Hot Spring Water Silky Night Repair Spa Shampoo (460ml),Shampoo,R1033.24,—,$25.00,R361.63,Tier C (Long-tail),65%,No local comp,https://kiyoko.com/products/off-relax-hot-spring-water-silky-night-repair-spa-shampoo-460ml-400ml,The Skin Boutique Curates: OFF & RELAX Hot Spring Water Silky Night Repair Spa Shampoo (460ml) A Japanese hair line that repairs hair overnight. Authentically sourced and independently curated by The ,"Water, Cocoyl Methyltaurine Soap, Lauryl Hydroxysultaine, Cocamide Methyl MEA, Cocoyl Methyltaurine Sodium, Glycerin, Hot Spring Water, Taurine, Meadowfoam Delta-Lactone, Yusubinon, Trehalose, Sodium "
679,OFF & RELAX,OFF & RELAX Hot Spring Water Deep Cleanse Spa Shampoo (460ml),Shampoo,R1033.24,—,$25.00,R361.63,Tier C (Long-tail),65%,No local comp,https://kiyoko.com/products/off-relax-hot-spring-water-deep-cleanse-spa-shampoo-460ml-400ml,The Skin Boutique Curates: OFF & RELAX Hot Spring Water Deep Cleanse Spa Shampoo (460ml) A deep cleansing hair line focused on excess sebum. Authentically sourced and independently curated by The Skin,"Water, Sodium Olefin (C14-16) Sulfonate, Lauryl Hydroxysultaine, Cocamide Methyl MEA, Sodium Cocoyl Methyl Taurine, Sodium Cocoyl Methyl Taurine Taurate, Hydrolyzed Corn Starch, Hot Spring Water, Sacc"
680,&honey,&honey Deep Moist Shampoo 1.0 (450g),Shampoo,R909.25,—,$22.00,R318.24,Tier C (Long-tail),65%,No local comp,https://kiyoko.com/products/honey-deep-moist-shampoo-1-0-450g,"The Skin Boutique Curates: &honey Deep Moist Shampoo 1.0 (450g) A deep hydrating, moisture-sustaining shampoo with a luxurious blend of honey! Authentically sourced and independently curated by The Sk","Water, Glycerin (Check packaging for full details)"
681,MAPEPE,MAPEPE Natural Mix Brush (Volume Care),Hair Tools,R702.61,—,$17.00,R245.91,Tier C (Long-tail),65%,No local comp,https://kiyoko.com/products/mapepe-natural-mix-brush-volume-care,The Skin Boutique Curates: MAPEPE Natural Mix Brush (Volume Care) Experience the best of K-Beauty with MAPEPE Natural Mix Brush (Volume Care) by MAPEPE — a premium formula crafted to transform your sk,"Water, Glycerin (Full ingredients list under review)"
682,MAPEPE,MAPEPE Detangling Brush (Pocket Size),Hair Tools,R371.97,—,$9.00,R130.19,Tier C (Long-tail),65%,No local comp,https://kiyoko.com/products/mapepe-detangling-brush-pocket-size,The Skin Boutique Curates: MAPEPE Detangling Brush (Pocket Size) Experience the best of K-Beauty with MAPEPE Detangling Brush (Pocket Size) by MAPEPE — a premium formula crafted to transform your skin,"Water, Glycerin (Full ingredients list under review)"
683,MAPEPE,MAPEPE Natural Mix Brush (Mini),Hair Tools,R619.95,—,$15.00,R216.98,Tier C (Long-tail),65%,No local comp,https://kiyoko.com/products/mapepe-natural-mix-brush-mini,The Skin Boutique Curates: MAPEPE Natural Mix Brush (Mini) Experience the best of K-Beauty with MAPEPE Natural Mix Brush (Mini) by MAPEPE — a premium formula crafted to transform your skincare routine,"Water, Glycerin (Full ingredients list under review)"
684,MAPEPE,MAPEPE Natural Mix Roll Brush,Hair Tools,R743.94,—,$18.00,R260.38,Tier C (Long-tail),65%,No local comp,https://kiyoko.com/products/mapepe-mix-roll-brush,The Skin Boutique Curates: MAPEPE Natural Mix Roll Brush Experience the best of K-Beauty with MAPEPE Natural Mix Roll Brush by MAPEPE — a premium formula crafted to transform your skincare routine. Au,"Water, Glycerin (Full ingredients list under review)"
685,MAPEPE,MAPEPE Anti-Static Blow Brush,Hair Tools,R537.29,—,$13.00,R188.05,Tier C (Long-tail),65%,No local comp,https://kiyoko.com/products/mapepe-anti-static-blow-brush,The Skin Boutique Curates: MAPEPE Anti-Static Blow Brush Experience the best of K-Beauty with MAPEPE Anti-Static Blow Brush by MAPEPE — a premium formula crafted to transform your skincare routine. Au,"Water, Glycerin (Full ingredients list under review)"
686,MAPEPE,MAPEPE Natural Mix Roll Brush (Mini),Hair Tools,R619.95,—,$15.00,R216.98,Tier C (Long-tail),65%,No local comp,https://kiyoko.com/products/mapepe-natural-mix-roll-brush-mini,The Skin Boutique Curates: MAPEPE Natural Mix Roll Brush (Mini) Experience the best of K-Beauty with MAPEPE Natural Mix Roll Brush (Mini) by MAPEPE — a premium formula crafted to transform your skinca,"Water, Glycerin (Full ingredients list under review)"
687,MAPEPE,MAPEPE Bathtime Scalp Cushion Cleansing,Hair Tools,R454.63,—,$11.00,R159.12,Tier C (Long-tail),65%,No local comp,https://kiyoko.com/products/mapepe-bathtime-scalp-cushion-cleansing,The Skin Boutique Curates: MAPEPE Bathtime Scalp Cushion Cleansing Experience the best of K-Beauty with MAPEPE Bathtime Scalp Cushion Cleansing by MAPEPE — a premium formula crafted to transform your ,"Water, Glycerin (Full ingredients list under review)"
688,MAPEPE,MAPEPE Detangling Brush (Long & Hard),Hair Tools,R619.95,—,$15.00,R216.98,Tier C (Long-tail),65%,No local comp,https://kiyoko.com/products/mapepe-detangling-brush-long-hard,"The Skin Boutique Curates: MAPEPE Detangling Brush (Long & Hard) The MAPEPE Detangling Brush features a gentle, ergonomic arch that sits comfortably against your scalp while delivering professional de","Water, Glycerin (Check packaging for full details)"
689,MAPEPE,MAPEPE Detangling Brush (Hard),Hair Tools,R619.95,—,$15.00,R216.98,Tier C (Long-tail),65%,No local comp,https://kiyoko.com/products/mapepe-detangling-brush-hard,The Skin Boutique Curates: MAPEPE Detangling Brush (Hard) Experience the best of K-Beauty with MAPEPE Detangling Brush (Hard) by MAPEPE — a premium formula crafted to transform your skincare routine. ,"Water, Glycerin (Full ingredients list under review)"
690,MAPEPE,MAPEPE Anti-Static Folding Brush,Hair Tools,R454.63,—,$11.00,R159.12,Tier C (Long-tail),65%,No local comp,https://kiyoko.com/products/mapepe-anti-static-folding-brush,"The Skin Boutique Curates: MAPEPE Anti-Static Folding Brush The MAPEPE Anti-Static Folding Brush features an advanced static elimination system that neutralizes electrical charge, eliminating frizz an","Water, Glycerin (Check packaging for full details)"
691,MAPEPE,MAPEPE Bathtime Haircare Comb,Hair Tools,R454.63,—,$11.00,R159.12,Tier C (Long-tail),65%,No local comp,https://kiyoko.com/products/mapepe-bathtime-haircare-comb,The Skin Boutique Curates: MAPEPE Bathtime Haircare Comb Experience the best of K-Beauty with MAPEPE Bathtime Haircare Comb by MAPEPE — a premium formula crafted to transform your skincare routine. Au,"Water, Glycerin (Full ingredients list under review)"
692,MAPEPE,MAPEPE Hair Brush Cleaner,Hair Tools,R330.64,—,$8.00,R115.72,Tier C (Long-tail),65%,No local comp,https://kiyoko.com/products/mapepe-hair-brush-cleaner,The Skin Boutique Curates: MAPEPE Hair Brush Cleaner Experience the best of K-Beauty with MAPEPE Hair Brush Cleaner by MAPEPE — a premium formula crafted to transform your skincare routine. Authentica,"Water, Glycerin (Full ingredients list under review)"
693,MAPEPE,MAPEPE Detangling Brush (Long),Hair Tools,R619.95,—,$15.00,R216.98,Tier C (Long-tail),65%,No local comp,https://kiyoko.com/products/mapepe-detangling-brush-long,"The Skin Boutique Curates: MAPEPE Detangling Brush (Long) The MAPEPE Detangling Brush (Long) features a gentle, curved design that fits comfortably against the scalp for effortless detangling. With so","Water, Glycerin (Check packaging for full details)"
694,MAPEPE,MAPEPE Detangling Brush Mini (Wet and Dry Hair),Hair Tools,R537.29,—,$13.00,R188.05,Tier C (Long-tail),65%,No local comp,https://kiyoko.com/products/mapepe-detangling-brush-mini-wet-and-dry-hair,The Skin Boutique Curates: MAPEPE Detangling Brush Mini (Wet and Dry Hair) Experience the best of K-Beauty with MAPEPE Detangling Brush Mini (Wet and Dry Hair) by MAPEPE — a premium formula crafted to,"Water, Glycerin (Full ingredients list under review)"
695,MAPEPE,MAPEPE Detangling Brush (Wet and Dry Hair),Hair Tools,R619.95,—,$15.00,R216.98,Tier C (Long-tail),65%,No local comp,https://kiyoko.com/products/mapepe-detangling-brush-wet-and-dry-hair,The Skin Boutique Curates: MAPEPE Detangling Brush (Wet and Dry Hair) Experience the best of K-Beauty with MAPEPE Detangling Brush (Wet and Dry Hair) by MAPEPE — a premium formula crafted to transform,"Water, Glycerin (Full ingredients list under review)"
696,Skin1004,SKIN1004 Madagascar Centella Poremizing Quick Clay Stick Mask (27g),Wash-off Face Mask,R661.28,—,$16.00,R231.45,Tier C (Long-tail),65%,No local comp,https://kiyoko.com/products/skin1004-madagascar-centella-poremizing-quick-clay-stick-mask-27g,The Skin Boutique Curates: SKIN1004 Madagascar Centella Poremizing Quick Clay Stick Mask (27g) A gel sheet mask with three times the standard moisture content to intensely soothe and hydrate the skin.,"Water, Glycerin (Check packaging for full details)"
697,Medicube,Medicube PDRN Hydrating Gel Cleanser,Foam Cleanser,R206.65,—,$5.00,R72.33,Tier C (Long-tail),65%,No local comp,https://kiyoko.com/products/medicube-pdrn-hydrating-gel-cleanser-200ml,The Skin Boutique Curates: Medicube PDRN Hydrating Gel Cleanser Hydrating jelly cleanser to gently remove impurities and boost skin glow Authentically sourced and independently curated by The Skin Bou,"Water, Glycerin (Check packaging for full details)"
698,APRILSKIN,APRILSKIN Carrotene Pore Clay Mask (100g),Wash-off Face Mask,R537.29,—,$13.00,R188.05,Tier C (Long-tail),65%,No local comp,https://kiyoko.com/products/aprilskin-carrotene-pore-clay-mask-100g,The Skin Boutique Curates: APRILSKIN Carrotene Pore Clay Mask (100g) A 3-minute quick dry clay mask that absorbs excess sebum while soothing the skin. Authentically sourced and independently curated b,"Water, Glycerin (Check packaging for full details)"
699,ILSO,ILSO Clean Mud Cream (100g),Wash-off Face Mask,R702.61,—,$17.00,R245.91,Tier C (Long-tail),65%,No local comp,https://kiyoko.com/products/ilso-clean-mud-cream-100g,The Skin Boutique Curates: ILSO Clean Mud Cream (100g) is a gentle yet powerful mud mask that thoroughly removes skin impurities and dead skin cells clogged inside pores while keeping skin clean and p,"Water, Glycerin (Check packaging for full details)"
700,Beauty of Joseon,Beauty of Joseon Relief Sun Aqua-Fresh Rice+B5 (SPF50+ PA++++) Special Edition Set (50ml+50ml+fan),Sunscreen,R1446.54,—,$35.00,R506.29,Tier C (Long-tail),65%,No local comp,https://kiyoko.com/products/beauty-of-joseon-relief-sun-aqua-fresh-rice-b5-spf50-pa-special-edition-set-50ml-50ml-fan,"The Skin Boutique Curates: Beauty of Joseon Relief Sun Aqua-Fresh Rice+B5 (SPF50+ PA++++) Special Edition Set (50ml+50ml+fan) A sheer and weightless sun cream and bamboo fan combo, as the perfect sun ","Water, Oryza Sativa (Rice) Seed Water, Dibutyl Adipate, Butyloctyl Salicylate, Ethylhexyl Triazone, Drometrizole Trisiloxane, Polyglyceryl-3 Distearate, Terephthalylidene Dicamphor Sulfonic Acid, Diet"
701,SKINFOOD,SKINFOOD Strawberry Sugar Food Mask (120g),Wash-off Face Mask,R661.28,—,$16.00,R231.45,Tier C (Long-tail),65%,No local comp,https://kiyoko.com/products/skinfood-strawberry-sugar-food-mask-120g,The Skin Boutique Curates: SKINFOOD Strawberry Sugar Food Mask (120g) An exfoliating wash-off mask that purifies pores and enhances skin texture. Authentically sourced and independently curated by The,"Water, Glycerin (Check packaging for full details)"
702,SKINFOOD,SKINFOOD Black Sugar Mask Wash-Off (120g),Wash-off Face Mask,R619.95,—,$15.00,R216.98,Tier C (Long-tail),65%,No local comp,https://kiyoko.com/products/skinfood-black-sugar-mask-wash-off-120g,"The Skin Boutique Curates: SKINFOOD Black Sugar Mask Wash-Off (120g) A cult classic exfoliating wash-off mask that leaves skin soft, smooth, and radiant. Authentically sourced and independently curate","Water, Glycerin (Check packaging for full details)"
703,ROSY ROSA,ROSY ROSA Make Up Sponge - Egg (2pc),Makeup Sponge,R206.65,—,$5.00,R72.33,Tier C (Long-tail),65%,No local comp,https://kiyoko.com/products/rosy-rosa-make-up-sponge-egg-2pc,The Skin Boutique Curates: ROSY ROSA Make Up Sponge - Egg (2pc) Smooth egg-shaped s ponge made of NBR Authentically sourced and independently curated by The Skin Boutique — your trusted destination fo,"Water, Glycerin (Check packaging for full details)"
704,ROSY ROSA,ROSY ROSA Moist Sponge - Square L,Makeup Sponge,R206.65,—,$5.00,R72.33,Tier C (Long-tail),65%,No local comp,https://kiyoko.com/products/rosy-rosa-moist-sponge-square-l,The Skin Boutique Curates: ROSY ROSA Moist Sponge - Square L Smooth elongated square shaped s ponge made of NBR Authentically sourced and independently curated by The Skin Boutique — your trusted dest,"Water, Glycerin (Check packaging for full details)"
705,ROSY ROSA,ROSY ROSA Jelly Touch Sponge - House (6pc),Makeup Sponge,R289.31,—,$7.00,R101.26,Tier C (Long-tail),65%,No local comp,https://kiyoko.com/products/rosy-rosa-jelly-touch-sponge-house-6pc,"The Skin Boutique Curates: ROSY ROSA Jelly Touch Sponge - House (6pc) Water-loving sponge to achieve a dewy, luminous finish with clear radiance. Authentically sourced and independently curated by The","Water, Glycerin (Check packaging for full details)"
706,ROSY ROSA,ROSY ROSA Natural Sea Sponge S (2pc),Makeup Sponge,R289.31,—,$7.00,R101.26,Tier C (Long-tail),65%,No local comp,https://kiyoko.com/products/rosy-rosa-natural-sea-sponge-s-2pc,The Skin Boutique Curates: ROSY ROSA Natural Sea Sponge S (2pc) Natural sea sponge for cleaning and makeup application Authentically sourced and independently curated by The Skin Boutique — your trust,"Water, Glycerin (Check packaging for full details)"
707,ROSY ROSA,ROSY ROSA Value Sponge - N Wedge (30pcs),Makeup Sponge,R289.31,—,$7.00,R101.26,Tier C (Long-tail),65%,No local comp,https://kiyoko.com/products/rosy-rosa-value-sponge-n-wedge-30pcs,"The Skin Boutique Curates: ROSY ROSA Value Sponge - N Wedge (30pcs) Wedge-shaped sponge, available in a value package. Authentically sourced and independently curated by The Skin Boutique — your trust","Water, Glycerin (Check packaging for full details)"
708,ROSY ROSA,ROSY ROSA Charcoal Makeup Sponge (6pcs),Makeup Sponge,R206.65,—,$5.00,R72.33,Tier C (Long-tail),65%,No local comp,https://kiyoko.com/products/rosy-rosa-charcoal-makeup-sponge-6pcs,The Skin Boutique Curates: ROSY ROSA Charcoal Makeup Sponge (6pcs) Charcoal infused multi-purpose makeup sponge Authentically sourced and independently curated by The Skin Boutique — your trusted dest,"Water, Glycerin (Check packaging for full details)"
709,ROSY ROSA,ROSY ROSA 100% Natural Cotton (72pcs),Makeup Sponge,R206.65,—,$5.00,R72.33,Tier C (Long-tail),65%,No local comp,https://kiyoko.com/products/rosy-rosa-100-natural-cotton-72pcs,The Skin Boutique Curates: ROSY ROSA 100% Natural Cotton (72pcs) Soft and smooth natural cotton! Authentically sourced and independently curated by The Skin Boutique — your trusted destination for pre,"Water, Glycerin (Check packaging for full details)"
710,ROSY ROSA,ROSY ROSA Smooth Fit Sponge (1pc),Makeup Sponge,R247.98,—,$6.00,R86.79,Tier C (Long-tail),65%,No local comp,https://kiyoko.com/products/rosy-rosa-smooth-fit-sponge-1pc,"The Skin Boutique Curates: ROSY ROSA Smooth Fit Sponge (1pc) Water-loving sponge that applies a thin, radiant layer of makeup Authentically sourced and independently curated by The Skin Boutique — you","Water, Glycerin (Check packaging for full details)"
711,ROSY ROSA,ROSY ROSA Fiber Brush (1pcs),Makeup Tools,R413.30,—,$10.00,R144.66,Tier C (Long-tail),65%,No local comp,https://kiyoko.com/products/rosy-rosa-fiber-brush-1pcs,"The Skin Boutique Curates: ROSY ROSA Fiber Brush (1pcs) Ultra-fine fiber brush with a smooth, gentle feel on the skin! Authentically sourced and independently curated by The Skin Boutique — your trust","Water, Glycerin (Check packaging for full details)"
712,ROSY ROSA,ROSY ROSA Double-Ended Concealer Brush (1pcs),Makeup Tools,R371.97,—,$9.00,R130.19,Tier C (Long-tail),65%,No local comp,https://kiyoko.com/products/rosy-rosa-double-ended-concealer-brush-1pcs,The Skin Boutique Curates: ROSY ROSA Double-Ended Concealer Brush (1pcs) Double-ended concealer brush for eye and face use. Authentically sourced and independently curated by The Skin Boutique — your ,"Water, Glycerin (Check packaging for full details)"
713,ROSY ROSA,ROSY ROSA Slide Lip Brush Mini - Pink (1pc),Makeup Sponge,R247.98,—,$6.00,R86.79,Tier C (Long-tail),65%,No local comp,https://kiyoko.com/products/rosy-rosa-slide-lip-brush-mini-pink-1pc,The Skin Boutique Curates: ROSY ROSA Slide Lip Brush Mini - Pink (1pc) Ultra-fine nylon lip brush with sliding case Authentically sourced and independently curated by The Skin Boutique — your trusted ,"Water, Glycerin (Check packaging for full details)"
714,ROSY ROSA,ROSY ROSA Eye Shadow Tip (6pcs),Makeup Sponge,R206.65,—,$5.00,R72.33,Tier C (Long-tail),65%,No local comp,https://kiyoko.com/products/rosy-rosa-eye-shadow-tip-6pcs,"The Skin Boutique Curates: ROSY ROSA Eye Shadow Tip (6pcs) Hygienic, dual-sided eyeshadow tips for perfecting eye makeup looks Authentically sourced and independently curated by The Skin Boutique — yo","Water, Glycerin (Check packaging for full details)"
715,ROSY ROSA,ROSY ROSA Value Sponge - N Square L (12pcs),Makeup Sponge,R206.65,—,$5.00,R72.33,Tier C (Long-tail),65%,No local comp,https://kiyoko.com/products/rosy-rosa-value-sponge-n-square-l-12pcs,"The Skin Boutique Curates: ROSY ROSA Value Sponge - N Square L (12pcs) Elongated square shaped sponge, available in a value package. Authentically sourced and independently curated by The Skin Boutiqu","Water, Glycerin (Check packaging for full details)"
716,ROSY ROSA,ROSY ROSA Fiber Eyeshadow Brush Set (2pcs),Makeup Tools,R371.97,—,$9.00,R130.19,Tier C (Long-tail),65%,No local comp,https://kiyoko.com/products/rosy-rosa-fiber-eyeshadow-brush-set-2pcs,"The Skin Boutique Curates: ROSY ROSA Fiber Eyeshadow Brush Set (2pcs) Ultra-fine fiber brushes with a smooth, gentle feel on the skin! Authentically sourced and independently curated by The Skin Bouti","Water, Glycerin (Check packaging for full details)"
717,ROSY ROSA,ROSY ROSA Value Sponge - N House S (30pcs),Makeup Sponge,R289.31,—,$7.00,R101.26,Tier C (Long-tail),65%,No local comp,https://kiyoko.com/products/rosy-rosa-value-sponge-n-house-s-30pcs,"The Skin Boutique Curates: ROSY ROSA Value Sponge - N House S (30pcs) House-shaped sponge, available in a value package. Authentically sourced and independently curated by The Skin Boutique — your tru","Water, Glycerin (Check packaging for full details)"
718,ROSY ROSA,ROSY ROSA Marshmallow Mousse Touch Puff,Makeup Sponge,R247.98,—,$6.00,R86.79,Tier C (Long-tail),65%,No local comp,https://kiyoko.com/products/rosy-rosa-marshmallow-mousse-touch-puff,The Skin Boutique Curates: ROSY ROSA Marshmallow Mousse Touch Puff Soft and plush makeup puff for liquid and powder makeup Authentically sourced and independently curated by The Skin Boutique — your t,"Water, Glycerin (Check packaging for full details)"
719,ROSY ROSA,ROSY ROSA Airy Touch Puff,Makeup Sponge,R289.31,—,$7.00,R101.26,Tier C (Long-tail),65%,No local comp,https://kiyoko.com/products/rosy-rosa-airy-touch-puff,The Skin Boutique Curates: ROSY ROSA Airy Touch Puff Meltingly smooth puff on the skin Authentically sourced and independently curated by The Skin Boutique — your trusted destination for premium K-Bea,"Water, Glycerin (Check packaging for full details)"
720,ROSY ROSA,ROSY ROSA Value Sponge - N Assorted NBR (30pcs),Makeup Sponge,R206.65,—,$5.00,R72.33,Tier C (Long-tail),65%,No local comp,https://kiyoko.com/products/rosy-rosa-value-sponge-n-assorted-nbr-30pcs,The Skin Boutique Curates: ROSY ROSA Value Sponge - N Assorted NBR (30pcs) Assortment of round and square shaped NBR sponges Authentically sourced and independently curated by The Skin Boutique — your,"Water, Glycerin (Check packaging for full details)"
721,ROSY ROSA,ROSY ROSA Value Sponge - N Diamond S (30pcs),Makeup Sponge,R289.31,—,$7.00,R101.26,Tier C (Long-tail),65%,No local comp,https://kiyoko.com/products/rosy-rosa-value-sponge-n-diamond-s-30pcs,"The Skin Boutique Curates: ROSY ROSA Value Sponge - N Diamond S (30pcs) Diamond-shaped sponge, available in a value package. Authentically sourced and independently curated by The Skin Boutique — your","Water, Glycerin (Check packaging for full details)"
722,FILLIMILLI,FILLIMILLI V Cut Foundation Brush 822,Makeup Tools,R661.28,—,$16.00,R231.45,Tier C (Long-tail),65%,No local comp,https://kiyoko.com/products/fillimilli-v-cut-foundation-brush-822,The Skin Boutique Curates: FILLIMILLI V Cut Foundation Brush 822 V-shaped foundation brush to fit facial contours. Authentically sourced and independently curated by The Skin Boutique — your trusted d,"Water, Glycerin (Check packaging for full details)"
723,FILLIMILLI,FILLIMILLI Flat Foundation Brush 820,Makeup Tools,R619.95,—,$15.00,R216.98,Tier C (Long-tail),65%,No local comp,https://kiyoko.com/products/fillimilli-flat-foundation-brush-820,"The Skin Boutique Curates: FILLIMILLI Flat Foundation Brush 820 Wide, thin foundation brush head. Authentically sourced and independently curated by The Skin Boutique — your trusted destination for pr","Water, Glycerin (Check packaging for full details)"
724,JUDYDOLL,JUDYDOLL Peel Off Stain and Plumping Oil Duo (2.4g + 2g),Lip Tint,R537.29,—,$13.00,R188.05,Tier C (Long-tail),65%,No local comp,https://kiyoko.com/products/judydoll-peel-off-stain-and-plumping-oil-duo-2-4g-2g,"The Skin Boutique Curates: JUDYDOLL Peel Off Stain and Plumping Oil Duo (2.4g + 2g) JUDYDOLL Peel Off Stain and Plumping Oil combined long lasting 'shell' stain with a dazzling pluming gloss, creating","Water, Glycerin (Check packaging for full details)"
725,fwee,fwee Pink Obsession Stay-Fit Lip Tint (3.8g),Lip Tint,R702.61,—,$17.00,R245.91,Tier C (Long-tail),65%,No local comp,https://kiyoko.com/products/fwee-pink-obsession-stay-fit-lip-tint-3-8g,The Skin Boutique Curates: fwee Pink Obsession Stay-Fit Lip Tint (3.8g) Longwearing lip tint in a variety of pink shades for your perfect color. Authentically sourced and independently curated by The ,"Water, Glycerin (Check packaging for full details)"
726,fwee,fwee 3D Voluming Tint (3.8g),Lip Tint,R619.95,—,$15.00,R216.98,Tier C (Long-tail),65%,No local comp,https://kiyoko.com/products/fwee-3d-voluming-tint-3-8g,The Skin Boutique Curates: fwee 3D Voluming Tint (3.8g) Glossy lip oil with a lasting colour tint and dewy glow. Authentically sourced and independently curated by The Skin Boutique — your trusted des,"Water, Glycerin (Check packaging for full details)"
727,PERIPERA,PERIPERA Ink Mood Glowy Tint (4g),Lip Tint,R495.96,—,$12.00,R173.59,Tier C (Long-tail),65%,No local comp,https://kiyoko.com/products/peripera-ink-mood-glowy-tint-4g,"The Skin Boutique Curates: PERIPERA Ink Mood Glowy Tint (4g) A glossy lip tint that plumps and moisturizes, giving a glass-like finish. Authentically sourced and independently curated by The Skin Bout","Water, Glycerin (Check packaging for full details)"
728,Romand,rom&nd The Juicy Lasting Tint (3.5g),Lip Tint,R454.63,—,$11.00,R159.12,Tier C (Long-tail),65%,No local comp,https://kiyoko.com/products/rom-nd-the-juicy-lasting-tint-3-5g-1,"The Skin Boutique Curates: rom&nd The Juicy Lasting Tint (3.5g) A glossy lip tint for effortless plump lips, offered in vivid fruity shades Authentically sourced and independently curated by The Skin ","Water, Glycerin (Check packaging for full details)"
729,Romand,rom&nd Glasting Water Tint (4g),Lip Tint,R454.63,—,$11.00,R159.12,Tier C (Long-tail),65%,No local comp,https://kiyoko.com/products/rom-nd-glasting-water-tint-4g-1,The Skin Boutique Curates: rom&nd Glasting Water Tint (4g) A glassy lip tint with excellent colour payoff and a long wear time. Authentically sourced and independently curated by The Skin Boutique — y,"Water, Glycerin (Check packaging for full details)"
730,Romand,rom&nd Juicy Lasting Tint (5.5g),Lip Tint,R454.63,—,$11.00,R159.12,Tier C (Long-tail),65%,No local comp,https://kiyoko.com/products/rom-nd-juicy-lasting-tint-5-5g,"The Skin Boutique Curates: rom&nd Juicy Lasting Tint (5.5g) A glossy lip tint for effortless plump lips, offered in vivid fruity shades. Authentically sourced and independently curated by The Skin Bou","Water, Glycerin (Check packaging for full details)"
731,Romand,rom&nd Dewyful Water Tint (5g),Lip Tint,R454.63,—,$11.00,R159.12,Tier C (Long-tail),65%,No local comp,https://kiyoko.com/products/rom-nd-dewyful-water-tint-5g,"The Skin Boutique Curates: rom&nd Dewyful Water Tint (5g) An ultra-glossy lip tint, available in pigmented shades and conditions the lips. Authentically sourced and independently curated by The Skin B","Water, Glycerin (Check packaging for full details)"
732,Romand,rom&nd Zero Velvet Tint (5.5g),Lip Tint,R454.63,—,$11.00,R159.12,Tier C (Long-tail),65%,No local comp,https://kiyoko.com/products/rom-nd-zero-velvet-tint-5-5g,The Skin Boutique Curates: rom&nd Zero Velvet Tint (5.5g) A lightweight matte lip tint with a velvety and mousse-like formula. Authentically sourced and independently curated by The Skin Boutique — yo,"Water, Glycerin (Check packaging for full details)"
733,Laka,LAKA Fruity Glam Tint (4.5g),Lip Tint,R495.96,—,$12.00,R173.59,Tier C (Long-tail),65%,No local comp,https://kiyoko.com/products/laka-fruity-glam-tint-4-5g,The Skin Boutique Curates: LAKA Fruity Glam Tint (4.5g) High-shine vegan lip tint with semi-sheer finish Authentically sourced and independently curated by The Skin Boutique — your trusted destination,"Water, Glycerin (Check packaging for full details)"
734,Laka,LAKA Popping Balloon Tint (4.5g),Lip Tint,R495.96,—,$12.00,R173.59,Tier C (Long-tail),65%,No local comp,https://kiyoko.com/products/laka-popping-balloon-tint-4-5g,The Skin Boutique Curates: LAKA Popping Balloon Tint (4.5g) A mild plumping lip tint offers extra moisture and care to create glossy plump lips Authentically sourced and independently curated by The S,"Water, Glycerin (Check packaging for full details)"
735,Medicube,Medicube Zero Pore Blackhead Deep Cleansing Oil,Oil Cleanser,R247.98,—,$6.00,R86.79,Tier C (Long-tail),65%,No local comp,https://kiyoko.com/products/medicube-zero-pore-blackhead-deep-cleansing-oil,The Skin Boutique Curates: Medicube Zero Pore Blackhead Deep Cleansing Oil A ll-in-One Deep Cleansing Oil Care for Deep Sebum and Blackheads Authentically sourced and independently curated by The Skin,"Glycine Soja (Soybean) Oil, Sorbeth-30 Tetraoleate, Fragrance, Vitis Vinifera (Grape) Seed Oil, Olea Europaea (Olive) Fruit Oil, Melia Azadirachta Leaf Extract, Melia Azadirachta Flower Extract, Simmo"
736,Romand,rom&nd Sheer Tinted Stick (2g),Lip Tint,R454.63,—,$11.00,R159.12,Tier C (Long-tail),65%,No local comp,https://kiyoko.com/products/rom-nd-sheer-tinted-stick-2g,The Skin Boutique Curates: rom&nd Sheer Tinted Stick (2g) Moisturizing lipstick balm with a tint that lasts and glows Authentically sourced and independently curated by The Skin Boutique — your truste,"Water, Glycerin (Check packaging for full details)"
737,Romand,rom&nd Bare Water Tint (4.5g),Lip Tint,R454.63,—,$11.00,R159.12,Tier C (Long-tail),65%,No local comp,https://kiyoko.com/products/rom-nd-bare-water-tint-4-5g,"The Skin Boutique Curates: rom&nd Bare Water Tint (4.5g) Lightweight, water-based lip tint for that just-bitten look. Authentically sourced and independently curated by The Skin Boutique — your truste","Water, Glycerin (Check packaging for full details)"
738,Romand,rom&nd Blur Fudge Tint (5g),Lip Tint,R454.63,—,$11.00,R159.12,Tier C (Long-tail),65%,No local comp,https://kiyoko.com/products/rom-nd-blur-fudge-tint-5g-1,The Skin Boutique Curates: rom&nd Blur Fudge Tint (5g) A matte lip tint that spreads easily and creates the perfect gradation lip look. Authentically sourced and independently curated by The Skin Bout,"Water, Glycerin (Check packaging for full details)"
739,JMELLA,JMELLA IN FRANCE Favorite Perfume Body Wash (500ml),Body Wash,R330.64,—,$8.00,R115.72,Tier C (Long-tail),65%,No local comp,https://kiyoko.com/products/jmella-in-france-favorite-perfume-body-wash-500ml,The Skin Boutique Curates: JMELLA IN FRANCE Favorite Perfume Body Wash (500ml) A fragrant and hypoallergenic body wash in scents from the Favourite line. Authentically sourced and independently curate,"Water, Glycerin (Check packaging for full details)"
740,KUNDAL,KUNDAL Honey & Macadamia Pure Body Wash (500ml),Body Wash,R702.61,—,$17.00,R245.91,Tier C (Long-tail),65%,No local comp,https://kiyoko.com/products/kundal-honey-macadamia-pure-body-wash-500ml,"The Skin Boutique Curates: KUNDAL Honey & Macadamia Pure Body Wash (500ml) An aloe vera infused, moisturizing body wash. Authentically sourced and independently curated by The Skin Boutique — your tru","Water, Glycerin (Check packaging for full details)"
741,Cow Brand,COW BRAND Additive Free Foam Body Soap,Body Wash,R619.95,—,$15.00,R216.98,Tier C (Long-tail),65%,No local comp,https://kiyoko.com/products/cow-brand-additive-free-foam-body-soap-500ml,The Skin Boutique Curates: COW BRAND Additive Free Foam Body Soap A foaming body soap containing vegetable amino acid-based cleansing ingredients Authentically sourced and independently curated by The,"Water, Glycerin (Check packaging for full details)"
742,Cow Brand,COW BRAND Bouncia Body Wash,Body Wash,R537.29,—,$13.00,R188.05,Tier C (Long-tail),65%,No local comp,https://kiyoko.com/products/cow-brand-bouncia-body-wash-460ml-480ml,The Skin Boutique Curates: COW BRAND Bouncia Body Wash A highly moisturizing body soap that protects moisture with the highest dense foam in Bouncia history. Authentically sourced and independently cu,"Water, Glycerin (Check packaging for full details)"
743,KUMANOYUSHI,KUMANOYUSHI Horse Oil Body Soap (600ml),Body Wash,R495.96,—,$12.00,R173.59,Tier C (Long-tail),65%,No local comp,https://kiyoko.com/products/kumanoyushi-horse-oil-body-soap-600ml,The Skin Boutique Curates: KUMANOYUSHI Horse Oil Body Soap (600ml) A fine and rich foam soap that wraps the whole body. Authentically sourced and independently curated by The Skin Boutique — your trus,"Water, Glycerin (Check packaging for full details)"
744,LION,LION Kirei Kirei Foaming Hand Soap,Body Wash,R413.30,—,$10.00,R144.66,Tier C (Long-tail),65%,No local comp,https://kiyoko.com/products/lion-kirei-kirei-foaming-hand-soap-500ml,"The Skin Boutique Curates: LION Kirei Kirei Foaming Hand Soap A foaming hand soap with a citrus or fruit mix fragrance, suitable for all ages. Authentically sourced and independently curated by The Sk","Water, Glycerin (Check packaging for full details)"
745,Reihaku Hatomugi,Reihaku Hatomugi Body Soap (800ml),Body Wash,R578.62,—,$14.00,R202.52,Tier C (Long-tail),65%,No local comp,https://kiyoko.com/products/reihaku-hatomugi-body-soap-800ml-1,"The Skin Boutique Curates: Reihaku Hatomugi Body Soap (800ml) Gentle, hypoallergenic Japanese body wash Authentically sourced and independently curated by The Skin Boutique — your trusted destination ","Water, Lauric Acid, Myristic Acid, Potassium Hydroxide, Cocamide MEA, Glycerin, Glycol Distearate, Cocamidopropyl Betaine, Sodium Laureth Sulfate, Cocamide DEA, Sodium Chloride, Potassium Cocoyl Gluta"
746,Kikumasamune,KIKUMASAMUNE Japanese Sake Lotion (500ml),Lotion,R537.29,—,$13.00,R188.05,Tier C (Long-tail),65%,No local comp,https://kiyoko.com/products/kikumasamune-japanese-sake-lotion-500ml,"The Skin Boutique Curates: KIKUMASAMUNE Japanese Sake Lotion (500ml) Kikumasamune Sake Brewing Skin Care Lotion is a hydrating Japanese watery lotion with sake, suitable for all skin types. Authentica","Water, Glycerin (Check packaging for full details)"
747,Hada Labo,Hada-Labo Gokujyun Hydrating Lotion (170ml),Lotion,R785.27,—,$19.00,R274.84,Tier C (Long-tail),65%,No local comp,https://kiyoko.com/products/hada-labo-gokujyun-hydrating-lotion-170ml,The Skin Boutique Curates: Hada-Labo Gokujyun Hydrating Lotion (170ml) Hada-Labo Gokujyun Hydrating Lotion is a hydrating Japanese watery lotion. Authentically sourced and independently curated by The,"Water, Glycerin (Check packaging for full details)"
748,Hada Labo,Hada-Labo Gokujyun Aging Care Lotion (170ml),Lotion,R785.27,—,$19.00,R274.84,Tier C (Long-tail),65%,No local comp,https://kiyoko.com/products/hada-labo-gokujyun-aging-care-lotion-170ml,The Skin Boutique Curates: Hada-Labo Gokujyun Aging Care Lotion (170ml) Firm and smooth the look of your skin as you moisturize. Authentically sourced and independently curated by The Skin Boutique — ,"Water, Glycerin (Check packaging for full details)"
749,K-SECRET SEOUL 1988,K-SECRET SEOUL 1988 Eye Cream: Retinal Liposome 4% + Fermented Bean (30ml),Eye Cream,R826.59,—,$20.00,R289.31,Tier C (Long-tail),65%,No local comp,https://kiyoko.com/products/ksecret-seoul-1988-eye-cream-retinal-liposome-4-fermented-bean-30ml,The Skin Boutique Curates: K-SECRET SEOUL 1988 Eye Cream: Retinal Liposome 4% + Fermented Bean (30ml) An eye cream to lift under-eye bags and provides antioxidant benefits Authentically sourced and in,"Water, Glycerin, Dipropylene Glycol, Caprylic/Capric Triglyceride, 1,2-Hexanediol, Butylene Glycol Dicaprylate/Dicaprate, Niacinamide, Pentaerythrityl Tetraethylhexanoate, Cetearyl Alcohol, Butylene G"
750,Medicube,Medicube Deep Lifting Peptide Eye Cream (30ml),Eye Cream,R826.59,—,$20.00,R289.31,Tier C (Long-tail),65%,No local comp,https://kiyoko.com/products/medicube-deep-lifting-peptide-eye-cream-30ml-renewal,"The Skin Boutique Curates: Medicube Deep Lifting Peptide Eye Cream (30ml) Intense firming effect for crows feet, fine lines, and dark circles! Authentically sourced and independently curated by The Sk","Purified Water, Methylpropanediol, Glycerin, Cyclopentasiloxane, Butylene Glycol, Hydrogenated Poly(C6-14 Olefin), Dipropylene Glycol, Caprylic/Capric Triglyceride, Panthenol, Niacinamide, Acetyl Hexa"
751,TIRTIR,TIRTIR Hydro Boost Enzyme Powder Wash (75g),Cleanser,R785.27,—,$19.00,R274.84,Tier C (Long-tail),65%,No local comp,https://kiyoko.com/products/tirtir-hydro-boost-enzyme-powder-wash-75g,The Skin Boutique Curates: TIRTIR Hydro Boost Enzyme Powder Wash (75g) TIRTIR Hydro Boost Enzyme Powder Wash is a revolutionary powder facial cleanser that transforms into a silky foam as soon as it c,"Water, Glycerin (Check packaging for full details)"
752,KRACIE Ichikami,KRACIE Ichikami Shampoo & Conditioner Set - Limited Spring Edition (480ml + 480g),Hair Set,R702.61,—,$17.00,R245.91,Tier C (Long-tail),65%,No local comp,https://kiyoko.com/products/kracie-ichikami-shampoo-conditioner-set-limited-spring-edition-480ml-480g,The Skin Boutique Curates: KRACIE Ichikami Shampoo & Conditioner Set - Limited Spring Edition (480ml + 480g) Experience the best of K-Beauty with KRACIE Ichikami Shampoo & Conditioner Set - Limited Sp,"Water, Glycerin (Full ingredients list under review)"
753,JUDYDOLL,JUDYDOLL Blush Powder (2g),Blush & Highlighter,R289.31,—,$7.00,R101.26,Tier C (Long-tail),65%,No local comp,https://kiyoko.com/products/judydoll-pretty-blush-powder-2g,The Skin Boutique Curates: JUDYDOLL Blush Powder (2g) Experience the best of K-Beauty with JUDYDOLL Blush Powder (2g) by JUDYDOLL — a premium formula crafted to transform your skincare routine. Authen,"Water, Glycerin (Full ingredients list under review)"
754,Eqqualberry,Eqqualberry Purple Rice Pack Cleanser (130g),Cleanser,R785.27,—,$19.00,R274.84,Tier C (Long-tail),65%,No local comp,https://kiyoko.com/products/eqqualberry-purple-rice-pack-cleanser-130g,The Skin Boutique Curates: Eqqualberry Purple Rice Pack Cleanser (130g) A mild foam cleanser and clay mask featuring botanicals for a deep cleanse Authentically sourced and independently curated by Th,"Water, Glycerin (Check packaging for full details)"
755,ARIUL,ARIUL Smooth & Pure Foot Mask Special Care Set Tea Tree & Aloe (2 Pairs),Feet Mask,R371.97,—,$9.00,R130.19,Tier C (Long-tail),65%,No local comp,https://kiyoko.com/products/ariul-smooth-pure-foot-mask-special-care-set-tea-tree-aloe-2-pairs,The Skin Boutique Curates: ARIUL Smooth & Pure Foot Mask Special Care Set Tea Tree & Aloe (2 Pairs) Peeling and moisturizing duo to exfoliate and hydrate rough feet. Authentically sourced and independ,"Water, Glycerin (Check packaging for full details)"
756,K-SECRET SEOUL 1988,K-SECRET SEOUL 1988 Sun Pine Tree + Ceramide (50ml),Sunscreen,R661.28,—,$16.00,R231.45,Tier C (Long-tail),65%,No local comp,https://kiyoko.com/products/ksecret-seoul-1988-sun-pine-tree-ceramide-50ml-2,"The Skin Boutique Curates: K-SECRET SEOUL 1988 Sun Pine Tree + Ceramide (50ml) A skin soothing, broad spectrum sunscreen with anti-aging and regenerative benefits Authentically sourced and independent","Water, Glycerin (Check packaging for full details)"
757,Haruharu Wonder,Haruharu Wonder Black Rice Pure Mineral Relief Daily Sunscreen SPF50+/PA++++ (50ml),Sunscreen,R785.27,—,$19.00,R274.84,Tier C (Long-tail),65%,No local comp,https://kiyoko.com/products/haruharu-wonder-black-rice-pure-mineral-relief-daily-sunscreen-spf50-pa-50ml,The Skin Boutique Curates: Haruharu Wonder Black Rice Pure Mineral Relief Daily Sunscreen SPF50+/PA++++ (50ml) A lightweight satin finished sunscreen with very high protection for sensitive skin. Auth,"Water, Glycerin (Check packaging for full details)"
758,K-SECRET SEOUL 1988,K-SECRET SEOUL 1988 Cleansing Foam: Pine Cica 1% + Probiotics (150ml),Cleanser,R537.29,—,$13.00,R188.05,Tier C (Long-tail),65%,No local comp,https://kiyoko.com/products/ksecret-seoul-1988-cleansing-foam-pine-cica-1-probiotics-150ml,"The Skin Boutique Curates: K-SECRET SEOUL 1988 Cleansing Foam: Pine Cica 1% + Probiotics (150ml) A foam cleanser that provides deep cleansing, pore care, and texture improvement Authentically sourced ","Ethylhexyl Palmitate, Sorbeth-30 Tetraoleate, Pinus Densiflora Leaf Extract, Centella Asiatica Extract, Butylene Glycol, Bifida Ferment Filtrate, Macadamia Ternifolia Seed Oil, Olea Europaea (Olive) F"
759,KRACIE Ichikami,KRACIE Ichikami Shampoo & Conditioner Set - Limited Edition,Hair Set,R702.61,—,$17.00,R245.91,Tier C (Long-tail),65%,No local comp,https://kiyoko.com/products/kracie-ichikami-shampoo-conditioner-set-limited-edition,The Skin Boutique Curates: KRACIE Ichikami Shampoo & Conditioner Set - Limited Edition Hair care formulated with premium Japanese botanical extracts. Authentically sourced and independently curated by,"Water, Glycerin (Check packaging for full details)"
760,Cow Brand,COW BRAND Bouncia Additive Free Moisturizing Facial Foam (110g),Water Cleanser,R578.62,—,$14.00,R202.52,Tier C (Long-tail),65%,No local comp,https://kiyoko.com/products/cow-brand-bouncia-additive-free-moisturizing-facial-foam-110g-1,The Skin Boutique Curates: COW BRAND Bouncia Additive Free Moisturizing Facial Foam (110g) A facial soap specially made for delicate skin. Being free of preservatives and quality stabilizers such as c,"Water, Glycerin (Check packaging for full details)"
761,Medicube,Medicube Zero Foam Cleanser (120ml),Cleanser,R661.28,—,$16.00,R231.45,Tier C (Long-tail),65%,No local comp,https://kiyoko.com/products/medicube-zero-foam-cleanser-120ml,The Skin Boutique Curates: Medicube Zero Foam Cleanser (120ml) Cleanse skin from hazardous microfine dust Authentically sourced and independently curated by The Skin Boutique — your trusted destinatio,"Water, Glycerin, Myristic Acid, Sorbitol, Palmitic Acid, Potassium Hydroxide, Stearic Acid, Lauric Acid, Cetearyl Olivate, Potassium Cocoyl Glycinate, Parfum(Fragrance), Sodium Cocoyl Isethionate, Sor"
762,ISNTREE,ISNTREE Green Tea Fresh Cleanser (120ml),Water Cleanser,R661.28,—,$16.00,R231.45,Tier C (Long-tail),65%,No local comp,https://kiyoko.com/products/isntree-green-tea-fresh-cleanser-120ml-1,The Skin Boutique Curates: ISNTREE Green Tea Fresh Cleanser (120ml) A light gel cleanser that removes impurities found in the skin while targeting sebum and refreshing the overall complexation Authent,"Water, Glycerin, Sodium Cocoyl Alaninate, Disodium Cocoamphodiacetate, Butylene Glycol, Sodium Methyl Cocoyl Taurate, 1,2-Hexanediol, Lauryl Hydroxysultaine, Xanthan Gum, Sodium Chloride, Caprylyl Gly"
763,Wasosen,Wasosen Cleansing Foam (150g),Water Cleanser,R371.97,—,$9.00,R130.19,Tier C (Long-tail),65%,No local comp,https://kiyoko.com/products/wasosen-cleansing-foam-150g,The Skin Boutique Curates: Wasosen Cleansing Foam (150g) A Japanese highly-concentrated face-wash that treats acne prone skin while removing excess dirt and sebum. Authentically sourced and independen,"Water, Glycerin (Check packaging for full details)"
764,ROUND LAB,ROUND LAB Birch Juice Moisturizing Cleanser (150ml),Water Cleanser,R743.94,—,$18.00,R260.38,Tier C (Long-tail),65%,No local comp,https://kiyoko.com/products/round-lab-birch-juice-moisturizing-cleanser-150ml,The Skin Boutique Curates: ROUND LAB Birch Juice Moisturizing Cleanser (150ml) A moisturizing cleanser infused with birch extract and hyaluronic acid to clean and hydrate skin. Authentically sourced a,"Water, Glycerin (Check packaging for full details)"
765,Soon Jung,ETUDE HOUSE Soon Jung Whip Cleanser (150ml),Water Cleanser,R619.95,—,$15.00,R216.98,Tier C (Long-tail),65%,No local comp,https://kiyoko.com/products/etude-house-soon-jung-whip-cleanser-150ml,The Skin Boutique Curates: ETUDE HOUSE Soon Jung Whip Cleanser (150ml) A rich foam to effectively cleanse and soothe irritated skin. 2023 Version Authentically sourced and independently curated by The,"Water, Glycerin (Check packaging for full details)"
766,Reihaku Hatomugi,Reihaku Hatomugi White Coix Face Wash Foam (170g),Water Cleanser,R413.30,—,$10.00,R144.66,Tier C (Long-tail),65%,No local comp,https://kiyoko.com/products/reihaku-hatomugi-white-coix-face-wash-foam-170g,The Skin Boutique Curates: Reihaku Hatomugi White Coix Face Wash Foam (170g) Gently cleanse while moisturizing and maintaining skin moisture levels Authentically sourced and independently curated by T,"Water, glycerin, myristic acid, PEG-8, stearic acid, K hydroxide, lauric acid, glycol distearate, honeybee seed extract, BG, sodium hyaluronate, arginine, shea butter, palmitic acid, Cocamidopropyl be"
767,Ishizawa,ISHIZAWA KEANA Baking Soda Scrub Wash (100g),Water Cleanser,R785.27,—,$19.00,R274.84,Tier C (Long-tail),65%,No local comp,https://kiyoko.com/products/ishizawa-keana-baking-soda-scrub-wash-100g,The Skin Boutique Curates: ISHIZAWA KEANA Baking Soda Scrub Wash (100g) A powder-type face wash with baking soda that provides a deep cleanse of sebum and impurities from the pores. Authentically sour,"Water, Glycerin (Check packaging for full details)"
768,Kikumasamune,KIKUMASAMUNE Japanese Sake Skin Care Wash (200g),Water Cleanser,R454.63,—,$11.00,R159.12,Tier C (Long-tail),65%,No local comp,https://kiyoko.com/products/kikumasamune-japanese-sake-skin-care-wash-200g-1,"The Skin Boutique Curates: KIKUMASAMUNE Japanese Sake Skin Care Wash (200g) Kikumasamune Face Wash cleanses the skin thoroughly, yet leaves plenty of moisture behind. Authentically sourced and indepen","Water, Glycerin (Check packaging for full details)"
769,Medicube,Medicube Azelaic Acid Exosome Shot Pore Ampoule 7500 (30ml),Ampoule,R950.58,—,$23.00,R332.70,Tier C (Long-tail),65%,No local comp,https://kiyoko.com/products/medicube-azelaic-acid-exosome-shot-pore-ampoule-7500,"The Skin Boutique Curates: Medicube Azelaic Acid Exosome Shot Pore Ampoule 7500 (30ml) A powerful serum designed to deeply cleanse pores, firm the skin, and boost hydration levels Authentically source","Water, Dipropylene Glycol, Niacinamide, Glycerin, Hydrogenated Starch Hydrolysate, Sodium Polyacrylate, Hydroxyacetophenone, 1,2-Hexanediol, Cetearyl Alcohol, Hydrogenated Polydecene, Melia Azadiracht"
770,Medicube,Medicube Azelaic Acid Exosome Shot Pore Ampoule 2000 (30ml),Ampoule,R950.58,—,$23.00,R332.70,Tier C (Long-tail),65%,No local comp,https://kiyoko.com/products/medicube-azelaic-acid-exosome-shot-pore-ampoule-2000-30ml,The Skin Boutique Curates: Medicube Azelaic Acid Exosome Shot Pore Ampoule 2000 (30ml) A potent ampoule that targets blemishes and troubled skin. Authentically sourced and independently curated by The,"Water, Butylene Glycol, Dipropylene Glycol, Niacinamide, Glycerin, Sodium Polyacrylate, 1,2-Hexanediol, Caprylyl Glycol, Cetearyl Olivate, Phenyl Trimethicone, Sorbitan Olivate, Hydrolyzed Sponge, Mel"
771,Medicube,Medicube One Day Exosome Shot Pore Ampoule 7500 (30ml),Ampoule,R909.25,—,$22.00,R318.24,Tier C (Long-tail),65%,No local comp,https://kiyoko.com/products/medicube-one-day-exosome-shot-pore-ampoule-7500-30ml,The Skin Boutique Curates: Medicube One Day Exosome Shot Pore Ampoule 7500 (30ml) Tingling ampoule that follows the principles of microneedling. Authentically sourced and independently curated by The ,"Water, Dipropylene Glycol, Glycerin, Butylene Glycol, 1,2-Hexanediol, Niacinamide, Sodium Polyacrylate, Ethylhexyl Palmitate, C12-14 Alketh-12, Hydrogenated Polydecene, Hydrolyzed Sponge, Ethylhexylgl"
772,Medicube,Medicube One Day Exosome Shot Pore Ampoule 2000 (30ml),Ampoule,R950.58,—,$23.00,R332.70,Tier C (Long-tail),65%,No local comp,https://kiyoko.com/products/medicube-one-day-exosome-shot-pore-ampoule-2000-30ml,The Skin Boutique Curates: Medicube One Day Exosome Shot Pore Ampoule 2000 (30ml) Tingling ampoule that follows the principles of microneedling. Authentically sourced and independently curated by The ,"Water, Dipropylene Glycol, Glycerin, Butylene Glycol, 1,2-Hexanediol, Niacinamide, Sodium Polyacrylate, Ethylhexyl Palmitate, C12-14 Alketh-12, Hydrogenated Polydecene, Hydrolyzed Sponge, Ethylhexylgl"
773,Skin1004,SKIN1004 Centella Tea Trica Relief Ampoule (100ml),Ampoule,R991.91,—,$24.00,R347.17,Tier C (Long-tail),65%,No local comp,https://kiyoko.com/products/skin1004-centella-tea-trica-relief-ampoule-100ml,The Skin Boutique Curates: SKIN1004 Centella Tea Trica Relief Ampoule (100ml) A non-comedogenic ampoule ana a perfect SOS treatment for acne prone skin Authentically sourced and independently curated ,"Centella Asiatica Extract(55%), Chamaecyparis Obtusa Water, Melaleuca Alternifolia (Tea Tree) Leaf Water(9.4%), Pinus Palustris Leaf Extract, Glycerin, Butylene Glycol, Methyl Gluceth-20, Dipropylene "
774,ROUND LAB,ROUND LAB 1025 Dokdo Ampoule (45g),Ampoule,R909.25,—,$22.00,R318.24,Tier C (Long-tail),65%,No local comp,https://kiyoko.com/products/round-lab-1025-dokdo-ampoule-45g,The Skin Boutique Curates: ROUND LAB 1025 Dokdo Ampoule (45g) A hydrating and soothing ampoule for sensitive skin. Authentically sourced and independently curated by The Skin Boutique — your trusted d,"Water, Glycerin (Check packaging for full details)"
775,Skin1004,SKIN1004 Madagascar Centella Poremizing Fresh Ampoule (100ml),Ampoule,R991.91,—,$24.00,R347.17,Tier C (Long-tail),65%,No local comp,https://kiyoko.com/products/skin1004-madagascar-centella-poremizing-fresh-ampoule-100ml,The Skin Boutique Curates: SKIN1004 Madagascar Centella Poremizing Fresh Ampoule (100ml) A clarifying ampoule that will clear pores and minimize pore size. Authentically sourced and independently cura,"Centella Asiatica Extract(50.47%), Aqua(Water), Butylene Glycol, Propanediol, 1,2-Hexanediol, Aloe Barbadensis Leaf Extract, Glycereth-26, Hydroxyacetophenone, Glycerin, Carbomer, Tromethamine, Panthe"
776,Skin1004,SKIN1004 Madagascar Centella Hyalu-Cica First Ampoule (100ml),Ampoule,R1033.24,—,$25.00,R361.63,Tier C (Long-tail),65%,No local comp,https://kiyoko.com/products/skin1004-madagascar-centella-hyalu-cica-first-ampoule-100ml,The Skin Boutique Curates: SKIN1004 Madagascar Centella Hyalu-Cica First Ampoule (100ml) A hydrating ampoule that quickly boosts moisture and preps the skin to absorb the next step of skincare. Authen,"Water, Glycerin (Check packaging for full details)"
777,DHC,DHC Color Lip Cream Natural Aroma (1.5g),Lip Balms,R454.63,—,$11.00,R159.12,Tier C (Long-tail),65%,No local comp,https://kiyoko.com/products/dhc-color-lip-cream-natural-aroma-1-5g,The Skin Boutique Curates: DHC Color Lip Cream Natural Aroma (1.5g) Moisturize and naturally brighten your lips with a natural color and fragrant aroma. Authentically sourced and independently curated,"Water, Glycerin (Check packaging for full details)"
778,JOOCYEE,JOOCYEE Single Eyeshadow (1.2-1.8g),Eye Shadow,R454.63,—,$11.00,R159.12,Tier C (Long-tail),65%,No local comp,https://kiyoko.com/products/joocyee-single-eyeshadow,The Skin Boutique Curates: JOOCYEE Single Eyeshadow (1.2-1.8g) Experience the best of K-Beauty with JOOCYEE Single Eyeshadow (1.2-1.8g) by JOOCYEE — a premium formula crafted to transform your skincar,"Water, Glycerin (Full ingredients list under review)"
779,JUDYDOLL,JUDYDOLL Liquid Eyeshadow (3g),Eye Shadow,R413.30,—,$10.00,R144.66,Tier C (Long-tail),65%,No local comp,https://kiyoko.com/products/judydoll-liquid-eyeshadow-sport-chic-3g,The Skin Boutique Curates: JUDYDOLL Liquid Eyeshadow (3g) JUDYDOLL Liquid Eyeshadows are designed to keep your eyes looking fresh and radiant even in motion. It has high-impact pigments with all-day d,"Water, Glycerin (Check packaging for full details)"
780,nuse,nuse Color Care Lip Balm (4.3g),Lip Balms,R578.62,—,$14.00,R202.52,Tier C (Long-tail),65%,No local comp,https://kiyoko.com/products/nuse-color-care-lip-balm-4-3g,The Skin Boutique Curates: nuse Color Care Lip Balm (4.3g) Hydrate and reduce fine lines with an oil balm in natural shades. Authentically sourced and independently curated by The Skin Boutique — your,"Water, Glycerin (Check packaging for full details)"
781,fwee,fwee Lip & Cheek Blurry Pudding Pot (5g),Lip Balms,R743.94,—,$18.00,R260.38,Tier C (Long-tail),65%,No local comp,https://kiyoko.com/products/fwee-lip-cheek-blurry-pudding-pot-5g,"The Skin Boutique Curates: fwee Lip & Cheek Blurry Pudding Pot (5g) Viral Korean lip and cheek balm with a soft, blurred finish! Authentically sourced and independently curated by The Skin Boutique — ","Water, Glycerin (Check packaging for full details)"
782,ETUDE HOUSE,ETUDE HOUSE Fruity Lip Balm (10g),Lip Balms,R413.30,—,$10.00,R144.66,Tier C (Long-tail),65%,No local comp,https://kiyoko.com/products/etude-house-fruity-lip-balm-10g,The Skin Boutique Curates: ETUDE HOUSE Fruity Lip Balm (10g) A fruity lip balm with a sheer tint. Authentically sourced and independently curated by The Skin Boutique — your trusted destination for pr,"Water, Glycerin (Check packaging for full details)"
783,Romand,rom&nd Better Than Eyes (6.5g),Eye Shadow,R619.95,—,$15.00,R216.98,Tier C (Long-tail),65%,No local comp,https://kiyoko.com/products/rom-nd-better-than-eyes-6-5g,"The Skin Boutique Curates: rom&nd Better Than Eyes (6.5g) A four-step eye shadow quad in a long-wearing, non-clumping formula. Authentically sourced and independently curated by The Skin Boutique — yo","Water, Glycerin (Check packaging for full details)"
784,Laka,LAKA Forever 6 Eye Palette (6.2g),Eye Shadow,R785.27,—,$19.00,R274.84,Tier C (Long-tail),65%,No local comp,https://kiyoko.com/products/laka-forever-6-eye-palette-6-2g,The Skin Boutique Curates: LAKA Forever 6 Eye Palette (6.2g) Eyeshadow palette with unique color combinations and textures for an elevated everyday look Authentically sourced and independently curated,"Water, Glycerin (Check packaging for full details)"
785,Romand,rom&nd Glasting Melting Balm (3.5g),Lip Balms,R454.63,—,$11.00,R159.12,Tier C (Long-tail),65%,No local comp,https://kiyoko.com/products/rom-nd-glasting-melting-balm-3-5g-1,The Skin Boutique Curates: rom&nd Glasting Melting Balm (3.5g) A transparent and smooth glowy lip colour that applies like a lip balm Authentically sourced and independently curated by The Skin Boutiq,"Water, Glycerin (Check packaging for full details)"
786,The Crème Shop,The Crème Shop x BT21 Baby Macaron Lip Balm (9g),Lip Balms,R454.63,—,$11.00,R159.12,Tier C (Long-tail),65%,No local comp,https://kiyoko.com/products/the-creme-shop-x-bt21-baby-macaron-lip-balm-9g,The Skin Boutique Curates: The Crème Shop x BT21 Baby Macaron Lip Balm (9g) Cute lip balm for soft and decadent lips like a freshly baked macaron! Authentically sourced and independently curated by Th,"Water, Glycerin (Check packaging for full details)"
787,JUDYDOLL,JUDYDOLL All-In-One Palette For Your Full Face,Eye Shadow,R661.28,—,$16.00,R231.45,Tier C (Long-tail),65%,No local comp,https://kiyoko.com/products/judydoll-play-color-all-in-one-palette,The Skin Boutique Curates: JUDYDOLL All-In-One Palette For Your Full Face An all-in-one face palette for eyes and cheeks! Authentically sourced and independently curated by The Skin Boutique — your tr,"Water, Glycerin (Check packaging for full details)"
788,Romand,rom&nd Lip Matter (8ml),Lip Balms,R537.29,—,$13.00,R188.05,Tier C (Long-tail),65%,No local comp,https://kiyoko.com/products/rom-nd-lip-matter-8ml-1,"The Skin Boutique Curates: rom&nd Lip Matter (8ml) An innovative lip product that turns any lip colour into a long-lasting, smooth, matte look. Authentically sourced and independently curated by The S","Dimethicone, Dimethicone Crosspolymer, Vinyl Dimethicone/Methicone SilsesquioxaneCrosspolymer, Tocopheryl Acetate, Dehydroacetic Acid, Astrocaryum Murumuru Seed Butter, Mangifera Indica (Mango) Seed B"
789,Frudia,Frudia Lip Balm (10ml),Lip Balms,R413.30,—,$10.00,R144.66,Tier C (Long-tail),65%,No local comp,https://kiyoko.com/products/frudia-lip-balm-10ml-1,"The Skin Boutique Curates: Frudia Lip Balm (10ml) A lip balm with honey like consistency, c reates a protective film, ideal for everyday use Authentically sourced and independently curated by The Skin","Blueberry : Mineral Oil, Petrolatum, Microcrystalline Wax, Hydrogenated Castor Oil Dimer Dilinoleate, Paraffin, Beeswax, Diisostearyl Malate, Ricinus Communis (Castor) Seed Oil, Silica Dimethyl Silyla"
790,DHC,DHC Lip Cream (1.5g),Lip Balms,R495.96,—,$12.00,R173.59,Tier C (Long-tail),65%,No local comp,https://kiyoko.com/products/dhc-lip-cream-1-5g,"The Skin Boutique Curates: DHC Lip Cream (1.5g) DHC Lip Cream is blended with virgin olive oil, aloe extract, and vitamin E to provide long-lasting hydrated lips keeping them soft and dewy—never rough","Water, Glycerin (Check packaging for full details)"
791,Dr. Melaxin,Dr.Melaxin Bondex Protein Bonding Remodeling Clinic (250ml),Conditioner,R1281.22,—,$31.00,R448.43,Tier C (Long-tail),65%,No local comp,https://kiyoko.com/products/dr-melaxin-bondex-protein-bonding-remodeling-clinic-250ml,The Skin Boutique Curates: Dr.Melaxin Bondex Protein Bonding Remodeling Clinic (250ml) A patented ingredient that strengthens hair and prevents breakage Authentically sourced and independently curated,"Water, Dimethicone, Cetyl Alcohol, Behentrimonium Chloride, Stearyl Alcohol, Behentrimonium Methosulfate, Butylene Glycol, Fragrance, Alcohol Denat., Steartrimonium Chloride, Amodimethicone, Propylene"
792,K-SECRET SEOUL 1988,K-SECRET Advanced Regenerating Eye Gel Patches (60 PCs),Eye Patch,R661.28,—,$16.00,R231.45,Tier C (Long-tail),65%,No local comp,https://kiyoko.com/products/k-secret-seoul-advanced-regenerating-eye-gel-patches-60-pcs,"The Skin Boutique Curates: K-SECRET Advanced Regenerating Eye Gel Patches (60 PCs) K-SECRET Advanced Regenerating Eye Gel Patches are soothing patches that deliver deep hydration and a refreshed look,","Water, Glycerin (Check packaging for full details)"
793,ITS Skin,ITS SKIN Hyaluronic Acid Moisture Emulsion (150ml),Emulsion,R619.95,—,$15.00,R216.98,Tier C (Long-tail),65%,No local comp,https://kiyoko.com/products/its-skin-hyaluronic-acid-moisture-emulsion-150ml,The Skin Boutique Curates: ITS SKIN Hyaluronic Acid Moisture Emulsion (150ml) An emulsion boosts the skin’s moisture levels in order to maintain healthy skin Authentically sourced and independently cu,"Water, Glycerin (Check packaging for full details)"
794,Ishizawa,ISHIZAWA KEANA Nadeshiko Baking Soda Cleansing Gel (100g),Gel Cleanser,R702.61,—,$17.00,R245.91,Tier C (Long-tail),65%,No local comp,https://kiyoko.com/products/ishizawa-keana-nadeshiko-baking-soda-cleansing-gel-100g,"The Skin Boutique Curates: ISHIZAWA KEANA Nadeshiko Baking Soda Cleansing Gel (100g) An easy-to-use baking soda cleanser that rids the pores of makeup, sebum, and dirt! Authentically sourced and indep","Water, Glycerin (Check packaging for full details)"
795,Heimish,HEIMISH Bulgarian Rose Water Hydrogel Eye Patch (30 Pairs),Eye Patch,R661.28,—,$16.00,R231.45,Tier C (Long-tail),65%,No local comp,https://kiyoko.com/products/heimish-bulgarian-rose-water-hydrogel-eye-patch-30-pairs-60-pcs,The Skin Boutique Curates: HEIMISH Bulgarian Rose Water Hydrogel Eye Patch (30 Pairs) A moisturizing rose-scented eye patch to nourish and revitalize tired under eyes. Authentically sourced and indepe,"Water, Glycerin, Niacinamide, Chondrus Crispus (Carrageenan), Butylene Glycol, Cocos Nucifera (Coconut) Fruit Extract , Pinus Sylvestris Leaf Extract, Propanediol, Pentylene Glycol, Rosa Damascena Flo"
796,ISNTREE,ISNTREE Green Tea Fresh Emulsion (120ml),Emulsion,R743.94,—,$18.00,R260.38,Tier C (Long-tail),65%,No local comp,https://kiyoko.com/products/isntree-green-tea-fresh-emulsion-120ml,"The Skin Boutique Curates: ISNTREE Green Tea Fresh Emulsion (120ml) An emulsion lightweight yet effective in targeting sebum and oil production, while absorbing like a lotion Authentically sourced and","Water, Camellia Sinensis (Green Tea) Leaf Extract, Propanediol, Caprylic/Capric Triglyceride, Glycerin, Cetyl Ethylhexanoate, Polyglyceryl-3 Methylglucose Distearate, Beeswax, Ginkgo Biloba (Maidenhai"
797,ITS Skin,ITS SKIN New Collagen Nutrition Emulsion+ (150ml),Emulsion,R785.27,—,$19.00,R274.84,Tier C (Long-tail),65%,No local comp,https://kiyoko.com/products/its-skin-new-collagen-nutrition-emulsion-150ml,The Skin Boutique Curates: ITS SKIN New Collagen Nutrition Emulsion+ (150ml) An emulsion that nourishes mature and dry skin while caring for fine lines Authentically sourced and independently curated ,"Water, Glycerin (Check packaging for full details)"
798,Haruharu Wonder,Haruharu Wonder Black Rice Moisture 5.5 Soft Cleansing Gel (100ml),Gel Cleanser,R495.96,—,$12.00,R173.59,Tier C (Long-tail),65%,No local comp,https://kiyoko.com/products/haruharu-wonder-black-rice-moisture-5-5-soft-cleansing-gel-100ml,The Skin Boutique Curates: Haruharu Wonder Black Rice Moisture 5.5 Soft Cleansing Gel (100ml) A slightly acidic cleansing gel for thorough and gentle cleansing of dead skin cells and impurities. Authe,"Water, Glycerin (Check packaging for full details)"
799,Skin1004,SKIN1004 Madagascar Centella Tone Brightening Cleansing Gel Foam (125ml),Gel Cleanser,R329.00,R299,$14.00,R115.15,Tier C (Long-tail),65%,Matching.,https://kiyoko.com/products/skin1004-madagascar-centella-tone-brightening-cleansing-gel-foam-125ml,The Skin Boutique Curates: SKIN1004 Madagascar Centella Tone Brightening Cleansing Gel Foam (125ml) A gel cleanser that effectively removes makeup and impurities on the skin without stripping the skin,"Water, Glycerin (Check packaging for full details)"
800,Hada Labo,Hada-Labo Gokujyun Aging Care Emulsion (140ml),Emulsion,R785.27,—,$19.00,R274.84,Tier C (Long-tail),65%,No local comp,https://kiyoko.com/products/hada-labo-gokujyun-aging-care-emulsion-140ml-1,The Skin Boutique Curates: Hada-Labo Gokujyun Aging Care Emulsion (140ml) Hada-Labo Gokujyun Aging Care Emulsion is a Japanese moisturizer milk for mature skin. Authentically sourced and independently,"Water, Glycerin (Check packaging for full details)"
801,Soon Jung,ETUDE HOUSE Soon Jung 10 Free Moist Emulsion (130ml),Emulsion,R743.94,—,$18.00,R260.38,Tier C (Long-tail),65%,No local comp,https://kiyoko.com/products/etude-house-soon-jung-10-free-moist-emulsion-130ml,The Skin Boutique Curates: ETUDE HOUSE Soon Jung 10 Free Moist Emulsion (130ml) This lightweight moisturizer uses 93% naturally derived ingredients to suit even the most sensitive of skin. Authentical,
802,Kikumasamune,KIKUMASAMUNE Japanese Sake Skin Care Cleansing Gel (200g),Gel Cleanser,R454.63,—,$11.00,R159.12,Tier C (Long-tail),65%,No local comp,https://kiyoko.com/products/kikumasamune-japanese-sake-skin-care-cleansing-gel-200g-1,The Skin Boutique Curates: KIKUMASAMUNE Japanese Sake Skin Care Cleansing Gel (200g) Kikumasamune Japanese Sake Cleansing Gel spreads on the skin easily and dissolves stubborn makeup and impurities. A,"Water, Glycerin (Check packaging for full details)"
803,Kikumasamune,KIKUMASAMUNE Japanese Sake Emulsion (380ml),Emulsion,R619.95,—,$15.00,R216.98,Tier C (Long-tail),65%,No local comp,https://kiyoko.com/products/kikumasamune-japanese-sake-emulsion-380ml,The Skin Boutique Curates: KIKUMASAMUNE Japanese Sake Emulsion (380ml) Kikumasamune Sake Brewing Skin Care Emulsion is a Japanese moisturizer milk (AKA Emulsion) infused with sake. Authentically sourc,"Water, Glycerin (Check packaging for full details)"
804,Hada Labo,Hada-Labo Gokujyun Hydrating Emulsion (140ml),Emulsion,R785.27,—,$19.00,R274.84,Tier C (Long-tail),65%,No local comp,https://kiyoko.com/products/hada-labo-gokujyun-hydrating-emulsion-140ml,The Skin Boutique Curates: Hada-Labo Gokujyun Hydrating Emulsion (140ml) Simple hydrating emulsion/moisturizer for all skin types Authentically sourced and independently curated by The Skin Boutique —,"Water, Glycerin (Check packaging for full details)"
805,Ishizawa,ISHIZAWA KEANA Rice Mask 10th Anniversary Set,Wash-off Face Mask,R826.59,—,$20.00,R289.31,Tier C (Long-tail),65%,No local comp,https://kiyoko.com/products/ishizawa-keana-rice-mask-10th-anniversary-set,"The Skin Boutique Curates: ISHIZAWA KEANA Rice Mask 10th Anniversary Set ISHIZAWA Keana Pore Care Rice Pack and Mask combo contains 100% Japanese rice-derived serum to counteract dry, rough skin textu","Water, Glycerin (Check packaging for full details)"
806,ILSO,ILSO Clean Up Wash Off Mud Cream (100g),Wash-off Face Mask,R867.92,—,$21.00,R303.77,Tier C (Long-tail),65%,No local comp,https://kiyoko.com/products/ilso-clean-up-wash-off-mud-cream-100g,The Skin Boutique Curates: ILSO Clean Up Wash Off Mud Cream (100g) A purifying mud mask that soothes and moisturizes for smooth skin. Authentically sourced and independently curated by The Skin Boutiq,"Water, Glycerin (Check packaging for full details)"
807,Ishizawa,ISHIZAWA KEANA Nadeshiko Pore Care Rice Pack (170g),Wash-off Face Mask,R826.59,—,$20.00,R289.31,Tier C (Long-tail),65%,No local comp,https://kiyoko.com/products/ishizawa-keana-nadeshiko-pore-care-rice-pack-170g,"The Skin Boutique Curates: ISHIZAWA KEANA Nadeshiko Pore Care Rice Pack (170g) 100% Japanese rice-derived serum that hydrates the skin to counteract dry, rough texture. Authentically sourced and indep","Water, Glycerin (Check packaging for full details)"
808,Medicube,Medicube Zero Pore SA Clear Capsule Cleansing Foam (120g),Foam Cleanser,R950.58,—,$23.00,R332.70,Tier C (Long-tail),65%,No local comp,https://kiyoko.com/products/medicube-zero-pore-clearing-capsule-cleansing-foam-120g,The Skin Boutique Curates: Medicube Zero Pore SA Clear Capsule Cleansing Foam (120g) A foam cleanser that gently exfoliates dead skin cells with natural BHA Authentically sourced and independently cur,"Water, Glycerin, Sodium Cocoyl Glycinate, Sodium Lauroyl Glutamate, Lauryl Hydroxysultaine, Coco-Glucoside, Decyl Glucoside, 1,2-Hexanediol, Salicylic Acid, Sodium Chloride, Caprylyl Glycol, Hydroxypr"
809,Aestura,AESTURA Atobarrier 365 Bubble Cleanser (150ml),Foam Cleanser,R909.25,—,$22.00,R318.24,Tier C (Long-tail),65%,No local comp,https://kiyoko.com/products/aestura-atobarrier-365-bubble-cleanser-150ml,The Skin Boutique Curates: AESTURA Atobarrier 365 Bubble Cleanser (150ml) Rich and fine bubble cleanser for damaged and thin skin barriers. Authentically sourced and independently curated by The Skin ,"Water, Glycerin (Check packaging for full details)"
810,MEDITHERAPY,MEDITHERAPY Wrinkle-Fit Tangle Eye Patch (4 Pairs),Eye Masks,R785.27,—,$19.00,R274.84,Tier C (Long-tail),65%,No local comp,https://kiyoko.com/products/meditherapy-wrinkle-fit-tangle-eye-patch-4-pairs,"The Skin Boutique Curates: MEDITHERAPY Wrinkle-Fit Tangle Eye Patch (4 Pairs) Plump, smooth and brighten under-eyes and cheeks with these mega-sized patches Authentically sourced and independently cur","Hydrolyzed Collagen(701,376.2ppm), Glycerin, Water, Acrylates Copolymer, 1,2-Hexanediol, Niacinamide, Carrageenan, Ceratonia Siliqua (Carob) Gum, Potassium Chloride, Xanthan Gum, Allantoin, Gellan Gum"
811,Shiseido Fino,Shiseido Fino Premium Touch Penetration Essence Hair Oil (70ml),Hair Oil,R743.94,—,$18.00,R260.38,Tier C (Long-tail),65%,No local comp,https://kiyoko.com/products/shiseido-fino-premium-touch-penetration-essence-hair-oil-70ml,"The Skin Boutique Curates: Shiseido Fino Premium Touch Penetration Essence Hair Oil (70ml) Strengthen, nourish and restore damaged hair. Authentically sourced and independently curated by The Skin Bou","Water, Glycerin (Check packaging for full details)"
812,ELIZAVECCA,ELIZAVECCA CER-100 Hair Muscle Essence Oil (100ml),Hair Oil,R537.29,—,$13.00,R188.05,Tier C (Long-tail),65%,No local comp,https://kiyoko.com/products/elizavecca-cer-100-hair-muscle-essence-oil-100ml,The Skin Boutique Curates: ELIZAVECCA CER-100 Hair Muscle Essence Oil (100ml) A light and silky essence that nourishes dry hair/split ends with plant oils Authentically sourced and independently curat,"Water, Glycerin (Check packaging for full details)"
813,&honey,&honey Melty Moist Repair Hair Oil 3.0 (100ml),Hair Oil,R785.27,—,$19.00,R274.84,Tier C (Long-tail),65%,No local comp,https://kiyoko.com/products/honey-melty-moist-repair-hair-oil-3-0-100ml-1,The Skin Boutique Curates: &honey Melty Moist Repair Hair Oil 3.0 (100ml) A bestselling Japanese hair oil that is specially made for hair repair and moisture sustaining. Contains a blend of 3 types of,"Water, Glycerin (Check packaging for full details)"
814,&honey,&honey Deep Moist Hair Oil 3.0 (100ml),Hair Oil,R785.27,—,$19.00,R274.84,Tier C (Long-tail),65%,No local comp,https://kiyoko.com/products/honey-deep-moist-hair-oil-3-0-100ml-1,"The Skin Boutique Curates: &honey Deep Moist Hair Oil 3.0 (100ml) A new deep hydrating, moisture-sustaining Japanese hair oil with a luxurious blend of honey! It is one of the best selling products fr","Water, Glycerin (Check packaging for full details)"
815,MAPEPE,MAPEPE Compact Comb for Bang,Hair Tools,R247.98,—,$6.00,R86.79,Tier C (Long-tail),65%,No local comp,https://kiyoko.com/products/mapepe-compact-comb-for-bang,"The Skin Boutique Curates: MAPEPE Compact Comb for Bang Effortlessly refresh your bangs anytime, anywhere with this compact comb designed for on-the-go styling. Gently separate strands weighed down by","Water, Glycerin (Check packaging for full details)"
816,MAPEPE,MAPEPE Cushion Comb L,Hair Tools,R247.98,—,$6.00,R86.79,Tier C (Long-tail),65%,No local comp,https://kiyoko.com/products/mapepe-cushion-comb-l,The Skin Boutique Curates: MAPEPE Cushion Comb L Experience the best of K-Beauty with MAPEPE Cushion Comb L by MAPEPE — a premium formula crafted to transform your skincare routine. Authentically sour,"Water, Glycerin (Full ingredients list under review)"
817,JMELLA,JMELLA In France Favorite Perfume Hand Cream Set (50ml x 5),Hand Cream,R661.28,—,$16.00,R231.45,Tier C (Long-tail),65%,No local comp,https://kiyoko.com/products/jmella-in-france-favorite-perfume-hand-cream-set-50ml-x-5,The Skin Boutique Curates: JMELLA In France Favorite Perfume Hand Cream Set (50ml x 5) A South Korean non-sticky hand cream set containing 5 types of delightful hand creams from Favorite Perfume that ,"Helianthus Annuus (Sunflower) Seed Oil, Olea Europaea (Olive) Fruit Oil, Isopropyl Palmitate, Persea Gratissima (Avocado) Oil, Argania Spinosa Kernel Oil, Camellia Japonica Seed Oil, Dimethicone/Vinyl"
818,JM Solution,JMsolution Honey Luminous Royal Propolis Hand Cream Set (100ml+50ml),Hand Cream,R330.64,—,$8.00,R115.72,Tier C (Long-tail),65%,No local comp,https://kiyoko.com/products/jmsolution-honey-luminous-royal-propolis-hand-cream-set-100ml-50ml,The Skin Boutique Curates: JMsolution Honey Luminous Royal Propolis Hand Cream Set (100ml+50ml) Experience the best of K-Beauty with JMsolution Honey Luminous Royal Propolis Hand Cream Set (100ml+50ml,"Water, Glycerin (Full ingredients list under review)"
819,JM Solution,JMsolution Water Luminous Avocado Nourishing Hand Cream Set (100ml+50ml),Hand Cream,R330.64,—,$8.00,R115.72,Tier C (Long-tail),65%,No local comp,https://kiyoko.com/products/jmsolution-water-luminous-avocado-nourishing-hand-cream-set-100ml-50ml,The Skin Boutique Curates: JMsolution Water Luminous Avocado Nourishing Hand Cream Set (100ml+50ml) Experience the best of K-Beauty with JMsolution Water Luminous Avocado Nourishing Hand Cream Set (10,"Water, Glycerin (Full ingredients list under review)"
820,W. DRESSROOM,W. DRESSROOM Moisturizing Perfume Hand Cream (50ml),Hand Cream,R413.30,—,$10.00,R144.66,Tier C (Long-tail),65%,No local comp,https://kiyoko.com/products/w-dressroom-moisturizing-perfume-hand-cream-50ml,The Skin Boutique Curates: W. DRESSROOM Moisturizing Perfume Hand Cream (50ml) Experience the best of K-Beauty with W. DRESSROOM Moisturizing Perfume Hand Cream (50ml) by W. DRESSROOM — a premium form,"Water, Glycerin (Full ingredients list under review)"
821,W. DRESSROOM,W. DRESSROOM Perfume Hand & Nail Cream Set (3x30ml),Hand Cream,R619.95,—,$15.00,R216.98,Tier C (Long-tail),65%,No local comp,https://kiyoko.com/products/w-dressroom-perfume-hand-nail-cream-set-3x30ml,The Skin Boutique Curates: W. DRESSROOM Perfume Hand & Nail Cream Set (3x30ml) A premium hand cream moisturizer in a variety of captivating fragrances. Authentically sourced and independently curated ,"Water, Glycerin (Check packaging for full details)"
822,SANA,Sana New Born Brow Eyebrow Mascara and Pencil EX,Eyebrow,R537.29,—,$13.00,R188.05,Tier C (Long-tail),65%,No local comp,https://kiyoko.com/products/sana-new-born-brow-eyebrow-mascara-and-pencil-ex-1,The Skin Boutique Curates: Sana New Born Brow Eyebrow Mascara and Pencil EX Multifunctional and convenient brow pencil and mascara Authentically sourced and independently curated by The Skin Boutique ,"Water, Glycerin (Check packaging for full details)"
823,SANA,Sana Newborn Perfect Eyebrow Pencil (0.4g),Eyebrow,R537.29,—,$13.00,R188.05,Tier C (Long-tail),65%,No local comp,https://kiyoko.com/products/sana-newborn-perfect-eyebrow-pencil-0-4g,The Skin Boutique Curates: Sana Newborn Perfect Eyebrow Pencil (0.4g) Multifunctional and convenient brow pencil and powder Authentically sourced and independently curated by The Skin Boutique — your ,"Water, Glycerin (Check packaging for full details)"
824,Romand,rom&nd Han All Brow Cara (9g),Eyebrow,R454.63,—,$11.00,R159.12,Tier C (Long-tail),65%,No local comp,https://kiyoko.com/products/rom-nd-han-all-brow-cara-9g,"The Skin Boutique Curates: rom&nd Han All Brow Cara (9g) Comb, shape and texturize your eyebrows. Authentically sourced and independently curated by The Skin Boutique — your trusted destination for pr","Water, Glycerin (Check packaging for full details)"
825,Laka,LAKA Pixi Brow Cara (8g),Eyebrow,R454.63,—,$11.00,R159.12,Tier C (Long-tail),65%,No local comp,https://kiyoko.com/products/laka-pixi-brow-cara-8g,The Skin Boutique Curates: LAKA Pixi Brow Cara (8g) A liquid-based brow mascara that gently yet precisely lifts and sets each brow hair in place Authentically sourced and independently curated by The ,"Water, Glycerin (Check packaging for full details)"
826,Medicube,Medicube PDRN Booster Gel (300ml),Gel,R785.27,—,$19.00,R274.84,Tier C (Long-tail),65%,No local comp,https://kiyoko.com/products/medicube-pdrn-booster-gel-300ml,The Skin Boutique Curates: Medicube PDRN Booster Gel (300ml) A gel designed to maximize the effectiveness of Medicube's AGE-R beauty devices Authentically sourced and independently curated by The Skin,"Water, Glycerin, Methylpropanediol, Acrylates/Ethylhexyl Acrylate Copolymer, Niacinamide, Chondrus Crispus Powder, 1,2-Hexanediol, Butylene Glycol, Betaine, Ceratonia Siliqua (Carob) Gum, Hydroxyaceto"
827,Wasosen,Wasosen All-in-One Gel (300g),Gel,R619.95,—,$15.00,R216.98,Tier C (Long-tail),65%,No local comp,https://kiyoko.com/products/wasosen-all-in-one-gel-300g,The Skin Boutique Curates: Wasosen All-in-One Gel (300g) A Japanese ultra-moisturizing all-in-one gel made with coix seed extract. Authentically sourced and independently curated by The Skin Boutique ,"Water, Glycerin (Check packaging for full details)"
828,iUNIK,iUNIK Centella Calming Gel Cream (60ml),Gel,R743.94,—,$18.00,R260.38,Tier C (Long-tail),65%,No local comp,https://kiyoko.com/products/iunik-centella-calming-gel-cream-60ml,"The Skin Boutique Curates: iUNIK Centella Calming Gel Cream (60ml) A refreshing and soothing gel cream for sensitive, blemish-prone skin. Authentically sourced and independently curated by The Skin Bo","Water, Glycerin (Check packaging for full details)"
829,KISSME,KISSME Heavy Rotation Eyebrow Pencil,Eyebrow,R619.95,—,$15.00,R216.98,Tier C (Long-tail),65%,No local comp,https://kiyoko.com/products/kissme-heavy-rotation-eyebrow-pencil,The Skin Boutique Curates: KISSME Heavy Rotation Eyebrow Pencil A pigmented eyebrow pencil with a precise tip for drawing and filling in the natural eyebrows. Authentically sourced and independently c,"Water, Glycerin (Check packaging for full details)"
830,Naturie,Naturie Skin Conditioning Gel (180g),Gel,R454.63,—,$11.00,R159.12,Tier C (Long-tail),65%,No local comp,https://kiyoko.com/products/naturie-skin-conditioning-gel-180g,"The Skin Boutique Curates: Naturie Skin Conditioning Gel (180g) A moisturizing gel containing coix seed extract, a natural moisturizing ingredient that conditions and hydrates the skin. Authentically ","Water, glycerin, DPG, dimethicone, ascorbyl tetrahexyldecanoate, Na tocopheryl phosphate, honeybee extract, di lauroyl glutamate (cholesteryl / octyldodecyl), (acrylic acid / alkyl acrylate (C10-30)) "
831,S.NATURE,S.NATURE Aqua Rice Cleansing Oil (200ml),Oil Cleanser,R991.91,—,$24.00,R347.17,Tier C (Long-tail),65%,No local comp,https://kiyoko.com/products/s-nature-aqua-rice-cleansing-oil-200ml,The Skin Boutique Curates: S.NATURE Aqua Rice Cleansing Oil (200ml) Experience the best of K-Beauty with S.NATURE Aqua Rice Cleansing Oil (200ml) by S.NATURE — a premium formula crafted to transform y,"Water, Glycerin (Check packaging for full details)"
832,ILSO,ILSO Super Melting Sebum Cleansing Oil (200ml),Oil Cleanser,R1033.24,—,$25.00,R361.63,Tier C (Long-tail),65%,No local comp,https://kiyoko.com/products/ilso-super-melting-sebum-cleansing-oil-200ml,The Skin Boutique Curates: ILSO Super Melting Sebum Cleansing Oil (200ml) A gentle yet effective and moisturizing cleansing oil. Authentically sourced and independently curated by The Skin Boutique — ,"Water, Glycerin (Check packaging for full details)"
833,Ishizawa,ISHIZAWA KEANA Nadeshiko Rice Cleansing Oil (145ml),Oil Cleanser,R1033.24,—,$25.00,R361.63,Tier C (Long-tail),65%,No local comp,https://kiyoko.com/products/ishizawa-keana-nadeshiko-rice-cleansing-oil-145ml,"The Skin Boutique Curates: ISHIZAWA KEANA Nadeshiko Rice Cleansing Oil (145ml) An oil cleanser specifically designed to target dry, textured skin and to remove rough patches Authentically sourced and ","Ethylhexyl Palmitate, PEG-20 Glyceryl Triisostearate, Triethylhexanoin, Water, Rice Bran Oil, Rice Fermentation Liquid, Rice Bran Sphingoglycolipids, Hydrolyzed Rice Bran Extract, BG, Pentylene Glycol"
834,MIXSOON,MIXSOON Bean Cleansing Oil (195ml),Oil Cleanser,R1033.24,—,$25.00,R361.63,Tier C (Long-tail),65%,No local comp,https://kiyoko.com/products/mixsoon-bean-cleansing-oil-195ml,The Skin Boutique Curates: MIXSOON Bean Cleansing Oil (195ml) Enjoy the deep cleansing with the Bean Cleansing Oil. Authentically sourced and independently curated by The Skin Boutique — your trusted ,"Ethylhexyl Palmitate, Sorbeth-30 Tetraoleate, Triethylhexanoin, Glycine Soja (Soybean) Oil (50,000ppm), Caprylic/Capric Triglyceride, Simmondsia Chinensis (Jojoba) Seed Oil, Fragrance, Tocopherol, Hel"
835,ROUND LAB,ROUND LAB 1025 Dokdo Cleansing Oil (200ml),Oil Cleanser,R1033.24,—,$25.00,R361.63,Tier C (Long-tail),65%,No local comp,https://kiyoko.com/products/round-lab-1025-dokdo-cleansing-oil-200ml,"The Skin Boutique Curates: ROUND LAB 1025 Dokdo Cleansing Oil (200ml) A lightweight cleansing oil to help remove makeup, sebum, blackhead, fine dust, and grime for a thorough cleanse and moisture char","Water, Glycerin (Check packaging for full details)"
836,iUNIK,iUNIK Calendula Complete Cleansing Oil (200ml),Oil Cleanser,R991.91,—,$24.00,R347.17,Tier C (Long-tail),65%,No local comp,https://kiyoko.com/products/iunik-calendula-complete-cleansing-oil-200ml,The Skin Boutique Curates: iUNIK Calendula Complete Cleansing Oil (200ml) A vegan gentle and effective all-in-one cleansing oil Authentically sourced and independently curated by The Skin Boutique — y,"Water, Glycerin (Check packaging for full details)"
837,Skin1004,SKIN1004 Madagascar Centella Light Cleansing Oil (200ml),Oil Cleanser,R1033.24,—,$25.00,R361.63,Tier C (Long-tail),65%,No local comp,https://kiyoko.com/products/skin1004-madagascar-centella-light-cleansing-oil-200ml,"The Skin Boutique Curates: SKIN1004 Madagascar Centella Light Cleansing Oil (200ml) A lightweight, oil-based cleanser that gently melts away makeup, dirt, oils and sunscreen . Authentically sourced an","Water, Glycerin (Check packaging for full details)"
838,Medicube,Medicube Hypochlorous Acid Daily Facial Spray,Facial Mist,R413.30,—,$10.00,R144.66,Tier C (Long-tail),65%,No local comp,https://kiyoko.com/products/medicube-hypochlorous-acid-daily-facial-spray,The Skin Boutique Curates: Medicube Hypochlorous Acid Daily Facial Spray Experience the best of K-Beauty with Medicube Hypochlorous Acid Daily Facial Spray by Medicube — a premium formula crafted to t,"Water, Glycerin (Full ingredients list under review)"
839,JOOCYEE,JOOCYEE Lucent Glazed Rouge Lipstick (3.5g),Lipstick,R661.28,—,$16.00,R231.45,Tier C (Long-tail),65%,No local comp,https://kiyoko.com/products/joocyee-lucent-glazed-rouge-lipstick,The Skin Boutique Curates: JOOCYEE Lucent Glazed Rouge Lipstick (3.5g) JOOCYEE Lucent Glazed Rouge Lipstick features a diamond light-transmitting film that creates stunning 360° radiance from every an,"Water, Glycerin (Check packaging for full details)"
840,JOOCYEE,JOOCYEE Velvet Rouge Matte Lipstick Pen (3g),Lipstick,R661.28,—,$16.00,R231.45,Tier C (Long-tail),65%,No local comp,https://kiyoko.com/products/joocyee-velvet-rouge-matte-lipstick-pen,The Skin Boutique Curates: JOOCYEE Velvet Rouge Matte Lipstick Pen (3g) JOOCYEE Velvet Rouge Matte Lipstick Pen is richly pigmented with a second-skin finish that delivers full color in a single appli,"Water, Glycerin (Check packaging for full details)"
841,JOOCYEE,JOOCYEE Long-Lasting Glossy Rouge (3g),Lipstick,R619.95,—,$15.00,R216.98,Tier C (Long-tail),65%,No local comp,https://kiyoko.com/products/joocyee-long-lasting-glossy-rouge,"The Skin Boutique Curates: JOOCYEE Long-Lasting Glossy Rouge (3g) JOOCYEE Long-Lasting Glossy Rouge hydrates with a weightless, non-sticky texture that melts seamlessly onto lips. Experience luminous ","Water, Glycerin (Check packaging for full details)"
842,JOOCYEE,JOOCYEE Glazed Rouge 2.0 Ultra Shine Lipstick (3.5g),Lipstick,R661.28,—,$16.00,R231.45,Tier C (Long-tail),65%,No local comp,https://kiyoko.com/products/joocyee-glazed-rouge-2-0-ultra-shine-lipstick,The Skin Boutique Curates: JOOCYEE Glazed Rouge 2.0 Ultra Shine Lipstick (3.5g) Experience the best of K-Beauty with JOOCYEE Glazed Rouge 2.0 Ultra Shine Lipstick (3.5g) by JOOCYEE — a premium formula,"Water, Glycerin (Full ingredients list under review)"
843,JOOCYEE,JOOCYEE Glazed Rouge Lipstick (3.5g),Lipstick,R661.28,—,$16.00,R231.45,Tier C (Long-tail),65%,No local comp,https://kiyoko.com/products/joocyee-glazed-rouge-lipstick-3-5g,The Skin Boutique Curates: JOOCYEE Glazed Rouge Lipstick (3.5g) Experience the best of K-Beauty with JOOCYEE Glazed Rouge Lipstick (3.5g) by JOOCYEE — a premium formula crafted to transform your skinc,"Water, Glycerin (Full ingredients list under review)"
844,ILSO,ILSO No Problem Spot Patch (72 PCs),Acne Treatments & Kits,R537.29,—,$13.00,R188.05,Tier C (Long-tail),65%,No local comp,https://kiyoko.com/products/ilso-no-problem-spot-patch-72pcs,The Skin Boutique Curates: ILSO No Problem Spot Patch (72 PCs) Experience the best of K-Beauty with ILSO No Problem Spot Patch (72 PCs) by ILSO — a premium formula crafted to transform your skincare r,"Water, Glycerin (Full ingredients list under review)"
845,Romand,rom&nd Zero Matte Lipstick (3g),Lipstick,R454.63,—,$11.00,R159.12,Tier C (Long-tail),65%,No local comp,https://kiyoko.com/products/rom-nd-zero-matte-lipstick-3g-1,"The Skin Boutique Curates: rom&nd Zero Matte Lipstick (3g) A lightweight matte lipstick with a moisturizing formula, offered in a range of chic runway-ready colours. Authentically sourced and independ","Water, Glycerin (Check packaging for full details)"
846,Olive Young,Olive Young Overnight Care Spot Patches,Acne Treatments & Kits,R495.96,—,$12.00,R173.59,Tier C (Long-tail),65%,No local comp,https://kiyoko.com/products/olive-young-overnight-care-spot-patches,The Skin Boutique Curates: Olive Young Overnight Care Spot Patches A very popular South Korean acne patches from Olive Young designed to decrease the look of acne spots and scaring. Authentically sour,"Water, Glycerin (Check packaging for full details)"
847,VT Cosmetics,VT Cica Acne Spot Patch,Acne Treatments & Kits,R371.97,—,$9.00,R130.19,Tier C (Long-tail),65%,No local comp,https://kiyoko.com/products/vt-cica-acne-spot-patch-48pcs-12pcs,"The Skin Boutique Curates: VT Cica Acne Spot Patch A Centella Asiatica Extract-infused, h ydrocolloid spot patch that absorbs wound exudates, soothes skin, and promotes effective healing Authentically","Water, Glycerin (Check packaging for full details)"
848,Ishizawa,ISHIZAWA Sukoyaka Suhada Urea Moisture Lotion (200ml),Lotion,R826.59,—,$20.00,R289.31,Tier C (Long-tail),65%,No local comp,https://kiyoko.com/products/ishizawa-sukoyaka-suhada-urea-moisture-lotion-200ml,The Skin Boutique Curates: ISHIZAWA Sukoyaka Suhada Urea Moisture Lotion (200ml) An intensive moisturizing toner that keeps the skin soft and moist for a long time. Authentically sourced and independe,"Water, Glycerin (Check packaging for full details)"
849,ROUND LAB,ROUND LAB 1025 Dokdo Lotion (200ml),Lotion,R826.59,—,$20.00,R289.31,Tier C (Long-tail),65%,No local comp,https://kiyoko.com/products/round-lab-1025-dokdo-lotion-200ml,"The Skin Boutique Curates: ROUND LAB 1025 Dokdo Lotion (200ml) A lightweight but hydrating moisturizer for all skin types, enriched with minerals from deep seawater of Ulleungdo and Triple Hyaluronic ","Water, Glycerin (Check packaging for full details)"
850,JMELLA,JMELLA In France Favorite Perfume Body Lotion (500ml),Body Lotion,R330.64,—,$8.00,R115.72,Tier C (Long-tail),65%,No local comp,https://kiyoko.com/products/jmella-in-france-favorite-perfume-body-lotion-500ml,The Skin Boutique Curates: JMELLA In France Favorite Perfume Body Lotion (500ml) A fragrant and hypoallergenic body lotion with premium French fragrance. Authentically sourced and independently curate,"Water, Glycerin (Check packaging for full details)"
851,NIDA,NIDA Retinol Glowy Lip Serum (7g),Lip Sleeping Mask,R702.61,—,$17.00,R245.91,Tier C (Long-tail),65%,No local comp,https://kiyoko.com/products/nida-retinol-glowy-lip-serum-7g,"The Skin Boutique Curates: NIDA Retinol Glowy Lip Serum (7g) NIDA Retinol Glowy Lip Serum is a Korean, vegan, and cruelty-free, high-shine treatment designed to plump, hydrate, and smooth lip wrinkles","Water, Glycerin (Check packaging for full details)"
852,NIDA,NIDA Overnight Lip Mask (20g),Lip Sleeping Mask,R702.61,—,$17.00,R245.91,Tier C (Long-tail),65%,No local comp,https://kiyoko.com/products/nida-overnight-lip-mask-20g,"The Skin Boutique Curates: NIDA Overnight Lip Mask (20g) NIDA Overnight Lip Mask in the ""Very Berry"" scent, designed to nourish and plump lips. This non-sticky formula suitable for overnight use and c","Water, Glycerin (Check packaging for full details)"
853,Wasosen,Wasosen Body Milk (500ml),Body Lotion,R619.95,—,$15.00,R216.98,Tier C (Long-tail),65%,No local comp,https://kiyoko.com/products/wasosen-body-milk-500ml,The Skin Boutique Curates: Wasosen Body Milk (500ml) A Japanese ultra-moisturizing milky body lotion that is perfect for dry skin. Experience the luxurious wa so sen Hatomugi Body Milk by Oka Internat,"Water, Glycerin (Check packaging for full details)"
854,ROSY ROSA,ROSY ROSA Makeup Sponge - N Square L (2pcs),Makeup Sponge,R165.32,—,$4.00,R57.86,Tier C (Long-tail),65%,No local comp,https://kiyoko.com/products/rosy-rosa-makeup-sponge-n-square-l-2pcs,The Skin Boutique Curates: ROSY ROSA Makeup Sponge - N Square L (2pcs) Smooth elongated square sponge made of NBR Authentically sourced and independently curated by The Skin Boutique — your trusted de,"Water, Glycerin (Check packaging for full details)"
855,ROSY ROSA,ROSY ROSA Flocky Puff (2pcs),Makeup Sponge,R165.32,—,$4.00,R57.86,Tier C (Long-tail),65%,No local comp,https://kiyoko.com/products/rosy-rosa-flocky-puff-2pcs,The Skin Boutique Curates: ROSY ROSA Flocky Puff (2pcs) Soft puff for pressed powder Authentically sourced and independently curated by The Skin Boutique — your trusted destination for premium K-Beaut,"Water, Glycerin (Check packaging for full details)"
856,ROSY ROSA,ROSY ROSA Point Makeup Brush Set (2pcs),Makeup Tools,R247.98,—,$6.00,R86.79,Tier C (Long-tail),65%,No local comp,https://kiyoko.com/products/rosy-rosa-point-makeup-brush-set-2pcs,The Skin Boutique Curates: ROSY ROSA Point Makeup Brush Set (2pcs) Set of 2 brushes for easy point makeup application. Authentically sourced and independently curated by The Skin Boutique — your trust,"Water, Glycerin (Check packaging for full details)"
857,nuse,nuse Care Tone-Up Handy (20ml),Primer,R619.95,—,$15.00,R216.98,Tier C (Long-tail),65%,No local comp,https://kiyoko.com/products/nuse-care-tone-up-handy-20ml,"The Skin Boutique Curates: nuse Care Tone-Up Handy (20ml) Moisturizing, tone-up cream that feels like skincare. Authentically sourced and independently curated by The Skin Boutique — your trusted dest","Water, Glycerin (Check packaging for full details)"
858,nuse,nuse Care Tone-Up (30ml),Primer,R743.94,—,$18.00,R260.38,Tier C (Long-tail),65%,No local comp,https://kiyoko.com/products/nuse-care-tone-up-30ml,"The Skin Boutique Curates: nuse Care Tone-Up (30ml) Moisturizing, tone-up cream that feels like skincare. Authentically sourced and independently curated by The Skin Boutique — your trusted destinatio","Water, Glycerin (Check packaging for full details)"
859,Medicube,Medicube PDRN Lip Sleeping Mask (10g),Lip Sleeping Mask,R702.61,—,$17.00,R245.91,Tier C (Long-tail),65%,No local comp,https://kiyoko.com/products/medicube-pdrn-lip-sleeping-mask-10g,The Skin Boutique Curates: Medicube PDRN Lip Sleeping Mask (10g) A deeply moisturizing sleep mask infused with PDRN and collagen Authentically sourced and independently curated by The Skin Boutique — ,"Diisostearyl Malate, Phytosteryl/Isostearyl/Cetyl/Stearyl/Behenyl Dimer Dilinoleate, Polyisobutene, Butyrospermum Parkii (Shea) Butter, Hydrogenated Polydecene, Microcrystalline Wax, Dipropylene Glyco"
860,FILLIMILLI,FILLIMILLI Eyebrow Scissors With Comb,Makeup Tools,R247.98,—,$6.00,R86.79,Tier C (Long-tail),65%,No local comp,https://kiyoko.com/products/fillimilli-eyebrow-scissors-with-comb,The Skin Boutique Curates: FILLIMILLI Eyebrow Scissors With Comb Quick and easy eye brow trimming. Authentically sourced and independently curated by The Skin Boutique — your trusted destination for p,"Water, Glycerin (Check packaging for full details)"
861,FILLIMILLI,FILLIMILLI Make Up Hair Pin (6pcs),Makeup Tools,R206.65,—,$5.00,R72.33,Tier C (Long-tail),65%,No local comp,https://kiyoko.com/products/fillimilli-make-up-hair-pin-6pcs,The Skin Boutique Curates: FILLIMILLI Make Up Hair Pin (6pcs) Gently holds hair up without denting hair Authentically sourced and independently curated by The Skin Boutique — your trusted destination ,"Water, Glycerin (Check packaging for full details)"
862,FILLIMILLI,FILLIMILLI Pure Cotton Puff (100pcs),Makeup Tools,R206.65,—,$5.00,R72.33,Tier C (Long-tail),65%,No local comp,https://kiyoko.com/products/fillimilli-pure-cotton-puff-100pcs,The Skin Boutique Curates: FILLIMILLI Pure Cotton Puff (100pcs) Soft and gentle cotton puff for sensitive skin Authentically sourced and independently curated by The Skin Boutique — your trusted desti,"Water, Glycerin (Check packaging for full details)"
863,FILLIMILLI,FILLIMILLI Slim Tweezers,Makeup Tools,R247.98,—,$6.00,R86.79,Tier C (Long-tail),65%,No local comp,https://kiyoko.com/products/fillimilli-slim-tweezers,The Skin Boutique Curates: FILLIMILLI Slim Tweezers Slimmer tweezers for the precision you need to reach every angle Authentically sourced and independently curated by The Skin Boutique — your trusted,"Water, Glycerin (Check packaging for full details)"
864,FILLIMILLI,FILLIMILLI Elaborative Tweezers,Makeup Tools,R289.31,—,$7.00,R101.26,Tier C (Long-tail),65%,No local comp,https://kiyoko.com/products/fillimilli-elaborative-tweezers,The Skin Boutique Curates: FILLIMILLI Elaborative Tweezers Delicate tweezers for the precision you need Authentically sourced and independently curated by The Skin Boutique — your trusted destination ,"Water, Glycerin (Check packaging for full details)"
865,FILLIMILLI,FILLIMILLI Macaron Puff (2pcs),Makeup Tools,R289.31,—,$7.00,R101.26,Tier C (Long-tail),65%,No local comp,https://kiyoko.com/products/fillimilli-macaron-puff-2pcs,The Skin Boutique Curates: FILLIMILLI Macaron Puff (2pcs) Get quick and even skin application with this cute macaron puff. Authentically sourced and independently curated by The Skin Boutique — your t,"Water, Glycerin (Check packaging for full details)"
866,NOONI,NOONI Lip Mask (12g),Lip Sleeping Mask,R537.29,—,$13.00,R188.05,Tier C (Long-tail),65%,No local comp,https://kiyoko.com/products/nooni-lip-mask-12g,The Skin Boutique Curates: NOONI Lip Mask (12g) Hydrating lip mask for day and night use Authentically sourced and independently curated by The Skin Boutique — your trusted destination for premium K-B,"Water, Glycerin (Check packaging for full details)"
867,JUDYDOLL,JUDYDOLL Mascara,Mascara,R537.29,—,$13.00,R188.05,Tier C (Long-tail),65%,No local comp,https://kiyoko.com/products/judydoll-3d-curling-eyelash-iron-mascara,"The Skin Boutique Curates: JUDYDOLL Mascara Viral, steel iron-head mascara for long-lasting curl and length. Authentically sourced and independently curated by The Skin Boutique — your trusted destina","Water, Glycerin (Check packaging for full details)"
868,Romand,rom&nd Nu Zero Puff (2 pcs),Makeup Tools,R206.65,—,$5.00,R72.33,Tier C (Long-tail),65%,No local comp,https://kiyoko.com/products/rom-nd-nu-zero-puff-2-pcs-1,The Skin Boutique Curates: rom&nd Nu Zero Puff (2 pcs) Set of 2 cushion puffs featuring Rubycell anti-bacterial foam for smooth and hygienic makeup application. Authentically sourced and independently,"Water, Glycerin (Check packaging for full details)"
869,Romand,rom&nd Back Me Tone Up Cream (50ml),Primer,R454.63,—,$11.00,R159.12,Tier C (Long-tail),65%,No local comp,https://kiyoko.com/products/rom-nd-back-me-tone-up-cream-50ml,The Skin Boutique Curates: rom&nd Back Me Tone Up Cream (50ml) Nourishing makeup base for bright and even skin tone. Authentically sourced and independently curated by The Skin Boutique — your trusted,"Water, Glycerin (Check packaging for full details)"
870,LANEIGE,LANEIGE Lip Sleeping Mask (20g),Lip Sleeping Mask,R743.94,—,$18.00,R260.38,Tier C (Long-tail),65%,No local comp,https://kiyoko.com/products/laneige-lip-sleeping-mask-20g,The Skin Boutique Curates: LANEIGE Lip Sleeping Mask (20g) A leave-on lip mask that delivers intense moisture and antioxidants while you sleep with its Moisture Wrap™ technology and Berry Mix Complex™,"Water, Glycerin (Check packaging for full details)"
871,I'M FROM,I'M FROM Mugwort Essence (150ml),Essence,R1198.56,—,$29.00,R419.50,Tier C (Long-tail),65%,No local comp,https://kiyoko.com/products/im-from-mugwort-essence-150ml,"The Skin Boutique Curates: I'M FROM Mugwort Essence (150ml) A detoxifying, purifying, and soothing essence for irritated skin. Authentically sourced and independently curated by The Skin Boutique — yo","Purified Water, Mugwort Extract (40%), 1,2-Hexanediol"
872,Sungboon Editor,Sungboon Editor Deep Collagen Hyalu-B5 Hydrating Mask (4 PCs),Sleep Mask,R826.59,—,$20.00,R289.31,Tier C (Long-tail),65%,No local comp,https://kiyoko.com/products/sungboon-editor-deep-collagen-hyalu-b5-hydrating-mask-4-pcs,The Skin Boutique Curates: Sungboon Editor Deep Collagen Hyalu-B5 Hydrating Mask (4 PCs) An effective jelly-type mask pack that deeply hydrates and moisturizes Authentically sourced and independently ,"Water, Glycerin, Dipropylene Glycol, Caprylic/Capric Triglyceride, Methylpropanediol, Niacinamide, 1,2-Hexanediol, Ceratonia Siliqua (Carob) Gum, Chondrus Crispus Powder, Chondrus Crispus, Betaine, Ce"
873,ISNTREE,ISNTREE Hyaluronic Acid Water Essence (50ml),Essence,R1198.56,—,$29.00,R419.50,Tier C (Long-tail),65%,No local comp,https://kiyoko.com/products/isntree-hyaluronic-acid-water-essence-50ml,The Skin Boutique Curates: ISNTREE Hyaluronic Acid Water Essence (50ml) A light-weight essence that deeply penetrates the skin for long lasting hydration Authentically sourced and independently curate,"Water, Glycerin (Check packaging for full details)"
874,VT Cosmetics,VT Cica Reedle Shot 100 Essence (50ml),Essence,R1198.56,—,$29.00,R419.50,Tier C (Long-tail),65%,No local comp,https://kiyoko.com/products/vt-cica-reedle-shot-100-essence-50ml,"The Skin Boutique Curates: VT Cica Reedle Shot 100 Essence (50ml) Revolutionary Cica Reedles for deeper, faster, and better absorption! Authentically sourced and independently curated by The Skin Bout","Water, Glycerin (Check packaging for full details)"
875,Skin1004,SKIN1004 Centella Hyalu Cica Sleeping Pack (100ml),Sleep Mask,R867.92,—,$21.00,R303.77,Tier C (Long-tail),65%,No local comp,https://kiyoko.com/products/skin1004-centella-hyalu-cica-sleeping-pack-100ml,The Skin Boutique Curates: SKIN1004 Centella Hyalu Cica Sleeping Pack (100ml) A lightweight gel sleeping mask formulated with pear and melon fruit extract to calm and vitalize skin throughout the nigh,"Centella Asiatica Leaf Water(39%), Water, Butylene Glycol, Glycerin, 1,2-Hexanediol, Niacinamide, Polyglutamic Acid, Pantolactone, Hibiscus Esculentus Fruit Extract, Carbomer, Panthenol, Sodium Hyalur"
876,MIXSOON,MIXSOON Soondy Centella Asiatica Essence (100ml),Essence,R1033.24,—,$25.00,R361.63,Tier C (Long-tail),65%,No local comp,https://kiyoko.com/products/mixsoon-soondy-centella-asiatica-essence-100ml,"The Skin Boutique Curates: MIXSOON Soondy Centella Asiatica Essence (100ml) The simplest way for smooth, resilient, elastic skin. Authentically sourced and independently curated by The Skin Boutique —",Centella Asiatica Extract 100%.
877,Kikumasamune,KIKUMASAMUNE Japanese Sake Essence (150ml),Essence,R1033.24,—,$25.00,R361.63,Tier C (Long-tail),65%,No local comp,https://kiyoko.com/products/kikumasamune-japanese-sake-essence-150ml,"The Skin Boutique Curates: KIKUMASAMUNE Japanese Sake Essence (150ml) Kikumasamune Sake Brewing Skin Care Essence is a b eauty serum formulated with real Japanese sake to soothe, hydrate, smoothen and","Water, Glycerin (Check packaging for full details)"
878,Medicube,Medicube Rosemary PDRN Scalp Serum (20ml),Hair Serum,R661.28,—,$16.00,R231.45,Tier C (Long-tail),65%,No local comp,https://kiyoko.com/products/medicube-rosemary-pdrn-scalp-serum-20ml,The Skin Boutique Curates: Medicube Rosemary PDRN Scalp Serum (20ml) Experience the best of K-Beauty with Medicube Rosemary PDRN Scalp Serum (20ml) by Medicube — a premium formula crafted to transform,"Water, Glycerin (Full ingredients list under review)"
879,TIRTIR,TIRTIR Glide & Hide Blurring Concealer (Stick 4g+Liquid 4g),Concealer,R785.27,—,$19.00,R274.84,Tier C (Long-tail),65%,No local comp,https://kiyoko.com/products/tirtir-glide-hide-blurring-concealer-8g,"The Skin Boutique Curates: TIRTIR Glide & Hide Blurring Concealer (Stick 4g+Liquid 4g) TIRTIR Glide &amp; Hide Blurring Concealer is a dual-sided, multi-use solution that glides, hides and blurs in a ","Water, Glycerin (Check packaging for full details)"
880,JUDYDOLL,JUDYDOLL Cloud Touch Concealer (3.2g),Concealer,R413.30,—,$10.00,R144.66,Tier C (Long-tail),65%,No local comp,https://kiyoko.com/products/judydoll-traceless-clouch-concealer-3-2g,The Skin Boutique Curates: JUDYDOLL Cloud Touch Concealer (3.2g) JUDYDOLL Traceless Cloud-Touch Concealer covers blemishes and dark circles to provide flawless coverage. It uses a unique double-coatin,"Water, Glycerin (Check packaging for full details)"
881,JUDYDOLL,JUDYDOLL Highlighting Concealer Cushion (8g),Concealer,R578.62,—,$14.00,R202.52,Tier C (Long-tail),65%,No local comp,https://kiyoko.com/products/judydoll-little-pearl-highlighting-concealer-cushion-8g,"The Skin Boutique Curates: JUDYDOLL Highlighting Concealer Cushion (8g) JUDYDOLL Little Pearl Highlighting Concealer Cushion is designed to deliver a luminous, lifting effect that mimics the natural g","Water, Glycerin (Check packaging for full details)"
882,Skin1004,SKIN1004 Madagascar Centella Tea-Trica Spot Cream (20ml),Spot Treatment,R785.27,—,$19.00,R274.84,Tier C (Long-tail),65%,No local comp,https://kiyoko.com/products/skin1004-madagascar-centella-tea-trica-spot-cream-20ml,The Skin Boutique Curates: SKIN1004 Madagascar Centella Tea-Trica Spot Cream (20ml) A moisturizer that perfectly soothes acne-prone and sensitive skin Authentically sourced and independently curated b,"Water, Glycerin (Check packaging for full details)"
883,KUNDAL,KUNDAL Airy Volume Hyaluron Serum (50ml),Hair Serum,R785.27,—,$19.00,R274.84,Tier C (Long-tail),65%,No local comp,https://kiyoko.com/products/kundal-airy-volume-hyaluron-serum-50ml,The Skin Boutique Curates: KUNDAL Airy Volume Hyaluron Serum (50ml) A hyaluronic acid infused serum that's light and airy. Authentically sourced and independently curated by The Skin Boutique — your t,"Water, Glycerin (Check packaging for full details)"
884,JUDYDOLL,JUDYDOLL Cloud Touch Concealer Palette (6g),Concealer,R537.29,—,$13.00,R188.05,Tier C (Long-tail),65%,No local comp,https://kiyoko.com/products/judydoll-traceless-cloud-touch-concealer-palette,The Skin Boutique Curates: JUDYDOLL Cloud Touch Concealer Palette (6g) All-in-one concealer palette for dark circles and blemishes! Authentically sourced and independently curated by The Skin Boutique,"Water, Glycerin (Check packaging for full details)"
885,Shiseido Fino,Shiseido Fino Premium Touch Hair Mask (230g),Hair Mask,R330.64,—,$8.00,R115.72,Tier C (Long-tail),65%,No local comp,https://kiyoko.com/products/shiseido-fino-premium-touch-hair-mask-230g,"The Skin Boutique Curates: Shiseido Fino Premium Touch Hair Mask (230g) An ultra-popular Japanese hair mask to help you achieve ""glass hair"" Authentically sourced and independently curated by The Skin","Water, Glycerin (Check packaging for full details)"
886,ILSO,ILSO Deep Clean Master,Exfoliator,R578.62,—,$14.00,R202.52,Tier C (Long-tail),65%,No local comp,https://kiyoko.com/products/ilso-deep-clean-master,"The Skin Boutique Curates: ILSO Deep Clean Master A convenient, multi-functional tool that works with your skincare routine. Authentically sourced and independently curated by The Skin Boutique — your","Water, Glycerin (Check packaging for full details)"
887,ELIZAVECCA,ELIZAVECCA CER-100 Collagen Coating Protein Ion Injection (50ml),Hair Mask,R413.30,—,$10.00,R144.66,Tier C (Long-tail),65%,No local comp,https://kiyoko.com/products/elizavecca-cer-100-collagen-coating-protein-ion-injection-50ml,The Skin Boutique Curates: ELIZAVECCA CER-100 Collagen Coating Protein Ion Injection (50ml) A treatment designed to improve manageability and elasticity Authentically sourced and independently curated,"Water, Glycerin (Check packaging for full details)"
888,Bifesta,Bifesta Eye Makeup Remover (145ml),Makeup Remover,R619.95,—,$15.00,R216.98,Tier C (Long-tail),65%,No local comp,https://kiyoko.com/products/bifesta-eye-makeup-remover-145ml,"The Skin Boutique Curates: Bifesta Eye Makeup Remover (145ml) A Japanese eye makeup remover with moisturizing ingredients that gently and thoroughly removes eye makeup, including waterproof mascara. A","Water, Glycerin (Check packaging for full details)"
889,Haruharu Wonder,Haruharu Wonder Black Rice Moisture Deep Cleansing Oil (150ml),Oil Cleanser,R179.00,R139,$18.00,R62.65,Tier C (Long-tail),65%,Repriced.,https://kiyoko.com/products/haruharu-wonder-black-rice-moisture-deep-cleansing-oil-150ml,"The Skin Boutique Curates: Haruharu Wonder Black Rice Moisture Deep Cleansing Oil (150ml) A refreshing oil cleanser that hydrates as it removes dirt, makeup, and impurities from the skin. Authenticall","Water, Glycerin (Check packaging for full details)"
890,Kikumasamune,KIKUMASAMUNE Rice Made+ Japanese Sake Cleansing Lotion (500ml),Makeup Remover,R619.95,—,$15.00,R216.98,Tier C (Long-tail),65%,No local comp,https://kiyoko.com/products/kikumasamune-rice-made-japanese-sake-cleansing-lotion-500ml,The Skin Boutique Curates: KIKUMASAMUNE Rice Made+ Japanese Sake Cleansing Lotion (500ml) A multi-functional lotion that gently cleanses while adding moisture back into the skin. Authentically sourced,"Water, Glycerin (Check packaging for full details)"
891,Dr. G,Dr.G Brightening Peeling Gel (120ml),Peeling Gel,R743.94,—,$18.00,R260.38,Tier C (Long-tail),65%,No local comp,https://kiyoko.com/products/dr-g-brightening-peeling-gel-120ml,The Skin Boutique Curates: Dr.G Brightening Peeling Gel (120ml) Dr. G Brightening Peeling Gel is a unique peeling gel suitable for even the most sensitive skin. Authentically sourced and independently,"Water, Glycerin (Check packaging for full details)"
892,Shiseido Tsubaki,Shiseido Tsubaki Premium EX Repair Hair Mask (180g),Hair Mask,R537.29,—,$13.00,R188.05,Tier C (Long-tail),65%,No local comp,https://kiyoko.com/products/shiseido-tsubaki-premium-ex-repair-hair-mask-180g,The Skin Boutique Curates: Shiseido Tsubaki Premium EX Repair Hair Mask (180g) TSUBAKI Premium Repair Mask is a Japanese hair mask with salon-like results Authentically sourced and independently curat,"Water, Glycerin, Dimethicone, Isopentyldiol, Hydrogenated Rapeseed Oil Alcohol, Behentrimonium Chloride, Stearyl Alcohol, Sorbitol, Aminopropyl Dimethicone, Hydroxyethyl Urea, Alkyl (C12, 14) Oxyhydro"
893,Ashirira,Ashirira Foot Relax Sheet: Ginger (1 BOX / 30 PCs),Feet Mask,R867.92,—,$21.00,R303.77,Tier C (Long-tail),65%,No local comp,https://kiyoko.com/products/ashirira-foot-relax-sheet-ginger-1-box-30-pcs,The Skin Boutique Curates: Ashirira Foot Relax Sheet: Ginger (1 BOX / 30 PCs) A foot sheet using natural bamboo tree sap to relax and detox during your sleep. Authentically sourced and independently c,"Dextrin, Bamboo Sap, Chameleon Plant (Dokudami), Loquat Leaf, Chitosan, Vitamin C"
894,fwee,fwee Pocket Eye Palette (6.6g),Blush & Highlighter,R991.91,—,$24.00,R347.17,Tier C (Long-tail),65%,No local comp,https://kiyoko.com/products/fwee-pocket-eye-palette-6-6g,The Skin Boutique Curates: fwee Pocket Eye Palette (6.6g) Pocket-size eye palette featuring 4 coordinated shades and 1 glitter. Authentically sourced and independently curated by The Skin Boutique — y,"Water, Glycerin (Check packaging for full details)"
895,fwee,fwee Pocket Cheek Palette (9.6g),Blush & Highlighter,R991.91,—,$24.00,R347.17,Tier C (Long-tail),65%,No local comp,https://kiyoko.com/products/fwee-pocket-cheek-palette-9-6g,The Skin Boutique Curates: fwee Pocket Cheek Palette (9.6g) Pocket-size blush palette that can be customized to your perfect shade Authentically sourced and independently curated by The Skin Boutique ,"Water, Glycerin (Check packaging for full details)"
896,Shiseido Tsubaki,Shiseido Tsubaki Premium EX Damage Care & Repair Shampoo & Conditioner Set (2x400ml),Hair Set,R867.92,—,$21.00,R303.77,Tier C (Long-tail),65%,No local comp,https://kiyoko.com/products/shiseido-tsubaki-premium-ex-damage-care-repair-shampoo-conditioner-set-2x400ml,The Skin Boutique Curates: Shiseido Tsubaki Premium EX Damage Care & Repair Shampoo & Conditioner Set (2x400ml) A hair set that p rovides long-lasting moisture to dry and damaged hair Authentically so,"Water, Glycerin (Check packaging for full details)"
897,Ashirira,Ashirira Foot Relax Sheet: Grapefruit (1 BOX / 30 PCs),Feet Mask,R867.92,—,$21.00,R303.77,Tier C (Long-tail),65%,No local comp,https://kiyoko.com/products/ashirira-foot-relax-sheet-grapefruit-1-box-30-pcs,The Skin Boutique Curates: Ashirira Foot Relax Sheet: Grapefruit (1 BOX / 30 PCs) A foot sheet using natural bamboo tree sap to relax and detox during your sleep. Authentically sourced and independent,"Dextrin, Bamboo Sap, Chameleon Plant (Dokudami), Loquat Leaf, Chitosan, Vitamin C"
898,Ashirira,Ashirira Foot Relax Sheet: Rose (1 BOX / 30 PCs),Feet Mask,R867.92,—,$21.00,R303.77,Tier C (Long-tail),65%,No local comp,https://kiyoko.com/products/ashirira-foot-relax-sheet-rose-1-box-30-pcs,The Skin Boutique Curates: Ashirira Foot Relax Sheet: Rose (1 BOX / 30 PCs) A foot sheet using natural bamboo tree sap to relax and detox during your sleep. Authentically sourced and independently cur,"Dextrin, Bamboo Sap, Chameleon Plant (Dokudami), Loquat Leaf, Chitosan, Vitamin C"
899,Ashirira,Ashirira Foot Relax Sheet: Mugwort (1 BOX / 30 PCs),Feet Mask,R867.92,—,$21.00,R303.77,Tier C (Long-tail),65%,No local comp,https://kiyoko.com/products/ashirira-foot-relax-sheet-mugwort-1-box-30-pcs,The Skin Boutique Curates: Ashirira Foot Relax Sheet: Mugwort (1 BOX / 30 PCs) A foot sheet using natural bamboo tree sap to relax and detox during your sleep. Authentically sourced and independently ,"Dextrin, Bamboo Sap, Chameleon Plant (Dokudami), Loquat Leaf, Chitosan, Vitamin C"
900,JUDYDOLL,JUDYDOLL Precise Drawing Eyeliner Pen,Liquid Eyeliner,R454.63,—,$11.00,R159.12,Tier C (Long-tail),65%,No local comp,https://kiyoko.com/products/judydoll-precise-drawing-eyeliner-pen,"The Skin Boutique Curates: JUDYDOLL Precise Drawing Eyeliner Pen JUDYDOLL Precise Drawing Eyeliner Pen is a sleek and easy-to-use eyeliner designed for smooth, long-lasting application. The fine-tip f","Water, Glycerin (Check packaging for full details)"
901,Cow Brand,COW BRAND Shizen Gokochi Facial Cleansing Bar Soap (80g),Body Wash,R247.98,—,$6.00,R86.79,Tier C (Long-tail),65%,No local comp,https://kiyoko.com/products/cow-brand-shizen-gokochi-facial-cleansing-bar-soap-80g,The Skin Boutique Curates: COW BRAND Shizen Gokochi Facial Cleansing Bar Soap (80g) A foaming body soap containing vegetable amino acid-based cleansing ingredients Authentically sourced and independen,"Water, Glycerin (Check packaging for full details)"
902,Medicube,Medicube Booster Pro Panda Head Case,Skin Care Tools,R702.61,—,$17.00,R245.91,Tier C (Long-tail),65%,No local comp,https://kiyoko.com/products/medicube-booster-pro-panda-head-case,The Skin Boutique Curates: Medicube Booster Pro Panda Head Case Limited edition case for Medicube Age-R Booster Pro. Authentically sourced and independently curated by The Skin Boutique — your trusted,"Water, Glycerin (Check packaging for full details)"
903,Romand,rom&nd Better Than Finish Setting Powder (15g),Setting Powder,R578.62,—,$14.00,R202.52,Tier C (Long-tail),65%,No local comp,https://kiyoko.com/products/rom-nd-better-than-finish-setting-powder-15g,"The Skin Boutique Curates: rom&nd Better Than Finish Setting Powder (15g) Achieve a matte, air-brushed look and no pores with this ultra-fine powder! Authentically sourced and independently curated by","Talc, Mica, Dimethicone, Silica, Polyethylene Magnesium Myristate, 1,2-hexanediol, Magnesium Stearate, Triethoxycaprylsilane, Coral Powder"
904,KISSME,KISSME Heroine Make Liquid Eyeliner,Liquid Eyeliner,R785.27,—,$19.00,R274.84,Tier C (Long-tail),65%,No local comp,https://kiyoko.com/products/kissme-heroine-make-liquid-eyeliner,"The Skin Boutique Curates: KISSME Heroine Make Liquid Eyeliner Japan's No. 1 most popular smudge-proof liquid eyeliner. Doesn't blur, even after tears and rubbing! Ultra long-lasting eyeliner with str","Water, Glycerin (Check packaging for full details)"
905,TIRTIR,TIRTIR Collagen Lifting Eye Cream (15ml),Eye Cream,R1033.24,—,$25.00,R361.63,Tier C (Long-tail),65%,No local comp,https://kiyoko.com/products/tirtir-collagen-lifting-eye-cream-15ml,The Skin Boutique Curates: TIRTIR Collagen Lifting Eye Cream (15ml) An effective eye cream proven to reduce under eye wrinkles and firm the skin around the eye area. Authentically sourced and independ,"Water, Glycerin, Butylene Glycol,1,2-Hexanediol, Caprylic/Capric Triglyceride, Dipropylene Glycol, Hydrogenated Poly (C6-14 Olefin), Niacinamide, Methyl Trimethicone, C12-16 Alcohols, Caprylic/Capric/"
906,Medicube,Medicube Kojic Acid Turmeric Vita Eye Gel Serum (30ml),Eye Cream,R991.91,—,$24.00,R347.17,Tier C (Long-tail),65%,No local comp,https://kiyoko.com/products/medicube-kojic-acid-turmeric-vita-eye-gel-serum,The Skin Boutique Curates: Medicube Kojic Acid Turmeric Vita Eye Gel Serum (30ml) Medicube Kojic Acid Turmeric Vita Eye Gel Serum is a lightweight eye treatment that hydrates the delicate eye area whi,"Water, Glycerin (Check packaging for full details)"
907,MEDIPEEL,MEDIPEEL Phyto Exosome PDRN Lifting Shot Eye Cream (40ml),Eye Cream,R909.25,—,$22.00,R318.24,Tier C (Long-tail),65%,No local comp,https://kiyoko.com/products/medipeel-phyto-exosome-pdrn-lifting-shot-eye-cream-40ml,"The Skin Boutique Curates: MEDIPEEL Phyto Exosome PDRN Lifting Shot Eye Cream (40ml) A cream with a lifting effect for mature skin, aimed at combating age-related changes in the areas around the eyes ","Water, Butylene Glycol, Caprylic/Capric Triglyceride, Triethylhexanoin, Methyl Trimethicone, Polyglyceryl-5 Polyricinoleate, 1,2-Hexanediol, Niacinamide, Polyglyceryl-6 Polyricinoleate, Simmondsia Chi"
908,fwee,fwee Lip & Cheek Glowy Pudding Pot (5g),Lip Balms,R826.59,—,$20.00,R289.31,Tier C (Long-tail),65%,No local comp,https://kiyoko.com/products/fwee-lip-cheek-glowy-pudding-pot-5g,"The Skin Boutique Curates: fwee Lip & Cheek Glowy Pudding Pot (5g) Viral Korean lip and cheek balm with a glowy, dewy finish Authentically sourced and independently curated by The Skin Boutique — your","Water, Glycerin (Check packaging for full details)"
909,VT Cosmetics,VT Cica Collagen Eye Cream (15ml),Eye Cream,R1033.24,—,$25.00,R361.63,Tier C (Long-tail),65%,No local comp,https://kiyoko.com/products/vt-cica-collagen-eye-cream-15ml,The Skin Boutique Curates: VT Cica Collagen Eye Cream (15ml) Revolutionary eye cream that enhances absorption and stimulates the skin upon contact Authentically sourced and independently curated by Th,"Water, Glycerin (Check packaging for full details)"
910,Romand,rom&nd Bare Layer Palette (14g),Eye Shadow,R867.92,—,$21.00,R303.77,Tier C (Long-tail),65%,No local comp,https://kiyoko.com/products/rom-nd-bare-layer-palette-14g,The Skin Boutique Curates: rom&nd Bare Layer Palette (14g) An all-in-one palette for eyes and cheeks! Authentically sourced and independently curated by The Skin Boutique — your trusted destination fo,"Water, Glycerin (Check packaging for full details)"
911,Ishizawa,ISHIZAWA Sukoyaka Suhada Urea Moisture Eye Cream (30g),Eye Cream,R1033.24,—,$25.00,R361.63,Tier C (Long-tail),65%,No local comp,https://kiyoko.com/products/ishizawa-sukoyaka-suhada-urea-moisture-eye-cream-30g,The Skin Boutique Curates: ISHIZAWA Sukoyaka Suhada Urea Moisture Eye Cream (30g) An intensive moisturizing treatment cream for the eye area. Authentically sourced and independently curated by The Ski,"Water, Glycerin (Check packaging for full details)"
912,Heimish,HEIMISH Marine Care Eye Cream (30ml),Eye Cream,R991.91,—,$24.00,R347.17,Tier C (Long-tail),65%,No local comp,https://kiyoko.com/products/heimish-marine-care-eye-cream-30ml,The Skin Boutique Curates: HEIMISH Marine Care Eye Cream (30ml) A luxurious all-in-one eye cream with concentrated marine water to brighten and reduce the appearance of fine lines and wrinkles. Authen,"Water, Butylene Glycol, Ecklonia Cava Extract , Undaria Pinnatifida Extract , Hizikia Fusiforme Extract , Laminaria Japonica Extract , Glycerin, Cetearyl Alcohol, Caprylic/Capric Triglyceride, Cetyl E"
913,Unove,UNOVE Volume Up Curling Essence (147ml),Hair Water,R785.27,—,$19.00,R274.84,Tier C (Long-tail),65%,No local comp,https://kiyoko.com/products/unove-volume-up-curling-essence-147ml,The Skin Boutique Curates: UNOVE Volume Up Curling Essence (147ml) UNOVE Volume Up Curling Essence is a lightweight rinse-free treatment designed specifically for curly or permed hair that is dry and ,"Water, Glycerin (Check packaging for full details)"
914,TIRTIR,TIRTIR Mask Fit Waterproof Setting Spray (80ml),Setting Spray,R702.61,—,$17.00,R245.91,Tier C (Long-tail),65%,No local comp,https://kiyoko.com/products/tirtir-mask-fit-waterproof-setting-spray-80ml,The Skin Boutique Curates: TIRTIR Mask Fit Waterproof Setting Spray (80ml) Experience the best of K-Beauty with TIRTIR Mask Fit Waterproof Setting Spray (80ml) by TIRTIR — a premium formula crafted to,"Water, Glycerin (Full ingredients list under review)"
915,KUNDAL,KUNDAL Head Spa & Scalp Care+ Scalp Tonic (100ml),Hair Tonic,R785.27,—,$19.00,R274.84,Tier C (Long-tail),65%,No local comp,https://kiyoko.com/products/kundal-head-spa-scalp-care-scalp-tonic-100ml,The Skin Boutique Curates: KUNDAL Head Spa & Scalp Care+ Scalp Tonic (100ml) Spa-like hair care tonic to prevent hair loss Authentically sourced and independently curated by The Skin Boutique — your t,"Water, Glycerin (Check packaging for full details)"
916,KISSME,KISSME Speedy Mascara Remover,Mascara Remover,R619.95,—,$15.00,R216.98,Tier C (Long-tail),65%,No local comp,https://kiyoko.com/products/kissme-speedy-mascara-remover-1,The Skin Boutique Curates: KISSME Speedy Mascara Remover KISSME Speedy Mascara Remover is a Japanese remover that easily melts away waterproof mascara and eyeliner. Authentically sourced and independe,"Water, Glycerin (Check packaging for full details)"
917,KAO,KAO MegRhythm Steam Eye Mask (12pcs),Steam Mask,R743.94,—,$18.00,R260.38,Tier C (Long-tail),65%,No local comp,https://kiyoko.com/products/kao-megrhythm-steam-eye-mask-12pcs,The Skin Boutique Curates: KAO MegRhythm Steam Eye Mask (12pcs) An eye mask that gently releases tension from strained or sleep deprived eyes Authentically sourced and independently curated by The Ski,"Surface material: polypropylene, polyethylene"
918,Medicube,Medicube Multi Blackhead Pore Brush (20g),Brush,R371.97,—,$9.00,R130.19,Tier C (Long-tail),65%,No local comp,https://kiyoko.com/products/medicube-multi-blackhead-pore-brush-20g,The Skin Boutique Curates: Medicube Multi Blackhead Pore Brush (20g) A facial cleansing brush that effectively removes dirt and debris Authentically sourced and independently curated by The Skin Bouti,"Water, Glycerin (Check packaging for full details)"
919,Medicube,Medicube Jelly Brush (20g),Brush,R371.97,—,$9.00,R130.19,Tier C (Long-tail),65%,No local comp,https://kiyoko.com/products/medicube-jelly-brush-20g,The Skin Boutique Curates: Medicube Jelly Brush (20g) A skincare brush for evenly distributing product across the face Authentically sourced and independently curated by The Skin Boutique — your trust,"Water, Glycerin (Check packaging for full details)"
920,Shiseido Tsubaki,Shiseido Tsubaki Premium Repair Hair Water (210ml),Hair Tonic,R619.95,—,$15.00,R216.98,Tier C (Long-tail),65%,No local comp,https://kiyoko.com/products/shiseido-tsubaki-premium-repair-hair-water-210ml,The Skin Boutique Curates: Shiseido Tsubaki Premium Repair Hair Water (210ml) Mimic salon-like hair care with this instant at-home hair water. Authentically sourced and independently curated by The Sk,"Water, ethanol, glycerin, sodium lactate, steartrimonium chloride, hydroxyethyl urea, lactic acid, camellia seed oil, lysine Na dilauroylglutamate, royal jelly extract, soybean seed extract, PPG-20 de"
921,K-SECRET SEOUL 1988,K-SECRET SEOUL Instant Relief Eye Gel Patches (60 PCs),Eye Patch,R826.59,—,$20.00,R289.31,Tier C (Long-tail),65%,No local comp,https://kiyoko.com/products/k-secret-seoul-instant-relief-eye-gel-patches-60-pcs,"The Skin Boutique Curates: K-SECRET SEOUL Instant Relief Eye Gel Patches (60 PCs) K-SECRET Instant Relief Eye Gel Patches are infused with Caffeine to target puffiness, dark circles, and dullness. The","Water, Glycerin (Check packaging for full details)"
922,K-SECRET SEOUL 1988,K-SECRET SEOUL Extra Illuminating Eye Gel Patches (60 PCs),Eye Patch,R826.59,—,$20.00,R289.31,Tier C (Long-tail),65%,No local comp,https://kiyoko.com/products/k-secret-seoul-extra-illuminating-eye-gel-patches-60-pcs,The Skin Boutique Curates: K-SECRET SEOUL Extra Illuminating Eye Gel Patches (60 PCs) K-SECRET Extra Illuminating Eye Gel Patches are the perfect solution to combat signs of fatigue and dark circles a,"Water, Glycerin (Check packaging for full details)"
923,JUDYDOLL,JUDYDOLL Slim Gel Eyeliner (0.06g),Pencil Eyeliner,R454.63,—,$11.00,R159.12,Tier C (Long-tail),65%,No local comp,https://kiyoko.com/products/judydoll-slim-gel-eyeliner-0-06g,The Skin Boutique Curates: JUDYDOLL Slim Gel Eyeliner (0.06g) JUDYDOLL Slim Gel Eyeliner glides on easily and does not feel sticky when applied to the delicate skin around the eyes. It features a hard,"Water, Glycerin (Check packaging for full details)"
924,ILSO,ILSO Natural Mild Clear Nose Patch (5 PCs),Pore Strip,R785.27,—,$19.00,R274.84,Tier C (Long-tail),65%,No local comp,https://kiyoko.com/products/ilso-natural-mild-clear-nose-patch-updated-5-pcs,The Skin Boutique Curates: ILSO Natural Mild Clear Nose Patch (5 PCs) A two-step nose pack that makes your blackheads disappear. Authentically sourced and independently curated by The Skin Boutique — ,"Water, Glycerin (Check packaging for full details)"
925,Seapuri,Seapuri Body Mist (200ml),Body Mist,R702.61,—,$17.00,R245.91,Tier C (Long-tail),65%,No local comp,https://kiyoko.com/products/seapuri-body-mist-200ml,The Skin Boutique Curates: Seapuri Body Mist (200ml) Exfoliating body mist to smooth and hydrate. Authentically sourced and independently curated by The Skin Boutique — your trusted destination for pr,"Water, Glycerin (Check packaging for full details)"
926,KAO,KAO Bioré Foaming Hand Soap (240ml),Hand Soap,R495.96,—,$12.00,R173.59,Tier C (Long-tail),65%,No local comp,https://kiyoko.com/products/kao-biore-foaming-hand-soap-240ml,The Skin Boutique Curates: KAO Bioré Foaming Hand Soap (240ml) A delightful antibacterial hand soap that dispenses a charming shaped foam Authentically sourced and independently curated by The Skin Bo,"Isopropylmethylphenol, Water, Polyoxyethylene Lauryl Ether Ammonium Sulfate (1e.o.) Solution, Pg, Alkylglycoside, Poe (21) Lauryl Ether, Ethanol, Concentrated Glycerin, Poe (3) Lauryl Ether, Poe Laury"
927,Romand,rom&nd Lip Mate Pencil (0.5g),Lip Liner,R454.63,—,$11.00,R159.12,Tier C (Long-tail),65%,No local comp,https://kiyoko.com/products/rom-nd-lip-mate-pencil-0-5g,The Skin Boutique Curates: rom&nd Lip Mate Pencil (0.5g) Naturally enhance your pout with these beautiful muted shades. Authentically sourced and independently curated by The Skin Boutique — your trus,"Water, Glycerin (Check packaging for full details)"
928,ROUND LAB,ROUND LAB 1025 Dokdo Cleanser (150ml),Cream Cleanser,R619.95,—,$15.00,R216.98,Tier C (Long-tail),65%,No local comp,https://kiyoko.com/products/round-lab-1025-dokdo-cleanser-150ml,"The Skin Boutique Curates: ROUND LAB 1025 Dokdo Cleanser (150ml) A creamy, foaming cleanser suitable for all skin types. It cleanses away impurities and makeup and removes excess sebum. Authentically ","Water, Glycerin (Check packaging for full details)"
929,KISSME,KISSME Heroine Long Stay Sharp Gel Eyeliner,Gel Eyeliner,R785.27,—,$19.00,R274.84,Tier C (Long-tail),65%,No local comp,https://kiyoko.com/products/kissme-heroine-long-stay-sharp-gel-eyeliner,"The Skin Boutique Curates: KISSME Heroine Long Stay Sharp Gel Eyeliner Ultra fine hyper-lasting Gel eyeline. A soft 1.5mm pencil tip to easily draw thin lines, and it stays on your eyes all-day long! ","Water, Glycerin (Check packaging for full details)"
930,Dr. Melaxin,Dr.Melaxin Peel Shot Exfoliating Black Rice Ampoule (80ml),Ampoule,R1281.22,—,$31.00,R448.43,Tier C (Long-tail),65%,No local comp,https://kiyoko.com/products/dr-melaxin-peel-shot-exfoliating-black-rice-ampoule-80ml,The Skin Boutique Curates: Dr.Melaxin Peel Shot Exfoliating Black Rice Ampoule (80ml) A detoxifying ampoule that helps with sebum and improving texture Authentically sourced and independently curated ,"Oryza Sativa (Rice) Bran Water, Dipropylene Glycol, Water, Tripropylene Glycol, Cellulose, Propanediol, Butylene Glycol, Glycerin, Carbomer, 1,2-Hexanediol, Steartrimonium Methosulfate, Saccharide Iso"
931,Dr. Melaxin,Dr.Melaxin Peel Shot Exfoliating White Rice Ampoule (80ml),Ampoule,R1281.22,—,$31.00,R448.43,Tier C (Long-tail),65%,No local comp,https://kiyoko.com/products/dr-melaxin-peel-shot-exfoliating-white-rice-ampoule-80ml,The Skin Boutique Curates: Dr.Melaxin Peel Shot Exfoliating White Rice Ampoule (80ml) An innovative formula that is designed to gently remove dead skin cells Authentically sourced and independently cu,"Aqua, Oryza Sativa (Rice) Bran Water, Dipropylene Glycol, Tripropylene Glycol, Cellulose, Propanediol, Butylene Glycol, 1,2-Hexanediol, Carbomer, Steartrimonium Methosulfate, Glycerin, Saccharide Isom"
932,&honey,&honey Melty Moist Shine Hair Oil 3.0 (100ml),Hair Oil,R826.59,—,$20.00,R289.31,Tier C (Long-tail),65%,No local comp,https://kiyoko.com/products/honey-melty-moist-shine-hair-oil-3-0-100ml,"The Skin Boutique Curates: &honey Melty Moist Shine Hair Oil 3.0 (100ml) A deep hydrating, moisture-sustaining hair care with a luxurious blend of honey! Authentically sourced and independently curate","Honey, Argan oil, hyaluronic acid, and other nourishing elements."
933,JAYJUN,JAYJUN Eye Gel Patch (30 Pairs),Eye Masks,R867.92,—,$21.00,R303.77,Tier C (Long-tail),65%,No local comp,https://kiyoko.com/products/jayjun-eye-gel-patch-30-pairs-60-pcs,"The Skin Boutique Curates: JAYJUN Eye Gel Patch (30 Pairs) An innovative, water-soluble hydrogel eye patch created to decrease fine wrinkles, increase elasticity, and provide long-lasting hydration. A","Water, Glycerin (Check packaging for full details)"
934,Laka,LAKA Mono Eye Shadow (1.8g),Eye Shadow,R289.31,—,$7.00,R101.26,Tier C (Long-tail),65%,No local comp,https://kiyoko.com/products/laka-mono-eye-shadow-1-8g,The Skin Boutique Curates: LAKA Mono Eye Shadow (1.8g) A finely-milled powder eyeshadows designed for seamless blending Authentically sourced and independently curated by The Skin Boutique — your trus,"Water, Glycerin (Check packaging for full details)"
935,ISNTREE,ISNTREE Hyaluronic Acid Aqua Gel Cream (100ml),Gel,R867.92,—,$21.00,R303.77,Tier C (Long-tail),65%,No local comp,https://kiyoko.com/products/isntree-hyaluronic-acid-aqua-gel-cream-100ml,"The Skin Boutique Curates: ISNTREE Hyaluronic Acid Aqua Gel Cream (100ml) A light and moisturizing gel, suitable for oily and sensitive skin Authentically sourced and independently curated by The Skin","Water, Glycerin (Check packaging for full details)"
936,MEDI FLOWER,MEDI FLOWER Bonita Garden Hand Cream Set (75gx6),Hand Cream,R867.92,—,$21.00,R303.77,Tier C (Long-tail),65%,No local comp,https://kiyoko.com/products/medi-flower-bonita-garden-hand-cream-set-75gx6,The Skin Boutique Curates: MEDI FLOWER Bonita Garden Hand Cream Set (75gx6) A premium hand cream set in a variety of captivating fragrances. Authentically sourced and independently curated by The Skin,"Water, Glycerin (Check packaging for full details)"
937,I'M FROM,I'M FROM Honey Mask (120g),Wash-off Face Mask,R1198.56,—,$29.00,R419.50,Tier C (Long-tail),65%,No local comp,https://kiyoko.com/products/im-from-honey-mask-120g,The Skin Boutique Curates: I'M FROM Honey Mask (120g) A premium honey wash-off mask that is intensely moisturizing and nourishing. Authentically sourced and independently curated by The Skin Boutique ,"Honey, Caprylic/Capric Triglyceride, PEG-7 Glyceryl Cocoate, Disteardimonium Hectorite, Macadamia Integrifolia Seed Oil, Helianthus Annuus (Sunflower) Seed Oil, Pentylene Glycol, Microcrystalline Wax,"
938,Medicube,Medicube Zero Pore Blackhead Mud Mask (100g),Wash-off Face Mask,R909.25,—,$22.00,R318.24,Tier C (Long-tail),65%,No local comp,https://kiyoko.com/products/medicube-zero-pore-blackhead-mud-mask-100g,The Skin Boutique Curates: Medicube Zero Pore Blackhead Mud Mask (100g) Discover the dual benefits of cooling and tightening encapsulated in a single product! Authentically sourced and independently c,"Water, Kaolin (CI 77004), Bentonite, Methylpropanediol, 1,2-Hexanediol, Sodium Hyaluronate, Chlorella Vulgaris Extract, Citrus Aurantium Bergamia (Bergamot) Fruit Oil, Citrus Limon (Lemon) Peel Oil, C"
939,Romand,rom&nd Bare Water Cushion (20g),Cushion Foundation,R867.92,—,$21.00,R303.77,Tier C (Long-tail),65%,No local comp,https://kiyoko.com/products/rom-nd-bare-water-cushion-20g,The Skin Boutique Curates: rom&nd Bare Water Cushion (20g) The secret cushion to dewy and glowing skin! Authentically sourced and independently curated by The Skin Boutique — your trusted destination ,"Water, Glycerin (Check packaging for full details)"
940,Romand,rom&nd Nu Zero Cushion,Cushion Foundation,R867.92,—,$21.00,R303.77,Tier C (Long-tail),65%,No local comp,https://kiyoko.com/products/rom-nd-nu-zero-cushion-15g,"The Skin Boutique Curates: rom&nd Nu Zero Cushion A lightweight, buildable cushion foundation that's natural looking and long-lasting. Authentically sourced and independently curated by The Skin Bouti","Water, Glycerin (Check packaging for full details)"
941,TIRTIR,TIRTIR Mask Fit Red Cushion,Cushion Foundation,R826.59,—,$20.00,R289.31,Tier C (Long-tail),65%,No local comp,https://kiyoko.com/products/tirtir-mask-fit-red-cushion,"The Skin Boutique Curates: TIRTIR Mask Fit Red Cushion An award-winning, viral cushion foundation. Regular sizes and mini sizes available. Authentically sourced and independently curated by The Skin B","Water, Glycerin (Check packaging for full details)"
942,I'M FROM,I'M FROM Rice Mask (110g),Wash-off Face Mask,R1033.24,—,$25.00,R361.63,Tier C (Long-tail),65%,No local comp,https://kiyoko.com/products/im-from-rice-mask-110g,"The Skin Boutique Curates: I'M FROM Rice Mask (110g) Brighten, smooth and soften your skin with this rice mask. Authentically sourced and independently curated by The Skin Boutique — your trusted dest","Water, Glycerin, Dipropylene Glycol, Oryza Sativa (Rice) Powder(41,000ppm), Cetearyl Ethylhexanoate, Oryza Sativa (Rice) Hull Powder(30,000ppm), 1,2-Hexanediol, Synthetic Beeswax, Synthetic Wax, Stear"
943,PUREDERM,PUREDERM Miracle Solution Micro Fill Under Eye Patch (1 Pair),Eye Masks,R206.65,—,$5.00,R72.33,Tier C (Long-tail),65%,No local comp,https://kiyoko.com/products/purederm-miracle-solution-micro-fill-under-eye-patch-1-pair,The Skin Boutique Curates: PUREDERM Miracle Solution Micro Fill Under Eye Patch (1 Pair) A needle-free solution for delivering hyaluronic acid deep into the under-eye skin. Authentically sourced and i,"Water, Glycerin (Check packaging for full details)"
944,FILLIMILLI,FILLIMILLI Mini Makeup Brush Set (5 PCs),Makeup Tools,R1115.90,—,$27.00,R390.56,Tier C (Long-tail),65%,No local comp,https://kiyoko.com/products/fillimilli-mini-makeup-brush-set-5-pcs,The Skin Boutique Curates: FILLIMILLI Mini Makeup Brush Set (5 PCs) A 5-piece makeup brush set and matching storage bag. Authentically sourced and independently curated by The Skin Boutique — your tru,"Water, Glycerin (Check packaging for full details)"
945,KISSME,KISSME Heroine Make Long & Curl Mascara Advanced Film,Mascara,R867.92,—,$21.00,R303.77,Tier C (Long-tail),65%,No local comp,https://kiyoko.com/products/kissme-heroine-make-long-curl-mascara-advanced-film,"The Skin Boutique Curates: KISSME Heroine Make Long & Curl Mascara Advanced Film A cult favourite volumizing, lengthening and curling mascara with long lasting power. Authentically sourced and indepen","Water, Glycerin (Check packaging for full details)"
946,KISSME,KISSME Heroine Make Volume & Curl Mascara (6g),Mascara,R867.92,—,$21.00,R303.77,Tier C (Long-tail),65%,No local comp,https://kiyoko.com/products/kissme-heroine-make-volume-curl-mascara-6g,"The Skin Boutique Curates: KISSME Heroine Make Volume & Curl Mascara (6g) KissMe's bestselling mascara! A curl locking, smudge-free and long-lasting super waterproof volumizing mascara. Authentically ","Water, Glycerin (Check packaging for full details)"
947,The SAEM,The SAEM Jeju Fresh Soothing Aloe Gel 99% (300ml),Gel,R289.31,—,$7.00,R101.26,Tier C (Long-tail),65%,No local comp,https://kiyoko.com/products/the-saem-jeju-fresh-soothing-aloe-gel-99-300ml,"The Skin Boutique Curates: The SAEM Jeju Fresh Soothing Aloe Gel 99% (300ml) A multi-purpose gel containing 99% aloe vera leaf juice from Jeju Island. Can be used to moisturize, repair, or relieve irr","Water, Glycerin (Check packaging for full details)"
948,JUDYDOLL,JUDYDOLL Eyebrow Mascara (2.5g),Eyebrow,R289.31,—,$7.00,R101.26,Tier C (Long-tail),65%,No local comp,https://kiyoko.com/products/judydoll-waterproof-long-lasting-brow-gel-2-5g,"The Skin Boutique Curates: JUDYDOLL Eyebrow Mascara (2.5g) JUDYDOLL Eyebrow Mascara is one of the brand's standout products. It not only helps to naturally and sharply define eyebrows, but also keeps ","Water, Glycerin (Check packaging for full details)"
949,JUDYDOLL,JUDYDOLL Duo Eyebrow Pencil,Eyebrow,R289.31,—,$7.00,R101.26,Tier C (Long-tail),65%,No local comp,https://kiyoko.com/products/judydoll-3d-dual-ended-brow-pencil,"The Skin Boutique Curates: JUDYDOLL Duo Eyebrow Pencil JUDYDOLL 3D Dual Eyebrow Pencil is an eyebrow pencil with a gel pencil and a mascara-like tip, helping to create perfectly brow shape. This innov","Water, Glycerin (Check packaging for full details)"
950,JMELLA,JMELLA In France Favorite Perfume Hand Cream (50ml),Hand Cream,R206.65,—,$5.00,R72.33,Tier C (Long-tail),65%,No local comp,https://kiyoko.com/products/jmella-in-france-favorite-perfume-hand-cream-50ml,The Skin Boutique Curates: JMELLA In France Favorite Perfume Hand Cream (50ml) A fragrant yet hydrating hand cream to deeply hydrate and prevent aging. Authentically sourced and independently curated ,"Water, Glycerin (Check packaging for full details)"
951,KUNDAL,KUNDAL Macadamia Hair Serum (100ml),Hair Serum,R867.92,—,$21.00,R303.77,Tier C (Long-tail),65%,No local comp,https://kiyoko.com/products/kundal-macadamia-hair-serum-100ml,The Skin Boutique Curates: KUNDAL Macadamia Hair Serum (100ml) A concentrated premium essential oil hair serum infused with natural extracts. Authentically sourced and independently curated by The Ski,"Water, Glycerin (Check packaging for full details)"
952,OFF & RELAX,OFF & RELAX SPA Hair Mask (150g),Hair Mask,R826.59,—,$20.00,R289.31,Tier C (Long-tail),65%,No local comp,https://kiyoko.com/products/off-relax-spa-hair-mask-150g,The Skin Boutique Curates: OFF & RELAX SPA Hair Mask (150g) A Japanese hair mask developed with a focus on beautiful hair through caring for the scalp and hair. Authentically sourced and independently,"Water, Glycerin (Check packaging for full details)"
953,So Natural,So Natural Oil Cut Hair Dry Powder (20g),Dry Shampoo,R867.92,—,$21.00,R303.77,Tier C (Long-tail),65%,No local comp,https://kiyoko.com/products/so-natural-oil-cut-hair-dry-powder-20g,The Skin Boutique Curates: So Natural Oil Cut Hair Dry Powder (20g) A sebum absorbing hair powder that instantly eliminates oiliness and add volume to flat and greasy hair Authentically sourced and in,"Water, Glycerin (Check packaging for full details)"
954,Skin1004,SKIN1004 Madagascar Centella Ampoule Kit (4 PCs),Skincare Set,R359.00,R329,$31.00,R125.65,Tier C (Long-tail),65%,Close match.,https://kiyoko.com/products/skin1004-madagascar-centella-ampoule-kit-4-pcs,The Skin Boutique Curates: SKIN1004 Madagascar Centella Ampoule Kit (4 PCs) A mini sampler set of the Skin1004 top-selling ampoules! Authentically sourced and independently curated by The Skin Boutiqu,"Water, Glycerin (Check packaging for full details)"
955,Moist Diane,MOIST DIANE Perfect Beauty Dry Shampoo (95g) - Fresh Citrus & Pear,Dry Shampoo,R826.59,—,$20.00,R289.31,Tier C (Long-tail),65%,No local comp,https://kiyoko.com/products/moist-diane-perfect-beauty-dry-shampoo-95g-fresh-citrus-pear-1,The Skin Boutique Curates: MOIST DIANE Perfect Beauty Dry Shampoo (95g) - Fresh Citrus & Pear A powder type dry shampoo that revives your hairstyle in just 3 seconds. Authentically sourced and indepen,"Alcohol, Aluminum Starch Octenylsuccinate, Propylene Glycol, Silica,Isopropyl Myristate, Menthol, Fragrance, Argania Spinosa Kernel Oil, Pouteria Sapota Seed Oil, Mangifera Indica (Mango) Seed Oil, Bu"
956,Moist Diane,MOIST DIANE Perfect Beauty Dry Shampoo (95g) - Grapefruit & Mint,Dry Shampoo,R826.59,—,$20.00,R289.31,Tier C (Long-tail),65%,No local comp,https://kiyoko.com/products/moist-diane-perfect-beauty-dry-shampoo-95g-grapefruit-mint,The Skin Boutique Curates: MOIST DIANE Perfect Beauty Dry Shampoo (95g) - Grapefruit & Mint A powder type dry shampoo that revives your hairstyle in just 3 seconds. Authentically sourced and independe,"Ethanol, Aluminum Starch Octenylsuccinate, Propylene Glycol, Isopropyl Myristate, Menthol, Jojoba Seed Oil, Epilobium Angustifolium Flower/Leaf/Stem Extract, O-Cymen-5-Ol, Salicylic Acid, Salvia Offic"
957,Moist Diane,MOIST DIANE Perfect Beauty Dry Shampoo (95g) - Fresh Mango & Musk,Dry Shampoo,R826.59,—,$20.00,R289.31,Tier C (Long-tail),65%,No local comp,https://kiyoko.com/products/moist-diane-perfect-beauty-dry-shampoo-95g-fresh-mango-musk,The Skin Boutique Curates: MOIST DIANE Perfect Beauty Dry Shampoo (95g) - Fresh Mango & Musk A powder type dry shampoo that revives your hairstyle in just 3 seconds. Authentically sourced and independ,"Ethanol, Aluminum Starch Octenylsuccinate, Propylene Glycol, Isopropyl Myristate, Menthol, Jojoba Seed Oil, Epilobium Angustifolium Flower/Leaf/Stem Extract, O-Cymen-5-Ol, Salicylic Acid, Salvia Offic"
958,Skin1004,SKIN1004 Tea Trica Spot Cover Patch (22pcs),Acne Treatments & Kits,R247.98,—,$6.00,R86.79,Tier C (Long-tail),65%,No local comp,https://kiyoko.com/products/skin1004-tea-trica-spot-cover-patch-22pcs,The Skin Boutique Curates: SKIN1004 Tea Trica Spot Cover Patch (22pcs) An effective hydrocolloid patch to protect and promote healing of acne. Authentically sourced and independently curated by The Sk,"Water, Glycerin (Check packaging for full details)"
959,KISSME,KISSME Heroine Make Prime Liquid Eyeliner Rich Keep,Liquid Eyeliner,R867.92,—,$21.00,R303.77,Tier C (Long-tail),65%,No local comp,https://kiyoko.com/products/kissme-heroine-make-prime-liquid-eyeliner-rich-keep,The Skin Boutique Curates: KISSME Heroine Make Prime Liquid Eyeliner Rich Keep A bestselling waterproof Japanese eyeliner that keeps eyes looking defined and bright all day. Authentically sourced and ,"Water, Glycerin (Check packaging for full details)"
960,Hada Labo,Hada-Labo Gokujyun Premium Hydrating Lotion (170ml),Lotion,R909.25,—,$22.00,R318.24,Tier C (Long-tail),65%,No local comp,https://kiyoko.com/products/hada-labo-gokujyun-premium-hydrating-lotion-170ml,The Skin Boutique Curates: Hada-Labo Gokujyun Premium Hydrating Lotion (170ml) Premium hydrating toner with thicker gel-like texture to deeply hydrate skin Authentically sourced and independently cura,"Water, Glycerin (Check packaging for full details)"
961,FarmStay,FarmStay Essential Hand Mask (1 pair),Hand Mask,R206.65,—,$5.00,R72.33,Tier C (Long-tail),65%,No local comp,https://kiyoko.com/products/farmstay-essential-hand-mask-1-pair,The Skin Boutique Curates: FarmStay Essential Hand Mask (1 pair) Experience the best of K-Beauty with FarmStay Essential Hand Mask (1 pair) by FarmStay — a premium formula crafted to transform your sk,"Water, Glycerin (Full ingredients list under review)"
962,LANEIGE,LANEIGE Bouncy & Firm Sleeping Mask (60ml),Sleep Mask,R1157.23,—,$28.00,R405.03,Tier C (Long-tail),65%,No local comp,https://kiyoko.com/products/laneige-bouncy-firm-sleeping-mask-60ml,"The Skin Boutique Curates: LANEIGE Bouncy & Firm Sleeping Mask (60ml) Get glowy, bouncy-looking skin while you sleep! Authentically sourced and independently curated by The Skin Boutique — your truste","Water, Glycerin (Check packaging for full details)"
963,Sungboon Editor,Sungboon Editor Deep Collagen Cica Teatree Soothing Mask (4 PCs),Sleep Mask,R909.25,—,$22.00,R318.24,Tier C (Long-tail),65%,No local comp,https://kiyoko.com/products/sungboon-editor-deep-collagen-cica-teatree-soothing-mask-4-pcs,The Skin Boutique Curates: Sungboon Editor Deep Collagen Cica Teatree Soothing Mask (4 PCs) An effective jelly-type mask pack that intensely soothes skin Authentically sourced and independently curate,"Water, Glycerin, Dipropylene Glycol, Caprylic/Capric Triglyceride, Methylpropanediol, Niacinamide, 1,2-Hexanediol, Centella Asiatica Leaf Water, Ceratonia Siliqua (Carob) Gum, Chondrus Crispus Powder,"
964,Sungboon Editor,Sungboon Editor Deep Collagen Niacin-Vita C Brightening Mask (4 PCs),Sleep Mask,R909.25,—,$22.00,R318.24,Tier C (Long-tail),65%,No local comp,https://kiyoko.com/products/sungboon-editor-deep-collagen-niacin-vita-c-brightening-mask-4-pcs,The Skin Boutique Curates: Sungboon Editor Deep Collagen Niacin-Vita C Brightening Mask (4 PCs) An jelly mask rich in collagen and brightening ingredients. Authentically sourced and independently cura,"Water, Glycerin, Dipropylene Glycol, Caprylic/Capric Triglyceride, Methylpropanediol, Niacinamide, 1,2-Hexanediol, Ceratonia Siliqua (Carob) Gum, Chondrus Crispus Powder, Chondrus Crispus, Betaine, Ce"
965,So Natural,So Natural Makeup Setting Spray Fixx (75ml),Setting Spray,R867.92,—,$21.00,R303.77,Tier C (Long-tail),65%,No local comp,https://kiyoko.com/products/so-natural-makeup-setting-spray-fixx-75ml,"The Skin Boutique Curates: So Natural Makeup Setting Spray Fixx (75ml) A lightweight, long-lasting, fine mist setting spray Authentically sourced and independently curated by The Skin Boutique — your ","Water, Glycerin (Check packaging for full details)"
966,Haruharu Wonder,Haruharu Wonder Black Rice Probiotics Barrier Essence (120ml),Essence,R179.00,R139,$27.00,R62.65,Tier C (Long-tail),65%,Repriced.,https://kiyoko.com/products/haruharu-wonder-black-rice-probiotics-barrier-essence-120ml,"The Skin Boutique Curates: Haruharu Wonder Black Rice Probiotics Barrier Essence (120ml) Black Rice Probiotic Barrier Essence is a creamy, milky essence packed full of nutrient rich ferments and barri","Water, Butylene Glycol, Helianthus Annuus (Sunflower) Seed Oil, Caprylic/Capric Triglyceride, Hydrogen-ated Polyisobutene, Limnanthes Alba (Meadowfoam) Seed Oil, Butylene Glycol Dicaprylate/Dicaprate,"
967,Sungboon Editor,Sungboon Editor Deep Collagen Anti-Wrinkle Lifting Mask (4 PCs),Sleep Mask,R909.25,—,$22.00,R318.24,Tier C (Long-tail),65%,No local comp,https://kiyoko.com/products/sungboon-editor-deep-collagen-anti-wrinkle-lifting-mask-4-pcs,The Skin Boutique Curates: Sungboon Editor Deep Collagen Anti-Wrinkle Lifting Mask (4 PCs) An effective jelly-type mask pack that seeps effective ingredients into the skin Authentically sourced and in,"Water, Glycerin, 1,2-Hexanediol, Collagen, Dipropylene Glycol, Niacinamide, Cetyl Ehylhexanoate, Hydroxyacetophenone, Caprylyl Glycol, Dipotassium Glycyrrhizate, Caprylic/Capric Triglyceride, Chondrus"
968,ISNTREE,ISNTREE Hyaluronic Acid Water Sleeping Mask (100ml),Sleep Mask,R950.58,—,$23.00,R332.70,Tier C (Long-tail),65%,No local comp,https://kiyoko.com/products/isntree-hyaluronic-acid-water-sleeping-mask-100ml,The Skin Boutique Curates: ISNTREE Hyaluronic Acid Water Sleeping Mask (100ml) A refreshing jelly-like moisturizer that is made for sleep deprived skin Authentically sourced and independently curated ,"Water,Dipropylene Glycol,Methylpropanediol,Glycerin,Beta-Glucan,1,2-Hexanediol,Butylene Glycol,Polyquaternium-51,Sodium Hyaluronate,Centella Asiatica Extract,Ficus Carica (Fig) Fruit Extract,Dioscorea"
969,MIXSOON,MIXSOON Bean Essence,Essence,R1405.21,—,$34.00,R491.82,Tier C (Long-tail),65%,No local comp,https://kiyoko.com/products/mixsoon-bean-essence-50ml-30ml,"The Skin Boutique Curates: MIXSOON Bean Essence The newest viral essence in Korea for smooth, revitalized skin! Authentically sourced and independently curated by The Skin Boutique — your trusted dest","Water, Propanediol, Glycerin, Lactobacillus/Soybean Ferment Extract, Lactobacillus/Punica Granatum (Pomegranate) Fruit Ferment Extract, Saccharomyces/Barley Seed Ferment Filtrate, Lactobacillus/Pear J"
970,LANEIGE,LANEIGE Water Sleeping Mask (70ml),Sleep Mask,R1157.23,—,$28.00,R405.03,Tier C (Long-tail),65%,No local comp,https://kiyoko.com/products/laneige-water-sleeping-mask-70ml,The Skin Boutique Curates: LANEIGE Water Sleeping Mask (70ml) A bestselling overnight Water Sleeping Mask that is formulated with squalane and Probiotic-Derived Complex for hyper-hydrating results. Au,"Water, Glycerin (Check packaging for full details)"
971,LANEIGE,LANEIGE Cica Sleeping Mask (60ml),Sleep Mask,R1157.23,—,$28.00,R405.03,Tier C (Long-tail),65%,No local comp,https://kiyoko.com/products/laneige-cica-sleeping-mask-60ml,"The Skin Boutique Curates: LANEIGE Cica Sleeping Mask (60ml) A hypoallergenic overnight mask that helps soothe stressed skin and strengthen skin’s moisture barrier for a healthier-looking, more hydrat","Water / Aqua / Eau, Propanediol, Cetyl Ethylhexanoate, Squalane, Hydrogenated Poly(C6-14 Olefin), Glycerin, Panthenol, Cetearyl Alcohol, Butyrospermum Parkii (Shea) Butter, Glyceryl Stearate Citrate, "
972,KAO,KAO Steam Pack for Shoulder (12pcs),Steam Mask,R826.59,—,$20.00,R289.31,Tier C (Long-tail),65%,No local comp,https://kiyoko.com/products/kao-steam-pack-for-shoulder-12pcs,"The Skin Boutique Curates: KAO Steam Pack for Shoulder (12pcs) A 40-degree thermo patch, providing constant temperature for ultimate relaxation Authentically sourced and independently curated by The S","Polypropylene, Polyethylene Heating Element: Contains Iron Powder."
973,Medicube,Medicube PDRN Pink Glutathione Capsule Cleansing Foam (120g),Cleanser,R909.25,—,$22.00,R318.24,Tier C (Long-tail),65%,No local comp,https://kiyoko.com/products/medicube-pdrn-pink-glutathione-capsule-cleansing-foam,The Skin Boutique Curates: Medicube PDRN Pink Glutathione Capsule Cleansing Foam (120g) Medicube PDRN Pink Glutathione Capsule Cleansing Foam deeply cleanses pores while maintaining comfort and hydrat,"Water, Glycerin (Check packaging for full details)"
974,Tocobo,TOCOBO Cotton Soft Sun Stick SPF50+ PA++++ (19g),Sunscreen,R950.58,—,$23.00,R332.70,Tier C (Long-tail),65%,No local comp,https://kiyoko.com/products/tocobo-cotton-soft-sun-stick-spf50-pa-19g,"The Skin Boutique Curates: TOCOBO Cotton Soft Sun Stick SPF50+ PA++++ (19g) Tocobo Sun Stick with cotton extract for a soft, non-sticky finish. Authentically sourced and independently curated by The S","Synthetic Wax, Dibutyl Adipate, Butylene Glycol Dicaprylate/Dicaprate, Octocrylene, Methyl Methacrylate Crosspolymer, Vinyl Dimethicone/Methicone Silsesquioxane Crosspolymer, Ethylhexyl Methoxycinnama"
975,Skin1004,SKIN1004 Madagascar Centella Air Fit Suncream Light SPF30 PA++++ (50ml),Sunscreen,R950.58,—,$23.00,R332.70,Tier C (Long-tail),65%,No local comp,https://kiyoko.com/products/skin1004-madagascar-centella-air-fit-suncream-light-spf30-pa-50ml-1,The Skin Boutique Curates: SKIN1004 Madagascar Centella Air Fit Suncream Light SPF30 PA++++ (50ml) Soothing UV protection for sensitive skin. Authentically sourced and independently curated by The Ski,"Water, Glycerin (Check packaging for full details)"
976,So Natural,So Natural Hair Line Cover Cushion (2.5g),Hair Cushion,R867.92,—,$21.00,R303.77,Tier C (Long-tail),65%,No local comp,https://kiyoko.com/products/so-natural-hair-line-cover-cushion-2-5g,The Skin Boutique Curates: So Natural Hair Line Cover Cushion (2.5g) A tinted hairline cushion that helps blur in the hairline Authentically sourced and independently curated by The Skin Boutique — yo,"Water, Glycerin (Check packaging for full details)"
977,Shiseido Tsubaki,Shiseido Tsubaki Premium Moist & Repair Shampoo & Conditioner Set (2x450ml),Hair Set,R950.58,—,$23.00,R332.70,Tier C (Long-tail),65%,No local comp,https://kiyoko.com/products/shiseido-tsubaki-premium-moist-repair-shampoo-conditioner-set-2x450ml,"The Skin Boutique Curates: Shiseido Tsubaki Premium Moist & Repair Shampoo & Conditioner Set (2x450ml) A shampoo and conditioner that moisturizes dry, fly-away hair right down to the ends Authenticall","Water, Glycerin (Check packaging for full details)"
978,Shiseido Tsubaki,Shiseido Tsubaki Premium Volume & Repair Shampoo & Conditioner Set (2x450ml),Hair Set,R991.91,—,$24.00,R347.17,Tier C (Long-tail),65%,No local comp,https://kiyoko.com/products/shiseido-tsubaki-premium-volume-repair-shampoo-conditioner-set-2x450ml,The Skin Boutique Curates: Shiseido Tsubaki Premium Volume & Repair Shampoo & Conditioner Set (2x450ml) A repairing dual for damaged and frizzy hair Authentically sourced and independently curated by ,"Water, Glycerin (Check packaging for full details)"
979,Arencia,ARENCIA Mochi Cleanser (120g),Cleanser,R909.25,—,$22.00,R318.24,Tier C (Long-tail),65%,No local comp,https://kiyoko.com/products/arencia-mochi-cleanser-120g,The Skin Boutique Curates: ARENCIA Mochi Cleanser (120g) A mochi-like cleanser formulated with rice powder Authentically sourced and independently curated by The Skin Boutique — your trusted destinati,"Water, Glycerin (Check packaging for full details)"
980,Haruharu Wonder,Haruharu Wonder Black Rice Facial Oil (30ml),Facial Oil,R826.59,—,$20.00,R289.31,Tier C (Long-tail),65%,No local comp,https://kiyoko.com/products/haruharu-wonder-black-rice-facial-oil-30ml,"The Skin Boutique Curates: Haruharu Wonder Black Rice Facial Oil (30ml) A lightweight, perfectly blended oil that’s amazingly fast-absorbing Authentically sourced and independently curated by The Skin","Water, Glycerin (Check packaging for full details)"
981,Skin1004,SKIN1004 Madagascar Centella Air-Fit Suncream Plus SPF 50+ PA++++ (50ml),Sunscreen,R991.91,—,$24.00,R347.17,Tier C (Long-tail),65%,No local comp,https://kiyoko.com/products/skin1004-madagascar-centella-air-fit-suncream-plus-spf-50-pa-50ml,"The Skin Boutique Curates: SKIN1004 Madagascar Centella Air-Fit Suncream Plus SPF 50+ PA++++ (50ml) Soothe, nourish and protect the skin from UV rays. Authentically sourced and independently curated b","Water, Glycerin (Check packaging for full details)"
982,ISNTREE,Isntree Hyaluronic Acid Natural Sun Cream SPF50+ PA++++ (50ml),Sunscreen,R909.25,—,$22.00,R318.24,Tier C (Long-tail),65%,No local comp,https://kiyoko.com/products/isntree-hyaluronic-acid-natural-sun-cream-spf50-pa-50ml,"The Skin Boutique Curates: Isntree Hyaluronic Acid Natural Sun Cream SPF50+ PA++++ (50ml) A lightweight, all-mineral, vegan sunscreen Authentically sourced and independently curated by The Skin Boutiq","Water, Butyloctyl Salicylate, Propylheptyl Caprylate, Butylene Glycol, Isododecane, C15-19 Alkane, Disiloxane, Ethylhexyl Methoxycrylene, Polyglyceryl-3 Polydimethylsiloxyethyl Dimethicone, Disteardim"
983,Medicube,Medicube Booster Pro Mini Velvet Pouch,Skin Care Tools,R206.65,—,$5.00,R72.33,Tier C (Long-tail),65%,No local comp,https://kiyoko.com/products/medicube-booster-pro-mini-velvet-pouch,The Skin Boutique Curates: Medicube Booster Pro Mini Velvet Pouch Soft velvet pouch for Medicube Booster Pro Mini. Authentically sourced and independently curated by The Skin Boutique — your trusted d,"Water, Glycerin (Check packaging for full details)"
984,Dr. G,Dr.G Royal Black Snail Ampoule (30ml),Ampoule,R1901.16,—,$46.00,R665.41,Tier C (Long-tail),65%,No local comp,https://kiyoko.com/products/dr-g-royal-black-snail-ampoule-30ml,The Skin Boutique Curates: Dr.G Royal Black Snail Ampoule (30ml) Lifting and Firming Skin Solution for Sensitive Skin! Authentically sourced and independently curated by The Skin Boutique — your trust,"Water, Glycerin (Check packaging for full details)"
985,Dr. G,Dr.G Black Snail Retinol Ampoule (50ml),Ampoule,R1487.87,—,$36.00,R520.75,Tier C (Long-tail),65%,No local comp,https://kiyoko.com/products/dr-g-black-snail-retinol-ampoule-50ml,The Skin Boutique Curates: Dr.G Black Snail Retinol Ampoule (50ml) Snail Retinol shaves 6 years off your skin age. Authentically sourced and independently curated by The Skin Boutique — your trusted d,"Water, Glycerin (Check packaging for full details)"
986,JOOCYEE,JOOCYEE 12 Shades Eyeshadow Palette (14g),Eye Shadow,R1198.56,—,$29.00,R419.50,Tier C (Long-tail),65%,No local comp,https://kiyoko.com/products/joocyee-12-shades-eyeshadow-palette-14g,The Skin Boutique Curates: JOOCYEE 12 Shades Eyeshadow Palette (14g) Experience the best of K-Beauty with JOOCYEE 12 Shades Eyeshadow Palette (14g) by JOOCYEE — a premium formula crafted to transform ,"Water, Glycerin (Full ingredients list under review)"
987,Romand,rom&nd Better Than Palette (8g),Eye Shadow,R950.58,—,$23.00,R332.70,Tier C (Long-tail),65%,No local comp,https://kiyoko.com/products/rom-nd-better-than-palette-8g-1,"The Skin Boutique Curates: rom&nd Better Than Palette (8g) A versatile eyeshadow palette featuring 10 beautiful, long-lasting shades suitable for any occasion. Authentically sourced and independently ","Water, Glycerin (Check packaging for full details)"
988,Dasique,Dasique Shadow Palette (7g),Eye Shadow,R1198.56,—,$29.00,R419.50,Tier C (Long-tail),65%,No local comp,https://kiyoko.com/products/dasique-shadow-palette-7g,The Skin Boutique Curates: Dasique Shadow Palette (7g) An ultra smooth eyeshadow the ensures easy blending and flawless application to the skin Authentically sourced and independently curated by The S,"Water, Glycerin (Check packaging for full details)"
989,JUDYDOLL,JUDYDOLL Mascara Remover (5ml),Mascara Remover,R289.31,—,$7.00,R101.26,Tier C (Long-tail),65%,No local comp,https://kiyoko.com/products/judydoll-mascara-remover-5ml,The Skin Boutique Curates: JUDYDOLL Mascara Remover (5ml) JUDYDOLL Mascara Remover has been researched and developed to provide perfect makeup removal without harming the sensitive eye area. The produ,"Water, Glycerin (Check packaging for full details)"
990,FarmStay,FarmStay Essential Foot Mask (1 pair),Foot Mask,R206.65,—,$5.00,R72.33,Tier C (Long-tail),65%,No local comp,https://kiyoko.com/products/farmstay-essential-foot-mask-1-pair,The Skin Boutique Curates: FarmStay Essential Foot Mask (1 pair) Experience the best of K-Beauty with FarmStay Essential Foot Mask (1 pair) by FarmStay — a premium formula crafted to transform your sk,"Water, Glycerin (Full ingredients list under review)"
991,FarmStay,FarmStay Essential Foot Peeling Mask (1 pair),Foot Mask,R206.65,—,$5.00,R72.33,Tier C (Long-tail),65%,No local comp,https://kiyoko.com/products/farmstay-essential-foot-peeling-mask-1-pair,The Skin Boutique Curates: FarmStay Essential Foot Peeling Mask (1 pair) Experience the best of K-Beauty with FarmStay Essential Foot Peeling Mask (1 pair) by FarmStay — a premium formula crafted to t,"Water, Glycerin (Full ingredients list under review)"
992,ILSO,ILSO 1/3 Saving Cotton Pad (40 Sheets),Facial Cotton,R289.31,—,$7.00,R101.26,Tier C (Long-tail),65%,No local comp,https://kiyoko.com/products/ilso-1-3-saving-cotton-pad-40-sheets,The Skin Boutique Curates: ILSO 1/3 Saving Cotton Pad (40 Sheets) A soft cotton pad that reduces the amount of toner required. Authentically sourced and independently curated by The Skin Boutique — yo,"Water, Glycerin (Check packaging for full details)"
993,ITO,ITO Facial Towel (60 sheets),Facial Cotton,R247.98,—,$6.00,R86.79,Tier C (Long-tail),65%,No local comp,https://kiyoko.com/products/ito-facial-towel-60-sheets-1,"The Skin Boutique Curates: ITO Facial Towel (60 sheets) ITO Facial Towel (60Pcs) is a 100% cotton non-woven Japanese face towel. Soft like baby skin and highly absorbent, they significantly reduce ene","Water, Glycerin (Check packaging for full details)"
994,MIZON,MIZON Hyaluronic Acid Eye Gel Patch (30 Pairs),Eye Patch,R991.91,—,$24.00,R347.17,Tier C (Long-tail),65%,No local comp,https://kiyoko.com/products/mizon-hyaluronic-acid-eye-gel-patch-30-pairs,The Skin Boutique Curates: MIZON Hyaluronic Acid Eye Gel Patch (30 Pairs) A water-soluble gel-type eye patch with a concentration of high-quality ingredients Authentically sourced and independently cu,"Water(Aqua), Glycerin, Chondrus Crispus (Carrageenan) Extract, Ceratonia Siliqua Gum, Cellulose Gum, Hydroxyacetophenone, 1,2-Hexanediol, Sucrose, Potassium Chloride, Allantoin, Xanthan Gum, Ethylhexy"
995,MIZON,MIZON Snail Repair Intensive Gold Eye Gel Patch (30 Pairs),Eye Patch,R991.91,—,$24.00,R347.17,Tier C (Long-tail),65%,No local comp,https://kiyoko.com/products/mizon-snail-repair-intensive-gold-eye-gel-patch-30-pairs,The Skin Boutique Curates: MIZON Snail Repair Intensive Gold Eye Gel Patch (30 Pairs) A regenerating eye patch that intensely tightens the skin Authentically sourced and independently curated by The S,"Water, Glycerin, Calcium Chloride, Ceratonia Siliqua (Carob) Gum, Xanthan Gum, Niacinamide, Dipropylene Glycol, Methylpropanediol, Snail Secretion Filtrate, 1,2-Hexanediol, Pentylene Glycol, Citrus Gr"
996,Dr. G,Dr.G R.E.D Blemish Clear Soothing Emulsion (120ml),Emulsion,R1157.23,—,$28.00,R405.03,Tier C (Long-tail),65%,No local comp,https://kiyoko.com/products/dr-g-r-e-d-blemish-clear-soothing-emulsion-120ml,The Skin Boutique Curates: Dr.G R.E.D Blemish Clear Soothing Emulsion (120ml) This skincare product is an emulsion that provides deep hydration to the skin with three layers of Hyaluronic Acid. Authen,"Water, Glycerin, Propanediol, Caprylic/Capric Triglyceride, Squalane, C14-22 Alcohols, 1,2-Hexanediol, Vinyl Dimethicone, Pentylene Glycol, Polyglyceryl-3 Distearate, C12-20 Alkyl Glucoside, Panthenol"
997,Hada Labo,Hada-Labo Gokujyun Premium Hydrating Emulsion (140ml),Emulsion,R909.25,—,$22.00,R318.24,Tier C (Long-tail),65%,No local comp,https://kiyoko.com/products/hada-labo-gokujyun-premium-hydrating-emulsion-140ml,The Skin Boutique Curates: Hada-Labo Gokujyun Premium Hydrating Emulsion (140ml) A rich and deeply hydrating emulsion to boost skin barrier and moisture. Authentically sourced and independently curate,"Water, Glycerin (Check packaging for full details)"
998,PUREDERM,PUREDERM Instant Softening Heel Mask (1 pair),Feet Mask,R123.99,—,$3.00,R43.40,Tier C (Long-tail),65%,No local comp,https://kiyoko.com/products/purederm-instant-softening-heel-mask-1-pair,"The Skin Boutique Curates: PUREDERM Instant Softening Heel Mask (1 pair) A pair of foot masks that instantly hydrates and adds softness to dry, cracked, calloused heels. Authentically sourced and inde","Water, Glycerin (Check packaging for full details)"
999,Cow Brand,COW BRAND Soaps (2 pcs),Bar Soap,R206.65,—,$5.00,R72.33,Tier C (Long-tail),65%,No local comp,https://kiyoko.com/products/cow-brand-soaps-2-pcs,The Skin Boutique Curates: COW BRAND Soaps (2 pcs) A foaming body soap containing vegetable amino acid-based cleansing ingredients Authentically sourced and independently curated by The Skin Boutique ,"Water, Glycerin (Check packaging for full details)"
1000,PUREDERM,PUREDERM Exfoliating Foot Mask (1 pair),Feet Mask,R165.32,—,$4.00,R57.86,Tier C (Long-tail),65%,No local comp,https://kiyoko.com/products/purederm-exfoliating-foot-mask-1-pair,The Skin Boutique Curates: PUREDERM Exfoliating Foot Mask (1 pair) A pair of foot masks that perfectly peel away calluses and dead skin cells over just two weeks. Authentically sourced and independent,"Water, Glycerin (Check packaging for full details)"
1001,PUREDERM,PUREDERM P/D Heating Moisture Foot Mask (1 pair),Feet Mask,R123.99,—,$3.00,R43.40,Tier C (Long-tail),65%,No local comp,https://kiyoko.com/products/purederm-p-d-heating-moisture-foot-mask-1-pair,The Skin Boutique Curates: PUREDERM P/D Heating Moisture Foot Mask (1 pair) A unique heating and moisturizing foot mask that offers a luxurious spa experience. Authentically sourced and independently ,"Water, Glycerin (Check packaging for full details)"
1002,PUREDERM,PUREDERM Botanical Choice Intensive Healing Foot Mask (1 pair),Feet Mask,R123.99,—,$3.00,R43.40,Tier C (Long-tail),65%,No local comp,https://kiyoko.com/products/purederm-botanical-choice-intensive-healing-foot-mask-1-pair,The Skin Boutique Curates: PUREDERM Botanical Choice Intensive Healing Foot Mask (1 pair) A pair of foot masks formulated with natural healing ingredients that perfectly peels away calluses and dead s,"Water, Glycerin (Check packaging for full details)"
1003,DAISO,DAISO Foot Care Mask (1 Pair),Feet Mask,R165.32,—,$4.00,R57.86,Tier C (Long-tail),65%,No local comp,https://kiyoko.com/products/daiso-foot-care-mask-1-pair,The Skin Boutique Curates: DAISO Foot Care Mask (1 Pair) A pair of foot masks that provides concentrated moisturizing care. Authentically sourced and independently curated by The Skin Boutique — your ,"Water, Glycerin (Check packaging for full details)"
1004,OFF & RELAX,OFF & RELAX Aromatic Hair Oil (50ml),Hair Oil,R1033.24,—,$25.00,R361.63,Tier C (Long-tail),65%,No local comp,https://kiyoko.com/products/off-relax-aromatic-hair-oil-50ml,The Skin Boutique Curates: OFF & RELAX Aromatic Hair Oil (50ml) A light silicone-free hair oil that protects damaged hair and prevents breakage Authentically sourced and independently curated by The S,"Isododecane, Cetyl Ethylhexanoate, PPG-34, Meadowfoam Seed Oil, Squalane, Plukenetia Volubilis Seed Oil, Argania Spinosa Kernel Oil, Ylang Ylang Flower Oil, Grapefruit Peel Oil, Coriander Fruit Oil, O"
1005,Unove,UNOVE Silk Oil Essence (70ml),Hair Oil,R1033.24,—,$25.00,R361.63,Tier C (Long-tail),65%,No local comp,https://kiyoko.com/products/unove-silk-oil-essence-70ml,"The Skin Boutique Curates: UNOVE Silk Oil Essence (70ml) An oil essence that highlights the five ""golden"" essential oils to care for the hair Authentically sourced and independently curated by The Ski","Water, Glycerin (Check packaging for full details)"
1006,Oshima Tsubaki,Oshima Tsubaki Pure Camellia Oil (60ml),Hair Oil,R909.25,—,$22.00,R318.24,Tier C (Long-tail),65%,No local comp,https://kiyoko.com/products/oshima-tsubaki-pure-camellia-oil-60ml,The Skin Boutique Curates: Oshima Tsubaki Pure Camellia Oil (60ml) Oshima Tsubaki is a pure and natural oil extracted by cold-pressing the seeds of the Camellia Japonica flower (called Tsubaki in Japa,100% Camellia Oil.
1007,Hada Labo,Hada Labo Gokujyun Premium Perfect Gel (100g),Gel,R991.91,—,$24.00,R347.17,Tier C (Long-tail),65%,No local comp,https://kiyoko.com/products/hada-labo-gokujyun-premium-perfect-gel-100g,The Skin Boutique Curates: Hada Labo Gokujyun Premium Perfect Gel (100g) Thick but easily spreadable 5-in-1 gel cream Authentically sourced and independently curated by The Skin Boutique — your truste,"Water, Glycerin (Check packaging for full details)"
1008,ILSO,ILSO Natural Mild Cleansing Oil (200ml),Oil Cleanser,R1529.20,—,$37.00,R535.22,Tier C (Long-tail),65%,No local comp,https://kiyoko.com/products/ilso-natural-mild-cleansing-oil-200ml,The Skin Boutique Curates: ILSO Natural Mild Cleansing Oil (200ml) A gentle yet effective and moisturizing cleansing oil. Authentically sourced and independently curated by The Skin Boutique — your tr,"Water, Glycerin (Check packaging for full details)"
1009,TIRTIR,TIRTIR Mask Fit AI Filter Cushion (18g),Cushion Foundation,R991.91,—,$24.00,R347.17,Tier C (Long-tail),65%,No local comp,https://kiyoko.com/products/tirtir-mask-fit-ai-filter-cushion-18g,The Skin Boutique Curates: TIRTIR Mask Fit AI Filter Cushion (18g) Experience the best of K-Beauty with TIRTIR Mask Fit AI Filter Cushion (18g) by TIRTIR — a premium formula crafted to transform your ,"Water, Glycerin (Full ingredients list under review)"
1010,TIRTIR,TIRTIR Mask Fit All-Cover Cushion (18g),Cushion Foundation,R991.91,—,$24.00,R347.17,Tier C (Long-tail),65%,No local comp,https://kiyoko.com/products/tirtir-mask-fit-all-cover-cushion-18g,The Skin Boutique Curates: TIRTIR Mask Fit All-Cover Cushion (18g) Experience the best of K-Beauty with TIRTIR Mask Fit All-Cover Cushion (18g) by TIRTIR — a premium formula crafted to transform your ,"Water, Glycerin (Full ingredients list under review)"
1011,TIRTIR,TIRTIR Mask Fit Aura Cushion (18g),Cushion Foundation,R991.91,—,$24.00,R347.17,Tier C (Long-tail),65%,No local comp,https://kiyoko.com/products/tirtir-mask-fit-aura-cushion-18g,The Skin Boutique Curates: TIRTIR Mask Fit Aura Cushion (18g) Experience the best of K-Beauty with TIRTIR Mask Fit Aura Cushion (18g) by TIRTIR — a premium formula crafted to transform your skincare r,"Water, Glycerin (Full ingredients list under review)"
1012,Medicube,Medicube PDRN Pink Collagen Glow Jelly Mist Serum (100ml),Facial Mist,R909.25,—,$22.00,R318.24,Tier C (Long-tail),65%,No local comp,https://kiyoko.com/products/medicube-pdrn-pink-collagen-glow-jelly-mist-serum-100ml,The Skin Boutique Curates: Medicube PDRN Pink Collagen Glow Jelly Mist Serum (100ml) Dual-layered glowing collagen serum mist. Authentically sourced and independently curated by The Skin Boutique — yo,"Collagen Water (80.9%), Isopropyl Myristate, Glycerin, Niacinamide, 1,2-Hexanediol, Water, Sodium Chloride, Limnanthes Alba (Meadowfoam) Seed Oil, Butylene Glycol, Hydroxyacetophenone, Propanediol, Ge"
1013,d'Alba,d'Alba White Truffle Vital Spray Serum (100ml),Facial Mist,R1157.23,—,$28.00,R405.03,Tier C (Long-tail),65%,No local comp,https://kiyoko.com/products/dalba-white-truffle-vital-spray-serum-100ml,The Skin Boutique Curates: d'Alba White Truffle Vital Spray Serum (100ml) A luxurious white truffle and Vitamin E mist to calm and hydrate Authentically sourced and independently curated by The Skin B,"Water, Isododecane, DPG, 1,2-Hexanediol, BG, Tuber Magnatum Extract, Glycereth-26, Hydroxyethyl Urea, Polypropylsilsesquioxane, Lithospermum Root Extract, Macadamia Seed Oil, Pomegranate Fruit Extract"
1014,PUREDERM,PUREDERM Black Food MG: Gel Eye Zone Mask (1 pair),Eye Masks,R123.99,—,$3.00,R43.40,Tier C (Long-tail),65%,No local comp,https://kiyoko.com/products/purederm-black-food-mg-gel-eye-zone-mask-1-pair,The Skin Boutique Curates: PUREDERM Black Food MG: Gel Eye Zone Mask (1 pair) A moisturizing and detoxifying mask for the delicate skin around the eyes. Authentically sourced and independently curated,"Water, Glycerin (Check packaging for full details)"
1015,PUREDERM,PUREDERM Vegan Under Eye Collagen Mask (15 pairs),Eye Masks,R123.99,—,$3.00,R43.40,Tier C (Long-tail),65%,No local comp,https://kiyoko.com/products/purederm-vegan-under-eye-collagen-mask-15-pairs,The Skin Boutique Curates: PUREDERM Vegan Under Eye Collagen Mask (15 pairs) A nourishing and moisturizing under-eye mask with a vegan formula. Authentically sourced and independently curated by The S,"Water, Glycerin (Check packaging for full details)"
1016,PUREDERM,PUREDERM Vitamin Brightening Under Eye Mask (15 Pairs),Eye Masks,R123.99,—,$3.00,R43.40,Tier C (Long-tail),65%,No local comp,https://kiyoko.com/products/purederm-vitamin-brightening-under-eye-mask-15-pairs,The Skin Boutique Curates: PUREDERM Vitamin Brightening Under Eye Mask (15 Pairs) A brightening and revitalizing mask for the under-eye area. Authentically sourced and independently curated by The Ski,"Water, Glycerin (Check packaging for full details)"
1017,PUREDERM,PUREDERM Collagen Eye Zone Mask (15 Pairs),Eye Masks,R123.99,—,$3.00,R43.40,Tier C (Long-tail),65%,No local comp,https://kiyoko.com/products/purederm-collagen-eye-zone-mask-15-pairs,"The Skin Boutique Curates: PUREDERM Collagen Eye Zone Mask (15 Pairs) A de-puffing, moisturizing, and refreshing solution for tired eyes. Authentically sourced and independently curated by The Skin Bo","Water, Glycerin (Check packaging for full details)"
1018,MEDIPEEL,MEDIPEEL Red Lacto Collagen Wrapping Mask (70ml),Face Mask,R909.25,—,$22.00,R318.24,Tier C (Long-tail),65%,No local comp,https://kiyoko.com/products/medipeel-red-lacto-collagen-wrapping-mask-70ml,The Skin Boutique Curates: MEDIPEEL Red Lacto Collagen Wrapping Mask (70ml) Silicone-free brightening cream to fade dark spots and even skin tone. Authentically sourced and independently curated by Th,"Water, Glycerin, Dicaprylyl Ether, Hydrogenated Polydecene, Stearyl Alcohol, Butyrospermum Parkii (Shea) Butter, Niacinamide, Tranexamic Acid(2.5%), Octyldodecanol, Pentaerythrityl Tetraethylhexanoate"
1019,Ishizawa,ISHIZAWA KEANA Nadeshiko Goodbye Pore Makeup Base (12g),Primer,R1033.24,—,$25.00,R361.63,Tier C (Long-tail),65%,No local comp,https://kiyoko.com/products/ishizawa-keana-nadeshiko-goodbye-pore-makeup-base-12g-1,The Skin Boutique Curates: ISHIZAWA KEANA Nadeshiko Goodbye Pore Makeup Base (12g) For those who want natural poreless skin. Say goodbye to your pores with just one application! Authentically sourced ,"Dimethicone, Cyclopentasiloxane, (Dimethicone/Vinyl Dimethicone) Crosspolymer, Acrylates Crosspolymer, (Vinyl Dimethicone/Methicone Silsesquioxane) Crosspolymer, Trimethylsiloxysilicate, Isononyl Ison"
1020,FILLIMILLI,FILLIMILLI Heating Eyelash Curler (USB Type),Makeup Tools,R1405.21,—,$34.00,R491.82,Tier C (Long-tail),65%,No local comp,https://kiyoko.com/products/fillimilli-heating-eyelash-curler-usb-type,The Skin Boutique Curates: FILLIMILLI Heating Eyelash Curler (USB Type) Perfect lash curl within 30 seconds. Authentically sourced and independently curated by The Skin Boutique — your trusted destina,"Water, Glycerin (Check packaging for full details)"
1021,KISSME,KISSME Heroine Make Prime Long Up Mascara Super Waterproof,Mascara,R909.25,—,$22.00,R318.24,Tier C (Long-tail),65%,No local comp,https://kiyoko.com/products/kissme-heroine-make-prime-long-up-mascara-super-waterproof,The Skin Boutique Curates: KISSME Heroine Make Prime Long Up Mascara Super Waterproof A bestselling Japanese super-waterproof lengthening mscara to keep eyelashes curled and lifted all day. Authentica,"Water, Glycerin (Check packaging for full details)"
1022,KISSME,KISSME Heroine Make Prime Volume Up Mascara Super Waterproof,Mascara,R950.58,—,$23.00,R332.70,Tier C (Long-tail),65%,No local comp,https://kiyoko.com/products/kissme-heroine-make-prime-volume-up-mascara-super-waterproof,The Skin Boutique Curates: KISSME Heroine Make Prime Volume Up Mascara Super Waterproof A bestseller Japanese super-waterproof volumizing mascara from KISSME Heroine. Authentically sourced and indepen,"Water, Glycerin (Check packaging for full details)"
1023,SK-II,SK-II Facial Treatment Pitera Essence (230ml),Essence,R10125.73,—,$245.00,R3544.01,Tier C (Long-tail),65%,No local comp,https://kiyoko.com/products/sk-ii-facial-treatment-pitera-essence-230ml,"The Skin Boutique Curates: SK-II Facial Treatment Pitera Essence (230ml) Award-winning ""Miracle Water"" known to transform the skin Authentically sourced and independently curated by The Skin Boutique ","Galactomyces Ferment Filtrate (Pitera), Butylene Glycol, Pentylene Glycol, Water, Sodium Benzoate, Methylparaben, Sorbic Acid."
1024,VT Cosmetics,VT PDRN Essence 100 (30ml),Essence,R1529.20,—,$37.00,R535.22,Tier C (Long-tail),65%,No local comp,https://kiyoko.com/products/vt-pdrn-essence-100-30ml,"The Skin Boutique Curates: VT PDRN Essence 100 (30ml) Rich, glowing and firming essence featuring wild ginseng extracts Authentically sourced and independently curated by The Skin Boutique — your trus","Water, Glycerin (Check packaging for full details)"
1025,VT Cosmetics,VT Cica Reedle Shot 300 Essence (50ml),Essence,R1611.85,—,$39.00,R564.15,Tier C (Long-tail),65%,No local comp,https://kiyoko.com/products/vt-cica-reedle-shot-300-essence-50ml,"The Skin Boutique Curates: VT Cica Reedle Shot 300 Essence (50ml) Revolutionary Cica Reedles for deeper, faster, and better absorption! Authentically sourced and independently curated by The Skin Bout","Water, Glycerin (Check packaging for full details)"
1026,Medicube,Medicube Collagen Milk Toning Wrapping Mask (75ml),Peel-off Face Mask,R1115.90,—,$27.00,R390.56,Tier C (Long-tail),65%,No local comp,https://kiyoko.com/products/medicube-collagen-milk-toning-wrapping-mask,The Skin Boutique Curates: Medicube Collagen Milk Toning Wrapping Mask (75ml) The Medicube Collagen Milk Toning Wrapping Mask transforms into a breathable collagen film to deliver hydration and radian,"Water, Glycerin (Check packaging for full details)"
1027,ILSO,ILSO No Problem Spot Softener + 1/3 Saving Cotton Pad (150g + 40pcs),Spot Treatment,R1115.90,—,$27.00,R390.56,Tier C (Long-tail),65%,No local comp,https://kiyoko.com/products/ilso-no-problem-spot-softener-1-3-saving-cotton-pad,The Skin Boutique Curates: ILSO No Problem Spot Softener + 1/3 Saving Cotton Pad (150g + 40pcs) Experience the best of K-Beauty with ILSO No Problem Spot Softener + 1/3 Saving Cotton Pad (150g + 40pcs,"Water, Glycerin (Full ingredients list under review)"
1028,Medicube,Medicube PDRN Pink Caffeine Night Wrapping Mask (75ml),Peel-off Face Mask,R950.58,—,$23.00,R332.70,Tier C (Long-tail),65%,No local comp,https://kiyoko.com/products/medicube-pdrn-pink-caffeine-night-wrapping-mask-75ml,"The Skin Boutique Curates: Medicube PDRN Pink Caffeine Night Wrapping Mask (75ml) Wake up to a firmer, glowier skin with overnight peel-off mask Authentically sourced and independently curated by The ","Water, Glycerin, Glycereth-26, Polyvinyl Alcohol, Niacinamide, Benzyl Glycol, Xanthan Gum, Algin, C12-14 Alketh-12, Allantoin, Synthetic Fluorphlogopite, Ethylhexylglycerin, Adenosine, Cyanocobalamin,"
1029,Ishizawa,ISHIZAWA KEANA Baking Soda Moist Peeling (200ml),Peeling Gel,R991.91,—,$24.00,R347.17,Tier C (Long-tail),65%,No local comp,https://kiyoko.com/products/ishizawa-keana-baking-soda-moist-peeling-200ml,"The Skin Boutique Curates: ISHIZAWA KEANA Baking Soda Moist Peeling (200ml) A peeling gel that removes dead skin cells, sebum, and blackheads to leave skin brighter and softer in texture. Authenticall","Water, Glycerin (Check packaging for full details)"
1030,Ishizawa,ISHIZAWA KEANA Nadeshiko Baking Soda Nose Cream Pack (15g),Spot Treatment,R909.25,—,$22.00,R318.24,Tier C (Long-tail),65%,No local comp,https://kiyoko.com/products/ishizawa-keana-nadeshiko-baking-soda-nose-cream-pack-15g-1,"The Skin Boutique Curates: ISHIZAWA KEANA Nadeshiko Baking Soda Nose Cream Pack (15g) An easy-to-use nose cream that unclogs pores, melts sebum and dirt just after 5 minutes of use! Authentically sour","Water, Glycerin (Check packaging for full details)"
1031,Medicube,Medicube Kojic Acid Turmeric Night Wrapping Mask (75ml),Peel-off Face Mask,R909.25,—,$22.00,R318.24,Tier C (Long-tail),65%,No local comp,https://kiyoko.com/products/medicube-kojic-acid-turmeric-night-wrapping-mask-75ml,The Skin Boutique Curates: Medicube Kojic Acid Turmeric Night Wrapping Mask (75ml) Overnight peel-off mask to boost radiance and elasticity Authentically sourced and independently curated by The Skin ,"Water, Glycerin, Glycereth-26, Polyvinyl Alcohol, Niacinamide, Benzyl Glycol, Xanthan Gum, Curcuma Longa (Turmeric) Root Extract, Algin, C12-14 Alketh-12, Allantoin, Kojic Acid, Melia Azadirachta Flow"
1032,ILSO,ILSO Super Melting Sebum Softener Special Set (150ml + 40 pcs),Exfoliator,R1115.90,—,$27.00,R390.56,Tier C (Long-tail),65%,No local comp,https://kiyoko.com/products/ilso-super-melting-sebum-softener-special-set-150ml-40pads,The Skin Boutique Curates: ILSO Super Melting Sebum Softener Special Set (150ml + 40 pcs) Experience the best of K-Beauty with ILSO Super Melting Sebum Softener Special Set (150ml + 40 pcs) by ILSO — ,"Water, Glycerin (Full ingredients list under review)"
1033,Medicube,Medicube Collagen Night Wrapping Mask (75ml),Peel-off Face Mask,R1033.24,—,$25.00,R361.63,Tier C (Long-tail),65%,No local comp,https://kiyoko.com/products/medicube-collagen-night-wrapping-mask,The Skin Boutique Curates: Medicube Collagen Night Wrapping Mask (75ml) Viral overnight collagen overnight mask to protect and boost elasticity Authentically sourced and independently curated by The S,"Water, Polyvinyl Alcohol, Glycerin, Agave Americana Stem Extract, Niacinamide, Sodium Hyaluronate, 1,2-Hexanediol, Chlorella Vulgaris Extract, Cynanchum Atratum Extract, Althaea Rosea Flower Extract, "
1034,&honey,&honey Pure Moist Foaming Body Wash (500ml + 440ml),Body Wash,R1322.55,—,$32.00,R462.89,Tier C (Long-tail),65%,No local comp,https://kiyoko.com/products/honey-pure-moist-foaming-body-wash-500ml-440ml,The Skin Boutique Curates: &honey Pure Moist Foaming Body Wash (500ml + 440ml) Experience the best of K-Beauty with &honey Pure Moist Foaming Body Wash (500ml + 440ml) by &honey — a premium formula cr,"Water, Glycerin (Full ingredients list under review)"
1035,Medicube,Medicube PDRN Pink Peptide Eye Serum (30ml),Eye Serum,R909.25,—,$22.00,R318.24,Tier C (Long-tail),65%,No local comp,https://kiyoko.com/products/medicube-pdrn-pink-peptide-eye-serum-30ml,"The Skin Boutique Curates: Medicube PDRN Pink Peptide Eye Serum (30ml) A silky, lightweight eye treatment formulated to visibly improve fine lines and dark circles Authentically sourced and independen","Water, Glycerin, Dipropylene Glycol, Niacinamide, Caprylic/Capric Triglyceride, Pentaerythrityl Tetraethylhexanoate, Cetearyl Alcohol, Glycereth-26, Butylene Glycol Dicaprylate/Dicaprate, Bis-Behenyl/"
1036,Curél,Curél Moisture Lotion (150ml),Lotion,R1239.89,—,$30.00,R433.96,Tier C (Long-tail),65%,No local comp,https://kiyoko.com/products/curel-moisture-lotion-150ml-1,The Skin Boutique Curates: Curél Moisture Lotion (150ml) Hydrating pre-moisturizing liquid soothes the skin. Perfect for dry and sensitive skin. Authentically sourced and independently curated by The ,"Water, Glycerin (Check packaging for full details)"
1037,ITS Skin,ITS SKIN Prestige Snail Mask (1 PC),Face Mask,R82.66,—,$2.00,R28.93,Tier C (Long-tail),65%,No local comp,https://kiyoko.com/products/its-skin-prestige-snail-mask-1-pc,"The Skin Boutique Curates: ITS SKIN Prestige Snail Mask (1 PC) Reveal a brighter, smoother, and more radiant complexion with the Prestige Snail Masks Authentically sourced and independently curated by","Water, Glycerin (Check packaging for full details)"
1038,Dr. Melaxin,Dr.Melaxin Eyephalt Eyebag Cream (10ml),Eye Cream,R1487.87,—,$36.00,R520.75,Tier C (Long-tail),65%,No local comp,https://kiyoko.com/products/dr-melaxin-eyephalt-eyebag-cream-10ml,"The Skin Boutique Curates: Dr.Melaxin Eyephalt Eyebag Cream (10ml) An effective solution for issues like under-eye bags, dark circles, puffiness, and the first signs of skin aging Authentically source","Water, Magnesium Aluminum Silicate, 1,2-Hexanediol, Niacinamide, Sodium Silicate, Citric Acid, Xanthan Gum, Ethylhexylglycerin, Adenosine, Arbutin, Glutathione, Hydrolyzed Sponge, Glycerin, Butylene G"
1039,PUREDERM,PUREDERM Moisture & Nourishing Hand Mask (1 pair),Hand Mask,R123.99,—,$3.00,R43.40,Tier C (Long-tail),65%,No local comp,https://kiyoko.com/products/purederm-moisture-nourishing-hand-mask-1-pair,"The Skin Boutique Curates: PUREDERM Moisture & Nourishing Hand Mask (1 pair) An intensive moisturizing treatment designed to revive dry, rough, overworked hands. Authentically sourced and independentl","Water, Glycerin (Check packaging for full details)"
1040,PUREDERM,PUREDERM P/D Heating Moisture Hand Mask (1 pair),Hand Mask,R123.99,—,$3.00,R43.40,Tier C (Long-tail),65%,No local comp,https://kiyoko.com/products/purederm-p-d-heating-moisture-hand-mask-1-pair,The Skin Boutique Curates: PUREDERM P/D Heating Moisture Hand Mask (1 pair) A unique heating and moisturizing hand mask that offers a luxurious spa experience. Authentically sourced and independently ,"Water, Glycerin (Check packaging for full details)"
1041,DAISO,DAISO Hand Care Mask (1 Pair),Hand Mask,R165.32,—,$4.00,R57.86,Tier C (Long-tail),65%,No local comp,https://kiyoko.com/products/daiso-hand-care-mask-1-pair,The Skin Boutique Curates: DAISO Hand Care Mask (1 Pair) A pair of hand masks that provides concentrated moisturizing care. Authentically sourced and independently curated by The Skin Boutique — your ,"Water, Glycerin (Check packaging for full details)"
1042,Unove,UNOVE Water Essence Mist (200ml),Hair Water,R950.58,—,$23.00,R332.70,Tier C (Long-tail),65%,No local comp,https://kiyoko.com/products/unove-water-essence-mist-200ml,The Skin Boutique Curates: UNOVE Water Essence Mist (200ml) Experience the best of K-Beauty with UNOVE Water Essence Mist (200ml) by Unove — a premium formula crafted to transform your skincare routin,"Water, Glycerin (Full ingredients list under review)"
1043,TIRTIR,TIRTIR Mask Fit Red Foundation (30ml),Liquid Foundation,R1115.90,—,$27.00,R390.56,Tier C (Long-tail),65%,No local comp,https://kiyoko.com/products/tirtir-mask-fit-red-foundation-30ml,"The Skin Boutique Curates: TIRTIR Mask Fit Red Foundation (30ml) TIRTIR Mask Fit Red Foundation provides a smooth, long-lasting tone and comfortable coverage throughout the day. The light but rich for","Water, Glycerin (Check packaging for full details)"
1044,Dr. G,Dr.G Mild Up Sunscreen SPF50+ PA++++ (50ml),Sunscreen,R1239.89,—,$30.00,R433.96,Tier C (Long-tail),65%,No local comp,https://kiyoko.com/products/dr-g-mild-up-sunscreen-spf50-pa-50ml,The Skin Boutique Curates: Dr.G Mild Up Sunscreen SPF50+ PA++++ (50ml) Dr. G Mild Up Sunscreen SPF50+ PA++++ is a mild mineral sunscreen that provides broad-spectrum UV protection. Authentically sourc,"Water, Glycerin (Check packaging for full details)"
1045,KAHI,KAHI Wrinkle Bounce Multi Balm (9g),Balm,R991.91,—,$24.00,R347.17,Tier C (Long-tail),65%,No local comp,https://kiyoko.com/products/kahi-wrinkle-bounce-multi-balm-9g,The Skin Boutique Curates: KAHI Wrinkle Bounce Multi Balm (9g) The viral skin balm used by all the glowing and radiant Korean celebrities! Authentically sourced and independently curated by The Skin B,"Sunflower Seed Oil, Polyglyceryl-2 Triisostearate, Candelilla Wax, Shea Butter Sweet Almond Oil, Pyrus Malus (Apple) Seed Oil, Octyldodecanol, Microcrystalline Wax, Eclipta Prostrata Extract, Melia Az"
1046,MAPEPE,MAPEPE Spring Hair Gum (2 PCs),Hair Accessory,R165.32,—,$4.00,R57.86,Tier C (Long-tail),65%,No local comp,https://kiyoko.com/products/mapepe-spring-hair-gum-2pcs,The Skin Boutique Curates: MAPEPE Spring Hair Gum (2 PCs) Experience the best of K-Beauty with MAPEPE Spring Hair Gum (2 PCs) by MAPEPE — a premium formula crafted to transform your skincare routine. ,"Water, Glycerin (Full ingredients list under review)"
1047,DAISO,DAISO Cotton Swabs (100pcs),Cotton Swabs,R165.32,—,$4.00,R57.86,Tier C (Long-tail),65%,No local comp,https://kiyoko.com/products/daiso-cotton-swabs-100pcs,"The Skin Boutique Curates: DAISO Cotton Swabs (100pcs) Introducing our Japanese-made cotton swabs, perfect for both ear care and make-up application. Designed with safety in mind, they feature a soft ","Water, Glycerin (Check packaging for full details)"
1048,KUNDAL,KUNDAL Honey & Macadamia Pure Body Wash + Body Lotion Set (2x500ml),Body Wash,R1653.18,—,$40.00,R578.61,Tier C (Long-tail),65%,No local comp,https://kiyoko.com/products/kundal-honey-macadamia-pure-body-wash-body-lotion-set-2x500ml,"The Skin Boutique Curates: KUNDAL Honey & Macadamia Pure Body Wash + Body Lotion Set (2x500ml) An aloe vera infused, moisturizing body wash. Authentically sourced and independently curated by The Skin","Water, Glycerin (Check packaging for full details)"
1049,IPSA,IPSA The Time Reset Aqua (200ml),Lotion,R3265.03,—,$79.00,R1142.76,Tier C (Long-tail),65%,No local comp,https://kiyoko.com/products/ipsa-the-time-reset-aqua-200ml,The Skin Boutique Curates: IPSA The Time Reset Aqua (200ml) Cosme Award winning toner in 2019 and 2020 Authentically sourced and independently curated by The Skin Boutique — your trusted destination f,"Water, Glycerin (Check packaging for full details)"
1050,Aestura,AESTURA Atobarrier 365 Lotion (150ml),Lotion,R1653.18,—,$40.00,R578.61,Tier C (Long-tail),65%,No local comp,https://kiyoko.com/products/aestura-atobarrier-365-lotion-150ml,"The Skin Boutique Curates: AESTURA Atobarrier 365 Lotion (150ml) Lightweight hydrating lotion for dry, sensitive skin. Authentically sourced and independently curated by The Skin Boutique — your trust","Water, Glycerin (Check packaging for full details)"
1051,KUNDAL,KUNDAL 10X Caffeine Strengthening Scalp Serum (10ml),Hair Serum,R1239.89,—,$30.00,R433.96,Tier C (Long-tail),65%,No local comp,https://kiyoko.com/products/kundal-10x-caffeine-strengthening-scalp-serum-10ml,The Skin Boutique Curates: KUNDAL 10X Caffeine Strengthening Scalp Serum (10ml) Advanced scalp nutrition with peptides to strengthen and prevent hair thinning. Authentically sourced and independently ,"Water, Glycerin (Check packaging for full details)"
1052,&honey,&honey Melty Sakura Chegosim Limited Shampoo & Treatment Set (440ml+445g+40g),Hair Set,R1694.51,—,$41.00,R593.08,Tier C (Long-tail),65%,No local comp,https://kiyoko.com/products/honey-melty-sakura-chegosim-limited-shampoo-treatment-set-440ml-445g,The Skin Boutique Curates: &honey Melty Sakura Chegosim Limited Shampoo & Treatment Set (440ml+445g+40g) Contains: Authentically sourced and independently curated by The Skin Boutique — your trusted d,"Water, Glycerin (Check packaging for full details)"
1053,KUNDAL,KUNDAL Airy Volume Hyaluron Hair Care Set (2x300ml),Hair Set,R1570.53,—,$38.00,R549.69,Tier C (Long-tail),65%,No local comp,https://kiyoko.com/products/kundal-airy-volume-hyaluron-hair-care-set-2x300ml,"The Skin Boutique Curates: KUNDAL Airy Volume Hyaluron Hair Care Set (2x300ml) A hyaluronic acid infused hair set for bouncy, full-bodied hair that lasts all day. Authentically sourced and independent","Water, Glycerin (Check packaging for full details)"
1054,KUNDAL,KUNDAL Honey & Macadamia Hair Care Set (2x500ml),Hair Set,R1446.54,—,$35.00,R506.29,Tier C (Long-tail),65%,No local comp,https://kiyoko.com/products/kundal-honey-macadamia-hair-care-set-2x500ml,"The Skin Boutique Curates: KUNDAL Honey & Macadamia Hair Care Set (2x500ml) Plant based fragrant hair set for smooth, healthy hair. Authentically sourced and independently curated by The Skin Boutique","Water, Glycerin (Check packaging for full details)"
1055,OFF & RELAX,OFF & RELAX Spa Shampoo + Hair Treatment Lychee & Rose Limited Set (2x460ml),Hair Set,R1487.87,—,$36.00,R520.75,Tier C (Long-tail),65%,No local comp,https://kiyoko.com/products/off-relax-spa-shampoo-hair-treatment-lychee-rose-limited-set-2x460ml,The Skin Boutique Curates: OFF & RELAX Spa Shampoo + Hair Treatment Lychee & Rose Limited Set (2x460ml) A Japanese hair line with a refreshing summer lychee and rose scent. Authentically sourced and i,"Shampoo: Water, Sodium C14-16 Olefin Sulfonate, Lauryl Hydroxysultaine, Cocamide Methyl MEA, Sodium Cocoyl Alanate, Sodium Methyl Cocoyl Taurate, Hot Spring Water, Lychee Chestnut Peel Extract, Hydrol"
1056,OFF & RELAX,OFF & RELAX Spa Shampoo + Hair Treatment Lemon & Magnolia Limited Set (2x460ml),Hair Set,R1611.85,—,$39.00,R564.15,Tier C (Long-tail),65%,No local comp,https://kiyoko.com/products/off-relax-spa-shampoo-hair-treatment-lemon-magnolia-limited-set-2x460ml,The Skin Boutique Curates: OFF & RELAX Spa Shampoo + Hair Treatment Lemon & Magnolia Limited Set (2x460ml) A Japanese hair line with a refreshing fragrance inspired by spring gardens. Authentically so,"Shampoo: Water, Sodium C14-16 Olefin Sulfonate, Cocamidopropyl Betaine, Cocamide Methyl MEA, Sodium Cocoyl Alanate, Sodium Methyl Cocoyl Taurate, Hot Spring Water, Magnolia Flower Extract, Camellia Si"
1057,OFF & RELAX,OFF & RELAX Spa Shampoo + Hair Treatment Earl Grey & Cucumber Scent Limited Set (2x460ml),Hair Set,R1611.85,—,$39.00,R564.15,Tier C (Long-tail),65%,No local comp,https://kiyoko.com/products/off-relax-spa-shampoo-hair-treatment-earl-grey-cucumber-scent-limited-set-2x460ml,The Skin Boutique Curates: OFF & RELAX Spa Shampoo + Hair Treatment Earl Grey & Cucumber Scent Limited Set (2x460ml) A Japanese hair line featuring Japanese tea extracts! Authentically sourced and ind,"Shampoo: Water, Sodium Methyl Cocoyl Taurate, Lauryl Hydroxysultaine, Cocamide Methyl MEA, Sodium Cocoyl Alanine, Hot Spring Water, (Saccharomyces Xylinum)/Fermented Black Tea, Saccharomyces/Fermented"
1058,Sulwhasoo,SULWHASOO Essential Revitalizing Set (6pcs),Skincare Set,R6819.37,—,$165.00,R2386.78,Tier C (Long-tail),65%,No local comp,https://kiyoko.com/products/sulwhasoo-essential-revitalizing-set-6pcs,"The Skin Boutique Curates: SULWHASOO Essential Revitalizing Set (6pcs) A foundational anti-aging travel-friendly gift set crafted with the finest ingredients, reflecting Sulwhasoo's commitment to holi","Water, Glycerin (Check packaging for full details)"
1059,Medicube,Medicube Age-R Booster Pro,Skin Care Tools,R5999.00,R6799,$241.00,R2099.65,Tier C (Long-tail),65%,Undercut SA market on this high-ticket hero item.,https://kiyoko.com/products/medicube-age-r-booster-pro-154g,The Skin Boutique Curates: Medicube Age-R Booster Pro 6-in-1 viral beauty tool to achieve firm and lifted glass skin! Authentically sourced and independently curated by The Skin Boutique — your truste,"Water, Glycerin (Check packaging for full details)"
